1979 1 1 0  -99.0000  -99.0000  -99.0000 
1979 1 2 0  -99.0000  -99.0000  -99.0000 
1979 1 3 0  -99.0000  -99.0000  -99.0000 
1979 1 4 0  -99.0000  -99.0000  -99.0000 
1979 1 5 0  -99.0000  -99.0000  -99.0000 
1979 1 6 0  -99.0000  -99.0000  -99.0000 
1979 1 7 0  -99.0000  -99.0000  -99.0000 
1979 1 8 0  -99.0000  -99.0000  -99.0000 
1979 1 9 0  -99.0000  -99.0000  -99.0000 
1979 1 10 0  -99.0000  -99.0000  -99.0000 
1979 1 11 0  -99.0000  -99.0000  -99.0000 
1979 1 12 0  -99.0000  -99.0000  -99.0000 
1979 1 13 0  -99.0000  -99.0000  -99.0000 
1979 1 14 0  -99.0000  -99.0000  -99.0000 
1979 1 15 0  -99.0000  -99.0000  -99.0000 
1979 1 16 0  -99.0000  -99.0000  -99.0000 
1979 1 17 0  -99.0000  -99.0000  -99.0000 
1979 1 18 0  -99.0000  -99.0000  -99.0000 
1979 1 19 0  -99.0000  -99.0000  -99.0000 
1979 1 20 0  -99.0000  -99.0000  -99.0000 
1979 1 21 0  -99.0000  -99.0000  -99.0000 
1979 1 22 0  -99.0000  -99.0000  -99.0000 
1979 1 23 0  -99.0000  -99.0000  -99.0000 
1979 1 24 0  -99.0000  -99.0000  -99.0000 
1979 1 25 0  -99.0000  -99.0000  -99.0000 
1979 1 26 0  -99.0000  -99.0000  -99.0000 
1979 1 27 0  -99.0000  -99.0000  -99.0000 
1979 1 28 0  -99.0000  -99.0000  -99.0000 
1979 1 29 0  -99.0000  -99.0000  -99.0000 
1979 1 30 0  -99.0000  -99.0000  -99.0000 
1979 1 31 0  -99.0000  -99.0000  -99.0000 
1979 2 1 0  -99.0000  -99.0000  -99.0000 
1979 2 2 0  -99.0000  -99.0000  -99.0000 
1979 2 3 0  -99.0000  -99.0000  -99.0000 
1979 2 4 0  -99.0000  -99.0000  -99.0000 
1979 2 5 0  -99.0000  -99.0000  -99.0000 
1979 2 6 0  -99.0000  -99.0000  -99.0000 
1979 2 7 0  -99.0000  -99.0000  -99.0000 
1979 2 8 0  -99.0000  -99.0000  -99.0000 
1979 2 9 0  -99.0000  -99.0000  -99.0000 
1979 2 10 0  -99.0000  -99.0000  -99.0000 
1979 2 11 0  -99.0000  -99.0000  -99.0000 
1979 2 12 0  -99.0000  -99.0000  -99.0000 
1979 2 13 0  -99.0000  -99.0000  -99.0000 
1979 2 14 0  -99.0000  -99.0000  -99.0000 
1979 2 15 0  -99.0000  -99.0000  -99.0000 
1979 2 16 0  -99.0000  -99.0000  -99.0000 
1979 2 17 0  -99.0000  -99.0000  -99.0000 
1979 2 18 0  -99.0000  -99.0000  -99.0000 
1979 2 19 0  -99.0000  -99.0000  -99.0000 
1979 2 20 0  -99.0000  -99.0000  -99.0000 
1979 2 21 0  -99.0000  -99.0000  -99.0000 
1979 2 22 0  -99.0000  -99.0000  -99.0000 
1979 2 23 0  -99.0000  -99.0000  -99.0000 
1979 2 24 0  -99.0000  -99.0000  -99.0000 
1979 2 25 0  -99.0000  -99.0000  -99.0000 
1979 2 26 0  -99.0000  -99.0000  -99.0000 
1979 2 27 0  -99.0000  -99.0000  -99.0000 
1979 2 28 0  -99.0000  -99.0000  -99.0000 
1979 3 1 0  -99.0000  -99.0000  -99.0000 
1979 3 2 0  -99.0000  -99.0000  -99.0000 
1979 3 3 0  -99.0000  -99.0000  -99.0000 
1979 3 4 0  -99.0000  -99.0000  -99.0000 
1979 3 5 0  -99.0000  -99.0000  -99.0000 
1979 3 6 0  -99.0000  -99.0000  -99.0000 
1979 3 7 0  -99.0000  -99.0000  -99.0000 
1979 3 8 0  -99.0000  -99.0000  -99.0000 
1979 3 9 0  -99.0000  -99.0000  -99.0000 
1979 3 10 0  -99.0000  -99.0000  -99.0000 
1979 3 11 0  -99.0000  -99.0000  -99.0000 
1979 3 12 0  -99.0000  -99.0000  -99.0000 
1979 3 13 0  -99.0000  -99.0000  -99.0000 
1979 3 14 0  -99.0000  -99.0000  -99.0000 
1979 3 15 0  -99.0000  -99.0000  -99.0000 
1979 3 16 0  -99.0000  -99.0000  -99.0000 
1979 3 17 0  -99.0000  -99.0000  -99.0000 
1979 3 18 0  -99.0000  -99.0000  -99.0000 
1979 3 19 0  -99.0000  -99.0000  -99.0000 
1979 3 20 0  -99.0000  -99.0000  -99.0000 
1979 3 21 0  -99.0000  -99.0000  -99.0000 
1979 3 22 0  -99.0000  -99.0000  -99.0000 
1979 3 23 0  -99.0000  -99.0000  -99.0000 
1979 3 24 0  -99.0000  -99.0000  -99.0000 
1979 3 25 0  -99.0000  -99.0000  -99.0000 
1979 3 26 0  -99.0000  -99.0000  -99.0000 
1979 3 27 0  -99.0000  -99.0000  -99.0000 
1979 3 28 0  -99.0000  -99.0000  -99.0000 
1979 3 29 0  -99.0000  -99.0000  -99.0000 
1979 3 30 0  -99.0000  -99.0000  -99.0000 
1979 3 31 0  -99.0000  -99.0000  -99.0000 
1979 4 1 0  -99.0000  -99.0000  -99.0000 
1979 4 2 0  -99.0000  -99.0000  -99.0000 
1979 4 3 0  -99.0000  -99.0000  -99.0000 
1979 4 4 0  -99.0000  -99.0000  -99.0000 
1979 4 5 0  -99.0000  -99.0000  -99.0000 
1979 4 6 0  -99.0000  -99.0000  -99.0000 
1979 4 7 0  -99.0000  -99.0000  -99.0000 
1979 4 8 0  -99.0000  -99.0000  -99.0000 
1979 4 9 0  -99.0000  -99.0000  -99.0000 
1979 4 10 0  -99.0000  -99.0000  -99.0000 
1979 4 11 0  -99.0000  -99.0000  -99.0000 
1979 4 12 0  -99.0000  -99.0000  -99.0000 
1979 4 13 0  -99.0000  -99.0000  -99.0000 
1979 4 14 0  -99.0000  -99.0000  -99.0000 
1979 4 15 0  -99.0000  -99.0000  -99.0000 
1979 4 16 0  -99.0000  -99.0000  -99.0000 
1979 4 17 0  -99.0000  -99.0000  -99.0000 
1979 4 18 0  -99.0000  -99.0000  -99.0000 
1979 4 19 0  -99.0000  -99.0000  -99.0000 
1979 4 20 0  -99.0000  -99.0000  -99.0000 
1979 4 21 0  -99.0000  -99.0000  -99.0000 
1979 4 22 0  -99.0000  -99.0000  -99.0000 
1979 4 23 0  -99.0000  -99.0000  -99.0000 
1979 4 24 0  -99.0000  -99.0000  -99.0000 
1979 4 25 0  -99.0000  -99.0000  -99.0000 
1979 4 26 0  -99.0000  -99.0000  -99.0000 
1979 4 27 0  -99.0000  -99.0000  -99.0000 
1979 4 28 0  -99.0000  -99.0000  -99.0000 
1979 4 29 0  -99.0000  -99.0000  -99.0000 
1979 4 30 0  -99.0000  -99.0000  -99.0000 
1979 5 1 0  -99.0000  -99.0000  -99.0000 
1979 5 2 0  -99.0000  -99.0000  -99.0000 
1979 5 3 0  -99.0000  -99.0000  -99.0000 
1979 5 4 0  -99.0000  -99.0000  -99.0000 
1979 5 5 0  -99.0000  -99.0000  -99.0000 
1979 5 6 0  -99.0000  -99.0000  -99.0000 
1979 5 7 0  -99.0000  -99.0000  -99.0000 
1979 5 8 0  -99.0000  -99.0000  -99.0000 
1979 5 9 0  -99.0000  -99.0000  -99.0000 
1979 5 10 0  -99.0000  -99.0000  -99.0000 
1979 5 11 0  -99.0000  -99.0000  -99.0000 
1979 5 12 0  -99.0000  -99.0000  -99.0000 
1979 5 13 0  -99.0000  -99.0000  -99.0000 
1979 5 14 0  -99.0000  -99.0000  -99.0000 
1979 5 15 0  -99.0000  -99.0000  -99.0000 
1979 5 16 0  -99.0000  -99.0000  -99.0000 
1979 5 17 0  -99.0000  -99.0000  -99.0000 
1979 5 18 0  -99.0000  -99.0000  -99.0000 
1979 5 19 0  -99.0000  -99.0000  -99.0000 
1979 5 20 0  -99.0000  -99.0000  -99.0000 
1979 5 21 0  -99.0000  -99.0000  -99.0000 
1979 5 22 0  -99.0000  -99.0000  -99.0000 
1979 5 23 0  -99.0000  -99.0000  -99.0000 
1979 5 24 0  -99.0000  -99.0000  -99.0000 
1979 5 25 0  -99.0000  -99.0000  -99.0000 
1979 5 26 0  -99.0000  -99.0000  -99.0000 
1979 5 27 0  -99.0000  -99.0000  -99.0000 
1979 5 28 0  -99.0000  -99.0000  -99.0000 
1979 5 29 0  -99.0000  -99.0000  -99.0000 
1979 5 30 0  -99.0000  -99.0000  -99.0000 
1979 5 31 0  -99.0000  -99.0000  -99.0000 
1979 6 1 0  -99.0000  -99.0000  -99.0000 
1979 6 2 0  -99.0000  -99.0000  -99.0000 
1979 6 3 0  -99.0000  -99.0000  -99.0000 
1979 6 4 0  -99.0000  -99.0000  -99.0000 
1979 6 5 0  -99.0000  -99.0000  -99.0000 
1979 6 6 0  -99.0000  -99.0000  -99.0000 
1979 6 7 0  -99.0000  -99.0000  -99.0000 
1979 6 8 0  -99.0000  -99.0000  -99.0000 
1979 6 9 0  -99.0000  -99.0000  -99.0000 
1979 6 10 0  -99.0000  -99.0000  -99.0000 
1979 6 11 0  -99.0000  -99.0000  -99.0000 
1979 6 12 0  -99.0000  -99.0000  -99.0000 
1979 6 13 0  -99.0000  -99.0000  -99.0000 
1979 6 14 0  -99.0000  -99.0000  -99.0000 
1979 6 15 0  -99.0000  -99.0000  -99.0000 
1979 6 16 0  -99.0000  -99.0000  -99.0000 
1979 6 17 0  -99.0000  -99.0000  -99.0000 
1979 6 18 0  -99.0000  -99.0000  -99.0000 
1979 6 19 0  -99.0000  -99.0000  -99.0000 
1979 6 20 0  -99.0000  -99.0000  -99.0000 
1979 6 21 0  -99.0000  -99.0000  -99.0000 
1979 6 22 0  -99.0000  -99.0000  -99.0000 
1979 6 23 0  -99.0000  -99.0000  -99.0000 
1979 6 24 0  -99.0000  -99.0000  -99.0000 
1979 6 25 0  -99.0000  -99.0000  -99.0000 
1979 6 26 0  -99.0000  -99.0000  -99.0000 
1979 6 27 0  -99.0000  -99.0000  -99.0000 
1979 6 28 0  -99.0000  -99.0000  -99.0000 
1979 6 29 0  -99.0000  -99.0000  -99.0000 
1979 6 30 0  -99.0000  -99.0000  -99.0000 
1979 7 1 0  -99.0000  -99.0000  -99.0000 
1979 7 2 0  -99.0000  -99.0000  -99.0000 
1979 7 3 0  -99.0000  -99.0000  -99.0000 
1979 7 4 0  -99.0000  -99.0000  -99.0000 
1979 7 5 0  -99.0000  -99.0000  -99.0000 
1979 7 6 0  -99.0000  -99.0000  -99.0000 
1979 7 7 0  -99.0000  -99.0000  -99.0000 
1979 7 8 0  -99.0000  -99.0000  -99.0000 
1979 7 9 0  -99.0000  -99.0000  -99.0000 
1979 7 10 0  -99.0000  -99.0000  -99.0000 
1979 7 11 0  -99.0000  -99.0000  -99.0000 
1979 7 12 0  -99.0000  -99.0000  -99.0000 
1979 7 13 0  -99.0000  -99.0000  -99.0000 
1979 7 14 0  -99.0000  -99.0000  -99.0000 
1979 7 15 0  -99.0000  -99.0000  -99.0000 
1979 7 16 0  -99.0000  -99.0000  -99.0000 
1979 7 17 0  -99.0000  -99.0000  -99.0000 
1979 7 18 0  -99.0000  -99.0000  -99.0000 
1979 7 19 0  -99.0000  -99.0000  -99.0000 
1979 7 20 0  -99.0000  -99.0000  -99.0000 
1979 7 21 0  -99.0000  -99.0000  -99.0000 
1979 7 22 0  -99.0000  -99.0000  -99.0000 
1979 7 23 0  -99.0000  -99.0000  -99.0000 
1979 7 24 0  -99.0000  -99.0000  -99.0000 
1979 7 25 0  -99.0000  -99.0000  -99.0000 
1979 7 26 0  -99.0000  -99.0000  -99.0000 
1979 7 27 0  -99.0000  -99.0000  -99.0000 
1979 7 28 0  -99.0000  -99.0000  -99.0000 
1979 7 29 0  -99.0000  -99.0000  -99.0000 
1979 7 30 0  -99.0000  -99.0000  -99.0000 
1979 7 31 0  -99.0000  -99.0000  -99.0000 
1979 8 1 0  -99.0000  -99.0000  -99.0000 
1979 8 2 0  -99.0000  -99.0000  -99.0000 
1979 8 3 0  -99.0000  -99.0000  -99.0000 
1979 8 4 0  -99.0000  -99.0000  -99.0000 
1979 8 5 0  -99.0000  -99.0000  -99.0000 
1979 8 6 0  -99.0000  -99.0000  -99.0000 
1979 8 7 0  -99.0000  -99.0000  -99.0000 
1979 8 8 0  -99.0000  -99.0000  -99.0000 
1979 8 9 0  -99.0000  -99.0000  -99.0000 
1979 8 10 0  -99.0000  -99.0000  -99.0000 
1979 8 11 0  -99.0000  -99.0000  -99.0000 
1979 8 12 0  -99.0000  -99.0000  -99.0000 
1979 8 13 0  -99.0000  -99.0000  -99.0000 
1979 8 14 0  -99.0000  -99.0000  -99.0000 
1979 8 15 0  -99.0000  -99.0000  -99.0000 
1979 8 16 0  -99.0000  -99.0000  -99.0000 
1979 8 17 0  -99.0000  -99.0000  -99.0000 
1979 8 18 0  -99.0000  -99.0000  -99.0000 
1979 8 19 0  -99.0000  -99.0000  -99.0000 
1979 8 20 0  -99.0000  -99.0000  -99.0000 
1979 8 21 0  -99.0000  -99.0000  -99.0000 
1979 8 22 0  -99.0000  -99.0000  -99.0000 
1979 8 23 0  -99.0000  -99.0000  -99.0000 
1979 8 24 0  -99.0000  -99.0000  -99.0000 
1979 8 25 0  -99.0000  -99.0000  -99.0000 
1979 8 26 0  -99.0000  -99.0000  -99.0000 
1979 8 27 0  -99.0000  -99.0000  -99.0000 
1979 8 28 0  -99.0000  -99.0000  -99.0000 
1979 8 29 0  -99.0000  -99.0000  -99.0000 
1979 8 30 0  -99.0000  -99.0000  -99.0000 
1979 8 31 0  -99.0000  -99.0000  -99.0000 
1979 9 1 0  -99.0000  -99.0000  -99.0000 
1979 9 2 0  -99.0000  -99.0000  -99.0000 
1979 9 3 0  -99.0000  -99.0000  -99.0000 
1979 9 4 0  -99.0000  -99.0000  -99.0000 
1979 9 5 0  -99.0000  -99.0000  -99.0000 
1979 9 6 0  -99.0000  -99.0000  -99.0000 
1979 9 7 0  -99.0000  -99.0000  -99.0000 
1979 9 8 0  -99.0000  -99.0000  -99.0000 
1979 9 9 0  -99.0000  -99.0000  -99.0000 
1979 9 10 0  -99.0000  -99.0000  -99.0000 
1979 9 11 0  -99.0000  -99.0000  -99.0000 
1979 9 12 0  -99.0000  -99.0000  -99.0000 
1979 9 13 0  -99.0000  -99.0000  -99.0000 
1979 9 14 0  -99.0000  -99.0000  -99.0000 
1979 9 15 0  -99.0000  -99.0000  -99.0000 
1979 9 16 0  -99.0000  -99.0000  -99.0000 
1979 9 17 0  -99.0000  -99.0000  -99.0000 
1979 9 18 0  -99.0000  -99.0000  -99.0000 
1979 9 19 0  -99.0000  -99.0000  -99.0000 
1979 9 20 0  -99.0000  -99.0000  -99.0000 
1979 9 21 0  -99.0000  -99.0000  -99.0000 
1979 9 22 0  -99.0000  -99.0000  -99.0000 
1979 9 23 0  -99.0000  -99.0000  -99.0000 
1979 9 24 0  -99.0000  -99.0000  -99.0000 
1979 9 25 0  -99.0000  -99.0000  -99.0000 
1979 9 26 0  -99.0000  -99.0000  -99.0000 
1979 9 27 0  -99.0000  -99.0000  -99.0000 
1979 9 28 0  -99.0000  -99.0000  -99.0000 
1979 9 29 0  -99.0000  -99.0000  -99.0000 
1979 9 30 0  -99.0000  -99.0000  -99.0000 
1979 10 1 0  -99.0000  -99.0000  -99.0000 
1979 10 2 0  -99.0000  -99.0000  -99.0000 
1979 10 3 0  -99.0000  -99.0000  -99.0000 
1979 10 4 0  -99.0000  -99.0000  -99.0000 
1979 10 5 0  -99.0000  -99.0000  -99.0000 
1979 10 6 0  -99.0000  -99.0000  -99.0000 
1979 10 7 0  -99.0000  -99.0000  -99.0000 
1979 10 8 0  -99.0000  -99.0000  -99.0000 
1979 10 9 0  -99.0000  -99.0000  -99.0000 
1979 10 10 0  -99.0000  -99.0000  -99.0000 
1979 10 11 0  -99.0000  -99.0000  -99.0000 
1979 10 12 0  -99.0000  -99.0000  -99.0000 
1979 10 13 0  -99.0000  -99.0000  -99.0000 
1979 10 14 0  -99.0000  -99.0000  -99.0000 
1979 10 15 0  -99.0000  -99.0000  -99.0000 
1979 10 16 0  -99.0000  -99.0000  -99.0000 
1979 10 17 0  -99.0000  -99.0000  -99.0000 
1979 10 18 0  -99.0000  -99.0000  -99.0000 
1979 10 19 0  -99.0000  -99.0000  -99.0000 
1979 10 20 0  -99.0000  -99.0000  -99.0000 
1979 10 21 0  -99.0000  -99.0000  -99.0000 
1979 10 22 0  -99.0000  -99.0000  -99.0000 
1979 10 23 0  -99.0000  -99.0000  -99.0000 
1979 10 24 0  -99.0000  -99.0000  -99.0000 
1979 10 25 0  -99.0000  -99.0000  -99.0000 
1979 10 26 0  -99.0000  -99.0000  -99.0000 
1979 10 27 0  -99.0000  -99.0000  -99.0000 
1979 10 28 0  -99.0000  -99.0000  -99.0000 
1979 10 29 0  -99.0000  -99.0000  -99.0000 
1979 10 30 0  -99.0000  -99.0000  -99.0000 
1979 10 31 0  -99.0000  -99.0000  -99.0000 
1979 11 1 0   -0.2503   -0.1746    0.3052 
1979 11 2 0   -0.2011   -0.2798    0.3445 
1979 11 3 0   -0.1364   -0.3504    0.3760 
1979 11 4 0   -0.0669   -0.3718    0.3778 
1979 11 5 0    0.0218   -0.3604    0.3610 
1979 11 6 0    0.0682   -0.3049    0.3124 
1979 11 7 0    0.0773   -0.2582    0.2695 
1979 11 8 0    0.0535   -0.2232    0.2295 
1979 11 9 0    0.0258   -0.1932    0.1949 
1979 11 10 0   -0.0240   -0.1686    0.1703 
1979 11 11 0   -0.0429   -0.1699    0.1753 
1979 11 12 0   -0.0669   -0.2145    0.2247 
1979 11 13 0   -0.0673   -0.2988    0.3063 
1979 11 14 0   -0.0615   -0.3917    0.3965 
1979 11 15 0   -0.0458   -0.4876    0.4897 
1979 11 16 0   -0.0316   -0.5394    0.5403 
1979 11 17 0    0.0025   -0.5432    0.5432 
1979 11 18 0    0.0611   -0.5177    0.5213 
1979 11 19 0    0.1358   -0.4915    0.5099 
1979 11 20 0    0.2176   -0.4620    0.5107 
1979 11 21 0    0.3367   -0.4527    0.5642 
1979 11 22 0    0.4580   -0.4299    0.6281 
1979 11 23 0    0.5442   -0.3776    0.6624 
1979 11 24 0    0.5895   -0.3311    0.6761 
1979 11 25 0    0.6051   -0.2377    0.6501 
1979 11 26 0    0.5418   -0.0910    0.5494 
1979 11 27 0    0.4667    0.0611    0.4707 
1979 11 28 0    0.4082    0.2232    0.4652 
1979 11 29 0    0.3921    0.4140    0.5702 
1979 11 30 0    0.4317    0.5647    0.7108 
1979 12 1 0    0.4849    0.6594    0.8185 
1979 12 2 0    0.5216    0.7349    0.9011 
1979 12 3 0    0.5084    0.8210    0.9657 
1979 12 4 0    0.4717    0.9265    1.0397 
1979 12 5 0    0.4027    1.0498    1.1244 
1979 12 6 0    0.3528    1.1641    1.2163 
1979 12 7 0    0.3166    1.2758    1.3145 
1979 12 8 0    0.2971    1.3469    1.3793 
1979 12 9 0    0.2562    1.3970    1.4203 
1979 12 10 0    0.1761    1.4089    1.4199 
1979 12 11 0    0.0782    1.3991    1.4013 
1979 12 12 0   -0.0615    1.3150    1.3164 
1979 12 13 0   -0.2465    1.1638    1.1896 
1979 12 14 0   -0.4675    0.9546    1.0629 
1979 12 15 0   -0.6624    0.7489    0.9998 
1979 12 16 0   -0.8348    0.5378    0.9931 
1979 12 17 0   -0.9745    0.3602    1.0390 
1979 12 18 0   -1.0402    0.2302    1.0654 
1979 12 19 0   -0.9986    0.0769    1.0015 
1979 12 20 0   -0.9112   -0.0921    0.9158 
1979 12 21 0   -0.7747   -0.1747    0.7942 
1979 12 22 0   -0.5806   -0.1919    0.6115 
1979 12 23 0   -0.3504   -0.1910    0.3991 
1979 12 24 0   -0.1373   -0.1685    0.2174 
1979 12 25 0    0.0152   -0.1331    0.1339 
1979 12 26 0    0.1275   -0.1574    0.2026 
1979 12 27 0    0.2117   -0.2147    0.3015 
1979 12 28 0    0.2869   -0.2407    0.3745 
1979 12 29 0    0.3019   -0.2004    0.3624 
1979 12 30 0    0.3488   -0.1257    0.3708 
1979 12 31 0    0.3799   -0.0237    0.3806 
1980 1 1 0    0.3783    0.0754    0.3858 
1980 1 2 0    0.3459    0.1721    0.3863 
1980 1 3 0    0.3398    0.2612    0.4286 
1980 1 4 0    0.3109    0.3442    0.4638 
1980 1 5 0    0.3136    0.3941    0.5037 
1980 1 6 0    0.3346    0.3963    0.5187 
1980 1 7 0    0.3479    0.3429    0.4885 
1980 1 8 0    0.3853    0.2757    0.4737 
1980 1 9 0    0.4291    0.1825    0.4663 
1980 1 10 0    0.4227    0.0644    0.4276 
1980 1 11 0    0.4035   -0.0419    0.4056 
1980 1 12 0    0.3564   -0.1422    0.3838 
1980 1 13 0    0.2924   -0.2581    0.3900 
1980 1 14 0    0.2511   -0.4060    0.4774 
1980 1 15 0    0.2473   -0.5350    0.5894 
1980 1 16 0    0.2519   -0.6180    0.6674 
1980 1 17 0    0.2864   -0.6269    0.6892 
1980 1 18 0    0.3770   -0.5963    0.7055 
1980 1 19 0    0.4697   -0.5129    0.6955 
1980 1 20 0    0.5413   -0.4403    0.6978 
1980 1 21 0    0.6053   -0.4172    0.7351 
1980 1 22 0    0.6953   -0.4646    0.8362 
1980 1 23 0    0.6824   -0.5449    0.8732 
1980 1 24 0    0.6362   -0.5997    0.8742 
1980 1 25 0    0.6118   -0.5819    0.8443 
1980 1 26 0    0.5953   -0.5055    0.7810 
1980 1 27 0    0.5356   -0.4129    0.6763 
1980 1 28 0    0.5323   -0.3098    0.6159 
1980 1 29 0    0.5175   -0.1732    0.5457 
1980 1 30 0    0.4498   -0.0542    0.4530 
1980 1 31 0    0.3575    0.0320    0.3589 
1980 2 1 0    0.2640    0.1416    0.2995 
1980 2 2 0    0.1817    0.3020    0.3525 
1980 2 3 0    0.1685    0.4069    0.4404 
1980 2 4 0    0.1952    0.4609    0.5006 
1980 2 5 0    0.2220    0.4846    0.5330 
1980 2 6 0    0.2312    0.5063    0.5566 
1980 2 7 0    0.1842    0.4778    0.5120 
1980 2 8 0    0.0897    0.4502    0.4591 
1980 2 9 0   -0.0217    0.4330    0.4335 
1980 2 10 0   -0.1028    0.4724    0.4834 
1980 2 11 0   -0.1909    0.4958    0.5313 
1980 2 12 0   -0.2900    0.4885    0.5680 
1980 2 13 0   -0.3889    0.4321    0.5813 
1980 2 14 0   -0.4573    0.3843    0.5974 
1980 2 15 0   -0.5353    0.3038    0.6155 
1980 2 16 0   -0.5651    0.2395    0.6138 
1980 2 17 0   -0.5192    0.1747    0.5478 
1980 2 18 0   -0.4473    0.1406    0.4689 
1980 2 19 0   -0.3562    0.0991    0.3697 
1980 2 20 0   -0.2592    0.0407    0.2624 
1980 2 21 0   -0.1638   -0.0489    0.1710 
1980 2 22 0   -0.1241   -0.1372    0.1850 
1980 2 23 0   -0.1094   -0.2731    0.2942 
1980 2 24 0   -0.1367   -0.3718    0.3961 
1980 2 25 0   -0.1487   -0.4165    0.4423 
1980 2 26 0   -0.1568   -0.5204    0.5435 
1980 2 27 0   -0.1757   -0.6236    0.6479 
1980 2 28 0   -0.1980   -0.6645    0.6933 
1980 2 29 0   -0.1991   -0.7159    0.7431 
1980 3 1 0   -0.1808   -0.7609    0.7821 
1980 3 2 0   -0.1432   -0.7173    0.7315 
1980 3 3 0   -0.0598   -0.6777    0.6803 
1980 3 4 0    0.0984   -0.6638    0.6710 
1980 3 5 0    0.2949   -0.6501    0.7138 
1980 3 6 0    0.4616   -0.6539    0.8004 
1980 3 7 0    0.6159   -0.6312    0.8819 
1980 3 8 0    0.7424   -0.5845    0.9449 
1980 3 9 0    0.7750   -0.4515    0.8969 
1980 3 10 0    0.7424   -0.2821    0.7942 
1980 3 11 0    0.6649   -0.1095    0.6739 
1980 3 12 0    0.5517    0.0637    0.5554 
1980 3 13 0    0.4910    0.2529    0.5523 
1980 3 14 0    0.4352    0.4058    0.5951 
1980 3 15 0    0.3545    0.5459    0.6509 
1980 3 16 0    0.3227    0.7314    0.7994 
1980 3 17 0    0.3016    0.9257    0.9736 
1980 3 18 0    0.2076    1.1014    1.1208 
1980 3 19 0    0.1318    1.2321    1.2391 
1980 3 20 0    0.1112    1.3342    1.3389 
1980 3 21 0    0.0832    1.3434    1.3460 
1980 3 22 0    0.0664    1.3070    1.3087 
1980 3 23 0    0.0442    1.2984    1.2992 
1980 3 24 0    0.0115    1.3258    1.3259 
1980 3 25 0   -0.0588    1.3397    1.3410 
1980 3 26 0   -0.1848    1.3393    1.3520 
1980 3 27 0   -0.3340    1.3240    1.3655 
1980 3 28 0   -0.5187    1.2849    1.3857 
1980 3 29 0   -0.7527    1.2241    1.4370 
1980 3 30 0   -0.9545    1.0946    1.4523 
1980 3 31 0   -1.0877    0.9528    1.4460 
1980 4 1 0   -1.2064    0.7720    1.4323 
1980 4 2 0   -1.2436    0.5453    1.3579 
1980 4 3 0   -1.2057    0.2719    1.2360 
1980 4 4 0   -1.1508    0.0269    1.1511 
1980 4 5 0   -1.0834   -0.2009    1.1019 
1980 4 6 0   -0.9735   -0.4405    1.0685 
1980 4 7 0   -0.8238   -0.6413    1.0440 
1980 4 8 0   -0.6487   -0.8442    1.0646 
1980 4 9 0   -0.4676   -1.0135    1.1162 
1980 4 10 0   -0.2189   -1.1348    1.1558 
1980 4 11 0    0.0536   -1.1749    1.1761 
1980 4 12 0    0.3299   -1.1397    1.1865 
1980 4 13 0    0.6457   -1.0233    1.2099 
1980 4 14 0    0.9748   -0.8196    1.2736 
1980 4 15 0    1.2081   -0.5766    1.3387 
1980 4 16 0    1.3633   -0.2750    1.3908 
1980 4 17 0    1.4267   -0.0225    1.4269 
1980 4 18 0    1.3556    0.2598    1.3802 
1980 4 19 0    1.1901    0.4996    1.2907 
1980 4 20 0    0.9940    0.7038    1.2179 
1980 4 21 0    0.7829    0.8291    1.1403 
1980 4 22 0    0.5261    0.9201    1.0598 
1980 4 23 0    0.2956    0.9387    0.9841 
1980 4 24 0    0.0876    0.8940    0.8983 
1980 4 25 0   -0.0983    0.8056    0.8116 
1980 4 26 0   -0.2779    0.6673    0.7228 
1980 4 27 0   -0.3923    0.5292    0.6587 
1980 4 28 0   -0.4956    0.3761    0.6222 
1980 4 29 0   -0.5858    0.2307    0.6295 
1980 4 30 0   -0.6470    0.1234    0.6587 
1980 5 1 0  -99.0000  -99.0000  -99.0000 
1980 5 2 0  -99.0000  -99.0000  -99.0000 
1980 5 3 0  -99.0000  -99.0000  -99.0000 
1980 5 4 0  -99.0000  -99.0000  -99.0000 
1980 5 5 0  -99.0000  -99.0000  -99.0000 
1980 5 6 0  -99.0000  -99.0000  -99.0000 
1980 5 7 0  -99.0000  -99.0000  -99.0000 
1980 5 8 0  -99.0000  -99.0000  -99.0000 
1980 5 9 0  -99.0000  -99.0000  -99.0000 
1980 5 10 0  -99.0000  -99.0000  -99.0000 
1980 5 11 0  -99.0000  -99.0000  -99.0000 
1980 5 12 0  -99.0000  -99.0000  -99.0000 
1980 5 13 0  -99.0000  -99.0000  -99.0000 
1980 5 14 0  -99.0000  -99.0000  -99.0000 
1980 5 15 0  -99.0000  -99.0000  -99.0000 
1980 5 16 0  -99.0000  -99.0000  -99.0000 
1980 5 17 0  -99.0000  -99.0000  -99.0000 
1980 5 18 0  -99.0000  -99.0000  -99.0000 
1980 5 19 0  -99.0000  -99.0000  -99.0000 
1980 5 20 0  -99.0000  -99.0000  -99.0000 
1980 5 21 0  -99.0000  -99.0000  -99.0000 
1980 5 22 0  -99.0000  -99.0000  -99.0000 
1980 5 23 0  -99.0000  -99.0000  -99.0000 
1980 5 24 0  -99.0000  -99.0000  -99.0000 
1980 5 25 0  -99.0000  -99.0000  -99.0000 
1980 5 26 0  -99.0000  -99.0000  -99.0000 
1980 5 27 0  -99.0000  -99.0000  -99.0000 
1980 5 28 0  -99.0000  -99.0000  -99.0000 
1980 5 29 0  -99.0000  -99.0000  -99.0000 
1980 5 30 0  -99.0000  -99.0000  -99.0000 
1980 5 31 0  -99.0000  -99.0000  -99.0000 
1980 6 1 0  -99.0000  -99.0000  -99.0000 
1980 6 2 0  -99.0000  -99.0000  -99.0000 
1980 6 3 0  -99.0000  -99.0000  -99.0000 
1980 6 4 0  -99.0000  -99.0000  -99.0000 
1980 6 5 0  -99.0000  -99.0000  -99.0000 
1980 6 6 0  -99.0000  -99.0000  -99.0000 
1980 6 7 0  -99.0000  -99.0000  -99.0000 
1980 6 8 0  -99.0000  -99.0000  -99.0000 
1980 6 9 0  -99.0000  -99.0000  -99.0000 
1980 6 10 0  -99.0000  -99.0000  -99.0000 
1980 6 11 0  -99.0000  -99.0000  -99.0000 
1980 6 12 0  -99.0000  -99.0000  -99.0000 
1980 6 13 0  -99.0000  -99.0000  -99.0000 
1980 6 14 0  -99.0000  -99.0000  -99.0000 
1980 6 15 0  -99.0000  -99.0000  -99.0000 
1980 6 16 0  -99.0000  -99.0000  -99.0000 
1980 6 17 0  -99.0000  -99.0000  -99.0000 
1980 6 18 0  -99.0000  -99.0000  -99.0000 
1980 6 19 0  -99.0000  -99.0000  -99.0000 
1980 6 20 0  -99.0000  -99.0000  -99.0000 
1980 6 21 0  -99.0000  -99.0000  -99.0000 
1980 6 22 0  -99.0000  -99.0000  -99.0000 
1980 6 23 0  -99.0000  -99.0000  -99.0000 
1980 6 24 0  -99.0000  -99.0000  -99.0000 
1980 6 25 0  -99.0000  -99.0000  -99.0000 
1980 6 26 0  -99.0000  -99.0000  -99.0000 
1980 6 27 0  -99.0000  -99.0000  -99.0000 
1980 6 28 0  -99.0000  -99.0000  -99.0000 
1980 6 29 0  -99.0000  -99.0000  -99.0000 
1980 6 30 0  -99.0000  -99.0000  -99.0000 
1980 7 1 0  -99.0000  -99.0000  -99.0000 
1980 7 2 0  -99.0000  -99.0000  -99.0000 
1980 7 3 0  -99.0000  -99.0000  -99.0000 
1980 7 4 0  -99.0000  -99.0000  -99.0000 
1980 7 5 0  -99.0000  -99.0000  -99.0000 
1980 7 6 0  -99.0000  -99.0000  -99.0000 
1980 7 7 0  -99.0000  -99.0000  -99.0000 
1980 7 8 0  -99.0000  -99.0000  -99.0000 
1980 7 9 0  -99.0000  -99.0000  -99.0000 
1980 7 10 0  -99.0000  -99.0000  -99.0000 
1980 7 11 0  -99.0000  -99.0000  -99.0000 
1980 7 12 0  -99.0000  -99.0000  -99.0000 
1980 7 13 0  -99.0000  -99.0000  -99.0000 
1980 7 14 0  -99.0000  -99.0000  -99.0000 
1980 7 15 0  -99.0000  -99.0000  -99.0000 
1980 7 16 0  -99.0000  -99.0000  -99.0000 
1980 7 17 0  -99.0000  -99.0000  -99.0000 
1980 7 18 0  -99.0000  -99.0000  -99.0000 
1980 7 19 0  -99.0000  -99.0000  -99.0000 
1980 7 20 0  -99.0000  -99.0000  -99.0000 
1980 7 21 0  -99.0000  -99.0000  -99.0000 
1980 7 22 0  -99.0000  -99.0000  -99.0000 
1980 7 23 0  -99.0000  -99.0000  -99.0000 
1980 7 24 0  -99.0000  -99.0000  -99.0000 
1980 7 25 0  -99.0000  -99.0000  -99.0000 
1980 7 26 0  -99.0000  -99.0000  -99.0000 
1980 7 27 0  -99.0000  -99.0000  -99.0000 
1980 7 28 0  -99.0000  -99.0000  -99.0000 
1980 7 29 0  -99.0000  -99.0000  -99.0000 
1980 7 30 0  -99.0000  -99.0000  -99.0000 
1980 7 31 0  -99.0000  -99.0000  -99.0000 
1980 8 1 0  -99.0000  -99.0000  -99.0000 
1980 8 2 0  -99.0000  -99.0000  -99.0000 
1980 8 3 0  -99.0000  -99.0000  -99.0000 
1980 8 4 0  -99.0000  -99.0000  -99.0000 
1980 8 5 0  -99.0000  -99.0000  -99.0000 
1980 8 6 0  -99.0000  -99.0000  -99.0000 
1980 8 7 0  -99.0000  -99.0000  -99.0000 
1980 8 8 0  -99.0000  -99.0000  -99.0000 
1980 8 9 0  -99.0000  -99.0000  -99.0000 
1980 8 10 0  -99.0000  -99.0000  -99.0000 
1980 8 11 0  -99.0000  -99.0000  -99.0000 
1980 8 12 0  -99.0000  -99.0000  -99.0000 
1980 8 13 0  -99.0000  -99.0000  -99.0000 
1980 8 14 0  -99.0000  -99.0000  -99.0000 
1980 8 15 0  -99.0000  -99.0000  -99.0000 
1980 8 16 0  -99.0000  -99.0000  -99.0000 
1980 8 17 0  -99.0000  -99.0000  -99.0000 
1980 8 18 0  -99.0000  -99.0000  -99.0000 
1980 8 19 0  -99.0000  -99.0000  -99.0000 
1980 8 20 0  -99.0000  -99.0000  -99.0000 
1980 8 21 0  -99.0000  -99.0000  -99.0000 
1980 8 22 0  -99.0000  -99.0000  -99.0000 
1980 8 23 0  -99.0000  -99.0000  -99.0000 
1980 8 24 0  -99.0000  -99.0000  -99.0000 
1980 8 25 0  -99.0000  -99.0000  -99.0000 
1980 8 26 0  -99.0000  -99.0000  -99.0000 
1980 8 27 0  -99.0000  -99.0000  -99.0000 
1980 8 28 0  -99.0000  -99.0000  -99.0000 
1980 8 29 0  -99.0000  -99.0000  -99.0000 
1980 8 30 0  -99.0000  -99.0000  -99.0000 
1980 8 31 0  -99.0000  -99.0000  -99.0000 
1980 9 1 0  -99.0000  -99.0000  -99.0000 
1980 9 2 0  -99.0000  -99.0000  -99.0000 
1980 9 3 0  -99.0000  -99.0000  -99.0000 
1980 9 4 0  -99.0000  -99.0000  -99.0000 
1980 9 5 0  -99.0000  -99.0000  -99.0000 
1980 9 6 0  -99.0000  -99.0000  -99.0000 
1980 9 7 0  -99.0000  -99.0000  -99.0000 
1980 9 8 0  -99.0000  -99.0000  -99.0000 
1980 9 9 0  -99.0000  -99.0000  -99.0000 
1980 9 10 0  -99.0000  -99.0000  -99.0000 
1980 9 11 0  -99.0000  -99.0000  -99.0000 
1980 9 12 0  -99.0000  -99.0000  -99.0000 
1980 9 13 0  -99.0000  -99.0000  -99.0000 
1980 9 14 0  -99.0000  -99.0000  -99.0000 
1980 9 15 0  -99.0000  -99.0000  -99.0000 
1980 9 16 0  -99.0000  -99.0000  -99.0000 
1980 9 17 0  -99.0000  -99.0000  -99.0000 
1980 9 18 0  -99.0000  -99.0000  -99.0000 
1980 9 19 0  -99.0000  -99.0000  -99.0000 
1980 9 20 0  -99.0000  -99.0000  -99.0000 
1980 9 21 0  -99.0000  -99.0000  -99.0000 
1980 9 22 0  -99.0000  -99.0000  -99.0000 
1980 9 23 0  -99.0000  -99.0000  -99.0000 
1980 9 24 0  -99.0000  -99.0000  -99.0000 
1980 9 25 0  -99.0000  -99.0000  -99.0000 
1980 9 26 0  -99.0000  -99.0000  -99.0000 
1980 9 27 0  -99.0000  -99.0000  -99.0000 
1980 9 28 0  -99.0000  -99.0000  -99.0000 
1980 9 29 0  -99.0000  -99.0000  -99.0000 
1980 9 30 0  -99.0000  -99.0000  -99.0000 
1980 10 1 0  -99.0000  -99.0000  -99.0000 
1980 10 2 0  -99.0000  -99.0000  -99.0000 
1980 10 3 0  -99.0000  -99.0000  -99.0000 
1980 10 4 0  -99.0000  -99.0000  -99.0000 
1980 10 5 0  -99.0000  -99.0000  -99.0000 
1980 10 6 0  -99.0000  -99.0000  -99.0000 
1980 10 7 0  -99.0000  -99.0000  -99.0000 
1980 10 8 0  -99.0000  -99.0000  -99.0000 
1980 10 9 0  -99.0000  -99.0000  -99.0000 
1980 10 10 0  -99.0000  -99.0000  -99.0000 
1980 10 11 0  -99.0000  -99.0000  -99.0000 
1980 10 12 0  -99.0000  -99.0000  -99.0000 
1980 10 13 0  -99.0000  -99.0000  -99.0000 
1980 10 14 0  -99.0000  -99.0000  -99.0000 
1980 10 15 0  -99.0000  -99.0000  -99.0000 
1980 10 16 0  -99.0000  -99.0000  -99.0000 
1980 10 17 0  -99.0000  -99.0000  -99.0000 
1980 10 18 0  -99.0000  -99.0000  -99.0000 
1980 10 19 0  -99.0000  -99.0000  -99.0000 
1980 10 20 0  -99.0000  -99.0000  -99.0000 
1980 10 21 0  -99.0000  -99.0000  -99.0000 
1980 10 22 0  -99.0000  -99.0000  -99.0000 
1980 10 23 0  -99.0000  -99.0000  -99.0000 
1980 10 24 0  -99.0000  -99.0000  -99.0000 
1980 10 25 0  -99.0000  -99.0000  -99.0000 
1980 10 26 0  -99.0000  -99.0000  -99.0000 
1980 10 27 0  -99.0000  -99.0000  -99.0000 
1980 10 28 0  -99.0000  -99.0000  -99.0000 
1980 10 29 0  -99.0000  -99.0000  -99.0000 
1980 10 30 0  -99.0000  -99.0000  -99.0000 
1980 10 31 0  -99.0000  -99.0000  -99.0000 
1980 11 1 0   -0.7212    0.8840    1.1409 
1980 11 2 0   -0.7244    0.8537    1.1196 
1980 11 3 0   -0.7088    0.7819    1.0553 
1980 11 4 0   -0.6593    0.6685    0.9389 
1980 11 5 0   -0.6512    0.5542    0.8551 
1980 11 6 0   -0.6807    0.4748    0.8299 
1980 11 7 0   -0.7126    0.3562    0.7967 
1980 11 8 0   -0.7048    0.2049    0.7340 
1980 11 9 0   -0.7321    0.0472    0.7336 
1980 11 10 0   -0.7560   -0.0588    0.7583 
1980 11 11 0   -0.7588   -0.1736    0.7784 
1980 11 12 0   -0.7844   -0.2688    0.8292 
1980 11 13 0   -0.8439   -0.3286    0.9056 
1980 11 14 0   -0.8500   -0.3530    0.9204 
1980 11 15 0   -0.8043   -0.3775    0.8885 
1980 11 16 0   -0.7300   -0.3935    0.8293 
1980 11 17 0   -0.6085   -0.3940    0.7249 
1980 11 18 0   -0.4607   -0.3249    0.5638 
1980 11 19 0   -0.2984   -0.2248    0.3736 
1980 11 20 0   -0.1448   -0.1553    0.2123 
1980 11 21 0   -0.0367   -0.1037    0.1100 
1980 11 22 0    0.0420   -0.0429    0.0600 
1980 11 23 0    0.1085    0.0011    0.1085 
1980 11 24 0    0.0833    0.0145    0.0845 
1980 11 25 0    0.0269    0.0613    0.0669 
1980 11 26 0   -0.0082    0.1214    0.1216 
1980 11 27 0   -0.0317    0.1508    0.1541 
1980 11 28 0   -0.0561    0.1394    0.1502 
1980 11 29 0   -0.0417    0.1462    0.1520 
1980 11 30 0   -0.0378    0.1395    0.1446 
1980 12 1 0   -0.0234    0.1803    0.1818 
1980 12 2 0    0.0067    0.2582    0.2583 
1980 12 3 0   -0.0210    0.3432    0.3439 
1980 12 4 0   -0.0733    0.4001    0.4068 
1980 12 5 0   -0.0993    0.4813    0.4914 
1980 12 6 0   -0.1133    0.5005    0.5132 
1980 12 7 0   -0.1562    0.4862    0.5106 
1980 12 8 0   -0.1291    0.4604    0.4782 
1980 12 9 0   -0.0853    0.4667    0.4745 
1980 12 10 0   -0.0714    0.4367    0.4425 
1980 12 11 0   -0.0559    0.3958    0.3997 
1980 12 12 0   -0.0424    0.3416    0.3442 
1980 12 13 0   -0.0495    0.2998    0.3039 
1980 12 14 0   -0.0664    0.2464    0.2552 
1980 12 15 0   -0.0521    0.2249    0.2308 
1980 12 16 0   -0.0241    0.2187    0.2200 
1980 12 17 0    0.0317    0.2587    0.2607 
1980 12 18 0    0.1021    0.3248    0.3405 
1980 12 19 0    0.1786    0.3855    0.4249 
1980 12 20 0    0.1869    0.4356    0.4740 
1980 12 21 0    0.0683    0.4632    0.4682 
1980 12 22 0   -0.0974    0.4522    0.4626 
1980 12 23 0   -0.2828    0.4003    0.4902 
1980 12 24 0   -0.4387    0.3484    0.5602 
1980 12 25 0   -0.4779    0.2598    0.5439 
1980 12 26 0   -0.4159    0.1529    0.4432 
1980 12 27 0   -0.3190    0.0447    0.3221 
1980 12 28 0   -0.2235   -0.1182    0.2528 
1980 12 29 0   -0.1710   -0.2720    0.3213 
1980 12 30 0   -0.1660   -0.4133    0.4454 
1980 12 31 0   -0.1231   -0.4932    0.5083 
1981 1 1 0   -0.0779   -0.4933    0.4994 
1981 1 2 0    0.0033   -0.3960    0.3960 
1981 1 3 0    0.1323   -0.2352    0.2698 
1981 1 4 0    0.2244   -0.1069    0.2485 
1981 1 5 0    0.2237    0.0181    0.2244 
1981 1 6 0    0.2194    0.0970    0.2398 
1981 1 7 0    0.2076    0.1853    0.2783 
1981 1 8 0    0.1846    0.2373    0.3006 
1981 1 9 0    0.1713    0.3620    0.4005 
1981 1 10 0    0.1859    0.4770    0.5119 
1981 1 11 0    0.1963    0.6082    0.6391 
1981 1 12 0    0.1891    0.7193    0.7437 
1981 1 13 0    0.1454    0.8268    0.8395 
1981 1 14 0    0.0795    0.9281    0.9315 
1981 1 15 0    0.0068    1.0165    1.0165 
1981 1 16 0   -0.0781    1.0774    1.0802 
1981 1 17 0   -0.1798    1.1127    1.1272 
1981 1 18 0   -0.2961    1.0556    1.0963 
1981 1 19 0   -0.4120    0.9522    1.0375 
1981 1 20 0   -0.4879    0.8211    0.9551 
1981 1 21 0   -0.5485    0.6467    0.8480 
1981 1 22 0   -0.5740    0.4668    0.7399 
1981 1 23 0   -0.5467    0.3490    0.6486 
1981 1 24 0   -0.4301    0.2749    0.5105 
1981 1 25 0   -0.3137    0.2150    0.3803 
1981 1 26 0   -0.2036    0.2063    0.2899 
1981 1 27 0   -0.1085    0.2278    0.2523 
1981 1 28 0   -0.0102    0.2448    0.2450 
1981 1 29 0    0.0236    0.2355    0.2367 
1981 1 30 0    0.0505    0.3265    0.3304 
1981 1 31 0    0.0827    0.4483    0.4559 
1981 2 1 0    0.1394    0.5550    0.5722 
1981 2 2 0    0.1274    0.6772    0.6891 
1981 2 3 0    0.0891    0.8031    0.8081 
1981 2 4 0    0.0352    0.8475    0.8483 
1981 2 5 0   -0.0071    0.8270    0.8271 
1981 2 6 0   -0.0821    0.7996    0.8038 
1981 2 7 0   -0.0934    0.7739    0.7795 
1981 2 8 0   -0.0313    0.7302    0.7309 
1981 2 9 0    0.0753    0.7275    0.7314 
1981 2 10 0    0.2067    0.7602    0.7878 
1981 2 11 0    0.3652    0.8383    0.9144 
1981 2 12 0    0.5001    0.9094    1.0378 
1981 2 13 0    0.5477    1.0028    1.1426 
1981 2 14 0    0.4943    1.0723    1.1808 
1981 2 15 0    0.3564    1.1387    1.1932 
1981 2 16 0    0.1692    1.1471    1.1595 
1981 2 17 0   -0.0531    1.1420    1.1432 
1981 2 18 0   -0.2112    1.1668    1.1858 
1981 2 19 0   -0.3109    1.1761    1.2165 
1981 2 20 0   -0.3865    1.1915    1.2526 
1981 2 21 0   -0.4052    1.2702    1.3333 
1981 2 22 0   -0.3086    1.3991    1.4327 
1981 2 23 0   -0.1872    1.4946    1.5062 
1981 2 24 0   -0.0694    1.6211    1.6225 
1981 2 25 0    0.0203    1.7402    1.7403 
1981 2 26 0    0.0032    1.8201    1.8201 
1981 2 27 0   -0.1812    1.8740    1.8827 
1981 2 28 0   -0.4664    1.9342    1.9897 
1981 3 1 0   -0.7890    1.9527    2.1061 
1981 3 2 0   -1.0948    1.9095    2.2011 
1981 3 3 0   -1.3289    1.8132    2.2481 
1981 3 4 0   -1.4849    1.7439    2.2904 
1981 3 5 0   -1.5819    1.6979    2.3206 
1981 3 6 0   -1.6396    1.6237    2.3075 
1981 3 7 0   -1.6395    1.6057    2.2948 
1981 3 8 0   -1.5972    1.6029    2.2628 
1981 3 9 0   -1.5626    1.5076    2.1714 
1981 3 10 0   -1.6271    1.3658    2.1243 
1981 3 11 0   -1.7858    1.2350    2.1713 
1981 3 12 0   -2.0027    1.0477    2.2602 
1981 3 13 0   -2.2236    0.8543    2.3821 
1981 3 14 0   -2.3693    0.6501    2.4569 
1981 3 15 0   -2.3834    0.4303    2.4220 
1981 3 16 0   -2.3000    0.1582    2.3055 
1981 3 17 0   -2.2087   -0.0678    2.2097 
1981 3 18 0   -2.1081   -0.2891    2.1278 
1981 3 19 0   -2.0291   -0.4677    2.0823 
1981 3 20 0   -1.9270   -0.6256    2.0260 
1981 3 21 0   -1.7684   -0.7257    1.9115 
1981 3 22 0   -1.5683   -0.8558    1.7866 
1981 3 23 0   -1.3766   -0.9279    1.6601 
1981 3 24 0   -1.1885   -0.9840    1.5430 
1981 3 25 0   -1.0033   -1.0643    1.4626 
1981 3 26 0   -0.8328   -1.1646    1.4318 
1981 3 27 0   -0.6049   -1.2030    1.3465 
1981 3 28 0   -0.3384   -1.2737    1.3179 
1981 3 29 0   -0.0539   -1.3332    1.3343 
1981 3 30 0    0.2149   -1.3400    1.3572 
1981 3 31 0    0.4766   -1.2758    1.3619 
1981 4 1 0    0.7053   -1.1896    1.3830 
1981 4 2 0    0.8693   -1.0572    1.3687 
1981 4 3 0    1.0058   -0.8820    1.3378 
1981 4 4 0    1.1055   -0.6992    1.3081 
1981 4 5 0    1.1662   -0.5030    1.2701 
1981 4 6 0    1.1539   -0.3082    1.1943 
1981 4 7 0    1.1294   -0.0916    1.1331 
1981 4 8 0    1.0678    0.1179    1.0742 
1981 4 9 0    0.9565    0.3249    1.0101 
1981 4 10 0    0.7978    0.5110    0.9474 
1981 4 11 0    0.5958    0.6828    0.9062 
1981 4 12 0    0.3701    0.7804    0.8637 
1981 4 13 0    0.1647    0.8233    0.8396 
1981 4 14 0   -0.0130    0.8716    0.8717 
1981 4 15 0   -0.1196    0.9321    0.9397 
1981 4 16 0   -0.1701    0.9836    0.9982 
1981 4 17 0   -0.1967    1.0676    1.0856 
1981 4 18 0   -0.2326    1.1599    1.1830 
1981 4 19 0   -0.2373    1.2256    1.2483 
1981 4 20 0   -0.2616    1.2609    1.2877 
1981 4 21 0   -0.2809    1.2644    1.2952 
1981 4 22 0   -0.3346    1.2295    1.2742 
1981 4 23 0   -0.4108    1.1796    1.2491 
1981 4 24 0   -0.5712    1.1392    1.2744 
1981 4 25 0   -0.7927    1.0830    1.3421 
1981 4 26 0   -1.0409    0.9905    1.4369 
1981 4 27 0   -1.2884    0.8708    1.5551 
1981 4 28 0   -1.5332    0.7072    1.6885 
1981 4 29 0   -1.7394    0.5132    1.8135 
1981 4 30 0   -1.8758    0.2995    1.8995 
1981 5 1 0  -99.0000  -99.0000  -99.0000 
1981 5 2 0  -99.0000  -99.0000  -99.0000 
1981 5 3 0  -99.0000  -99.0000  -99.0000 
1981 5 4 0  -99.0000  -99.0000  -99.0000 
1981 5 5 0  -99.0000  -99.0000  -99.0000 
1981 5 6 0  -99.0000  -99.0000  -99.0000 
1981 5 7 0  -99.0000  -99.0000  -99.0000 
1981 5 8 0  -99.0000  -99.0000  -99.0000 
1981 5 9 0  -99.0000  -99.0000  -99.0000 
1981 5 10 0  -99.0000  -99.0000  -99.0000 
1981 5 11 0  -99.0000  -99.0000  -99.0000 
1981 5 12 0  -99.0000  -99.0000  -99.0000 
1981 5 13 0  -99.0000  -99.0000  -99.0000 
1981 5 14 0  -99.0000  -99.0000  -99.0000 
1981 5 15 0  -99.0000  -99.0000  -99.0000 
1981 5 16 0  -99.0000  -99.0000  -99.0000 
1981 5 17 0  -99.0000  -99.0000  -99.0000 
1981 5 18 0  -99.0000  -99.0000  -99.0000 
1981 5 19 0  -99.0000  -99.0000  -99.0000 
1981 5 20 0  -99.0000  -99.0000  -99.0000 
1981 5 21 0  -99.0000  -99.0000  -99.0000 
1981 5 22 0  -99.0000  -99.0000  -99.0000 
1981 5 23 0  -99.0000  -99.0000  -99.0000 
1981 5 24 0  -99.0000  -99.0000  -99.0000 
1981 5 25 0  -99.0000  -99.0000  -99.0000 
1981 5 26 0  -99.0000  -99.0000  -99.0000 
1981 5 27 0  -99.0000  -99.0000  -99.0000 
1981 5 28 0  -99.0000  -99.0000  -99.0000 
1981 5 29 0  -99.0000  -99.0000  -99.0000 
1981 5 30 0  -99.0000  -99.0000  -99.0000 
1981 5 31 0  -99.0000  -99.0000  -99.0000 
1981 6 1 0  -99.0000  -99.0000  -99.0000 
1981 6 2 0  -99.0000  -99.0000  -99.0000 
1981 6 3 0  -99.0000  -99.0000  -99.0000 
1981 6 4 0  -99.0000  -99.0000  -99.0000 
1981 6 5 0  -99.0000  -99.0000  -99.0000 
1981 6 6 0  -99.0000  -99.0000  -99.0000 
1981 6 7 0  -99.0000  -99.0000  -99.0000 
1981 6 8 0  -99.0000  -99.0000  -99.0000 
1981 6 9 0  -99.0000  -99.0000  -99.0000 
1981 6 10 0  -99.0000  -99.0000  -99.0000 
1981 6 11 0  -99.0000  -99.0000  -99.0000 
1981 6 12 0  -99.0000  -99.0000  -99.0000 
1981 6 13 0  -99.0000  -99.0000  -99.0000 
1981 6 14 0  -99.0000  -99.0000  -99.0000 
1981 6 15 0  -99.0000  -99.0000  -99.0000 
1981 6 16 0  -99.0000  -99.0000  -99.0000 
1981 6 17 0  -99.0000  -99.0000  -99.0000 
1981 6 18 0  -99.0000  -99.0000  -99.0000 
1981 6 19 0  -99.0000  -99.0000  -99.0000 
1981 6 20 0  -99.0000  -99.0000  -99.0000 
1981 6 21 0  -99.0000  -99.0000  -99.0000 
1981 6 22 0  -99.0000  -99.0000  -99.0000 
1981 6 23 0  -99.0000  -99.0000  -99.0000 
1981 6 24 0  -99.0000  -99.0000  -99.0000 
1981 6 25 0  -99.0000  -99.0000  -99.0000 
1981 6 26 0  -99.0000  -99.0000  -99.0000 
1981 6 27 0  -99.0000  -99.0000  -99.0000 
1981 6 28 0  -99.0000  -99.0000  -99.0000 
1981 6 29 0  -99.0000  -99.0000  -99.0000 
1981 6 30 0  -99.0000  -99.0000  -99.0000 
1981 7 1 0  -99.0000  -99.0000  -99.0000 
1981 7 2 0  -99.0000  -99.0000  -99.0000 
1981 7 3 0  -99.0000  -99.0000  -99.0000 
1981 7 4 0  -99.0000  -99.0000  -99.0000 
1981 7 5 0  -99.0000  -99.0000  -99.0000 
1981 7 6 0  -99.0000  -99.0000  -99.0000 
1981 7 7 0  -99.0000  -99.0000  -99.0000 
1981 7 8 0  -99.0000  -99.0000  -99.0000 
1981 7 9 0  -99.0000  -99.0000  -99.0000 
1981 7 10 0  -99.0000  -99.0000  -99.0000 
1981 7 11 0  -99.0000  -99.0000  -99.0000 
1981 7 12 0  -99.0000  -99.0000  -99.0000 
1981 7 13 0  -99.0000  -99.0000  -99.0000 
1981 7 14 0  -99.0000  -99.0000  -99.0000 
1981 7 15 0  -99.0000  -99.0000  -99.0000 
1981 7 16 0  -99.0000  -99.0000  -99.0000 
1981 7 17 0  -99.0000  -99.0000  -99.0000 
1981 7 18 0  -99.0000  -99.0000  -99.0000 
1981 7 19 0  -99.0000  -99.0000  -99.0000 
1981 7 20 0  -99.0000  -99.0000  -99.0000 
1981 7 21 0  -99.0000  -99.0000  -99.0000 
1981 7 22 0  -99.0000  -99.0000  -99.0000 
1981 7 23 0  -99.0000  -99.0000  -99.0000 
1981 7 24 0  -99.0000  -99.0000  -99.0000 
1981 7 25 0  -99.0000  -99.0000  -99.0000 
1981 7 26 0  -99.0000  -99.0000  -99.0000 
1981 7 27 0  -99.0000  -99.0000  -99.0000 
1981 7 28 0  -99.0000  -99.0000  -99.0000 
1981 7 29 0  -99.0000  -99.0000  -99.0000 
1981 7 30 0  -99.0000  -99.0000  -99.0000 
1981 7 31 0  -99.0000  -99.0000  -99.0000 
1981 8 1 0  -99.0000  -99.0000  -99.0000 
1981 8 2 0  -99.0000  -99.0000  -99.0000 
1981 8 3 0  -99.0000  -99.0000  -99.0000 
1981 8 4 0  -99.0000  -99.0000  -99.0000 
1981 8 5 0  -99.0000  -99.0000  -99.0000 
1981 8 6 0  -99.0000  -99.0000  -99.0000 
1981 8 7 0  -99.0000  -99.0000  -99.0000 
1981 8 8 0  -99.0000  -99.0000  -99.0000 
1981 8 9 0  -99.0000  -99.0000  -99.0000 
1981 8 10 0  -99.0000  -99.0000  -99.0000 
1981 8 11 0  -99.0000  -99.0000  -99.0000 
1981 8 12 0  -99.0000  -99.0000  -99.0000 
1981 8 13 0  -99.0000  -99.0000  -99.0000 
1981 8 14 0  -99.0000  -99.0000  -99.0000 
1981 8 15 0  -99.0000  -99.0000  -99.0000 
1981 8 16 0  -99.0000  -99.0000  -99.0000 
1981 8 17 0  -99.0000  -99.0000  -99.0000 
1981 8 18 0  -99.0000  -99.0000  -99.0000 
1981 8 19 0  -99.0000  -99.0000  -99.0000 
1981 8 20 0  -99.0000  -99.0000  -99.0000 
1981 8 21 0  -99.0000  -99.0000  -99.0000 
1981 8 22 0  -99.0000  -99.0000  -99.0000 
1981 8 23 0  -99.0000  -99.0000  -99.0000 
1981 8 24 0  -99.0000  -99.0000  -99.0000 
1981 8 25 0  -99.0000  -99.0000  -99.0000 
1981 8 26 0  -99.0000  -99.0000  -99.0000 
1981 8 27 0  -99.0000  -99.0000  -99.0000 
1981 8 28 0  -99.0000  -99.0000  -99.0000 
1981 8 29 0  -99.0000  -99.0000  -99.0000 
1981 8 30 0  -99.0000  -99.0000  -99.0000 
1981 8 31 0  -99.0000  -99.0000  -99.0000 
1981 9 1 0  -99.0000  -99.0000  -99.0000 
1981 9 2 0  -99.0000  -99.0000  -99.0000 
1981 9 3 0  -99.0000  -99.0000  -99.0000 
1981 9 4 0  -99.0000  -99.0000  -99.0000 
1981 9 5 0  -99.0000  -99.0000  -99.0000 
1981 9 6 0  -99.0000  -99.0000  -99.0000 
1981 9 7 0  -99.0000  -99.0000  -99.0000 
1981 9 8 0  -99.0000  -99.0000  -99.0000 
1981 9 9 0  -99.0000  -99.0000  -99.0000 
1981 9 10 0  -99.0000  -99.0000  -99.0000 
1981 9 11 0  -99.0000  -99.0000  -99.0000 
1981 9 12 0  -99.0000  -99.0000  -99.0000 
1981 9 13 0  -99.0000  -99.0000  -99.0000 
1981 9 14 0  -99.0000  -99.0000  -99.0000 
1981 9 15 0  -99.0000  -99.0000  -99.0000 
1981 9 16 0  -99.0000  -99.0000  -99.0000 
1981 9 17 0  -99.0000  -99.0000  -99.0000 
1981 9 18 0  -99.0000  -99.0000  -99.0000 
1981 9 19 0  -99.0000  -99.0000  -99.0000 
1981 9 20 0  -99.0000  -99.0000  -99.0000 
1981 9 21 0  -99.0000  -99.0000  -99.0000 
1981 9 22 0  -99.0000  -99.0000  -99.0000 
1981 9 23 0  -99.0000  -99.0000  -99.0000 
1981 9 24 0  -99.0000  -99.0000  -99.0000 
1981 9 25 0  -99.0000  -99.0000  -99.0000 
1981 9 26 0  -99.0000  -99.0000  -99.0000 
1981 9 27 0  -99.0000  -99.0000  -99.0000 
1981 9 28 0  -99.0000  -99.0000  -99.0000 
1981 9 29 0  -99.0000  -99.0000  -99.0000 
1981 9 30 0  -99.0000  -99.0000  -99.0000 
1981 10 1 0  -99.0000  -99.0000  -99.0000 
1981 10 2 0  -99.0000  -99.0000  -99.0000 
1981 10 3 0  -99.0000  -99.0000  -99.0000 
1981 10 4 0  -99.0000  -99.0000  -99.0000 
1981 10 5 0  -99.0000  -99.0000  -99.0000 
1981 10 6 0  -99.0000  -99.0000  -99.0000 
1981 10 7 0  -99.0000  -99.0000  -99.0000 
1981 10 8 0  -99.0000  -99.0000  -99.0000 
1981 10 9 0  -99.0000  -99.0000  -99.0000 
1981 10 10 0  -99.0000  -99.0000  -99.0000 
1981 10 11 0  -99.0000  -99.0000  -99.0000 
1981 10 12 0  -99.0000  -99.0000  -99.0000 
1981 10 13 0  -99.0000  -99.0000  -99.0000 
1981 10 14 0  -99.0000  -99.0000  -99.0000 
1981 10 15 0  -99.0000  -99.0000  -99.0000 
1981 10 16 0  -99.0000  -99.0000  -99.0000 
1981 10 17 0  -99.0000  -99.0000  -99.0000 
1981 10 18 0  -99.0000  -99.0000  -99.0000 
1981 10 19 0  -99.0000  -99.0000  -99.0000 
1981 10 20 0  -99.0000  -99.0000  -99.0000 
1981 10 21 0  -99.0000  -99.0000  -99.0000 
1981 10 22 0  -99.0000  -99.0000  -99.0000 
1981 10 23 0  -99.0000  -99.0000  -99.0000 
1981 10 24 0  -99.0000  -99.0000  -99.0000 
1981 10 25 0  -99.0000  -99.0000  -99.0000 
1981 10 26 0  -99.0000  -99.0000  -99.0000 
1981 10 27 0  -99.0000  -99.0000  -99.0000 
1981 10 28 0  -99.0000  -99.0000  -99.0000 
1981 10 29 0  -99.0000  -99.0000  -99.0000 
1981 10 30 0  -99.0000  -99.0000  -99.0000 
1981 10 31 0  -99.0000  -99.0000  -99.0000 
1981 11 1 0    0.3036   -0.5094    0.5930 
1981 11 2 0    0.4387   -0.4674    0.6410 
1981 11 3 0    0.5984   -0.4307    0.7373 
1981 11 4 0    0.7463   -0.3496    0.8241 
1981 11 5 0    0.8318   -0.2537    0.8697 
1981 11 6 0    0.8713   -0.1745    0.8886 
1981 11 7 0    0.8615   -0.1518    0.8747 
1981 11 8 0    0.8842   -0.1509    0.8970 
1981 11 9 0    0.9051   -0.1099    0.9117 
1981 11 10 0    0.9203   -0.0891    0.9246 
1981 11 11 0    0.8939   -0.0434    0.8949 
1981 11 12 0    0.8111    0.0460    0.8124 
1981 11 13 0    0.6607    0.1750    0.6835 
1981 11 14 0    0.4672    0.2861    0.5479 
1981 11 15 0    0.2902    0.3923    0.4880 
1981 11 16 0    0.1635    0.4561    0.4846 
1981 11 17 0    0.0832    0.4500    0.4577 
1981 11 18 0    0.0729    0.3683    0.3754 
1981 11 19 0    0.1346    0.2507    0.2846 
1981 11 20 0    0.2450    0.1446    0.2844 
1981 11 21 0    0.3659    0.0345    0.3675 
1981 11 22 0    0.5417   -0.0537    0.5443 
1981 11 23 0    0.6995   -0.0796    0.7040 
1981 11 24 0    0.7541   -0.1131    0.7626 
1981 11 25 0    0.7640   -0.0970    0.7701 
1981 11 26 0    0.7622   -0.0582    0.7644 
1981 11 27 0    0.7407    0.0091    0.7407 
1981 11 28 0    0.7297    0.0731    0.7334 
1981 11 29 0    0.8216    0.1881    0.8429 
1981 11 30 0    0.9112    0.2165    0.9366 
1981 12 1 0    0.9634    0.2596    0.9978 
1981 12 2 0    1.0221    0.3323    1.0747 
1981 12 3 0    1.0958    0.4354    1.1792 
1981 12 4 0    1.1543    0.5501    1.2787 
1981 12 5 0    1.2252    0.7134    1.4177 
1981 12 6 0    1.3052    0.8606    1.5634 
1981 12 7 0    1.3165    0.9964    1.6511 
1981 12 8 0    1.2509    1.1612    1.7068 
1981 12 9 0    1.0929    1.3100    1.7061 
1981 12 10 0    0.8488    1.4291    1.6622 
1981 12 11 0    0.5936    1.5289    1.6401 
1981 12 12 0    0.3529    1.5682    1.6074 
1981 12 13 0    0.1303    1.5402    1.5457 
1981 12 14 0   -0.0311    1.4847    1.4850 
1981 12 15 0   -0.1297    1.4155    1.4215 
1981 12 16 0   -0.2047    1.3425    1.3580 
1981 12 17 0   -0.2051    1.2748    1.2912 
1981 12 18 0   -0.1798    1.2240    1.2371 
1981 12 19 0   -0.1526    1.1664    1.1763 
1981 12 20 0   -0.1464    1.0810    1.0909 
1981 12 21 0   -0.1656    0.9807    0.9946 
1981 12 22 0   -0.2436    0.8959    0.9284 
1981 12 23 0   -0.3702    0.7744    0.8583 
1981 12 24 0   -0.5338    0.6490    0.8403 
1981 12 25 0   -0.6909    0.5696    0.8954 
1981 12 26 0   -0.8554    0.4646    0.9735 
1981 12 27 0   -1.0164    0.3116    1.0631 
1981 12 28 0   -1.1264    0.1496    1.1363 
1981 12 29 0   -1.1680   -0.0242    1.1682 
1981 12 30 0   -1.1697   -0.2552    1.1972 
1981 12 31 0   -1.1156   -0.4787    1.2140 
1982 1 1 0   -0.9909   -0.6882    1.2065 
1982 1 2 0   -0.8608   -0.8539    1.2124 
1982 1 3 0   -0.7062   -0.9707    1.2004 
1982 1 4 0   -0.5056   -1.0313    1.1486 
1982 1 5 0   -0.3170   -1.0534    1.1001 
1982 1 6 0   -0.1429   -1.0016    1.0117 
1982 1 7 0    0.0595   -0.9187    0.9206 
1982 1 8 0    0.2062   -0.8334    0.8586 
1982 1 9 0    0.3046   -0.7441    0.8040 
1982 1 10 0    0.3890   -0.6448    0.7530 
1982 1 11 0    0.4387   -0.5962    0.7402 
1982 1 12 0    0.4699   -0.5470    0.7211 
1982 1 13 0    0.5375   -0.4481    0.6998 
1982 1 14 0    0.5963   -0.3728    0.7033 
1982 1 15 0    0.6457   -0.2665    0.6985 
1982 1 16 0    0.6634   -0.1032    0.6714 
1982 1 17 0    0.6193    0.0399    0.6206 
1982 1 18 0    0.5319    0.0813    0.5381 
1982 1 19 0    0.4228    0.1557    0.4505 
1982 1 20 0    0.2723    0.1857    0.3296 
1982 1 21 0    0.0921    0.1778    0.2002 
1982 1 22 0   -0.0937    0.1595    0.1849 
1982 1 23 0   -0.2965    0.1592    0.3366 
1982 1 24 0   -0.3919    0.1482    0.4190 
1982 1 25 0   -0.3719    0.1311    0.3943 
1982 1 26 0   -0.2669    0.0997    0.2849 
1982 1 27 0   -0.0702    0.0668    0.0969 
1982 1 28 0    0.2030    0.0700    0.2148 
1982 1 29 0    0.4243    0.0808    0.4320 
1982 1 30 0    0.5795    0.1549    0.5998 
1982 1 31 0    0.6899    0.2515    0.7343 
1982 2 1 0    0.7076    0.3394    0.7848 
1982 2 2 0    0.6113    0.4032    0.7323 
1982 2 3 0    0.4383    0.4430    0.6232 
1982 2 4 0    0.2268    0.4250    0.4817 
1982 2 5 0    0.0272    0.3927    0.3936 
1982 2 6 0   -0.1382    0.3643    0.3897 
1982 2 7 0   -0.2045    0.2967    0.3603 
1982 2 8 0   -0.1562    0.2123    0.2635 
1982 2 9 0   -0.0361    0.1240    0.1292 
1982 2 10 0    0.0888    0.0255    0.0923 
1982 2 11 0    0.2197   -0.0703    0.2307 
1982 2 12 0    0.3555   -0.1381    0.3813 
1982 2 13 0    0.4385   -0.2168    0.4891 
1982 2 14 0    0.4288   -0.2783    0.5112 
1982 2 15 0    0.3515   -0.2599    0.4371 
1982 2 16 0    0.2532   -0.1862    0.3143 
1982 2 17 0    0.0884   -0.0847    0.1224 
1982 2 18 0   -0.1020    0.0359    0.1082 
1982 2 19 0   -0.2377    0.1536    0.2830 
1982 2 20 0   -0.2938    0.2030    0.3571 
1982 2 21 0   -0.3366    0.2052    0.3942 
1982 2 22 0   -0.3804    0.1664    0.4152 
1982 2 23 0   -0.4181    0.0964    0.4291 
1982 2 24 0   -0.4422   -0.0223    0.4427 
1982 2 25 0   -0.4513   -0.1404    0.4726 
1982 2 26 0   -0.3948   -0.2622    0.4739 
1982 2 27 0   -0.2560   -0.3868    0.4638 
1982 2 28 0   -0.0451   -0.4552    0.4575 
1982 3 1 0    0.2239   -0.4155    0.4720 
1982 3 2 0    0.4501   -0.3711    0.5834 
1982 3 3 0    0.5917   -0.3554    0.6903 
1982 3 4 0    0.6552   -0.3184    0.7285 
1982 3 5 0    0.6081   -0.2731    0.6666 
1982 3 6 0    0.5180   -0.2934    0.5953 
1982 3 7 0    0.4432   -0.2932    0.5315 
1982 3 8 0    0.4195   -0.2941    0.5123 
1982 3 9 0    0.3978   -0.3080    0.5031 
1982 3 10 0    0.3975   -0.2993    0.4976 
1982 3 11 0    0.3686   -0.3172    0.4863 
1982 3 12 0    0.3068   -0.3916    0.4975 
1982 3 13 0    0.2538   -0.4146    0.4861 
1982 3 14 0    0.2533   -0.4536    0.5195 
1982 3 15 0    0.3218   -0.5444    0.6324 
1982 3 16 0    0.3713   -0.5940    0.7005 
1982 3 17 0    0.4636   -0.5790    0.7417 
1982 3 18 0    0.5613   -0.5808    0.8078 
1982 3 19 0    0.6559   -0.4904    0.8189 
1982 3 20 0    0.6898   -0.3786    0.7869 
1982 3 21 0    0.7198   -0.2330    0.7565 
1982 3 22 0    0.7198   -0.1124    0.7286 
1982 3 23 0    0.7013    0.0202    0.7016 
1982 3 24 0    0.6292    0.1561    0.6483 
1982 3 25 0    0.5692    0.3443    0.6652 
1982 3 26 0    0.5688    0.4808    0.7448 
1982 3 27 0    0.5884    0.6047    0.8438 
1982 3 28 0    0.5986    0.7163    0.9335 
1982 3 29 0    0.6618    0.8092    1.0454 
1982 3 30 0    0.6869    0.8796    1.1160 
1982 3 31 0    0.6067    0.9270    1.1079 
1982 4 1 0    0.5137    0.9314    1.0637 
1982 4 2 0    0.3905    0.9087    0.9890 
1982 4 3 0    0.1837    0.8295    0.8496 
1982 4 4 0   -0.0451    0.7309    0.7323 
1982 4 5 0   -0.2403    0.6621    0.7044 
1982 4 6 0   -0.4581    0.6168    0.7683 
1982 4 7 0   -0.6876    0.5293    0.8677 
1982 4 8 0   -0.8458    0.4009    0.9360 
1982 4 9 0   -0.9231    0.1984    0.9442 
1982 4 10 0   -0.9090   -0.0132    0.9091 
1982 4 11 0   -0.8158   -0.2327    0.8483 
1982 4 12 0   -0.6499   -0.3925    0.7592 
1982 4 13 0   -0.4250   -0.5182    0.6702 
1982 4 14 0   -0.1976   -0.6184    0.6492 
1982 4 15 0   -0.0132   -0.7373    0.7374 
1982 4 16 0    0.1479   -0.8198    0.8330 
1982 4 17 0    0.2826   -0.8986    0.9420 
1982 4 18 0    0.3306   -0.9937    1.0472 
1982 4 19 0    0.3676   -1.0663    1.1279 
1982 4 20 0    0.3826   -1.1543    1.2160 
1982 4 21 0    0.3934   -1.1777    1.2417 
1982 4 22 0    0.3966   -1.1878    1.2523 
1982 4 23 0    0.4013   -1.1479    1.2160 
1982 4 24 0    0.3745   -1.0886    1.1512 
1982 4 25 0    0.3131   -0.9529    1.0030 
1982 4 26 0    0.2286   -0.8458    0.8762 
1982 4 27 0    0.1627   -0.7353    0.7531 
1982 4 28 0    0.1164   -0.5623    0.5742 
1982 4 29 0    0.0880   -0.3447    0.3557 
1982 4 30 0    0.1030   -0.1347    0.1696 
1982 5 1 0  -99.0000  -99.0000  -99.0000 
1982 5 2 0  -99.0000  -99.0000  -99.0000 
1982 5 3 0  -99.0000  -99.0000  -99.0000 
1982 5 4 0  -99.0000  -99.0000  -99.0000 
1982 5 5 0  -99.0000  -99.0000  -99.0000 
1982 5 6 0  -99.0000  -99.0000  -99.0000 
1982 5 7 0  -99.0000  -99.0000  -99.0000 
1982 5 8 0  -99.0000  -99.0000  -99.0000 
1982 5 9 0  -99.0000  -99.0000  -99.0000 
1982 5 10 0  -99.0000  -99.0000  -99.0000 
1982 5 11 0  -99.0000  -99.0000  -99.0000 
1982 5 12 0  -99.0000  -99.0000  -99.0000 
1982 5 13 0  -99.0000  -99.0000  -99.0000 
1982 5 14 0  -99.0000  -99.0000  -99.0000 
1982 5 15 0  -99.0000  -99.0000  -99.0000 
1982 5 16 0  -99.0000  -99.0000  -99.0000 
1982 5 17 0  -99.0000  -99.0000  -99.0000 
1982 5 18 0  -99.0000  -99.0000  -99.0000 
1982 5 19 0  -99.0000  -99.0000  -99.0000 
1982 5 20 0  -99.0000  -99.0000  -99.0000 
1982 5 21 0  -99.0000  -99.0000  -99.0000 
1982 5 22 0  -99.0000  -99.0000  -99.0000 
1982 5 23 0  -99.0000  -99.0000  -99.0000 
1982 5 24 0  -99.0000  -99.0000  -99.0000 
1982 5 25 0  -99.0000  -99.0000  -99.0000 
1982 5 26 0  -99.0000  -99.0000  -99.0000 
1982 5 27 0  -99.0000  -99.0000  -99.0000 
1982 5 28 0  -99.0000  -99.0000  -99.0000 
1982 5 29 0  -99.0000  -99.0000  -99.0000 
1982 5 30 0  -99.0000  -99.0000  -99.0000 
1982 5 31 0  -99.0000  -99.0000  -99.0000 
1982 6 1 0  -99.0000  -99.0000  -99.0000 
1982 6 2 0  -99.0000  -99.0000  -99.0000 
1982 6 3 0  -99.0000  -99.0000  -99.0000 
1982 6 4 0  -99.0000  -99.0000  -99.0000 
1982 6 5 0  -99.0000  -99.0000  -99.0000 
1982 6 6 0  -99.0000  -99.0000  -99.0000 
1982 6 7 0  -99.0000  -99.0000  -99.0000 
1982 6 8 0  -99.0000  -99.0000  -99.0000 
1982 6 9 0  -99.0000  -99.0000  -99.0000 
1982 6 10 0  -99.0000  -99.0000  -99.0000 
1982 6 11 0  -99.0000  -99.0000  -99.0000 
1982 6 12 0  -99.0000  -99.0000  -99.0000 
1982 6 13 0  -99.0000  -99.0000  -99.0000 
1982 6 14 0  -99.0000  -99.0000  -99.0000 
1982 6 15 0  -99.0000  -99.0000  -99.0000 
1982 6 16 0  -99.0000  -99.0000  -99.0000 
1982 6 17 0  -99.0000  -99.0000  -99.0000 
1982 6 18 0  -99.0000  -99.0000  -99.0000 
1982 6 19 0  -99.0000  -99.0000  -99.0000 
1982 6 20 0  -99.0000  -99.0000  -99.0000 
1982 6 21 0  -99.0000  -99.0000  -99.0000 
1982 6 22 0  -99.0000  -99.0000  -99.0000 
1982 6 23 0  -99.0000  -99.0000  -99.0000 
1982 6 24 0  -99.0000  -99.0000  -99.0000 
1982 6 25 0  -99.0000  -99.0000  -99.0000 
1982 6 26 0  -99.0000  -99.0000  -99.0000 
1982 6 27 0  -99.0000  -99.0000  -99.0000 
1982 6 28 0  -99.0000  -99.0000  -99.0000 
1982 6 29 0  -99.0000  -99.0000  -99.0000 
1982 6 30 0  -99.0000  -99.0000  -99.0000 
1982 7 1 0  -99.0000  -99.0000  -99.0000 
1982 7 2 0  -99.0000  -99.0000  -99.0000 
1982 7 3 0  -99.0000  -99.0000  -99.0000 
1982 7 4 0  -99.0000  -99.0000  -99.0000 
1982 7 5 0  -99.0000  -99.0000  -99.0000 
1982 7 6 0  -99.0000  -99.0000  -99.0000 
1982 7 7 0  -99.0000  -99.0000  -99.0000 
1982 7 8 0  -99.0000  -99.0000  -99.0000 
1982 7 9 0  -99.0000  -99.0000  -99.0000 
1982 7 10 0  -99.0000  -99.0000  -99.0000 
1982 7 11 0  -99.0000  -99.0000  -99.0000 
1982 7 12 0  -99.0000  -99.0000  -99.0000 
1982 7 13 0  -99.0000  -99.0000  -99.0000 
1982 7 14 0  -99.0000  -99.0000  -99.0000 
1982 7 15 0  -99.0000  -99.0000  -99.0000 
1982 7 16 0  -99.0000  -99.0000  -99.0000 
1982 7 17 0  -99.0000  -99.0000  -99.0000 
1982 7 18 0  -99.0000  -99.0000  -99.0000 
1982 7 19 0  -99.0000  -99.0000  -99.0000 
1982 7 20 0  -99.0000  -99.0000  -99.0000 
1982 7 21 0  -99.0000  -99.0000  -99.0000 
1982 7 22 0  -99.0000  -99.0000  -99.0000 
1982 7 23 0  -99.0000  -99.0000  -99.0000 
1982 7 24 0  -99.0000  -99.0000  -99.0000 
1982 7 25 0  -99.0000  -99.0000  -99.0000 
1982 7 26 0  -99.0000  -99.0000  -99.0000 
1982 7 27 0  -99.0000  -99.0000  -99.0000 
1982 7 28 0  -99.0000  -99.0000  -99.0000 
1982 7 29 0  -99.0000  -99.0000  -99.0000 
1982 7 30 0  -99.0000  -99.0000  -99.0000 
1982 7 31 0  -99.0000  -99.0000  -99.0000 
1982 8 1 0  -99.0000  -99.0000  -99.0000 
1982 8 2 0  -99.0000  -99.0000  -99.0000 
1982 8 3 0  -99.0000  -99.0000  -99.0000 
1982 8 4 0  -99.0000  -99.0000  -99.0000 
1982 8 5 0  -99.0000  -99.0000  -99.0000 
1982 8 6 0  -99.0000  -99.0000  -99.0000 
1982 8 7 0  -99.0000  -99.0000  -99.0000 
1982 8 8 0  -99.0000  -99.0000  -99.0000 
1982 8 9 0  -99.0000  -99.0000  -99.0000 
1982 8 10 0  -99.0000  -99.0000  -99.0000 
1982 8 11 0  -99.0000  -99.0000  -99.0000 
1982 8 12 0  -99.0000  -99.0000  -99.0000 
1982 8 13 0  -99.0000  -99.0000  -99.0000 
1982 8 14 0  -99.0000  -99.0000  -99.0000 
1982 8 15 0  -99.0000  -99.0000  -99.0000 
1982 8 16 0  -99.0000  -99.0000  -99.0000 
1982 8 17 0  -99.0000  -99.0000  -99.0000 
1982 8 18 0  -99.0000  -99.0000  -99.0000 
1982 8 19 0  -99.0000  -99.0000  -99.0000 
1982 8 20 0  -99.0000  -99.0000  -99.0000 
1982 8 21 0  -99.0000  -99.0000  -99.0000 
1982 8 22 0  -99.0000  -99.0000  -99.0000 
1982 8 23 0  -99.0000  -99.0000  -99.0000 
1982 8 24 0  -99.0000  -99.0000  -99.0000 
1982 8 25 0  -99.0000  -99.0000  -99.0000 
1982 8 26 0  -99.0000  -99.0000  -99.0000 
1982 8 27 0  -99.0000  -99.0000  -99.0000 
1982 8 28 0  -99.0000  -99.0000  -99.0000 
1982 8 29 0  -99.0000  -99.0000  -99.0000 
1982 8 30 0  -99.0000  -99.0000  -99.0000 
1982 8 31 0  -99.0000  -99.0000  -99.0000 
1982 9 1 0  -99.0000  -99.0000  -99.0000 
1982 9 2 0  -99.0000  -99.0000  -99.0000 
1982 9 3 0  -99.0000  -99.0000  -99.0000 
1982 9 4 0  -99.0000  -99.0000  -99.0000 
1982 9 5 0  -99.0000  -99.0000  -99.0000 
1982 9 6 0  -99.0000  -99.0000  -99.0000 
1982 9 7 0  -99.0000  -99.0000  -99.0000 
1982 9 8 0  -99.0000  -99.0000  -99.0000 
1982 9 9 0  -99.0000  -99.0000  -99.0000 
1982 9 10 0  -99.0000  -99.0000  -99.0000 
1982 9 11 0  -99.0000  -99.0000  -99.0000 
1982 9 12 0  -99.0000  -99.0000  -99.0000 
1982 9 13 0  -99.0000  -99.0000  -99.0000 
1982 9 14 0  -99.0000  -99.0000  -99.0000 
1982 9 15 0  -99.0000  -99.0000  -99.0000 
1982 9 16 0  -99.0000  -99.0000  -99.0000 
1982 9 17 0  -99.0000  -99.0000  -99.0000 
1982 9 18 0  -99.0000  -99.0000  -99.0000 
1982 9 19 0  -99.0000  -99.0000  -99.0000 
1982 9 20 0  -99.0000  -99.0000  -99.0000 
1982 9 21 0  -99.0000  -99.0000  -99.0000 
1982 9 22 0  -99.0000  -99.0000  -99.0000 
1982 9 23 0  -99.0000  -99.0000  -99.0000 
1982 9 24 0  -99.0000  -99.0000  -99.0000 
1982 9 25 0  -99.0000  -99.0000  -99.0000 
1982 9 26 0  -99.0000  -99.0000  -99.0000 
1982 9 27 0  -99.0000  -99.0000  -99.0000 
1982 9 28 0  -99.0000  -99.0000  -99.0000 
1982 9 29 0  -99.0000  -99.0000  -99.0000 
1982 9 30 0  -99.0000  -99.0000  -99.0000 
1982 10 1 0  -99.0000  -99.0000  -99.0000 
1982 10 2 0  -99.0000  -99.0000  -99.0000 
1982 10 3 0  -99.0000  -99.0000  -99.0000 
1982 10 4 0  -99.0000  -99.0000  -99.0000 
1982 10 5 0  -99.0000  -99.0000  -99.0000 
1982 10 6 0  -99.0000  -99.0000  -99.0000 
1982 10 7 0  -99.0000  -99.0000  -99.0000 
1982 10 8 0  -99.0000  -99.0000  -99.0000 
1982 10 9 0  -99.0000  -99.0000  -99.0000 
1982 10 10 0  -99.0000  -99.0000  -99.0000 
1982 10 11 0  -99.0000  -99.0000  -99.0000 
1982 10 12 0  -99.0000  -99.0000  -99.0000 
1982 10 13 0  -99.0000  -99.0000  -99.0000 
1982 10 14 0  -99.0000  -99.0000  -99.0000 
1982 10 15 0  -99.0000  -99.0000  -99.0000 
1982 10 16 0  -99.0000  -99.0000  -99.0000 
1982 10 17 0  -99.0000  -99.0000  -99.0000 
1982 10 18 0  -99.0000  -99.0000  -99.0000 
1982 10 19 0  -99.0000  -99.0000  -99.0000 
1982 10 20 0  -99.0000  -99.0000  -99.0000 
1982 10 21 0  -99.0000  -99.0000  -99.0000 
1982 10 22 0  -99.0000  -99.0000  -99.0000 
1982 10 23 0  -99.0000  -99.0000  -99.0000 
1982 10 24 0  -99.0000  -99.0000  -99.0000 
1982 10 25 0  -99.0000  -99.0000  -99.0000 
1982 10 26 0  -99.0000  -99.0000  -99.0000 
1982 10 27 0  -99.0000  -99.0000  -99.0000 
1982 10 28 0  -99.0000  -99.0000  -99.0000 
1982 10 29 0  -99.0000  -99.0000  -99.0000 
1982 10 30 0  -99.0000  -99.0000  -99.0000 
1982 10 31 0  -99.0000  -99.0000  -99.0000 
1982 11 1 0   -0.3072   -0.4023    0.5062 
1982 11 2 0   -0.2490   -0.4114    0.4809 
1982 11 3 0   -0.1507   -0.3524    0.3832 
1982 11 4 0   -0.0559   -0.2115    0.2188 
1982 11 5 0    0.0225   -0.0102    0.0246 
1982 11 6 0    0.1267    0.2205    0.2543 
1982 11 7 0    0.2248    0.4224    0.4785 
1982 11 8 0    0.2560    0.6364    0.6860 
1982 11 9 0    0.2671    0.8591    0.8996 
1982 11 10 0    0.2268    1.0108    1.0360 
1982 11 11 0    0.1716    1.1384    1.1512 
1982 11 12 0    0.0817    1.2478    1.2505 
1982 11 13 0   -0.0590    1.3131    1.3144 
1982 11 14 0   -0.2202    1.3375    1.3555 
1982 11 15 0   -0.3403    1.3792    1.4205 
1982 11 16 0   -0.4654    1.3778    1.4543 
1982 11 17 0   -0.5788    1.2913    1.4151 
1982 11 18 0   -0.6601    1.1344    1.3125 
1982 11 19 0   -0.7341    0.9525    1.2025 
1982 11 20 0   -0.8018    0.7279    1.0829 
1982 11 21 0   -0.8426    0.4874    0.9734 
1982 11 22 0   -0.8648    0.2241    0.8933 
1982 11 23 0   -0.8184   -0.0218    0.8187 
1982 11 24 0   -0.6857   -0.2924    0.7455 
1982 11 25 0   -0.4847   -0.5380    0.7241 
1982 11 26 0   -0.2558   -0.7125    0.7570 
1982 11 27 0   -0.0147   -0.7941    0.7942 
1982 11 28 0    0.1776   -0.8083    0.8276 
1982 11 29 0    0.3217   -0.7251    0.7932 
1982 11 30 0    0.4140   -0.5884    0.7194 
1982 12 1 0    0.4569   -0.4052    0.6107 
1982 12 2 0    0.4695   -0.1840    0.5043 
1982 12 3 0    0.4730    0.0680    0.4778 
1982 12 4 0    0.4151    0.2879    0.5052 
1982 12 5 0    0.3130    0.4137    0.5187 
1982 12 6 0    0.1560    0.4247    0.4525 
1982 12 7 0   -0.0286    0.4087    0.4097 
1982 12 8 0   -0.2231    0.3279    0.3966 
1982 12 9 0   -0.3671    0.2215    0.4288 
1982 12 10 0   -0.4278    0.1187    0.4439 
1982 12 11 0   -0.3966   -0.0045    0.3967 
1982 12 12 0   -0.3135   -0.1674    0.3554 
1982 12 13 0   -0.2025   -0.3148    0.3743 
1982 12 14 0   -0.0773   -0.4852    0.4913 
1982 12 15 0    0.0394   -0.5893    0.5906 
1982 12 16 0    0.0785   -0.6210    0.6259 
1982 12 17 0    0.0999   -0.7107    0.7177 
1982 12 18 0    0.1177   -0.7807    0.7896 
1982 12 19 0    0.1026   -0.8377    0.8440 
1982 12 20 0    0.0459   -0.9250    0.9262 
1982 12 21 0    0.0107   -1.1050    1.1050 
1982 12 22 0    0.0079   -1.2270    1.2270 
1982 12 23 0    0.0565   -1.3613    1.3624 
1982 12 24 0    0.2071   -1.4651    1.4797 
1982 12 25 0    0.3734   -1.5060    1.5515 
1982 12 26 0    0.5556   -1.4232    1.5278 
1982 12 27 0    0.6901   -1.2843    1.4579 
1982 12 28 0    0.7890   -1.1296    1.3779 
1982 12 29 0    0.7708   -0.9842    1.2501 
1982 12 30 0    0.7317   -0.8611    1.1300 
1982 12 31 0    0.7247   -0.7365    1.0333 
1983 1 1 0    0.7392   -0.6157    0.9620 
1983 1 2 0    0.7523   -0.5204    0.9148 
1983 1 3 0    0.7904   -0.4012    0.8864 
1983 1 4 0    0.8327   -0.2654    0.8740 
1983 1 5 0    0.8408   -0.1225    0.8497 
1983 1 6 0    0.8235    0.0269    0.8239 
1983 1 7 0    0.7565    0.1884    0.7796 
1983 1 8 0    0.6819    0.3551    0.7688 
1983 1 9 0    0.5848    0.5004    0.7697 
1983 1 10 0    0.4323    0.6018    0.7410 
1983 1 11 0    0.2387    0.6631    0.7047 
1983 1 12 0    0.0492    0.7006    0.7023 
1983 1 13 0   -0.1460    0.6523    0.6685 
1983 1 14 0   -0.3539    0.5640    0.6658 
1983 1 15 0   -0.5603    0.4224    0.7017 
1983 1 16 0   -0.7134    0.2639    0.7607 
1983 1 17 0   -0.8251    0.1168    0.8333 
1983 1 18 0   -0.9225    0.0298    0.9230 
1983 1 19 0   -1.0165   -0.0150    1.0166 
1983 1 20 0   -1.0464    0.0225    1.0466 
1983 1 21 0   -1.0327    0.0725    1.0353 
1983 1 22 0   -1.0126    0.1090    1.0184 
1983 1 23 0   -0.9926    0.1487    1.0037 
1983 1 24 0   -0.9523    0.2032    0.9737 
1983 1 25 0   -0.9348    0.2567    0.9694 
1983 1 26 0   -0.9694    0.3435    1.0284 
1983 1 27 0   -1.0018    0.3883    1.0744 
1983 1 28 0   -1.0079    0.3539    1.0682 
1983 1 29 0   -0.9921    0.2308    1.0186 
1983 1 30 0   -0.9337    0.0337    0.9344 
1983 1 31 0   -0.8670   -0.1530    0.8804 
1983 2 1 0   -0.7575   -0.2611    0.8012 
1983 2 2 0   -0.6054   -0.2660    0.6613 
1983 2 3 0   -0.4949   -0.2091    0.5372 
1983 2 4 0   -0.4725   -0.0941    0.4818 
1983 2 5 0   -0.4188   -0.0147    0.4190 
1983 2 6 0   -0.3999    0.0106    0.4001 
1983 2 7 0   -0.4794   -0.0592    0.4830 
1983 2 8 0   -0.5566   -0.1870    0.5872 
1983 2 9 0   -0.5495   -0.3564    0.6549 
1983 2 10 0   -0.4917   -0.5531    0.7400 
1983 2 11 0   -0.3762   -0.7080    0.8017 
1983 2 12 0   -0.1787   -0.8273    0.8464 
1983 2 13 0    0.0321   -0.8497    0.8503 
1983 2 14 0    0.2519   -0.8212    0.8589 
1983 2 15 0    0.4184   -0.7257    0.8376 
1983 2 16 0    0.5109   -0.5852    0.7768 
1983 2 17 0    0.5576   -0.3933    0.6823 
1983 2 18 0    0.5706   -0.2406    0.6192 
1983 2 19 0    0.5354   -0.1024    0.5451 
1983 2 20 0    0.4527    0.0378    0.4543 
1983 2 21 0    0.3407    0.1964    0.3933 
1983 2 22 0    0.2126    0.3762    0.4321 
1983 2 23 0    0.1308    0.5369    0.5526 
1983 2 24 0    0.0333    0.6935    0.6943 
1983 2 25 0   -0.1084    0.8106    0.8178 
1983 2 26 0   -0.2671    0.8691    0.9092 
1983 2 27 0   -0.4294    0.8783    0.9777 
1983 2 28 0   -0.6047    0.8632    1.0539 
1983 3 1 0   -0.7227    0.8289    1.0997 
1983 3 2 0   -0.7365    0.7904    1.0804 
1983 3 3 0   -0.6497    0.7118    0.9637 
1983 3 4 0   -0.5329    0.5864    0.7924 
1983 3 5 0   -0.4068    0.4871    0.6346 
1983 3 6 0   -0.3030    0.4149    0.5138 
1983 3 7 0   -0.2217    0.3493    0.4137 
1983 3 8 0   -0.1866    0.3026    0.3555 
1983 3 9 0   -0.1461    0.2426    0.2832 
1983 3 10 0   -0.1140    0.1589    0.1956 
1983 3 11 0   -0.0865    0.0741    0.1139 
1983 3 12 0   -0.0741    0.0139    0.0754 
1983 3 13 0   -0.1114   -0.0628    0.1279 
1983 3 14 0   -0.1584   -0.0816    0.1782 
1983 3 15 0   -0.2067   -0.0523    0.2132 
1983 3 16 0   -0.2306   -0.0403    0.2341 
1983 3 17 0   -0.2583   -0.0733    0.2685 
1983 3 18 0   -0.2816   -0.0700    0.2902 
1983 3 19 0   -0.2976   -0.0386    0.3001 
1983 3 20 0   -0.2821   -0.0013    0.2821 
1983 3 21 0   -0.2947    0.0431    0.2978 
1983 3 22 0   -0.3234    0.1169    0.3439 
1983 3 23 0   -0.3530    0.1622    0.3885 
1983 3 24 0   -0.4051    0.1490    0.4317 
1983 3 25 0   -0.4708    0.1085    0.4832 
1983 3 26 0   -0.5074    0.0555    0.5105 
1983 3 27 0   -0.5024   -0.0255    0.5031 
1983 3 28 0   -0.4950   -0.0530    0.4978 
1983 3 29 0   -0.4712   -0.0252    0.4718 
1983 3 30 0   -0.4351    0.0265    0.4359 
1983 3 31 0   -0.4120    0.0934    0.4224 
1983 4 1 0   -0.4011    0.1792    0.4393 
1983 4 2 0   -0.3644    0.2235    0.4275 
1983 4 3 0   -0.3216    0.2202    0.3898 
1983 4 4 0   -0.3157    0.1996    0.3735 
1983 4 5 0   -0.3378    0.1961    0.3906 
1983 4 6 0   -0.3984    0.1568    0.4282 
1983 4 7 0   -0.4665    0.0975    0.4766 
1983 4 8 0   -0.5678    0.0346    0.5689 
1983 4 9 0   -0.6373    0.0071    0.6374 
1983 4 10 0   -0.6729   -0.0315    0.6737 
1983 4 11 0   -0.6518   -0.0815    0.6569 
1983 4 12 0   -0.5687   -0.1213    0.5815 
1983 4 13 0   -0.4284   -0.1449    0.4523 
1983 4 14 0   -0.2774   -0.2245    0.3569 
1983 4 15 0   -0.1198   -0.3414    0.3618 
1983 4 16 0    0.0188   -0.4250    0.4254 
1983 4 17 0    0.1178   -0.4669    0.4815 
1983 4 18 0    0.1926   -0.5303    0.5642 
1983 4 19 0    0.2625   -0.5554    0.6143 
1983 4 20 0    0.3301   -0.5399    0.6328 
1983 4 21 0    0.4038   -0.5378    0.6725 
1983 4 22 0    0.5151   -0.5534    0.7560 
1983 4 23 0    0.6430   -0.5496    0.8459 
1983 4 24 0    0.7669   -0.5383    0.9370 
1983 4 25 0    0.8832   -0.5179    1.0238 
1983 4 26 0    0.9567   -0.4632    1.0629 
1983 4 27 0    0.9593   -0.3820    1.0326 
1983 4 28 0    0.9283   -0.2507    0.9616 
1983 4 29 0    0.8813   -0.1752    0.8986 
1983 4 30 0    0.7811   -0.1451    0.7945 
1983 5 1 0  -99.0000  -99.0000  -99.0000 
1983 5 2 0  -99.0000  -99.0000  -99.0000 
1983 5 3 0  -99.0000  -99.0000  -99.0000 
1983 5 4 0  -99.0000  -99.0000  -99.0000 
1983 5 5 0  -99.0000  -99.0000  -99.0000 
1983 5 6 0  -99.0000  -99.0000  -99.0000 
1983 5 7 0  -99.0000  -99.0000  -99.0000 
1983 5 8 0  -99.0000  -99.0000  -99.0000 
1983 5 9 0  -99.0000  -99.0000  -99.0000 
1983 5 10 0  -99.0000  -99.0000  -99.0000 
1983 5 11 0  -99.0000  -99.0000  -99.0000 
1983 5 12 0  -99.0000  -99.0000  -99.0000 
1983 5 13 0  -99.0000  -99.0000  -99.0000 
1983 5 14 0  -99.0000  -99.0000  -99.0000 
1983 5 15 0  -99.0000  -99.0000  -99.0000 
1983 5 16 0  -99.0000  -99.0000  -99.0000 
1983 5 17 0  -99.0000  -99.0000  -99.0000 
1983 5 18 0  -99.0000  -99.0000  -99.0000 
1983 5 19 0  -99.0000  -99.0000  -99.0000 
1983 5 20 0  -99.0000  -99.0000  -99.0000 
1983 5 21 0  -99.0000  -99.0000  -99.0000 
1983 5 22 0  -99.0000  -99.0000  -99.0000 
1983 5 23 0  -99.0000  -99.0000  -99.0000 
1983 5 24 0  -99.0000  -99.0000  -99.0000 
1983 5 25 0  -99.0000  -99.0000  -99.0000 
1983 5 26 0  -99.0000  -99.0000  -99.0000 
1983 5 27 0  -99.0000  -99.0000  -99.0000 
1983 5 28 0  -99.0000  -99.0000  -99.0000 
1983 5 29 0  -99.0000  -99.0000  -99.0000 
1983 5 30 0  -99.0000  -99.0000  -99.0000 
1983 5 31 0  -99.0000  -99.0000  -99.0000 
1983 6 1 0  -99.0000  -99.0000  -99.0000 
1983 6 2 0  -99.0000  -99.0000  -99.0000 
1983 6 3 0  -99.0000  -99.0000  -99.0000 
1983 6 4 0  -99.0000  -99.0000  -99.0000 
1983 6 5 0  -99.0000  -99.0000  -99.0000 
1983 6 6 0  -99.0000  -99.0000  -99.0000 
1983 6 7 0  -99.0000  -99.0000  -99.0000 
1983 6 8 0  -99.0000  -99.0000  -99.0000 
1983 6 9 0  -99.0000  -99.0000  -99.0000 
1983 6 10 0  -99.0000  -99.0000  -99.0000 
1983 6 11 0  -99.0000  -99.0000  -99.0000 
1983 6 12 0  -99.0000  -99.0000  -99.0000 
1983 6 13 0  -99.0000  -99.0000  -99.0000 
1983 6 14 0  -99.0000  -99.0000  -99.0000 
1983 6 15 0  -99.0000  -99.0000  -99.0000 
1983 6 16 0  -99.0000  -99.0000  -99.0000 
1983 6 17 0  -99.0000  -99.0000  -99.0000 
1983 6 18 0  -99.0000  -99.0000  -99.0000 
1983 6 19 0  -99.0000  -99.0000  -99.0000 
1983 6 20 0  -99.0000  -99.0000  -99.0000 
1983 6 21 0  -99.0000  -99.0000  -99.0000 
1983 6 22 0  -99.0000  -99.0000  -99.0000 
1983 6 23 0  -99.0000  -99.0000  -99.0000 
1983 6 24 0  -99.0000  -99.0000  -99.0000 
1983 6 25 0  -99.0000  -99.0000  -99.0000 
1983 6 26 0  -99.0000  -99.0000  -99.0000 
1983 6 27 0  -99.0000  -99.0000  -99.0000 
1983 6 28 0  -99.0000  -99.0000  -99.0000 
1983 6 29 0  -99.0000  -99.0000  -99.0000 
1983 6 30 0  -99.0000  -99.0000  -99.0000 
1983 7 1 0  -99.0000  -99.0000  -99.0000 
1983 7 2 0  -99.0000  -99.0000  -99.0000 
1983 7 3 0  -99.0000  -99.0000  -99.0000 
1983 7 4 0  -99.0000  -99.0000  -99.0000 
1983 7 5 0  -99.0000  -99.0000  -99.0000 
1983 7 6 0  -99.0000  -99.0000  -99.0000 
1983 7 7 0  -99.0000  -99.0000  -99.0000 
1983 7 8 0  -99.0000  -99.0000  -99.0000 
1983 7 9 0  -99.0000  -99.0000  -99.0000 
1983 7 10 0  -99.0000  -99.0000  -99.0000 
1983 7 11 0  -99.0000  -99.0000  -99.0000 
1983 7 12 0  -99.0000  -99.0000  -99.0000 
1983 7 13 0  -99.0000  -99.0000  -99.0000 
1983 7 14 0  -99.0000  -99.0000  -99.0000 
1983 7 15 0  -99.0000  -99.0000  -99.0000 
1983 7 16 0  -99.0000  -99.0000  -99.0000 
1983 7 17 0  -99.0000  -99.0000  -99.0000 
1983 7 18 0  -99.0000  -99.0000  -99.0000 
1983 7 19 0  -99.0000  -99.0000  -99.0000 
1983 7 20 0  -99.0000  -99.0000  -99.0000 
1983 7 21 0  -99.0000  -99.0000  -99.0000 
1983 7 22 0  -99.0000  -99.0000  -99.0000 
1983 7 23 0  -99.0000  -99.0000  -99.0000 
1983 7 24 0  -99.0000  -99.0000  -99.0000 
1983 7 25 0  -99.0000  -99.0000  -99.0000 
1983 7 26 0  -99.0000  -99.0000  -99.0000 
1983 7 27 0  -99.0000  -99.0000  -99.0000 
1983 7 28 0  -99.0000  -99.0000  -99.0000 
1983 7 29 0  -99.0000  -99.0000  -99.0000 
1983 7 30 0  -99.0000  -99.0000  -99.0000 
1983 7 31 0  -99.0000  -99.0000  -99.0000 
1983 8 1 0  -99.0000  -99.0000  -99.0000 
1983 8 2 0  -99.0000  -99.0000  -99.0000 
1983 8 3 0  -99.0000  -99.0000  -99.0000 
1983 8 4 0  -99.0000  -99.0000  -99.0000 
1983 8 5 0  -99.0000  -99.0000  -99.0000 
1983 8 6 0  -99.0000  -99.0000  -99.0000 
1983 8 7 0  -99.0000  -99.0000  -99.0000 
1983 8 8 0  -99.0000  -99.0000  -99.0000 
1983 8 9 0  -99.0000  -99.0000  -99.0000 
1983 8 10 0  -99.0000  -99.0000  -99.0000 
1983 8 11 0  -99.0000  -99.0000  -99.0000 
1983 8 12 0  -99.0000  -99.0000  -99.0000 
1983 8 13 0  -99.0000  -99.0000  -99.0000 
1983 8 14 0  -99.0000  -99.0000  -99.0000 
1983 8 15 0  -99.0000  -99.0000  -99.0000 
1983 8 16 0  -99.0000  -99.0000  -99.0000 
1983 8 17 0  -99.0000  -99.0000  -99.0000 
1983 8 18 0  -99.0000  -99.0000  -99.0000 
1983 8 19 0  -99.0000  -99.0000  -99.0000 
1983 8 20 0  -99.0000  -99.0000  -99.0000 
1983 8 21 0  -99.0000  -99.0000  -99.0000 
1983 8 22 0  -99.0000  -99.0000  -99.0000 
1983 8 23 0  -99.0000  -99.0000  -99.0000 
1983 8 24 0  -99.0000  -99.0000  -99.0000 
1983 8 25 0  -99.0000  -99.0000  -99.0000 
1983 8 26 0  -99.0000  -99.0000  -99.0000 
1983 8 27 0  -99.0000  -99.0000  -99.0000 
1983 8 28 0  -99.0000  -99.0000  -99.0000 
1983 8 29 0  -99.0000  -99.0000  -99.0000 
1983 8 30 0  -99.0000  -99.0000  -99.0000 
1983 8 31 0  -99.0000  -99.0000  -99.0000 
1983 9 1 0  -99.0000  -99.0000  -99.0000 
1983 9 2 0  -99.0000  -99.0000  -99.0000 
1983 9 3 0  -99.0000  -99.0000  -99.0000 
1983 9 4 0  -99.0000  -99.0000  -99.0000 
1983 9 5 0  -99.0000  -99.0000  -99.0000 
1983 9 6 0  -99.0000  -99.0000  -99.0000 
1983 9 7 0  -99.0000  -99.0000  -99.0000 
1983 9 8 0  -99.0000  -99.0000  -99.0000 
1983 9 9 0  -99.0000  -99.0000  -99.0000 
1983 9 10 0  -99.0000  -99.0000  -99.0000 
1983 9 11 0  -99.0000  -99.0000  -99.0000 
1983 9 12 0  -99.0000  -99.0000  -99.0000 
1983 9 13 0  -99.0000  -99.0000  -99.0000 
1983 9 14 0  -99.0000  -99.0000  -99.0000 
1983 9 15 0  -99.0000  -99.0000  -99.0000 
1983 9 16 0  -99.0000  -99.0000  -99.0000 
1983 9 17 0  -99.0000  -99.0000  -99.0000 
1983 9 18 0  -99.0000  -99.0000  -99.0000 
1983 9 19 0  -99.0000  -99.0000  -99.0000 
1983 9 20 0  -99.0000  -99.0000  -99.0000 
1983 9 21 0  -99.0000  -99.0000  -99.0000 
1983 9 22 0  -99.0000  -99.0000  -99.0000 
1983 9 23 0  -99.0000  -99.0000  -99.0000 
1983 9 24 0  -99.0000  -99.0000  -99.0000 
1983 9 25 0  -99.0000  -99.0000  -99.0000 
1983 9 26 0  -99.0000  -99.0000  -99.0000 
1983 9 27 0  -99.0000  -99.0000  -99.0000 
1983 9 28 0  -99.0000  -99.0000  -99.0000 
1983 9 29 0  -99.0000  -99.0000  -99.0000 
1983 9 30 0  -99.0000  -99.0000  -99.0000 
1983 10 1 0  -99.0000  -99.0000  -99.0000 
1983 10 2 0  -99.0000  -99.0000  -99.0000 
1983 10 3 0  -99.0000  -99.0000  -99.0000 
1983 10 4 0  -99.0000  -99.0000  -99.0000 
1983 10 5 0  -99.0000  -99.0000  -99.0000 
1983 10 6 0  -99.0000  -99.0000  -99.0000 
1983 10 7 0  -99.0000  -99.0000  -99.0000 
1983 10 8 0  -99.0000  -99.0000  -99.0000 
1983 10 9 0  -99.0000  -99.0000  -99.0000 
1983 10 10 0  -99.0000  -99.0000  -99.0000 
1983 10 11 0  -99.0000  -99.0000  -99.0000 
1983 10 12 0  -99.0000  -99.0000  -99.0000 
1983 10 13 0  -99.0000  -99.0000  -99.0000 
1983 10 14 0  -99.0000  -99.0000  -99.0000 
1983 10 15 0  -99.0000  -99.0000  -99.0000 
1983 10 16 0  -99.0000  -99.0000  -99.0000 
1983 10 17 0  -99.0000  -99.0000  -99.0000 
1983 10 18 0  -99.0000  -99.0000  -99.0000 
1983 10 19 0  -99.0000  -99.0000  -99.0000 
1983 10 20 0  -99.0000  -99.0000  -99.0000 
1983 10 21 0  -99.0000  -99.0000  -99.0000 
1983 10 22 0  -99.0000  -99.0000  -99.0000 
1983 10 23 0  -99.0000  -99.0000  -99.0000 
1983 10 24 0  -99.0000  -99.0000  -99.0000 
1983 10 25 0  -99.0000  -99.0000  -99.0000 
1983 10 26 0  -99.0000  -99.0000  -99.0000 
1983 10 27 0  -99.0000  -99.0000  -99.0000 
1983 10 28 0  -99.0000  -99.0000  -99.0000 
1983 10 29 0  -99.0000  -99.0000  -99.0000 
1983 10 30 0  -99.0000  -99.0000  -99.0000 
1983 10 31 0  -99.0000  -99.0000  -99.0000 
1983 11 1 0    0.5737    0.4098    0.7050 
1983 11 2 0    0.4897    0.4902    0.6929 
1983 11 3 0    0.3827    0.4968    0.6271 
1983 11 4 0    0.2513    0.4327    0.5004 
1983 11 5 0    0.1297    0.2911    0.3187 
1983 11 6 0    0.0183    0.1071    0.1087 
1983 11 7 0   -0.0605   -0.0935    0.1113 
1983 11 8 0   -0.0912   -0.2475    0.2638 
1983 11 9 0   -0.0381   -0.3544    0.3564 
1983 11 10 0    0.0541   -0.4115    0.4150 
1983 11 11 0    0.1599   -0.4003    0.4311 
1983 11 12 0    0.3178   -0.3422    0.4670 
1983 11 13 0    0.4846   -0.2281    0.5356 
1983 11 14 0    0.6684   -0.0271    0.6690 
1983 11 15 0    0.8519    0.2244    0.8809 
1983 11 16 0    1.0239    0.4392    1.1142 
1983 11 17 0    1.1517    0.6676    1.3312 
1983 11 18 0    1.2322    0.8741    1.5107 
1983 11 19 0    1.2123    1.0230    1.5863 
1983 11 20 0    1.0899    1.1202    1.5629 
1983 11 21 0    0.9176    1.2219    1.5281 
1983 11 22 0    0.7212    1.3060    1.4919 
1983 11 23 0    0.5357    1.3660    1.4673 
1983 11 24 0    0.3619    1.3699    1.4169 
1983 11 25 0    0.2228    1.3201    1.3387 
1983 11 26 0    0.1296    1.2586    1.2652 
1983 11 27 0    0.0579    1.1894    1.1908 
1983 11 28 0   -0.0007    1.1267    1.1267 
1983 11 29 0   -0.0259    1.0889    1.0892 
1983 11 30 0   -0.0582    1.0584    1.0600 
1983 12 1 0   -0.1315    1.0094    1.0179 
1983 12 2 0   -0.1966    0.9464    0.9666 
1983 12 3 0   -0.2693    0.8657    0.9066 
1983 12 4 0   -0.3765    0.7822    0.8681 
1983 12 5 0   -0.4572    0.7347    0.8654 
1983 12 6 0   -0.4541    0.6947    0.8300 
1983 12 7 0   -0.4433    0.6241    0.7655 
1983 12 8 0   -0.4223    0.5183    0.6685 
1983 12 9 0   -0.3697    0.3758    0.5272 
1983 12 10 0   -0.2990    0.1741    0.3460 
1983 12 11 0   -0.2471   -0.0232    0.2482 
1983 12 12 0   -0.2108   -0.2021    0.2920 
1983 12 13 0   -0.1965   -0.3592    0.4094 
1983 12 14 0   -0.1328   -0.5004    0.5177 
1983 12 15 0   -0.0605   -0.5723    0.5755 
1983 12 16 0   -0.0188   -0.6387    0.6390 
1983 12 17 0    0.0360   -0.7025    0.7034 
1983 12 18 0    0.0724   -0.7335    0.7371 
1983 12 19 0    0.0100   -0.7432    0.7433 
1983 12 20 0   -0.0654   -0.8227    0.8252 
1983 12 21 0   -0.1171   -0.8750    0.8828 
1983 12 22 0   -0.1584   -0.8734    0.8877 
1983 12 23 0   -0.1474   -0.8192    0.8324 
1983 12 24 0   -0.0266   -0.7617    0.7622 
1983 12 25 0    0.1283   -0.6447    0.6574 
1983 12 26 0    0.2605   -0.5168    0.5787 
1983 12 27 0    0.3880   -0.3828    0.5451 
1983 12 28 0    0.5100   -0.2616    0.5732 
1983 12 29 0    0.5811   -0.1302    0.5955 
1983 12 30 0    0.5698   -0.0336    0.5708 
1983 12 31 0    0.5297    0.0464    0.5318 
1984 1 1 0    0.4512    0.0876    0.4596 
1984 1 2 0    0.3099    0.0256    0.3109 
1984 1 3 0    0.1064   -0.0926    0.1410 
1984 1 4 0   -0.0624   -0.1924    0.2023 
1984 1 5 0   -0.1967   -0.3422    0.3947 
1984 1 6 0   -0.2757   -0.5436    0.6095 
1984 1 7 0   -0.2640   -0.7178    0.7648 
1984 1 8 0   -0.1816   -0.8886    0.9070 
1984 1 9 0   -0.0491   -1.0524    1.0535 
1984 1 10 0    0.1081   -1.1240    1.1292 
1984 1 11 0    0.2365   -1.0960    1.1212 
1984 1 12 0    0.3159   -1.0393    1.0862 
1984 1 13 0    0.3347   -0.9352    0.9933 
1984 1 14 0    0.3147   -0.8249    0.8828 
1984 1 15 0    0.2763   -0.7712    0.8192 
1984 1 16 0    0.1914   -0.8151    0.8373 
1984 1 17 0    0.1107   -0.8562    0.8633 
1984 1 18 0    0.0912   -0.9034    0.9080 
1984 1 19 0    0.0621   -0.9092    0.9113 
1984 1 20 0    0.0327   -0.9077    0.9083 
1984 1 21 0    0.0757   -0.8682    0.8715 
1984 1 22 0    0.1368   -0.8865    0.8970 
1984 1 23 0    0.2080   -0.9324    0.9553 
1984 1 24 0    0.3070   -0.9937    1.0401 
1984 1 25 0    0.4027   -1.0708    1.1440 
1984 1 26 0    0.4682   -1.1351    1.2279 
1984 1 27 0    0.5014   -1.1540    1.2582 
1984 1 28 0    0.5015   -1.1367    1.2424 
1984 1 29 0    0.4615   -1.1356    1.2259 
1984 1 30 0    0.4343   -1.1418    1.2217 
1984 1 31 0    0.4077   -1.1918    1.2596 
1984 2 1 0    0.3880   -1.2644    1.3226 
1984 2 2 0    0.4024   -1.3251    1.3849 
1984 2 3 0    0.4423   -1.4017    1.4698 
1984 2 4 0    0.4961   -1.4461    1.5288 
1984 2 5 0    0.5579   -1.4520    1.5554 
1984 2 6 0    0.6088   -1.4269    1.5513 
1984 2 7 0    0.6546   -1.4048    1.5498 
1984 2 8 0    0.6899   -1.3719    1.5356 
1984 2 9 0    0.6889   -1.3423    1.5088 
1984 2 10 0    0.6459   -1.3180    1.4678 
1984 2 11 0    0.6159   -1.2423    1.3866 
1984 2 12 0    0.5924   -1.1407    1.2854 
1984 2 13 0    0.6045   -1.0069    1.1744 
1984 2 14 0    0.6335   -0.8709    1.0770 
1984 2 15 0    0.7138   -0.6816    0.9869 
1984 2 16 0    0.7745   -0.5215    0.9337 
1984 2 17 0    0.7673   -0.3903    0.8609 
1984 2 18 0    0.7230   -0.2797    0.7752 
1984 2 19 0    0.6655   -0.1724    0.6874 
1984 2 20 0    0.5418   -0.1042    0.5518 
1984 2 21 0    0.3801   -0.0720    0.3868 
1984 2 22 0    0.2183   -0.0721    0.2299 
1984 2 23 0    0.0663   -0.0986    0.1188 
1984 2 24 0   -0.0851   -0.1409    0.1646 
1984 2 25 0   -0.2211   -0.1858    0.2888 
1984 2 26 0   -0.2649   -0.1836    0.3223 
1984 2 27 0   -0.2440   -0.1962    0.3131 
1984 2 28 0   -0.2333   -0.1982    0.3061 
1984 2 29 0   -0.2190   -0.1695    0.2769 
1984 3 1 0   -0.1580   -0.1206    0.1988 
1984 3 2 0   -0.1028   -0.1078    0.1489 
1984 3 3 0   -0.0456   -0.1110    0.1200 
1984 3 4 0    0.0382   -0.1084    0.1149 
1984 3 5 0    0.1179   -0.0689    0.1365 
1984 3 6 0    0.1715   -0.0260    0.1735 
1984 3 7 0    0.1706    0.0079    0.1708 
1984 3 8 0    0.1525    0.0549    0.1621 
1984 3 9 0    0.0980    0.0956    0.1369 
1984 3 10 0    0.0040    0.1001    0.1002 
1984 3 11 0   -0.1264    0.0911    0.1558 
1984 3 12 0   -0.2392    0.1109    0.2637 
1984 3 13 0   -0.3637    0.1763    0.4042 
1984 3 14 0   -0.4822    0.2687    0.5520 
1984 3 15 0   -0.5570    0.3758    0.6719 
1984 3 16 0   -0.5650    0.4598    0.7284 
1984 3 17 0   -0.5987    0.5635    0.8221 
1984 3 18 0   -0.6535    0.6705    0.9363 
1984 3 19 0   -0.7103    0.7545    1.0362 
1984 3 20 0   -0.7793    0.7511    1.0823 
1984 3 21 0   -0.8709    0.6892    1.1106 
1984 3 22 0   -0.9149    0.5876    1.0873 
1984 3 23 0   -0.9813    0.3969    1.0585 
1984 3 24 0   -1.0417    0.1564    1.0534 
1984 3 25 0   -1.0655   -0.0426    1.0663 
1984 3 26 0   -1.0375   -0.1789    1.0528 
1984 3 27 0   -1.0047   -0.3261    1.0563 
1984 3 28 0   -0.9369   -0.4008    1.0190 
1984 3 29 0   -0.8588   -0.4381    0.9641 
1984 3 30 0   -0.7886   -0.4864    0.9265 
1984 3 31 0   -0.7584   -0.5661    0.9463 
1984 4 1 0   -0.7533   -0.6453    0.9919 
1984 4 2 0   -0.7489   -0.7070    1.0299 
1984 4 3 0   -0.7244   -0.7354    1.0322 
1984 4 4 0   -0.6866   -0.7437    1.0122 
1984 4 5 0   -0.6319   -0.7532    0.9832 
1984 4 6 0   -0.5366   -0.7474    0.9201 
1984 4 7 0   -0.4163   -0.7699    0.8752 
1984 4 8 0   -0.2784   -0.8297    0.8751 
1984 4 9 0   -0.1365   -0.8673    0.8780 
1984 4 10 0    0.0099   -0.8453    0.8454 
1984 4 11 0    0.1375   -0.8097    0.8213 
1984 4 12 0    0.2956   -0.7674    0.8223 
1984 4 13 0    0.4401   -0.6960    0.8235 
1984 4 14 0    0.5472   -0.6199    0.8269 
1984 4 15 0    0.6043   -0.5034    0.7865 
1984 4 16 0    0.6203   -0.3752    0.7250 
1984 4 17 0    0.5208   -0.2752    0.5890 
1984 4 18 0    0.3585   -0.1713    0.3973 
1984 4 19 0    0.1567   -0.0819    0.1768 
1984 4 20 0   -0.0701   -0.0494    0.0858 
1984 4 21 0   -0.2884   -0.0849    0.3006 
1984 4 22 0   -0.4898   -0.1215    0.5046 
1984 4 23 0   -0.6709   -0.2064    0.7020 
1984 4 24 0   -0.7655   -0.3295    0.8334 
1984 4 25 0   -0.7469   -0.4617    0.8781 
1984 4 26 0   -0.6338   -0.5482    0.8380 
1984 4 27 0   -0.4616   -0.5914    0.7502 
1984 4 28 0   -0.3050   -0.5709    0.6473 
1984 4 29 0   -0.1972   -0.4943    0.5322 
1984 4 30 0   -0.1482   -0.4083    0.4344 
1984 5 1 0  -99.0000  -99.0000  -99.0000 
1984 5 2 0  -99.0000  -99.0000  -99.0000 
1984 5 3 0  -99.0000  -99.0000  -99.0000 
1984 5 4 0  -99.0000  -99.0000  -99.0000 
1984 5 5 0  -99.0000  -99.0000  -99.0000 
1984 5 6 0  -99.0000  -99.0000  -99.0000 
1984 5 7 0  -99.0000  -99.0000  -99.0000 
1984 5 8 0  -99.0000  -99.0000  -99.0000 
1984 5 9 0  -99.0000  -99.0000  -99.0000 
1984 5 10 0  -99.0000  -99.0000  -99.0000 
1984 5 11 0  -99.0000  -99.0000  -99.0000 
1984 5 12 0  -99.0000  -99.0000  -99.0000 
1984 5 13 0  -99.0000  -99.0000  -99.0000 
1984 5 14 0  -99.0000  -99.0000  -99.0000 
1984 5 15 0  -99.0000  -99.0000  -99.0000 
1984 5 16 0  -99.0000  -99.0000  -99.0000 
1984 5 17 0  -99.0000  -99.0000  -99.0000 
1984 5 18 0  -99.0000  -99.0000  -99.0000 
1984 5 19 0  -99.0000  -99.0000  -99.0000 
1984 5 20 0  -99.0000  -99.0000  -99.0000 
1984 5 21 0  -99.0000  -99.0000  -99.0000 
1984 5 22 0  -99.0000  -99.0000  -99.0000 
1984 5 23 0  -99.0000  -99.0000  -99.0000 
1984 5 24 0  -99.0000  -99.0000  -99.0000 
1984 5 25 0  -99.0000  -99.0000  -99.0000 
1984 5 26 0  -99.0000  -99.0000  -99.0000 
1984 5 27 0  -99.0000  -99.0000  -99.0000 
1984 5 28 0  -99.0000  -99.0000  -99.0000 
1984 5 29 0  -99.0000  -99.0000  -99.0000 
1984 5 30 0  -99.0000  -99.0000  -99.0000 
1984 5 31 0  -99.0000  -99.0000  -99.0000 
1984 6 1 0  -99.0000  -99.0000  -99.0000 
1984 6 2 0  -99.0000  -99.0000  -99.0000 
1984 6 3 0  -99.0000  -99.0000  -99.0000 
1984 6 4 0  -99.0000  -99.0000  -99.0000 
1984 6 5 0  -99.0000  -99.0000  -99.0000 
1984 6 6 0  -99.0000  -99.0000  -99.0000 
1984 6 7 0  -99.0000  -99.0000  -99.0000 
1984 6 8 0  -99.0000  -99.0000  -99.0000 
1984 6 9 0  -99.0000  -99.0000  -99.0000 
1984 6 10 0  -99.0000  -99.0000  -99.0000 
1984 6 11 0  -99.0000  -99.0000  -99.0000 
1984 6 12 0  -99.0000  -99.0000  -99.0000 
1984 6 13 0  -99.0000  -99.0000  -99.0000 
1984 6 14 0  -99.0000  -99.0000  -99.0000 
1984 6 15 0  -99.0000  -99.0000  -99.0000 
1984 6 16 0  -99.0000  -99.0000  -99.0000 
1984 6 17 0  -99.0000  -99.0000  -99.0000 
1984 6 18 0  -99.0000  -99.0000  -99.0000 
1984 6 19 0  -99.0000  -99.0000  -99.0000 
1984 6 20 0  -99.0000  -99.0000  -99.0000 
1984 6 21 0  -99.0000  -99.0000  -99.0000 
1984 6 22 0  -99.0000  -99.0000  -99.0000 
1984 6 23 0  -99.0000  -99.0000  -99.0000 
1984 6 24 0  -99.0000  -99.0000  -99.0000 
1984 6 25 0  -99.0000  -99.0000  -99.0000 
1984 6 26 0  -99.0000  -99.0000  -99.0000 
1984 6 27 0  -99.0000  -99.0000  -99.0000 
1984 6 28 0  -99.0000  -99.0000  -99.0000 
1984 6 29 0  -99.0000  -99.0000  -99.0000 
1984 6 30 0  -99.0000  -99.0000  -99.0000 
1984 7 1 0  -99.0000  -99.0000  -99.0000 
1984 7 2 0  -99.0000  -99.0000  -99.0000 
1984 7 3 0  -99.0000  -99.0000  -99.0000 
1984 7 4 0  -99.0000  -99.0000  -99.0000 
1984 7 5 0  -99.0000  -99.0000  -99.0000 
1984 7 6 0  -99.0000  -99.0000  -99.0000 
1984 7 7 0  -99.0000  -99.0000  -99.0000 
1984 7 8 0  -99.0000  -99.0000  -99.0000 
1984 7 9 0  -99.0000  -99.0000  -99.0000 
1984 7 10 0  -99.0000  -99.0000  -99.0000 
1984 7 11 0  -99.0000  -99.0000  -99.0000 
1984 7 12 0  -99.0000  -99.0000  -99.0000 
1984 7 13 0  -99.0000  -99.0000  -99.0000 
1984 7 14 0  -99.0000  -99.0000  -99.0000 
1984 7 15 0  -99.0000  -99.0000  -99.0000 
1984 7 16 0  -99.0000  -99.0000  -99.0000 
1984 7 17 0  -99.0000  -99.0000  -99.0000 
1984 7 18 0  -99.0000  -99.0000  -99.0000 
1984 7 19 0  -99.0000  -99.0000  -99.0000 
1984 7 20 0  -99.0000  -99.0000  -99.0000 
1984 7 21 0  -99.0000  -99.0000  -99.0000 
1984 7 22 0  -99.0000  -99.0000  -99.0000 
1984 7 23 0  -99.0000  -99.0000  -99.0000 
1984 7 24 0  -99.0000  -99.0000  -99.0000 
1984 7 25 0  -99.0000  -99.0000  -99.0000 
1984 7 26 0  -99.0000  -99.0000  -99.0000 
1984 7 27 0  -99.0000  -99.0000  -99.0000 
1984 7 28 0  -99.0000  -99.0000  -99.0000 
1984 7 29 0  -99.0000  -99.0000  -99.0000 
1984 7 30 0  -99.0000  -99.0000  -99.0000 
1984 7 31 0  -99.0000  -99.0000  -99.0000 
1984 8 1 0  -99.0000  -99.0000  -99.0000 
1984 8 2 0  -99.0000  -99.0000  -99.0000 
1984 8 3 0  -99.0000  -99.0000  -99.0000 
1984 8 4 0  -99.0000  -99.0000  -99.0000 
1984 8 5 0  -99.0000  -99.0000  -99.0000 
1984 8 6 0  -99.0000  -99.0000  -99.0000 
1984 8 7 0  -99.0000  -99.0000  -99.0000 
1984 8 8 0  -99.0000  -99.0000  -99.0000 
1984 8 9 0  -99.0000  -99.0000  -99.0000 
1984 8 10 0  -99.0000  -99.0000  -99.0000 
1984 8 11 0  -99.0000  -99.0000  -99.0000 
1984 8 12 0  -99.0000  -99.0000  -99.0000 
1984 8 13 0  -99.0000  -99.0000  -99.0000 
1984 8 14 0  -99.0000  -99.0000  -99.0000 
1984 8 15 0  -99.0000  -99.0000  -99.0000 
1984 8 16 0  -99.0000  -99.0000  -99.0000 
1984 8 17 0  -99.0000  -99.0000  -99.0000 
1984 8 18 0  -99.0000  -99.0000  -99.0000 
1984 8 19 0  -99.0000  -99.0000  -99.0000 
1984 8 20 0  -99.0000  -99.0000  -99.0000 
1984 8 21 0  -99.0000  -99.0000  -99.0000 
1984 8 22 0  -99.0000  -99.0000  -99.0000 
1984 8 23 0  -99.0000  -99.0000  -99.0000 
1984 8 24 0  -99.0000  -99.0000  -99.0000 
1984 8 25 0  -99.0000  -99.0000  -99.0000 
1984 8 26 0  -99.0000  -99.0000  -99.0000 
1984 8 27 0  -99.0000  -99.0000  -99.0000 
1984 8 28 0  -99.0000  -99.0000  -99.0000 
1984 8 29 0  -99.0000  -99.0000  -99.0000 
1984 8 30 0  -99.0000  -99.0000  -99.0000 
1984 8 31 0  -99.0000  -99.0000  -99.0000 
1984 9 1 0  -99.0000  -99.0000  -99.0000 
1984 9 2 0  -99.0000  -99.0000  -99.0000 
1984 9 3 0  -99.0000  -99.0000  -99.0000 
1984 9 4 0  -99.0000  -99.0000  -99.0000 
1984 9 5 0  -99.0000  -99.0000  -99.0000 
1984 9 6 0  -99.0000  -99.0000  -99.0000 
1984 9 7 0  -99.0000  -99.0000  -99.0000 
1984 9 8 0  -99.0000  -99.0000  -99.0000 
1984 9 9 0  -99.0000  -99.0000  -99.0000 
1984 9 10 0  -99.0000  -99.0000  -99.0000 
1984 9 11 0  -99.0000  -99.0000  -99.0000 
1984 9 12 0  -99.0000  -99.0000  -99.0000 
1984 9 13 0  -99.0000  -99.0000  -99.0000 
1984 9 14 0  -99.0000  -99.0000  -99.0000 
1984 9 15 0  -99.0000  -99.0000  -99.0000 
1984 9 16 0  -99.0000  -99.0000  -99.0000 
1984 9 17 0  -99.0000  -99.0000  -99.0000 
1984 9 18 0  -99.0000  -99.0000  -99.0000 
1984 9 19 0  -99.0000  -99.0000  -99.0000 
1984 9 20 0  -99.0000  -99.0000  -99.0000 
1984 9 21 0  -99.0000  -99.0000  -99.0000 
1984 9 22 0  -99.0000  -99.0000  -99.0000 
1984 9 23 0  -99.0000  -99.0000  -99.0000 
1984 9 24 0  -99.0000  -99.0000  -99.0000 
1984 9 25 0  -99.0000  -99.0000  -99.0000 
1984 9 26 0  -99.0000  -99.0000  -99.0000 
1984 9 27 0  -99.0000  -99.0000  -99.0000 
1984 9 28 0  -99.0000  -99.0000  -99.0000 
1984 9 29 0  -99.0000  -99.0000  -99.0000 
1984 9 30 0  -99.0000  -99.0000  -99.0000 
1984 10 1 0  -99.0000  -99.0000  -99.0000 
1984 10 2 0  -99.0000  -99.0000  -99.0000 
1984 10 3 0  -99.0000  -99.0000  -99.0000 
1984 10 4 0  -99.0000  -99.0000  -99.0000 
1984 10 5 0  -99.0000  -99.0000  -99.0000 
1984 10 6 0  -99.0000  -99.0000  -99.0000 
1984 10 7 0  -99.0000  -99.0000  -99.0000 
1984 10 8 0  -99.0000  -99.0000  -99.0000 
1984 10 9 0  -99.0000  -99.0000  -99.0000 
1984 10 10 0  -99.0000  -99.0000  -99.0000 
1984 10 11 0  -99.0000  -99.0000  -99.0000 
1984 10 12 0  -99.0000  -99.0000  -99.0000 
1984 10 13 0  -99.0000  -99.0000  -99.0000 
1984 10 14 0  -99.0000  -99.0000  -99.0000 
1984 10 15 0  -99.0000  -99.0000  -99.0000 
1984 10 16 0  -99.0000  -99.0000  -99.0000 
1984 10 17 0  -99.0000  -99.0000  -99.0000 
1984 10 18 0  -99.0000  -99.0000  -99.0000 
1984 10 19 0  -99.0000  -99.0000  -99.0000 
1984 10 20 0  -99.0000  -99.0000  -99.0000 
1984 10 21 0  -99.0000  -99.0000  -99.0000 
1984 10 22 0  -99.0000  -99.0000  -99.0000 
1984 10 23 0  -99.0000  -99.0000  -99.0000 
1984 10 24 0  -99.0000  -99.0000  -99.0000 
1984 10 25 0  -99.0000  -99.0000  -99.0000 
1984 10 26 0  -99.0000  -99.0000  -99.0000 
1984 10 27 0  -99.0000  -99.0000  -99.0000 
1984 10 28 0  -99.0000  -99.0000  -99.0000 
1984 10 29 0  -99.0000  -99.0000  -99.0000 
1984 10 30 0  -99.0000  -99.0000  -99.0000 
1984 10 31 0  -99.0000  -99.0000  -99.0000 
1984 11 1 0   -1.0876    0.2712    1.1209 
1984 11 2 0   -1.0658    0.1441    1.0755 
1984 11 3 0   -1.0540    0.0263    1.0543 
1984 11 4 0   -1.0119   -0.0714    1.0144 
1984 11 5 0   -0.9728   -0.1749    0.9884 
1984 11 6 0   -0.9518   -0.2384    0.9812 
1984 11 7 0   -0.9545   -0.3036    1.0016 
1984 11 8 0   -0.9615   -0.3468    1.0221 
1984 11 9 0   -1.0033   -0.3880    1.0757 
1984 11 10 0   -1.0449   -0.4171    1.1251 
1984 11 11 0   -1.0715   -0.4514    1.1627 
1984 11 12 0   -1.0347   -0.4710    1.1369 
1984 11 13 0   -0.9327   -0.4755    1.0469 
1984 11 14 0   -0.7423   -0.4638    0.8753 
1984 11 15 0   -0.5180   -0.4159    0.6642 
1984 11 16 0   -0.2942   -0.3442    0.4528 
1984 11 17 0   -0.0890   -0.2495    0.2649 
1984 11 18 0    0.0941   -0.1456    0.1733 
1984 11 19 0    0.2133   -0.0259    0.2149 
1984 11 20 0    0.2774    0.0830    0.2895 
1984 11 21 0    0.2755    0.1752    0.3265 
1984 11 22 0    0.2256    0.2332    0.3244 
1984 11 23 0    0.0935    0.2404    0.2580 
1984 11 24 0   -0.0632    0.1985    0.2083 
1984 11 25 0   -0.2135    0.0810    0.2283 
1984 11 26 0   -0.2864   -0.0668    0.2941 
1984 11 27 0   -0.2832   -0.2165    0.3565 
1984 11 28 0   -0.1704   -0.3697    0.4071 
1984 11 29 0    0.0032   -0.4883    0.4883 
1984 11 30 0    0.1889   -0.5323    0.5648 
1984 12 1 0    0.3498   -0.5187    0.6257 
1984 12 2 0    0.4603   -0.4642    0.6537 
1984 12 3 0    0.5256   -0.3620    0.6382 
1984 12 4 0    0.5708   -0.2587    0.6267 
1984 12 5 0    0.6171   -0.1628    0.6382 
1984 12 6 0    0.6341   -0.0434    0.6355 
1984 12 7 0    0.6357    0.0664    0.6391 
1984 12 8 0    0.6117    0.1654    0.6337 
1984 12 9 0    0.5629    0.2605    0.6202 
1984 12 10 0    0.5473    0.3539    0.6518 
1984 12 11 0    0.5457    0.3948    0.6736 
1984 12 12 0    0.5204    0.4137    0.6648 
1984 12 13 0    0.5134    0.4410    0.6767 
1984 12 14 0    0.5031    0.4984    0.7082 
1984 12 15 0    0.4142    0.5664    0.7016 
1984 12 16 0    0.2896    0.6614    0.7220 
1984 12 17 0    0.1696    0.7907    0.8087 
1984 12 18 0    0.0063    0.8848    0.8849 
1984 12 19 0   -0.1516    0.9172    0.9297 
1984 12 20 0   -0.2656    0.9170    0.9547 
1984 12 21 0   -0.3369    0.8990    0.9601 
1984 12 22 0   -0.3426    0.8746    0.9394 
1984 12 23 0   -0.2769    0.8638    0.9071 
1984 12 24 0   -0.1560    0.8712    0.8851 
1984 12 25 0   -0.0407    0.9022    0.9031 
1984 12 26 0    0.0387    0.9311    0.9319 
1984 12 27 0    0.0577    0.9261    0.9279 
1984 12 28 0    0.0267    0.9381    0.9384 
1984 12 29 0   -0.0889    0.9503    0.9545 
1984 12 30 0   -0.2184    0.9158    0.9414 
1984 12 31 0   -0.3514    0.8674    0.9359 
1985 1 1 0   -0.4510    0.8115    0.9284 
1985 1 2 0   -0.4967    0.7982    0.9401 
1985 1 3 0   -0.5087    0.8810    1.0173 
1985 1 4 0   -0.5362    1.0317    1.1627 
1985 1 5 0   -0.5974    1.1820    1.3243 
1985 1 6 0   -0.6770    1.3382    1.4997 
1985 1 7 0   -0.8067    1.4260    1.6383 
1985 1 8 0   -0.9260    1.4212    1.6962 
1985 1 9 0   -0.9886    1.3780    1.6959 
1985 1 10 0   -1.0340    1.3188    1.6758 
1985 1 11 0   -1.0909    1.2171    1.6344 
1985 1 12 0   -1.1461    1.0391    1.5470 
1985 1 13 0   -1.1979    0.8198    1.4515 
1985 1 14 0   -1.2342    0.5736    1.3610 
1985 1 15 0   -1.2129    0.3637    1.2663 
1985 1 16 0   -1.1811    0.2196    1.2013 
1985 1 17 0   -1.1750    0.2225    1.1959 
1985 1 18 0   -1.2564    0.2862    1.2886 
1985 1 19 0   -1.4474    0.3089    1.4800 
1985 1 20 0   -1.7128    0.3008    1.7390 
1985 1 21 0   -1.9419    0.2663    1.9601 
1985 1 22 0   -2.0631    0.1063    2.0658 
1985 1 23 0   -2.0365   -0.1156    2.0398 
1985 1 24 0   -1.9317   -0.3352    1.9606 
1985 1 25 0   -1.7958   -0.5723    1.8847 
1985 1 26 0   -1.6897   -0.8602    1.8961 
1985 1 27 0   -1.6075   -1.0700    1.9311 
1985 1 28 0   -1.5212   -1.2309    1.9568 
1985 1 29 0   -1.4073   -1.3897    1.9778 
1985 1 30 0   -1.2533   -1.5443    1.9888 
1985 1 31 0   -1.0624   -1.6507    1.9630 
1985 2 1 0   -0.8380   -1.8000    1.9855 
1985 2 2 0   -0.6190   -1.9379    2.0343 
1985 2 3 0   -0.4326   -2.0532    2.0983 
1985 2 4 0   -0.2753   -2.1358    2.1535 
1985 2 5 0   -0.0992   -2.1670    2.1692 
1985 2 6 0    0.0650   -2.1682    2.1692 
1985 2 7 0    0.2435   -2.1739    2.1874 
1985 2 8 0    0.4818   -2.1182    2.1723 
1985 2 9 0    0.7787   -2.0331    2.1772 
1985 2 10 0    1.0565   -1.9638    2.2300 
1985 2 11 0    1.3291   -1.8412    2.2708 
1985 2 12 0    1.5544   -1.6889    2.2953 
1985 2 13 0    1.7318   -1.4928    2.2864 
1985 2 14 0    1.8808   -1.2495    2.2580 
1985 2 15 0    1.9953   -0.9785    2.2224 
1985 2 16 0    2.0698   -0.6830    2.1796 
1985 2 17 0    2.1064   -0.3607    2.1371 
1985 2 18 0    2.0877   -0.0719    2.0890 
1985 2 19 0    1.9715    0.1525    1.9774 
1985 2 20 0    1.7684    0.3478    1.8022 
1985 2 21 0    1.4964    0.4561    1.5643 
1985 2 22 0    1.1464    0.5039    1.2523 
1985 2 23 0    0.7409    0.5109    0.9000 
1985 2 24 0    0.4075    0.5127    0.6549 
1985 2 25 0    0.1706    0.5217    0.5489 
1985 2 26 0    0.0433    0.5696    0.5712 
1985 2 27 0    0.0576    0.6488    0.6513 
1985 2 28 0    0.2182    0.7743    0.8045 
1985 3 1 0    0.4308    0.9081    1.0051 
1985 3 2 0    0.6394    1.0515    1.2307 
1985 3 3 0    0.7800    1.2175    1.4459 
1985 3 4 0    0.8184    1.3688    1.5948 
1985 3 5 0    0.7531    1.4981    1.6768 
1985 3 6 0    0.5605    1.6392    1.7324 
1985 3 7 0    0.3051    1.7291    1.7558 
1985 3 8 0    0.0198    1.7048    1.7049 
1985 3 9 0   -0.2697    1.6146    1.6370 
1985 3 10 0   -0.5304    1.4734    1.5659 
1985 3 11 0   -0.7282    1.2791    1.4718 
1985 3 12 0   -0.8586    1.0897    1.3874 
1985 3 13 0   -0.9487    0.9292    1.3280 
1985 3 14 0   -1.0058    0.8059    1.2889 
1985 3 15 0   -1.0396    0.6941    1.2500 
1985 3 16 0   -1.0408    0.5936    1.1982 
1985 3 17 0   -1.0327    0.5202    1.1563 
1985 3 18 0   -0.9817    0.4519    1.0807 
1985 3 19 0   -0.8624    0.3739    0.9400 
1985 3 20 0   -0.7113    0.3042    0.7737 
1985 3 21 0   -0.5513    0.2901    0.6229 
1985 3 22 0   -0.3652    0.3161    0.4830 
1985 3 23 0   -0.2334    0.4062    0.4685 
1985 3 24 0   -0.1942    0.5140    0.5494 
1985 3 25 0   -0.2345    0.6253    0.6678 
1985 3 26 0   -0.3249    0.6699    0.7446 
1985 3 27 0   -0.4652    0.6131    0.7697 
1985 3 28 0   -0.5655    0.4814    0.7427 
1985 3 29 0   -0.6109    0.2838    0.6736 
1985 3 30 0   -0.5917    0.0688    0.5957 
1985 3 31 0   -0.5241   -0.1215    0.5380 
1985 4 1 0   -0.4485   -0.2694    0.5232 
1985 4 2 0   -0.3754   -0.4109    0.5566 
1985 4 3 0   -0.3111   -0.5096    0.5970 
1985 4 4 0   -0.2121   -0.5879    0.6250 
1985 4 5 0   -0.1009   -0.6020    0.6104 
1985 4 6 0    0.0391   -0.5910    0.5923 
1985 4 7 0    0.1605   -0.5718    0.5939 
1985 4 8 0    0.2846   -0.5424    0.6125 
1985 4 9 0    0.3848   -0.5034    0.6336 
1985 4 10 0    0.4952   -0.5027    0.7056 
1985 4 11 0    0.6051   -0.5205    0.7982 
1985 4 12 0    0.7180   -0.4711    0.8588 
1985 4 13 0    0.8420   -0.3808    0.9241 
1985 4 14 0    0.9887   -0.2586    1.0219 
1985 4 15 0    1.0947   -0.0945    1.0988 
1985 4 16 0    1.1453    0.0687    1.1473 
1985 4 17 0    1.1294    0.2198    1.1506 
1985 4 18 0    1.0162    0.3970    1.0910 
1985 4 19 0    0.8050    0.5925    0.9995 
1985 4 20 0    0.5305    0.7174    0.8922 
1985 4 21 0    0.2329    0.8116    0.8444 
1985 4 22 0   -0.0518    0.8507    0.8523 
1985 4 23 0   -0.2385    0.8189    0.8529 
1985 4 24 0   -0.3331    0.7056    0.7802 
1985 4 25 0   -0.3503    0.5841    0.6811 
1985 4 26 0   -0.3367    0.4649    0.5740 
1985 4 27 0   -0.2529    0.3896    0.4645 
1985 4 28 0   -0.1737    0.3421    0.3837 
1985 4 29 0   -0.1256    0.3333    0.3562 
1985 4 30 0   -0.1164    0.3843    0.4015 
1985 5 1 0  -99.0000  -99.0000  -99.0000 
1985 5 2 0  -99.0000  -99.0000  -99.0000 
1985 5 3 0  -99.0000  -99.0000  -99.0000 
1985 5 4 0  -99.0000  -99.0000  -99.0000 
1985 5 5 0  -99.0000  -99.0000  -99.0000 
1985 5 6 0  -99.0000  -99.0000  -99.0000 
1985 5 7 0  -99.0000  -99.0000  -99.0000 
1985 5 8 0  -99.0000  -99.0000  -99.0000 
1985 5 9 0  -99.0000  -99.0000  -99.0000 
1985 5 10 0  -99.0000  -99.0000  -99.0000 
1985 5 11 0  -99.0000  -99.0000  -99.0000 
1985 5 12 0  -99.0000  -99.0000  -99.0000 
1985 5 13 0  -99.0000  -99.0000  -99.0000 
1985 5 14 0  -99.0000  -99.0000  -99.0000 
1985 5 15 0  -99.0000  -99.0000  -99.0000 
1985 5 16 0  -99.0000  -99.0000  -99.0000 
1985 5 17 0  -99.0000  -99.0000  -99.0000 
1985 5 18 0  -99.0000  -99.0000  -99.0000 
1985 5 19 0  -99.0000  -99.0000  -99.0000 
1985 5 20 0  -99.0000  -99.0000  -99.0000 
1985 5 21 0  -99.0000  -99.0000  -99.0000 
1985 5 22 0  -99.0000  -99.0000  -99.0000 
1985 5 23 0  -99.0000  -99.0000  -99.0000 
1985 5 24 0  -99.0000  -99.0000  -99.0000 
1985 5 25 0  -99.0000  -99.0000  -99.0000 
1985 5 26 0  -99.0000  -99.0000  -99.0000 
1985 5 27 0  -99.0000  -99.0000  -99.0000 
1985 5 28 0  -99.0000  -99.0000  -99.0000 
1985 5 29 0  -99.0000  -99.0000  -99.0000 
1985 5 30 0  -99.0000  -99.0000  -99.0000 
1985 5 31 0  -99.0000  -99.0000  -99.0000 
1985 6 1 0  -99.0000  -99.0000  -99.0000 
1985 6 2 0  -99.0000  -99.0000  -99.0000 
1985 6 3 0  -99.0000  -99.0000  -99.0000 
1985 6 4 0  -99.0000  -99.0000  -99.0000 
1985 6 5 0  -99.0000  -99.0000  -99.0000 
1985 6 6 0  -99.0000  -99.0000  -99.0000 
1985 6 7 0  -99.0000  -99.0000  -99.0000 
1985 6 8 0  -99.0000  -99.0000  -99.0000 
1985 6 9 0  -99.0000  -99.0000  -99.0000 
1985 6 10 0  -99.0000  -99.0000  -99.0000 
1985 6 11 0  -99.0000  -99.0000  -99.0000 
1985 6 12 0  -99.0000  -99.0000  -99.0000 
1985 6 13 0  -99.0000  -99.0000  -99.0000 
1985 6 14 0  -99.0000  -99.0000  -99.0000 
1985 6 15 0  -99.0000  -99.0000  -99.0000 
1985 6 16 0  -99.0000  -99.0000  -99.0000 
1985 6 17 0  -99.0000  -99.0000  -99.0000 
1985 6 18 0  -99.0000  -99.0000  -99.0000 
1985 6 19 0  -99.0000  -99.0000  -99.0000 
1985 6 20 0  -99.0000  -99.0000  -99.0000 
1985 6 21 0  -99.0000  -99.0000  -99.0000 
1985 6 22 0  -99.0000  -99.0000  -99.0000 
1985 6 23 0  -99.0000  -99.0000  -99.0000 
1985 6 24 0  -99.0000  -99.0000  -99.0000 
1985 6 25 0  -99.0000  -99.0000  -99.0000 
1985 6 26 0  -99.0000  -99.0000  -99.0000 
1985 6 27 0  -99.0000  -99.0000  -99.0000 
1985 6 28 0  -99.0000  -99.0000  -99.0000 
1985 6 29 0  -99.0000  -99.0000  -99.0000 
1985 6 30 0  -99.0000  -99.0000  -99.0000 
1985 7 1 0  -99.0000  -99.0000  -99.0000 
1985 7 2 0  -99.0000  -99.0000  -99.0000 
1985 7 3 0  -99.0000  -99.0000  -99.0000 
1985 7 4 0  -99.0000  -99.0000  -99.0000 
1985 7 5 0  -99.0000  -99.0000  -99.0000 
1985 7 6 0  -99.0000  -99.0000  -99.0000 
1985 7 7 0  -99.0000  -99.0000  -99.0000 
1985 7 8 0  -99.0000  -99.0000  -99.0000 
1985 7 9 0  -99.0000  -99.0000  -99.0000 
1985 7 10 0  -99.0000  -99.0000  -99.0000 
1985 7 11 0  -99.0000  -99.0000  -99.0000 
1985 7 12 0  -99.0000  -99.0000  -99.0000 
1985 7 13 0  -99.0000  -99.0000  -99.0000 
1985 7 14 0  -99.0000  -99.0000  -99.0000 
1985 7 15 0  -99.0000  -99.0000  -99.0000 
1985 7 16 0  -99.0000  -99.0000  -99.0000 
1985 7 17 0  -99.0000  -99.0000  -99.0000 
1985 7 18 0  -99.0000  -99.0000  -99.0000 
1985 7 19 0  -99.0000  -99.0000  -99.0000 
1985 7 20 0  -99.0000  -99.0000  -99.0000 
1985 7 21 0  -99.0000  -99.0000  -99.0000 
1985 7 22 0  -99.0000  -99.0000  -99.0000 
1985 7 23 0  -99.0000  -99.0000  -99.0000 
1985 7 24 0  -99.0000  -99.0000  -99.0000 
1985 7 25 0  -99.0000  -99.0000  -99.0000 
1985 7 26 0  -99.0000  -99.0000  -99.0000 
1985 7 27 0  -99.0000  -99.0000  -99.0000 
1985 7 28 0  -99.0000  -99.0000  -99.0000 
1985 7 29 0  -99.0000  -99.0000  -99.0000 
1985 7 30 0  -99.0000  -99.0000  -99.0000 
1985 7 31 0  -99.0000  -99.0000  -99.0000 
1985 8 1 0  -99.0000  -99.0000  -99.0000 
1985 8 2 0  -99.0000  -99.0000  -99.0000 
1985 8 3 0  -99.0000  -99.0000  -99.0000 
1985 8 4 0  -99.0000  -99.0000  -99.0000 
1985 8 5 0  -99.0000  -99.0000  -99.0000 
1985 8 6 0  -99.0000  -99.0000  -99.0000 
1985 8 7 0  -99.0000  -99.0000  -99.0000 
1985 8 8 0  -99.0000  -99.0000  -99.0000 
1985 8 9 0  -99.0000  -99.0000  -99.0000 
1985 8 10 0  -99.0000  -99.0000  -99.0000 
1985 8 11 0  -99.0000  -99.0000  -99.0000 
1985 8 12 0  -99.0000  -99.0000  -99.0000 
1985 8 13 0  -99.0000  -99.0000  -99.0000 
1985 8 14 0  -99.0000  -99.0000  -99.0000 
1985 8 15 0  -99.0000  -99.0000  -99.0000 
1985 8 16 0  -99.0000  -99.0000  -99.0000 
1985 8 17 0  -99.0000  -99.0000  -99.0000 
1985 8 18 0  -99.0000  -99.0000  -99.0000 
1985 8 19 0  -99.0000  -99.0000  -99.0000 
1985 8 20 0  -99.0000  -99.0000  -99.0000 
1985 8 21 0  -99.0000  -99.0000  -99.0000 
1985 8 22 0  -99.0000  -99.0000  -99.0000 
1985 8 23 0  -99.0000  -99.0000  -99.0000 
1985 8 24 0  -99.0000  -99.0000  -99.0000 
1985 8 25 0  -99.0000  -99.0000  -99.0000 
1985 8 26 0  -99.0000  -99.0000  -99.0000 
1985 8 27 0  -99.0000  -99.0000  -99.0000 
1985 8 28 0  -99.0000  -99.0000  -99.0000 
1985 8 29 0  -99.0000  -99.0000  -99.0000 
1985 8 30 0  -99.0000  -99.0000  -99.0000 
1985 8 31 0  -99.0000  -99.0000  -99.0000 
1985 9 1 0  -99.0000  -99.0000  -99.0000 
1985 9 2 0  -99.0000  -99.0000  -99.0000 
1985 9 3 0  -99.0000  -99.0000  -99.0000 
1985 9 4 0  -99.0000  -99.0000  -99.0000 
1985 9 5 0  -99.0000  -99.0000  -99.0000 
1985 9 6 0  -99.0000  -99.0000  -99.0000 
1985 9 7 0  -99.0000  -99.0000  -99.0000 
1985 9 8 0  -99.0000  -99.0000  -99.0000 
1985 9 9 0  -99.0000  -99.0000  -99.0000 
1985 9 10 0  -99.0000  -99.0000  -99.0000 
1985 9 11 0  -99.0000  -99.0000  -99.0000 
1985 9 12 0  -99.0000  -99.0000  -99.0000 
1985 9 13 0  -99.0000  -99.0000  -99.0000 
1985 9 14 0  -99.0000  -99.0000  -99.0000 
1985 9 15 0  -99.0000  -99.0000  -99.0000 
1985 9 16 0  -99.0000  -99.0000  -99.0000 
1985 9 17 0  -99.0000  -99.0000  -99.0000 
1985 9 18 0  -99.0000  -99.0000  -99.0000 
1985 9 19 0  -99.0000  -99.0000  -99.0000 
1985 9 20 0  -99.0000  -99.0000  -99.0000 
1985 9 21 0  -99.0000  -99.0000  -99.0000 
1985 9 22 0  -99.0000  -99.0000  -99.0000 
1985 9 23 0  -99.0000  -99.0000  -99.0000 
1985 9 24 0  -99.0000  -99.0000  -99.0000 
1985 9 25 0  -99.0000  -99.0000  -99.0000 
1985 9 26 0  -99.0000  -99.0000  -99.0000 
1985 9 27 0  -99.0000  -99.0000  -99.0000 
1985 9 28 0  -99.0000  -99.0000  -99.0000 
1985 9 29 0  -99.0000  -99.0000  -99.0000 
1985 9 30 0  -99.0000  -99.0000  -99.0000 
1985 10 1 0  -99.0000  -99.0000  -99.0000 
1985 10 2 0  -99.0000  -99.0000  -99.0000 
1985 10 3 0  -99.0000  -99.0000  -99.0000 
1985 10 4 0  -99.0000  -99.0000  -99.0000 
1985 10 5 0  -99.0000  -99.0000  -99.0000 
1985 10 6 0  -99.0000  -99.0000  -99.0000 
1985 10 7 0  -99.0000  -99.0000  -99.0000 
1985 10 8 0  -99.0000  -99.0000  -99.0000 
1985 10 9 0  -99.0000  -99.0000  -99.0000 
1985 10 10 0  -99.0000  -99.0000  -99.0000 
1985 10 11 0  -99.0000  -99.0000  -99.0000 
1985 10 12 0  -99.0000  -99.0000  -99.0000 
1985 10 13 0  -99.0000  -99.0000  -99.0000 
1985 10 14 0  -99.0000  -99.0000  -99.0000 
1985 10 15 0  -99.0000  -99.0000  -99.0000 
1985 10 16 0  -99.0000  -99.0000  -99.0000 
1985 10 17 0  -99.0000  -99.0000  -99.0000 
1985 10 18 0  -99.0000  -99.0000  -99.0000 
1985 10 19 0  -99.0000  -99.0000  -99.0000 
1985 10 20 0  -99.0000  -99.0000  -99.0000 
1985 10 21 0  -99.0000  -99.0000  -99.0000 
1985 10 22 0  -99.0000  -99.0000  -99.0000 
1985 10 23 0  -99.0000  -99.0000  -99.0000 
1985 10 24 0  -99.0000  -99.0000  -99.0000 
1985 10 25 0  -99.0000  -99.0000  -99.0000 
1985 10 26 0  -99.0000  -99.0000  -99.0000 
1985 10 27 0  -99.0000  -99.0000  -99.0000 
1985 10 28 0  -99.0000  -99.0000  -99.0000 
1985 10 29 0  -99.0000  -99.0000  -99.0000 
1985 10 30 0  -99.0000  -99.0000  -99.0000 
1985 10 31 0  -99.0000  -99.0000  -99.0000 
1985 11 1 0   -1.1083   -1.0214    1.5072 
1985 11 2 0   -0.9346   -1.1841    1.5085 
1985 11 3 0   -0.7163   -1.3204    1.5022 
1985 11 4 0   -0.4810   -1.3663    1.4485 
1985 11 5 0   -0.2173   -1.3184    1.3362 
1985 11 6 0    0.0502   -1.2243    1.2253 
1985 11 7 0    0.3218   -1.1158    1.1613 
1985 11 8 0    0.5312   -0.9411    1.0806 
1985 11 9 0    0.7090   -0.7454    1.0288 
1985 11 10 0    0.8439   -0.5352    0.9993 
1985 11 11 0    0.9401   -0.3186    0.9926 
1985 11 12 0    0.9557   -0.0695    0.9583 
1985 11 13 0    0.9577    0.1377    0.9675 
1985 11 14 0    0.9159    0.3574    0.9832 
1985 11 15 0    0.8264    0.5471    0.9911 
1985 11 16 0    0.6809    0.7066    0.9813 
1985 11 17 0    0.5299    0.8089    0.9670 
1985 11 18 0    0.3638    0.8646    0.9381 
1985 11 19 0    0.2199    0.8428    0.8710 
1985 11 20 0    0.1176    0.7910    0.7997 
1985 11 21 0    0.0532    0.6901    0.6922 
1985 11 22 0    0.0022    0.6115    0.6115 
1985 11 23 0   -0.0419    0.5447    0.5463 
1985 11 24 0   -0.0660    0.4837    0.4881 
1985 11 25 0   -0.0893    0.3883    0.3984 
1985 11 26 0   -0.0974    0.3421    0.3558 
1985 11 27 0   -0.1201    0.2939    0.3175 
1985 11 28 0   -0.1644    0.2250    0.2787 
1985 11 29 0   -0.2051    0.1785    0.2719 
1985 11 30 0   -0.2557    0.2072    0.3291 
1985 12 1 0   -0.2844    0.2185    0.3586 
1985 12 2 0   -0.2845    0.1974    0.3463 
1985 12 3 0   -0.2323    0.2018    0.3077 
1985 12 4 0   -0.1624    0.2562    0.3033 
1985 12 5 0   -0.1065    0.3075    0.3254 
1985 12 6 0   -0.0550    0.3726    0.3767 
1985 12 7 0   -0.0295    0.4410    0.4420 
1985 12 8 0   -0.0133    0.5067    0.5069 
1985 12 9 0   -0.0112    0.5051    0.5052 
1985 12 10 0    0.0074    0.4780    0.4781 
1985 12 11 0    0.0013    0.4177    0.4177 
1985 12 12 0    0.0235    0.3889    0.3896 
1985 12 13 0    0.0465    0.4110    0.4136 
1985 12 14 0    0.0111    0.4194    0.4195 
1985 12 15 0   -0.0757    0.3970    0.4042 
1985 12 16 0   -0.1623    0.4090    0.4401 
1985 12 17 0   -0.2596    0.4335    0.5052 
1985 12 18 0   -0.3576    0.4146    0.5475 
1985 12 19 0   -0.4335    0.3806    0.5769 
1985 12 20 0   -0.4819    0.3839    0.6161 
1985 12 21 0   -0.5186    0.3466    0.6238 
1985 12 22 0   -0.6009    0.2236    0.6411 
1985 12 23 0   -0.7132    0.0953    0.7196 
1985 12 24 0   -0.8017   -0.0021    0.8017 
1985 12 25 0   -0.8384   -0.1612    0.8537 
1985 12 26 0   -0.8744   -0.3520    0.9426 
1985 12 27 0   -0.8594   -0.5056    0.9971 
1985 12 28 0   -0.7989   -0.6703    1.0429 
1985 12 29 0   -0.7292   -0.8875    1.1487 
1985 12 30 0   -0.6841   -0.9491    1.1699 
1985 12 31 0   -0.6497   -1.0153    1.2054 
1986 1 1 0   -0.5467   -1.1797    1.3002 
1986 1 2 0   -0.4337   -1.3667    1.4339 
1986 1 3 0   -0.3184   -1.5173    1.5503 
1986 1 4 0   -0.1906   -1.7883    1.7984 
1986 1 5 0    0.0007   -1.9834    1.9834 
1986 1 6 0    0.1953   -2.0507    2.0600 
1986 1 7 0    0.4221   -2.0414    2.0846 
1986 1 8 0    0.6748   -1.9589    2.0719 
1986 1 9 0    0.9639   -1.8172    2.0571 
1986 1 10 0    1.2105   -1.6186    2.0212 
1986 1 11 0    1.4253   -1.3286    1.9485 
1986 1 12 0    1.6162   -1.0580    1.9317 
1986 1 13 0    1.7339   -0.7775    1.9003 
1986 1 14 0    1.7545   -0.5186    1.8295 
1986 1 15 0    1.7669   -0.3024    1.7926 
1986 1 16 0    1.6940   -0.1702    1.7026 
1986 1 17 0    1.4942    0.0139    1.4943 
1986 1 18 0    1.2968    0.1746    1.3085 
1986 1 19 0    1.1238    0.3487    1.1767 
1986 1 20 0    0.9378    0.5503    1.0873 
1986 1 21 0    0.7838    0.7855    1.1097 
1986 1 22 0    0.6833    0.9911    1.2038 
1986 1 23 0    0.5462    1.1557    1.2783 
1986 1 24 0    0.3897    1.2750    1.3332 
1986 1 25 0    0.2436    1.3508    1.3726 
1986 1 26 0    0.0937    1.3661    1.3693 
1986 1 27 0   -0.0563    1.3072    1.3084 
1986 1 28 0   -0.1670    1.2130    1.2245 
1986 1 29 0   -0.1907    1.1245    1.1405 
1986 1 30 0   -0.2294    0.9876    1.0139 
1986 1 31 0   -0.2355    0.8537    0.8856 
1986 2 1 0   -0.2626    0.7639    0.8078 
1986 2 2 0   -0.3252    0.7019    0.7736 
1986 2 3 0   -0.4724    0.6317    0.7888 
1986 2 4 0   -0.6126    0.5617    0.8312 
1986 2 5 0   -0.8021    0.4014    0.8970 
1986 2 6 0   -0.9442    0.1502    0.9561 
1986 2 7 0   -0.9999   -0.1121    1.0062 
1986 2 8 0   -0.9931   -0.3042    1.0387 
1986 2 9 0   -0.9475   -0.4492    1.0486 
1986 2 10 0   -0.8400   -0.4715    0.9633 
1986 2 11 0   -0.6896   -0.4052    0.7999 
1986 2 12 0   -0.5293   -0.2794    0.5985 
1986 2 13 0   -0.3424   -0.2138    0.4037 
1986 2 14 0   -0.1446   -0.1671    0.2210 
1986 2 15 0   -0.0187   -0.1427    0.1439 
1986 2 16 0    0.1019   -0.1047    0.1461 
1986 2 17 0    0.2540   -0.0738    0.2645 
1986 2 18 0    0.3239   -0.0432    0.3268 
1986 2 19 0    0.3152    0.0479    0.3188 
1986 2 20 0    0.3108    0.1522    0.3461 
1986 2 21 0    0.2471    0.2435    0.3469 
1986 2 22 0    0.0488    0.2969    0.3009 
1986 2 23 0   -0.1647    0.3570    0.3931 
1986 2 24 0   -0.3450    0.3612    0.4995 
1986 2 25 0   -0.5101    0.2790    0.5814 
1986 2 26 0   -0.6119    0.1163    0.6229 
1986 2 27 0   -0.6201   -0.0936    0.6271 
1986 2 28 0   -0.5614   -0.3247    0.6485 
1986 3 1 0   -0.4684   -0.5660    0.7347 
1986 3 2 0   -0.3474   -0.7356    0.8135 
1986 3 3 0   -0.2772   -0.8357    0.8804 
1986 3 4 0   -0.2181   -0.9214    0.9468 
1986 3 5 0   -0.2086   -1.0300    1.0509 
1986 3 6 0   -0.2689   -1.1575    1.1883 
1986 3 7 0   -0.3576   -1.3367    1.3837 
1986 3 8 0   -0.4350   -1.5430    1.6031 
1986 3 9 0   -0.5264   -1.7170    1.7959 
1986 3 10 0   -0.5806   -1.8278    1.9178 
1986 3 11 0   -0.5324   -1.8940    1.9674 
1986 3 12 0   -0.4474   -1.9235    1.9748 
1986 3 13 0   -0.3335   -1.9393    1.9678 
1986 3 14 0   -0.1488   -1.9339    1.9396 
1986 3 15 0    0.1358   -1.9275    1.9323 
1986 3 16 0    0.3821   -1.9145    1.9523 
1986 3 17 0    0.5815   -1.8521    1.9412 
1986 3 18 0    0.7610   -1.7688    1.9255 
1986 3 19 0    0.8939   -1.6463    1.8733 
1986 3 20 0    0.9280   -1.5174    1.7786 
1986 3 21 0    0.9826   -1.3769    1.6915 
1986 3 22 0    1.0477   -1.2381    1.6219 
1986 3 23 0    1.1028   -1.0347    1.5122 
1986 3 24 0    1.0682   -0.8573    1.3697 
1986 3 25 0    1.0070   -0.6251    1.1852 
1986 3 26 0    0.9418   -0.3585    1.0077 
1986 3 27 0    0.9015   -0.0586    0.9034 
1986 3 28 0    0.8622    0.1992    0.8849 
1986 3 29 0    0.8733    0.4116    0.9654 
1986 3 30 0    0.8864    0.5144    1.0248 
1986 3 31 0    0.8245    0.5679    1.0012 
1986 4 1 0    0.7177    0.5719    0.9177 
1986 4 2 0    0.5930    0.5562    0.8131 
1986 4 3 0    0.4495    0.5461    0.7073 
1986 4 4 0    0.3006    0.5485    0.6255 
1986 4 5 0    0.2183    0.5549    0.5963 
1986 4 6 0    0.1912    0.5544    0.5864 
1986 4 7 0    0.1813    0.5520    0.5810 
1986 4 8 0    0.2135    0.6047    0.6413 
1986 4 9 0    0.2760    0.6640    0.7191 
1986 4 10 0    0.3182    0.7359    0.8018 
1986 4 11 0    0.2989    0.8231    0.8757 
1986 4 12 0    0.2213    0.9180    0.9443 
1986 4 13 0    0.0886    0.9842    0.9882 
1986 4 14 0   -0.0512    1.0292    1.0304 
1986 4 15 0   -0.1797    1.0250    1.0407 
1986 4 16 0   -0.2614    0.9910    1.0249 
1986 4 17 0   -0.2763    0.9253    0.9657 
1986 4 18 0   -0.2747    0.7769    0.8240 
1986 4 19 0   -0.2888    0.5911    0.6579 
1986 4 20 0   -0.3141    0.3919    0.5022 
1986 4 21 0   -0.3066    0.1672    0.3492 
1986 4 22 0   -0.3075   -0.0679    0.3149 
1986 4 23 0   -0.2966   -0.2661    0.3984 
1986 4 24 0   -0.2798   -0.3868    0.4774 
1986 4 25 0   -0.2485   -0.4940    0.5530 
1986 4 26 0   -0.1913   -0.5710    0.6022 
1986 4 27 0   -0.0713   -0.6051    0.6093 
1986 4 28 0    0.0784   -0.5616    0.5670 
1986 4 29 0    0.2531   -0.5381    0.5947 
1986 4 30 0    0.4084   -0.4705    0.6230 
1986 5 1 0  -99.0000  -99.0000  -99.0000 
1986 5 2 0  -99.0000  -99.0000  -99.0000 
1986 5 3 0  -99.0000  -99.0000  -99.0000 
1986 5 4 0  -99.0000  -99.0000  -99.0000 
1986 5 5 0  -99.0000  -99.0000  -99.0000 
1986 5 6 0  -99.0000  -99.0000  -99.0000 
1986 5 7 0  -99.0000  -99.0000  -99.0000 
1986 5 8 0  -99.0000  -99.0000  -99.0000 
1986 5 9 0  -99.0000  -99.0000  -99.0000 
1986 5 10 0  -99.0000  -99.0000  -99.0000 
1986 5 11 0  -99.0000  -99.0000  -99.0000 
1986 5 12 0  -99.0000  -99.0000  -99.0000 
1986 5 13 0  -99.0000  -99.0000  -99.0000 
1986 5 14 0  -99.0000  -99.0000  -99.0000 
1986 5 15 0  -99.0000  -99.0000  -99.0000 
1986 5 16 0  -99.0000  -99.0000  -99.0000 
1986 5 17 0  -99.0000  -99.0000  -99.0000 
1986 5 18 0  -99.0000  -99.0000  -99.0000 
1986 5 19 0  -99.0000  -99.0000  -99.0000 
1986 5 20 0  -99.0000  -99.0000  -99.0000 
1986 5 21 0  -99.0000  -99.0000  -99.0000 
1986 5 22 0  -99.0000  -99.0000  -99.0000 
1986 5 23 0  -99.0000  -99.0000  -99.0000 
1986 5 24 0  -99.0000  -99.0000  -99.0000 
1986 5 25 0  -99.0000  -99.0000  -99.0000 
1986 5 26 0  -99.0000  -99.0000  -99.0000 
1986 5 27 0  -99.0000  -99.0000  -99.0000 
1986 5 28 0  -99.0000  -99.0000  -99.0000 
1986 5 29 0  -99.0000  -99.0000  -99.0000 
1986 5 30 0  -99.0000  -99.0000  -99.0000 
1986 5 31 0  -99.0000  -99.0000  -99.0000 
1986 6 1 0  -99.0000  -99.0000  -99.0000 
1986 6 2 0  -99.0000  -99.0000  -99.0000 
1986 6 3 0  -99.0000  -99.0000  -99.0000 
1986 6 4 0  -99.0000  -99.0000  -99.0000 
1986 6 5 0  -99.0000  -99.0000  -99.0000 
1986 6 6 0  -99.0000  -99.0000  -99.0000 
1986 6 7 0  -99.0000  -99.0000  -99.0000 
1986 6 8 0  -99.0000  -99.0000  -99.0000 
1986 6 9 0  -99.0000  -99.0000  -99.0000 
1986 6 10 0  -99.0000  -99.0000  -99.0000 
1986 6 11 0  -99.0000  -99.0000  -99.0000 
1986 6 12 0  -99.0000  -99.0000  -99.0000 
1986 6 13 0  -99.0000  -99.0000  -99.0000 
1986 6 14 0  -99.0000  -99.0000  -99.0000 
1986 6 15 0  -99.0000  -99.0000  -99.0000 
1986 6 16 0  -99.0000  -99.0000  -99.0000 
1986 6 17 0  -99.0000  -99.0000  -99.0000 
1986 6 18 0  -99.0000  -99.0000  -99.0000 
1986 6 19 0  -99.0000  -99.0000  -99.0000 
1986 6 20 0  -99.0000  -99.0000  -99.0000 
1986 6 21 0  -99.0000  -99.0000  -99.0000 
1986 6 22 0  -99.0000  -99.0000  -99.0000 
1986 6 23 0  -99.0000  -99.0000  -99.0000 
1986 6 24 0  -99.0000  -99.0000  -99.0000 
1986 6 25 0  -99.0000  -99.0000  -99.0000 
1986 6 26 0  -99.0000  -99.0000  -99.0000 
1986 6 27 0  -99.0000  -99.0000  -99.0000 
1986 6 28 0  -99.0000  -99.0000  -99.0000 
1986 6 29 0  -99.0000  -99.0000  -99.0000 
1986 6 30 0  -99.0000  -99.0000  -99.0000 
1986 7 1 0  -99.0000  -99.0000  -99.0000 
1986 7 2 0  -99.0000  -99.0000  -99.0000 
1986 7 3 0  -99.0000  -99.0000  -99.0000 
1986 7 4 0  -99.0000  -99.0000  -99.0000 
1986 7 5 0  -99.0000  -99.0000  -99.0000 
1986 7 6 0  -99.0000  -99.0000  -99.0000 
1986 7 7 0  -99.0000  -99.0000  -99.0000 
1986 7 8 0  -99.0000  -99.0000  -99.0000 
1986 7 9 0  -99.0000  -99.0000  -99.0000 
1986 7 10 0  -99.0000  -99.0000  -99.0000 
1986 7 11 0  -99.0000  -99.0000  -99.0000 
1986 7 12 0  -99.0000  -99.0000  -99.0000 
1986 7 13 0  -99.0000  -99.0000  -99.0000 
1986 7 14 0  -99.0000  -99.0000  -99.0000 
1986 7 15 0  -99.0000  -99.0000  -99.0000 
1986 7 16 0  -99.0000  -99.0000  -99.0000 
1986 7 17 0  -99.0000  -99.0000  -99.0000 
1986 7 18 0  -99.0000  -99.0000  -99.0000 
1986 7 19 0  -99.0000  -99.0000  -99.0000 
1986 7 20 0  -99.0000  -99.0000  -99.0000 
1986 7 21 0  -99.0000  -99.0000  -99.0000 
1986 7 22 0  -99.0000  -99.0000  -99.0000 
1986 7 23 0  -99.0000  -99.0000  -99.0000 
1986 7 24 0  -99.0000  -99.0000  -99.0000 
1986 7 25 0  -99.0000  -99.0000  -99.0000 
1986 7 26 0  -99.0000  -99.0000  -99.0000 
1986 7 27 0  -99.0000  -99.0000  -99.0000 
1986 7 28 0  -99.0000  -99.0000  -99.0000 
1986 7 29 0  -99.0000  -99.0000  -99.0000 
1986 7 30 0  -99.0000  -99.0000  -99.0000 
1986 7 31 0  -99.0000  -99.0000  -99.0000 
1986 8 1 0  -99.0000  -99.0000  -99.0000 
1986 8 2 0  -99.0000  -99.0000  -99.0000 
1986 8 3 0  -99.0000  -99.0000  -99.0000 
1986 8 4 0  -99.0000  -99.0000  -99.0000 
1986 8 5 0  -99.0000  -99.0000  -99.0000 
1986 8 6 0  -99.0000  -99.0000  -99.0000 
1986 8 7 0  -99.0000  -99.0000  -99.0000 
1986 8 8 0  -99.0000  -99.0000  -99.0000 
1986 8 9 0  -99.0000  -99.0000  -99.0000 
1986 8 10 0  -99.0000  -99.0000  -99.0000 
1986 8 11 0  -99.0000  -99.0000  -99.0000 
1986 8 12 0  -99.0000  -99.0000  -99.0000 
1986 8 13 0  -99.0000  -99.0000  -99.0000 
1986 8 14 0  -99.0000  -99.0000  -99.0000 
1986 8 15 0  -99.0000  -99.0000  -99.0000 
1986 8 16 0  -99.0000  -99.0000  -99.0000 
1986 8 17 0  -99.0000  -99.0000  -99.0000 
1986 8 18 0  -99.0000  -99.0000  -99.0000 
1986 8 19 0  -99.0000  -99.0000  -99.0000 
1986 8 20 0  -99.0000  -99.0000  -99.0000 
1986 8 21 0  -99.0000  -99.0000  -99.0000 
1986 8 22 0  -99.0000  -99.0000  -99.0000 
1986 8 23 0  -99.0000  -99.0000  -99.0000 
1986 8 24 0  -99.0000  -99.0000  -99.0000 
1986 8 25 0  -99.0000  -99.0000  -99.0000 
1986 8 26 0  -99.0000  -99.0000  -99.0000 
1986 8 27 0  -99.0000  -99.0000  -99.0000 
1986 8 28 0  -99.0000  -99.0000  -99.0000 
1986 8 29 0  -99.0000  -99.0000  -99.0000 
1986 8 30 0  -99.0000  -99.0000  -99.0000 
1986 8 31 0  -99.0000  -99.0000  -99.0000 
1986 9 1 0  -99.0000  -99.0000  -99.0000 
1986 9 2 0  -99.0000  -99.0000  -99.0000 
1986 9 3 0  -99.0000  -99.0000  -99.0000 
1986 9 4 0  -99.0000  -99.0000  -99.0000 
1986 9 5 0  -99.0000  -99.0000  -99.0000 
1986 9 6 0  -99.0000  -99.0000  -99.0000 
1986 9 7 0  -99.0000  -99.0000  -99.0000 
1986 9 8 0  -99.0000  -99.0000  -99.0000 
1986 9 9 0  -99.0000  -99.0000  -99.0000 
1986 9 10 0  -99.0000  -99.0000  -99.0000 
1986 9 11 0  -99.0000  -99.0000  -99.0000 
1986 9 12 0  -99.0000  -99.0000  -99.0000 
1986 9 13 0  -99.0000  -99.0000  -99.0000 
1986 9 14 0  -99.0000  -99.0000  -99.0000 
1986 9 15 0  -99.0000  -99.0000  -99.0000 
1986 9 16 0  -99.0000  -99.0000  -99.0000 
1986 9 17 0  -99.0000  -99.0000  -99.0000 
1986 9 18 0  -99.0000  -99.0000  -99.0000 
1986 9 19 0  -99.0000  -99.0000  -99.0000 
1986 9 20 0  -99.0000  -99.0000  -99.0000 
1986 9 21 0  -99.0000  -99.0000  -99.0000 
1986 9 22 0  -99.0000  -99.0000  -99.0000 
1986 9 23 0  -99.0000  -99.0000  -99.0000 
1986 9 24 0  -99.0000  -99.0000  -99.0000 
1986 9 25 0  -99.0000  -99.0000  -99.0000 
1986 9 26 0  -99.0000  -99.0000  -99.0000 
1986 9 27 0  -99.0000  -99.0000  -99.0000 
1986 9 28 0  -99.0000  -99.0000  -99.0000 
1986 9 29 0  -99.0000  -99.0000  -99.0000 
1986 9 30 0  -99.0000  -99.0000  -99.0000 
1986 10 1 0  -99.0000  -99.0000  -99.0000 
1986 10 2 0  -99.0000  -99.0000  -99.0000 
1986 10 3 0  -99.0000  -99.0000  -99.0000 
1986 10 4 0  -99.0000  -99.0000  -99.0000 
1986 10 5 0  -99.0000  -99.0000  -99.0000 
1986 10 6 0  -99.0000  -99.0000  -99.0000 
1986 10 7 0  -99.0000  -99.0000  -99.0000 
1986 10 8 0  -99.0000  -99.0000  -99.0000 
1986 10 9 0  -99.0000  -99.0000  -99.0000 
1986 10 10 0  -99.0000  -99.0000  -99.0000 
1986 10 11 0  -99.0000  -99.0000  -99.0000 
1986 10 12 0  -99.0000  -99.0000  -99.0000 
1986 10 13 0  -99.0000  -99.0000  -99.0000 
1986 10 14 0  -99.0000  -99.0000  -99.0000 
1986 10 15 0  -99.0000  -99.0000  -99.0000 
1986 10 16 0  -99.0000  -99.0000  -99.0000 
1986 10 17 0  -99.0000  -99.0000  -99.0000 
1986 10 18 0  -99.0000  -99.0000  -99.0000 
1986 10 19 0  -99.0000  -99.0000  -99.0000 
1986 10 20 0  -99.0000  -99.0000  -99.0000 
1986 10 21 0  -99.0000  -99.0000  -99.0000 
1986 10 22 0  -99.0000  -99.0000  -99.0000 
1986 10 23 0  -99.0000  -99.0000  -99.0000 
1986 10 24 0  -99.0000  -99.0000  -99.0000 
1986 10 25 0  -99.0000  -99.0000  -99.0000 
1986 10 26 0  -99.0000  -99.0000  -99.0000 
1986 10 27 0  -99.0000  -99.0000  -99.0000 
1986 10 28 0  -99.0000  -99.0000  -99.0000 
1986 10 29 0  -99.0000  -99.0000  -99.0000 
1986 10 30 0  -99.0000  -99.0000  -99.0000 
1986 10 31 0  -99.0000  -99.0000  -99.0000 
1986 11 1 0    1.2181   -0.8625    1.4925 
1986 11 2 0    1.3510   -0.8340    1.5876 
1986 11 3 0    1.4263   -0.7383    1.6061 
1986 11 4 0    1.4532   -0.6061    1.5745 
1986 11 5 0    1.4657   -0.4806    1.5425 
1986 11 6 0    1.4663   -0.3506    1.5077 
1986 11 7 0    1.4771   -0.2169    1.4929 
1986 11 8 0    1.5264   -0.1009    1.5298 
1986 11 9 0    1.5610    0.0537    1.5619 
1986 11 10 0    1.5544    0.2576    1.5756 
1986 11 11 0    1.4788    0.4968    1.5600 
1986 11 12 0    1.3080    0.7668    1.5162 
1986 11 13 0    1.0725    1.0224    1.4817 
1986 11 14 0    0.8107    1.1893    1.4393 
1986 11 15 0    0.5542    1.2659    1.3819 
1986 11 16 0    0.3271    1.2746    1.3159 
1986 11 17 0    0.1439    1.2285    1.2369 
1986 11 18 0   -0.0346    1.1388    1.1393 
1986 11 19 0   -0.1803    1.0340    1.0496 
1986 11 20 0   -0.2937    0.9346    0.9796 
1986 11 21 0   -0.4351    0.7998    0.9105 
1986 11 22 0   -0.5726    0.6501    0.8663 
1986 11 23 0   -0.6467    0.5150    0.8267 
1986 11 24 0   -0.6935    0.3696    0.7859 
1986 11 25 0   -0.7225    0.2153    0.7539 
1986 11 26 0   -0.6926    0.0672    0.6958 
1986 11 27 0   -0.6063   -0.0331    0.6072 
1986 11 28 0   -0.5134   -0.1278    0.5290 
1986 11 29 0   -0.4150   -0.1868    0.4551 
1986 11 30 0   -0.3118   -0.1778    0.3590 
1986 12 1 0   -0.1943   -0.0826    0.2111 
1986 12 2 0   -0.0949    0.0500    0.1073 
1986 12 3 0   -0.0180    0.2122    0.2130 
1986 12 4 0    0.0265    0.3803    0.3813 
1986 12 5 0    0.0493    0.4741    0.4767 
1986 12 6 0    0.1049    0.4770    0.4884 
1986 12 7 0    0.1363    0.4143    0.4361 
1986 12 8 0    0.1529    0.3137    0.3490 
1986 12 9 0    0.1601    0.1762    0.2381 
1986 12 10 0    0.1660    0.0670    0.1790 
1986 12 11 0    0.1134    0.0268    0.1166 
1986 12 12 0    0.0586    0.0466    0.0749 
1986 12 13 0    0.0033    0.0675    0.0676 
1986 12 14 0    0.0011    0.1327    0.1327 
1986 12 15 0   -0.0113    0.2293    0.2296 
1986 12 16 0   -0.0490    0.3312    0.3348 
1986 12 17 0   -0.1207    0.3854    0.4039 
1986 12 18 0   -0.2066    0.4438    0.4896 
1986 12 19 0   -0.3048    0.4683    0.5588 
1986 12 20 0   -0.4385    0.4272    0.6122 
1986 12 21 0   -0.5862    0.3264    0.6710 
1986 12 22 0   -0.7092    0.1809    0.7319 
1986 12 23 0   -0.8283    0.0207    0.8286 
1986 12 24 0   -0.9568   -0.1502    0.9685 
1986 12 25 0   -1.0525   -0.2683    1.0862 
1986 12 26 0   -1.0774   -0.3225    1.1246 
1986 12 27 0   -1.0323   -0.3129    1.0787 
1986 12 28 0   -0.9488   -0.2783    0.9888 
1986 12 29 0   -0.8549   -0.2421    0.8885 
1986 12 30 0   -0.6883   -0.2555    0.7342 
1986 12 31 0   -0.5217   -0.3512    0.6289 
1987 1 1 0   -0.3858   -0.4734    0.6107 
1987 1 2 0   -0.2020   -0.5837    0.6177 
1987 1 3 0    0.0077   -0.6551    0.6551 
1987 1 4 0    0.1727   -0.6779    0.6995 
1987 1 5 0    0.3060   -0.6921    0.7567 
1987 1 6 0    0.4516   -0.7323    0.8604 
1987 1 7 0    0.5296   -0.8092    0.9671 
1987 1 8 0    0.5871   -0.9108    1.0837 
1987 1 9 0    0.6677   -0.9605    1.1698 
1987 1 10 0    0.7849   -0.9160    1.2063 
1987 1 11 0    0.8277   -0.7730    1.1325 
1987 1 12 0    0.8706   -0.6051    1.0602 
1987 1 13 0    0.8625   -0.4339    0.9655 
1987 1 14 0    0.8042   -0.2948    0.8565 
1987 1 15 0    0.7030   -0.1747    0.7243 
1987 1 16 0    0.6301   -0.1568    0.6493 
1987 1 17 0    0.5877   -0.1466    0.6057 
1987 1 18 0    0.5771   -0.1347    0.5926 
1987 1 19 0    0.5832   -0.1941    0.6147 
1987 1 20 0    0.5862   -0.3398    0.6775 
1987 1 21 0    0.5956   -0.4510    0.7471 
1987 1 22 0    0.6097   -0.5314    0.8088 
1987 1 23 0    0.6687   -0.5994    0.8980 
1987 1 24 0    0.7755   -0.6041    0.9830 
1987 1 25 0    0.8946   -0.4930    1.0214 
1987 1 26 0    1.0095   -0.3556    1.0703 
1987 1 27 0    1.0770   -0.2425    1.1040 
1987 1 28 0    1.0990   -0.1162    1.1052 
1987 1 29 0    1.0771    0.0066    1.0771 
1987 1 30 0    1.0356    0.0862    1.0392 
1987 1 31 0    0.9757    0.1966    0.9954 
1987 2 1 0    0.8969    0.4043    0.9839 
1987 2 2 0    0.8294    0.6209    1.0361 
1987 2 3 0    0.7056    0.8357    1.0938 
1987 2 4 0    0.5346    1.0547    1.1825 
1987 2 5 0    0.3698    1.2451    1.2989 
1987 2 6 0    0.2367    1.3391    1.3598 
1987 2 7 0    0.1133    1.4121    1.4166 
1987 2 8 0    0.0702    1.4507    1.4524 
1987 2 9 0    0.0832    1.4280    1.4304 
1987 2 10 0    0.1018    1.3228    1.3267 
1987 2 11 0    0.1152    1.1591    1.1649 
1987 2 12 0    0.1265    0.9447    0.9531 
1987 2 13 0    0.0844    0.7023    0.7073 
1987 2 14 0    0.0681    0.5084    0.5129 
1987 2 15 0    0.0683    0.4424    0.4476 
1987 2 16 0    0.0971    0.4874    0.4970 
1987 2 17 0    0.1145    0.5720    0.5833 
1987 2 18 0    0.1799    0.7010    0.7237 
1987 2 19 0    0.2859    0.8181    0.8666 
1987 2 20 0    0.3765    0.9294    1.0027 
1987 2 21 0    0.4344    0.9881    1.0793 
1987 2 22 0    0.4379    1.0366    1.1253 
1987 2 23 0    0.4098    1.1260    1.1983 
1987 2 24 0    0.3090    1.2403    1.2782 
1987 2 25 0    0.1677    1.3153    1.3260 
1987 2 26 0   -0.0008    1.3686    1.3686 
1987 2 27 0   -0.2129    1.3993    1.4154 
1987 2 28 0   -0.4815    1.3608    1.4435 
1987 3 1 0   -0.7829    1.2352    1.4624 
1987 3 2 0   -1.0318    1.0218    1.4521 
1987 3 3 0   -1.2418    0.7816    1.4673 
1987 3 4 0   -1.3764    0.5390    1.4782 
1987 3 5 0   -1.4478    0.2679    1.4724 
1987 3 6 0   -1.4811    0.0064    1.4811 
1987 3 7 0   -1.5042   -0.2042    1.5180 
1987 3 8 0   -1.4903   -0.3660    1.5345 
1987 3 9 0   -1.4067   -0.5059    1.4949 
1987 3 10 0   -1.2445   -0.6175    1.3893 
1987 3 11 0   -1.0354   -0.6771    1.2371 
1987 3 12 0   -0.7816   -0.7188    1.0618 
1987 3 13 0   -0.5511   -0.7773    0.9529 
1987 3 14 0   -0.3327   -0.7909    0.8580 
1987 3 15 0   -0.1201   -0.7584    0.7679 
1987 3 16 0    0.1143   -0.6783    0.6879 
1987 3 17 0    0.3311   -0.5978    0.6834 
1987 3 18 0    0.5019   -0.4984    0.7073 
1987 3 19 0    0.5742   -0.4181    0.7103 
1987 3 20 0    0.5185   -0.3020    0.6000 
1987 3 21 0    0.3327   -0.1702    0.3737 
1987 3 22 0    0.0287   -0.0012    0.0287 
1987 3 23 0   -0.2681    0.1353    0.3003 
1987 3 24 0   -0.5010    0.1961    0.5380 
1987 3 25 0   -0.6311    0.1230    0.6430 
1987 3 26 0   -0.7226   -0.0050    0.7226 
1987 3 27 0   -0.7583   -0.1524    0.7734 
1987 3 28 0   -0.7838   -0.2872    0.8348 
1987 3 29 0   -0.7312   -0.3603    0.8151 
1987 3 30 0   -0.6569   -0.3461    0.7425 
1987 3 31 0   -0.5245   -0.3289    0.6191 
1987 4 1 0   -0.3253   -0.3428    0.4726 
1987 4 2 0   -0.0703   -0.3363    0.3435 
1987 4 3 0    0.1170   -0.2390    0.2661 
1987 4 4 0    0.2407   -0.0906    0.2572 
1987 4 5 0    0.3428    0.0814    0.3524 
1987 4 6 0    0.4417    0.3000    0.5339 
1987 4 7 0    0.4923    0.5230    0.7183 
1987 4 8 0    0.5485    0.6882    0.8800 
1987 4 9 0    0.6018    0.8176    1.0152 
1987 4 10 0    0.6192    0.9176    1.1070 
1987 4 11 0    0.5238    0.9685    1.1011 
1987 4 12 0    0.3688    1.0299    1.0939 
1987 4 13 0    0.1601    1.0740    1.0859 
1987 4 14 0   -0.0669    1.0719    1.0740 
1987 4 15 0   -0.2912    0.9801    1.0224 
1987 4 16 0   -0.4170    0.8509    0.9476 
1987 4 17 0   -0.4989    0.6629    0.8296 
1987 4 18 0   -0.5465    0.4176    0.6878 
1987 4 19 0   -0.5085    0.1943    0.5443 
1987 4 20 0   -0.4011    0.0805    0.4091 
1987 4 21 0   -0.3069    0.0349    0.3089 
1987 4 22 0   -0.1801    0.0639    0.1911 
1987 4 23 0   -0.0779    0.0844    0.1148 
1987 4 24 0   -0.0797    0.0847    0.1163 
1987 4 25 0   -0.0878    0.0581    0.1053 
1987 4 26 0   -0.0829   -0.0095    0.0834 
1987 4 27 0   -0.0626   -0.1048    0.1221 
1987 4 28 0   -0.0168   -0.1558    0.1567 
1987 4 29 0    0.1168   -0.1948    0.2271 
1987 4 30 0    0.2474   -0.2116    0.3256 
1987 5 1 0  -99.0000  -99.0000  -99.0000 
1987 5 2 0  -99.0000  -99.0000  -99.0000 
1987 5 3 0  -99.0000  -99.0000  -99.0000 
1987 5 4 0  -99.0000  -99.0000  -99.0000 
1987 5 5 0  -99.0000  -99.0000  -99.0000 
1987 5 6 0  -99.0000  -99.0000  -99.0000 
1987 5 7 0  -99.0000  -99.0000  -99.0000 
1987 5 8 0  -99.0000  -99.0000  -99.0000 
1987 5 9 0  -99.0000  -99.0000  -99.0000 
1987 5 10 0  -99.0000  -99.0000  -99.0000 
1987 5 11 0  -99.0000  -99.0000  -99.0000 
1987 5 12 0  -99.0000  -99.0000  -99.0000 
1987 5 13 0  -99.0000  -99.0000  -99.0000 
1987 5 14 0  -99.0000  -99.0000  -99.0000 
1987 5 15 0  -99.0000  -99.0000  -99.0000 
1987 5 16 0  -99.0000  -99.0000  -99.0000 
1987 5 17 0  -99.0000  -99.0000  -99.0000 
1987 5 18 0  -99.0000  -99.0000  -99.0000 
1987 5 19 0  -99.0000  -99.0000  -99.0000 
1987 5 20 0  -99.0000  -99.0000  -99.0000 
1987 5 21 0  -99.0000  -99.0000  -99.0000 
1987 5 22 0  -99.0000  -99.0000  -99.0000 
1987 5 23 0  -99.0000  -99.0000  -99.0000 
1987 5 24 0  -99.0000  -99.0000  -99.0000 
1987 5 25 0  -99.0000  -99.0000  -99.0000 
1987 5 26 0  -99.0000  -99.0000  -99.0000 
1987 5 27 0  -99.0000  -99.0000  -99.0000 
1987 5 28 0  -99.0000  -99.0000  -99.0000 
1987 5 29 0  -99.0000  -99.0000  -99.0000 
1987 5 30 0  -99.0000  -99.0000  -99.0000 
1987 5 31 0  -99.0000  -99.0000  -99.0000 
1987 6 1 0  -99.0000  -99.0000  -99.0000 
1987 6 2 0  -99.0000  -99.0000  -99.0000 
1987 6 3 0  -99.0000  -99.0000  -99.0000 
1987 6 4 0  -99.0000  -99.0000  -99.0000 
1987 6 5 0  -99.0000  -99.0000  -99.0000 
1987 6 6 0  -99.0000  -99.0000  -99.0000 
1987 6 7 0  -99.0000  -99.0000  -99.0000 
1987 6 8 0  -99.0000  -99.0000  -99.0000 
1987 6 9 0  -99.0000  -99.0000  -99.0000 
1987 6 10 0  -99.0000  -99.0000  -99.0000 
1987 6 11 0  -99.0000  -99.0000  -99.0000 
1987 6 12 0  -99.0000  -99.0000  -99.0000 
1987 6 13 0  -99.0000  -99.0000  -99.0000 
1987 6 14 0  -99.0000  -99.0000  -99.0000 
1987 6 15 0  -99.0000  -99.0000  -99.0000 
1987 6 16 0  -99.0000  -99.0000  -99.0000 
1987 6 17 0  -99.0000  -99.0000  -99.0000 
1987 6 18 0  -99.0000  -99.0000  -99.0000 
1987 6 19 0  -99.0000  -99.0000  -99.0000 
1987 6 20 0  -99.0000  -99.0000  -99.0000 
1987 6 21 0  -99.0000  -99.0000  -99.0000 
1987 6 22 0  -99.0000  -99.0000  -99.0000 
1987 6 23 0  -99.0000  -99.0000  -99.0000 
1987 6 24 0  -99.0000  -99.0000  -99.0000 
1987 6 25 0  -99.0000  -99.0000  -99.0000 
1987 6 26 0  -99.0000  -99.0000  -99.0000 
1987 6 27 0  -99.0000  -99.0000  -99.0000 
1987 6 28 0  -99.0000  -99.0000  -99.0000 
1987 6 29 0  -99.0000  -99.0000  -99.0000 
1987 6 30 0  -99.0000  -99.0000  -99.0000 
1987 7 1 0  -99.0000  -99.0000  -99.0000 
1987 7 2 0  -99.0000  -99.0000  -99.0000 
1987 7 3 0  -99.0000  -99.0000  -99.0000 
1987 7 4 0  -99.0000  -99.0000  -99.0000 
1987 7 5 0  -99.0000  -99.0000  -99.0000 
1987 7 6 0  -99.0000  -99.0000  -99.0000 
1987 7 7 0  -99.0000  -99.0000  -99.0000 
1987 7 8 0  -99.0000  -99.0000  -99.0000 
1987 7 9 0  -99.0000  -99.0000  -99.0000 
1987 7 10 0  -99.0000  -99.0000  -99.0000 
1987 7 11 0  -99.0000  -99.0000  -99.0000 
1987 7 12 0  -99.0000  -99.0000  -99.0000 
1987 7 13 0  -99.0000  -99.0000  -99.0000 
1987 7 14 0  -99.0000  -99.0000  -99.0000 
1987 7 15 0  -99.0000  -99.0000  -99.0000 
1987 7 16 0  -99.0000  -99.0000  -99.0000 
1987 7 17 0  -99.0000  -99.0000  -99.0000 
1987 7 18 0  -99.0000  -99.0000  -99.0000 
1987 7 19 0  -99.0000  -99.0000  -99.0000 
1987 7 20 0  -99.0000  -99.0000  -99.0000 
1987 7 21 0  -99.0000  -99.0000  -99.0000 
1987 7 22 0  -99.0000  -99.0000  -99.0000 
1987 7 23 0  -99.0000  -99.0000  -99.0000 
1987 7 24 0  -99.0000  -99.0000  -99.0000 
1987 7 25 0  -99.0000  -99.0000  -99.0000 
1987 7 26 0  -99.0000  -99.0000  -99.0000 
1987 7 27 0  -99.0000  -99.0000  -99.0000 
1987 7 28 0  -99.0000  -99.0000  -99.0000 
1987 7 29 0  -99.0000  -99.0000  -99.0000 
1987 7 30 0  -99.0000  -99.0000  -99.0000 
1987 7 31 0  -99.0000  -99.0000  -99.0000 
1987 8 1 0  -99.0000  -99.0000  -99.0000 
1987 8 2 0  -99.0000  -99.0000  -99.0000 
1987 8 3 0  -99.0000  -99.0000  -99.0000 
1987 8 4 0  -99.0000  -99.0000  -99.0000 
1987 8 5 0  -99.0000  -99.0000  -99.0000 
1987 8 6 0  -99.0000  -99.0000  -99.0000 
1987 8 7 0  -99.0000  -99.0000  -99.0000 
1987 8 8 0  -99.0000  -99.0000  -99.0000 
1987 8 9 0  -99.0000  -99.0000  -99.0000 
1987 8 10 0  -99.0000  -99.0000  -99.0000 
1987 8 11 0  -99.0000  -99.0000  -99.0000 
1987 8 12 0  -99.0000  -99.0000  -99.0000 
1987 8 13 0  -99.0000  -99.0000  -99.0000 
1987 8 14 0  -99.0000  -99.0000  -99.0000 
1987 8 15 0  -99.0000  -99.0000  -99.0000 
1987 8 16 0  -99.0000  -99.0000  -99.0000 
1987 8 17 0  -99.0000  -99.0000  -99.0000 
1987 8 18 0  -99.0000  -99.0000  -99.0000 
1987 8 19 0  -99.0000  -99.0000  -99.0000 
1987 8 20 0  -99.0000  -99.0000  -99.0000 
1987 8 21 0  -99.0000  -99.0000  -99.0000 
1987 8 22 0  -99.0000  -99.0000  -99.0000 
1987 8 23 0  -99.0000  -99.0000  -99.0000 
1987 8 24 0  -99.0000  -99.0000  -99.0000 
1987 8 25 0  -99.0000  -99.0000  -99.0000 
1987 8 26 0  -99.0000  -99.0000  -99.0000 
1987 8 27 0  -99.0000  -99.0000  -99.0000 
1987 8 28 0  -99.0000  -99.0000  -99.0000 
1987 8 29 0  -99.0000  -99.0000  -99.0000 
1987 8 30 0  -99.0000  -99.0000  -99.0000 
1987 8 31 0  -99.0000  -99.0000  -99.0000 
1987 9 1 0  -99.0000  -99.0000  -99.0000 
1987 9 2 0  -99.0000  -99.0000  -99.0000 
1987 9 3 0  -99.0000  -99.0000  -99.0000 
1987 9 4 0  -99.0000  -99.0000  -99.0000 
1987 9 5 0  -99.0000  -99.0000  -99.0000 
1987 9 6 0  -99.0000  -99.0000  -99.0000 
1987 9 7 0  -99.0000  -99.0000  -99.0000 
1987 9 8 0  -99.0000  -99.0000  -99.0000 
1987 9 9 0  -99.0000  -99.0000  -99.0000 
1987 9 10 0  -99.0000  -99.0000  -99.0000 
1987 9 11 0  -99.0000  -99.0000  -99.0000 
1987 9 12 0  -99.0000  -99.0000  -99.0000 
1987 9 13 0  -99.0000  -99.0000  -99.0000 
1987 9 14 0  -99.0000  -99.0000  -99.0000 
1987 9 15 0  -99.0000  -99.0000  -99.0000 
1987 9 16 0  -99.0000  -99.0000  -99.0000 
1987 9 17 0  -99.0000  -99.0000  -99.0000 
1987 9 18 0  -99.0000  -99.0000  -99.0000 
1987 9 19 0  -99.0000  -99.0000  -99.0000 
1987 9 20 0  -99.0000  -99.0000  -99.0000 
1987 9 21 0  -99.0000  -99.0000  -99.0000 
1987 9 22 0  -99.0000  -99.0000  -99.0000 
1987 9 23 0  -99.0000  -99.0000  -99.0000 
1987 9 24 0  -99.0000  -99.0000  -99.0000 
1987 9 25 0  -99.0000  -99.0000  -99.0000 
1987 9 26 0  -99.0000  -99.0000  -99.0000 
1987 9 27 0  -99.0000  -99.0000  -99.0000 
1987 9 28 0  -99.0000  -99.0000  -99.0000 
1987 9 29 0  -99.0000  -99.0000  -99.0000 
1987 9 30 0  -99.0000  -99.0000  -99.0000 
1987 10 1 0  -99.0000  -99.0000  -99.0000 
1987 10 2 0  -99.0000  -99.0000  -99.0000 
1987 10 3 0  -99.0000  -99.0000  -99.0000 
1987 10 4 0  -99.0000  -99.0000  -99.0000 
1987 10 5 0  -99.0000  -99.0000  -99.0000 
1987 10 6 0  -99.0000  -99.0000  -99.0000 
1987 10 7 0  -99.0000  -99.0000  -99.0000 
1987 10 8 0  -99.0000  -99.0000  -99.0000 
1987 10 9 0  -99.0000  -99.0000  -99.0000 
1987 10 10 0  -99.0000  -99.0000  -99.0000 
1987 10 11 0  -99.0000  -99.0000  -99.0000 
1987 10 12 0  -99.0000  -99.0000  -99.0000 
1987 10 13 0  -99.0000  -99.0000  -99.0000 
1987 10 14 0  -99.0000  -99.0000  -99.0000 
1987 10 15 0  -99.0000  -99.0000  -99.0000 
1987 10 16 0  -99.0000  -99.0000  -99.0000 
1987 10 17 0  -99.0000  -99.0000  -99.0000 
1987 10 18 0  -99.0000  -99.0000  -99.0000 
1987 10 19 0  -99.0000  -99.0000  -99.0000 
1987 10 20 0  -99.0000  -99.0000  -99.0000 
1987 10 21 0  -99.0000  -99.0000  -99.0000 
1987 10 22 0  -99.0000  -99.0000  -99.0000 
1987 10 23 0  -99.0000  -99.0000  -99.0000 
1987 10 24 0  -99.0000  -99.0000  -99.0000 
1987 10 25 0  -99.0000  -99.0000  -99.0000 
1987 10 26 0  -99.0000  -99.0000  -99.0000 
1987 10 27 0  -99.0000  -99.0000  -99.0000 
1987 10 28 0  -99.0000  -99.0000  -99.0000 
1987 10 29 0  -99.0000  -99.0000  -99.0000 
1987 10 30 0  -99.0000  -99.0000  -99.0000 
1987 10 31 0  -99.0000  -99.0000  -99.0000 
1987 11 1 0    0.0643   -0.9848    0.9869 
1987 11 2 0    0.2776   -1.0572    1.0930 
1987 11 3 0    0.5345   -1.0732    1.1990 
1987 11 4 0    0.7859   -1.0513    1.3126 
1987 11 5 0    1.0097   -0.9602    1.3934 
1987 11 6 0    1.1888   -0.8820    1.4803 
1987 11 7 0    1.3323   -0.8175    1.5631 
1987 11 8 0    1.4144   -0.7683    1.6096 
1987 11 9 0    1.4768   -0.6707    1.6219 
1987 11 10 0    1.5224   -0.5424    1.6161 
1987 11 11 0    1.5227   -0.3711    1.5672 
1987 11 12 0    1.5168   -0.1296    1.5223 
1987 11 13 0    1.4434    0.1017    1.4470 
1987 11 14 0    1.2964    0.3093    1.3328 
1987 11 15 0    1.1282    0.4705    1.2224 
1987 11 16 0    0.9573    0.6111    1.1357 
1987 11 17 0    0.7958    0.6858    1.0506 
1987 11 18 0    0.6788    0.7363    1.0015 
1987 11 19 0    0.6159    0.7718    0.9874 
1987 11 20 0    0.5593    0.7649    0.9475 
1987 11 21 0    0.5398    0.7381    0.9144 
1987 11 22 0    0.5207    0.7199    0.8885 
1987 11 23 0    0.4415    0.6732    0.8050 
1987 11 24 0    0.3546    0.5958    0.6933 
1987 11 25 0    0.2889    0.5247    0.5990 
1987 11 26 0    0.2263    0.4248    0.4813 
1987 11 27 0    0.1762    0.2956    0.3441 
1987 11 28 0    0.1717    0.1912    0.2570 
1987 11 29 0    0.1579    0.0595    0.1688 
1987 11 30 0    0.1172   -0.1137    0.1632 
1987 12 1 0    0.0857   -0.2787    0.2916 
1987 12 2 0    0.1088   -0.4636    0.4762 
1987 12 3 0    0.1546   -0.6745    0.6920 
1987 12 4 0    0.2717   -0.8495    0.8919 
1987 12 5 0    0.4483   -0.9780    1.0759 
1987 12 6 0    0.6862   -1.0671    1.2687 
1987 12 7 0    0.9192   -1.0850    1.4220 
1987 12 8 0    1.1651   -1.0356    1.5588 
1987 12 9 0    1.3732   -0.9183    1.6520 
1987 12 10 0    1.5110   -0.7703    1.6961 
1987 12 11 0    1.5300   -0.5982    1.6428 
1987 12 12 0    1.4606   -0.4357    1.5242 
1987 12 13 0    1.3435   -0.2641    1.3692 
1987 12 14 0    1.2642   -0.0699    1.2662 
1987 12 15 0    1.2267    0.1614    1.2373 
1987 12 16 0    1.2024    0.4502    1.2839 
1987 12 17 0    1.2190    0.7333    1.4226 
1987 12 18 0    1.2307    1.0097    1.5919 
1987 12 19 0    1.1675    1.2646    1.7211 
1987 12 20 0    1.0583    1.4910    1.8284 
1987 12 21 0    0.9777    1.6118    1.8851 
1987 12 22 0    0.8121    1.6809    1.8668 
1987 12 23 0    0.5941    1.6498    1.7536 
1987 12 24 0    0.3138    1.5306    1.5625 
1987 12 25 0    0.0285    1.4015    1.4018 
1987 12 26 0   -0.2490    1.2919    1.3157 
1987 12 27 0   -0.4390    1.2246    1.3009 
1987 12 28 0   -0.5667    1.2127    1.3385 
1987 12 29 0   -0.6324    1.2116    1.3667 
1987 12 30 0   -0.6330    1.1544    1.3165 
1987 12 31 0   -0.6168    1.0555    1.2225 
1988 1 1 0   -0.5561    0.9398    1.0920 
1988 1 2 0   -0.4866    0.8307    0.9627 
1988 1 3 0   -0.3819    0.7308    0.8246 
1988 1 4 0   -0.2946    0.6470    0.7109 
1988 1 5 0   -0.2224    0.6366    0.6744 
1988 1 6 0   -0.2241    0.6368    0.6751 
1988 1 7 0   -0.2359    0.6261    0.6690 
1988 1 8 0   -0.2738    0.6179    0.6758 
1988 1 9 0   -0.3202    0.5709    0.6546 
1988 1 10 0   -0.3895    0.4625    0.6047 
1988 1 11 0   -0.4478    0.3514    0.5692 
1988 1 12 0   -0.4790    0.2257    0.5295 
1988 1 13 0   -0.4845    0.0631    0.4886 
1988 1 14 0   -0.4773   -0.1437    0.4985 
1988 1 15 0   -0.4111   -0.4106    0.5810 
1988 1 16 0   -0.2974   -0.7243    0.7830 
1988 1 17 0   -0.2272   -1.0209    1.0459 
1988 1 18 0   -0.1533   -1.2759    1.2851 
1988 1 19 0   -0.0833   -1.4281    1.4305 
1988 1 20 0   -0.0305   -1.4851    1.4854 
1988 1 21 0    0.0336   -1.4617    1.4621 
1988 1 22 0    0.1703   -1.4225    1.4326 
1988 1 23 0    0.3087   -1.3735    1.4077 
1988 1 24 0    0.4583   -1.2979    1.3764 
1988 1 25 0    0.6018   -1.2495    1.3869 
1988 1 26 0    0.6571   -1.2137    1.3802 
1988 1 27 0    0.6245   -1.1421    1.3017 
1988 1 28 0    0.5711   -1.0368    1.1837 
1988 1 29 0    0.5050   -0.9107    1.0413 
1988 1 30 0    0.4747   -0.7619    0.8977 
1988 1 31 0    0.5233   -0.5840    0.7841 
1988 2 1 0    0.5918   -0.4383    0.7365 
1988 2 2 0    0.6506   -0.3305    0.7297 
1988 2 3 0    0.7207   -0.2302    0.7565 
1988 2 4 0    0.7344   -0.0584    0.7367 
1988 2 5 0    0.7171    0.0962    0.7235 
1988 2 6 0    0.7112    0.2600    0.7572 
1988 2 7 0    0.6813    0.4319    0.8067 
1988 2 8 0    0.6198    0.6075    0.8679 
1988 2 9 0    0.5737    0.7295    0.9281 
1988 2 10 0    0.5189    0.8487    0.9947 
1988 2 11 0    0.4763    0.9915    1.1000 
1988 2 12 0    0.4251    1.1777    1.2521 
1988 2 13 0    0.3677    1.3010    1.3520 
1988 2 14 0    0.2818    1.4009    1.4289 
1988 2 15 0    0.1764    1.5275    1.5377 
1988 2 16 0    0.0270    1.6076    1.6078 
1988 2 17 0   -0.1706    1.6517    1.6605 
1988 2 18 0   -0.4167    1.7332    1.7826 
1988 2 19 0   -0.6751    1.8125    1.9341 
1988 2 20 0   -0.9365    1.7951    2.0247 
1988 2 21 0   -1.2174    1.7220    2.1089 
1988 2 22 0   -1.4529    1.5857    2.1507 
1988 2 23 0   -1.6232    1.4246    2.1597 
1988 2 24 0   -1.7031    1.2501    2.1126 
1988 2 25 0   -1.7623    1.0722    2.0628 
1988 2 26 0   -1.7858    0.9032    2.0012 
1988 2 27 0   -1.8094    0.7267    1.9499 
1988 2 28 0   -1.8479    0.5315    1.9229 
1988 2 29 0   -1.9020    0.2894    1.9239 
1988 3 1 0   -1.9138    0.0701    1.9151 
1988 3 2 0   -1.8364   -0.0855    1.8384 
1988 3 3 0   -1.7039   -0.1391    1.7096 
1988 3 4 0   -1.5235   -0.1342    1.5294 
1988 3 5 0   -1.3607   -0.0635    1.3622 
1988 3 6 0   -1.1935   -0.0146    1.1936 
1988 3 7 0   -1.0870   -0.0323    1.0875 
1988 3 8 0   -1.0034   -0.1218    1.0107 
1988 3 9 0   -0.9590   -0.2578    0.9930 
1988 3 10 0   -0.9065   -0.4375    1.0066 
1988 3 11 0   -0.8717   -0.6643    1.0960 
1988 3 12 0   -0.8000   -0.8455    1.1640 
1988 3 13 0   -0.6818   -1.0368    1.2409 
1988 3 14 0   -0.5187   -1.2149    1.3210 
1988 3 15 0   -0.3039   -1.3711    1.4044 
1988 3 16 0   -0.0584   -1.4733    1.4744 
1988 3 17 0    0.2097   -1.5247    1.5390 
1988 3 18 0    0.4932   -1.5541    1.6305 
1988 3 19 0    0.8173   -1.5800    1.7789 
1988 3 20 0    1.1690   -1.5735    1.9602 
1988 3 21 0    1.5434   -1.4743    2.1343 
1988 3 22 0    1.8939   -1.3110    2.3034 
1988 3 23 0    2.1540   -1.0498    2.3962 
1988 3 24 0    2.3207   -0.7270    2.4319 
1988 3 25 0    2.3685   -0.3149    2.3893 
1988 3 26 0    2.3046    0.1318    2.3083 
1988 3 27 0    2.1589    0.5714    2.2332 
1988 3 28 0    1.9606    0.9495    2.1784 
1988 3 29 0    1.6927    1.3072    2.1387 
1988 3 30 0    1.3047    1.5724    2.0432 
1988 3 31 0    0.8250    1.7536    1.9380 
1988 4 1 0    0.3528    1.8437    1.8772 
1988 4 2 0   -0.0628    1.8730    1.8741 
1988 4 3 0   -0.3857    1.8541    1.8938 
1988 4 4 0   -0.6110    1.8145    1.9146 
1988 4 5 0   -0.7612    1.7442    1.9031 
1988 4 6 0   -0.8903    1.6230    1.8511 
1988 4 7 0   -1.0105    1.4872    1.7981 
1988 4 8 0   -1.1727    1.3210    1.7664 
1988 4 9 0   -1.3031    1.1032    1.7073 
1988 4 10 0   -1.3633    0.8855    1.6256 
1988 4 11 0   -1.3934    0.7065    1.5623 
1988 4 12 0   -1.3895    0.5560    1.4966 
1988 4 13 0   -1.3396    0.4006    1.3983 
1988 4 14 0   -1.2410    0.2958    1.2758 
1988 4 15 0   -1.1383    0.2098    1.1575 
1988 4 16 0   -1.0040    0.1251    1.0117 
1988 4 17 0   -0.9173    0.0670    0.9198 
1988 4 18 0   -0.8670    0.0490    0.8684 
1988 4 19 0   -0.8290    0.0507    0.8305 
1988 4 20 0   -0.8191    0.0464    0.8204 
1988 4 21 0   -0.8546    0.0180    0.8548 
1988 4 22 0   -0.8542   -0.0442    0.8554 
1988 4 23 0   -0.8242   -0.1584    0.8393 
1988 4 24 0   -0.8644   -0.3187    0.9212 
1988 4 25 0   -0.8813   -0.4703    0.9990 
1988 4 26 0   -0.8287   -0.6178    1.0336 
1988 4 27 0   -0.7169   -0.7369    1.0281 
1988 4 28 0   -0.5608   -0.7729    0.9549 
1988 4 29 0   -0.3116   -0.7427    0.8054 
1988 4 30 0   -0.0669   -0.6894    0.6926 
1988 5 1 0  -99.0000  -99.0000  -99.0000 
1988 5 2 0  -99.0000  -99.0000  -99.0000 
1988 5 3 0  -99.0000  -99.0000  -99.0000 
1988 5 4 0  -99.0000  -99.0000  -99.0000 
1988 5 5 0  -99.0000  -99.0000  -99.0000 
1988 5 6 0  -99.0000  -99.0000  -99.0000 
1988 5 7 0  -99.0000  -99.0000  -99.0000 
1988 5 8 0  -99.0000  -99.0000  -99.0000 
1988 5 9 0  -99.0000  -99.0000  -99.0000 
1988 5 10 0  -99.0000  -99.0000  -99.0000 
1988 5 11 0  -99.0000  -99.0000  -99.0000 
1988 5 12 0  -99.0000  -99.0000  -99.0000 
1988 5 13 0  -99.0000  -99.0000  -99.0000 
1988 5 14 0  -99.0000  -99.0000  -99.0000 
1988 5 15 0  -99.0000  -99.0000  -99.0000 
1988 5 16 0  -99.0000  -99.0000  -99.0000 
1988 5 17 0  -99.0000  -99.0000  -99.0000 
1988 5 18 0  -99.0000  -99.0000  -99.0000 
1988 5 19 0  -99.0000  -99.0000  -99.0000 
1988 5 20 0  -99.0000  -99.0000  -99.0000 
1988 5 21 0  -99.0000  -99.0000  -99.0000 
1988 5 22 0  -99.0000  -99.0000  -99.0000 
1988 5 23 0  -99.0000  -99.0000  -99.0000 
1988 5 24 0  -99.0000  -99.0000  -99.0000 
1988 5 25 0  -99.0000  -99.0000  -99.0000 
1988 5 26 0  -99.0000  -99.0000  -99.0000 
1988 5 27 0  -99.0000  -99.0000  -99.0000 
1988 5 28 0  -99.0000  -99.0000  -99.0000 
1988 5 29 0  -99.0000  -99.0000  -99.0000 
1988 5 30 0  -99.0000  -99.0000  -99.0000 
1988 5 31 0  -99.0000  -99.0000  -99.0000 
1988 6 1 0  -99.0000  -99.0000  -99.0000 
1988 6 2 0  -99.0000  -99.0000  -99.0000 
1988 6 3 0  -99.0000  -99.0000  -99.0000 
1988 6 4 0  -99.0000  -99.0000  -99.0000 
1988 6 5 0  -99.0000  -99.0000  -99.0000 
1988 6 6 0  -99.0000  -99.0000  -99.0000 
1988 6 7 0  -99.0000  -99.0000  -99.0000 
1988 6 8 0  -99.0000  -99.0000  -99.0000 
1988 6 9 0  -99.0000  -99.0000  -99.0000 
1988 6 10 0  -99.0000  -99.0000  -99.0000 
1988 6 11 0  -99.0000  -99.0000  -99.0000 
1988 6 12 0  -99.0000  -99.0000  -99.0000 
1988 6 13 0  -99.0000  -99.0000  -99.0000 
1988 6 14 0  -99.0000  -99.0000  -99.0000 
1988 6 15 0  -99.0000  -99.0000  -99.0000 
1988 6 16 0  -99.0000  -99.0000  -99.0000 
1988 6 17 0  -99.0000  -99.0000  -99.0000 
1988 6 18 0  -99.0000  -99.0000  -99.0000 
1988 6 19 0  -99.0000  -99.0000  -99.0000 
1988 6 20 0  -99.0000  -99.0000  -99.0000 
1988 6 21 0  -99.0000  -99.0000  -99.0000 
1988 6 22 0  -99.0000  -99.0000  -99.0000 
1988 6 23 0  -99.0000  -99.0000  -99.0000 
1988 6 24 0  -99.0000  -99.0000  -99.0000 
1988 6 25 0  -99.0000  -99.0000  -99.0000 
1988 6 26 0  -99.0000  -99.0000  -99.0000 
1988 6 27 0  -99.0000  -99.0000  -99.0000 
1988 6 28 0  -99.0000  -99.0000  -99.0000 
1988 6 29 0  -99.0000  -99.0000  -99.0000 
1988 6 30 0  -99.0000  -99.0000  -99.0000 
1988 7 1 0  -99.0000  -99.0000  -99.0000 
1988 7 2 0  -99.0000  -99.0000  -99.0000 
1988 7 3 0  -99.0000  -99.0000  -99.0000 
1988 7 4 0  -99.0000  -99.0000  -99.0000 
1988 7 5 0  -99.0000  -99.0000  -99.0000 
1988 7 6 0  -99.0000  -99.0000  -99.0000 
1988 7 7 0  -99.0000  -99.0000  -99.0000 
1988 7 8 0  -99.0000  -99.0000  -99.0000 
1988 7 9 0  -99.0000  -99.0000  -99.0000 
1988 7 10 0  -99.0000  -99.0000  -99.0000 
1988 7 11 0  -99.0000  -99.0000  -99.0000 
1988 7 12 0  -99.0000  -99.0000  -99.0000 
1988 7 13 0  -99.0000  -99.0000  -99.0000 
1988 7 14 0  -99.0000  -99.0000  -99.0000 
1988 7 15 0  -99.0000  -99.0000  -99.0000 
1988 7 16 0  -99.0000  -99.0000  -99.0000 
1988 7 17 0  -99.0000  -99.0000  -99.0000 
1988 7 18 0  -99.0000  -99.0000  -99.0000 
1988 7 19 0  -99.0000  -99.0000  -99.0000 
1988 7 20 0  -99.0000  -99.0000  -99.0000 
1988 7 21 0  -99.0000  -99.0000  -99.0000 
1988 7 22 0  -99.0000  -99.0000  -99.0000 
1988 7 23 0  -99.0000  -99.0000  -99.0000 
1988 7 24 0  -99.0000  -99.0000  -99.0000 
1988 7 25 0  -99.0000  -99.0000  -99.0000 
1988 7 26 0  -99.0000  -99.0000  -99.0000 
1988 7 27 0  -99.0000  -99.0000  -99.0000 
1988 7 28 0  -99.0000  -99.0000  -99.0000 
1988 7 29 0  -99.0000  -99.0000  -99.0000 
1988 7 30 0  -99.0000  -99.0000  -99.0000 
1988 7 31 0  -99.0000  -99.0000  -99.0000 
1988 8 1 0  -99.0000  -99.0000  -99.0000 
1988 8 2 0  -99.0000  -99.0000  -99.0000 
1988 8 3 0  -99.0000  -99.0000  -99.0000 
1988 8 4 0  -99.0000  -99.0000  -99.0000 
1988 8 5 0  -99.0000  -99.0000  -99.0000 
1988 8 6 0  -99.0000  -99.0000  -99.0000 
1988 8 7 0  -99.0000  -99.0000  -99.0000 
1988 8 8 0  -99.0000  -99.0000  -99.0000 
1988 8 9 0  -99.0000  -99.0000  -99.0000 
1988 8 10 0  -99.0000  -99.0000  -99.0000 
1988 8 11 0  -99.0000  -99.0000  -99.0000 
1988 8 12 0  -99.0000  -99.0000  -99.0000 
1988 8 13 0  -99.0000  -99.0000  -99.0000 
1988 8 14 0  -99.0000  -99.0000  -99.0000 
1988 8 15 0  -99.0000  -99.0000  -99.0000 
1988 8 16 0  -99.0000  -99.0000  -99.0000 
1988 8 17 0  -99.0000  -99.0000  -99.0000 
1988 8 18 0  -99.0000  -99.0000  -99.0000 
1988 8 19 0  -99.0000  -99.0000  -99.0000 
1988 8 20 0  -99.0000  -99.0000  -99.0000 
1988 8 21 0  -99.0000  -99.0000  -99.0000 
1988 8 22 0  -99.0000  -99.0000  -99.0000 
1988 8 23 0  -99.0000  -99.0000  -99.0000 
1988 8 24 0  -99.0000  -99.0000  -99.0000 
1988 8 25 0  -99.0000  -99.0000  -99.0000 
1988 8 26 0  -99.0000  -99.0000  -99.0000 
1988 8 27 0  -99.0000  -99.0000  -99.0000 
1988 8 28 0  -99.0000  -99.0000  -99.0000 
1988 8 29 0  -99.0000  -99.0000  -99.0000 
1988 8 30 0  -99.0000  -99.0000  -99.0000 
1988 8 31 0  -99.0000  -99.0000  -99.0000 
1988 9 1 0  -99.0000  -99.0000  -99.0000 
1988 9 2 0  -99.0000  -99.0000  -99.0000 
1988 9 3 0  -99.0000  -99.0000  -99.0000 
1988 9 4 0  -99.0000  -99.0000  -99.0000 
1988 9 5 0  -99.0000  -99.0000  -99.0000 
1988 9 6 0  -99.0000  -99.0000  -99.0000 
1988 9 7 0  -99.0000  -99.0000  -99.0000 
1988 9 8 0  -99.0000  -99.0000  -99.0000 
1988 9 9 0  -99.0000  -99.0000  -99.0000 
1988 9 10 0  -99.0000  -99.0000  -99.0000 
1988 9 11 0  -99.0000  -99.0000  -99.0000 
1988 9 12 0  -99.0000  -99.0000  -99.0000 
1988 9 13 0  -99.0000  -99.0000  -99.0000 
1988 9 14 0  -99.0000  -99.0000  -99.0000 
1988 9 15 0  -99.0000  -99.0000  -99.0000 
1988 9 16 0  -99.0000  -99.0000  -99.0000 
1988 9 17 0  -99.0000  -99.0000  -99.0000 
1988 9 18 0  -99.0000  -99.0000  -99.0000 
1988 9 19 0  -99.0000  -99.0000  -99.0000 
1988 9 20 0  -99.0000  -99.0000  -99.0000 
1988 9 21 0  -99.0000  -99.0000  -99.0000 
1988 9 22 0  -99.0000  -99.0000  -99.0000 
1988 9 23 0  -99.0000  -99.0000  -99.0000 
1988 9 24 0  -99.0000  -99.0000  -99.0000 
1988 9 25 0  -99.0000  -99.0000  -99.0000 
1988 9 26 0  -99.0000  -99.0000  -99.0000 
1988 9 27 0  -99.0000  -99.0000  -99.0000 
1988 9 28 0  -99.0000  -99.0000  -99.0000 
1988 9 29 0  -99.0000  -99.0000  -99.0000 
1988 9 30 0  -99.0000  -99.0000  -99.0000 
1988 10 1 0  -99.0000  -99.0000  -99.0000 
1988 10 2 0  -99.0000  -99.0000  -99.0000 
1988 10 3 0  -99.0000  -99.0000  -99.0000 
1988 10 4 0  -99.0000  -99.0000  -99.0000 
1988 10 5 0  -99.0000  -99.0000  -99.0000 
1988 10 6 0  -99.0000  -99.0000  -99.0000 
1988 10 7 0  -99.0000  -99.0000  -99.0000 
1988 10 8 0  -99.0000  -99.0000  -99.0000 
1988 10 9 0  -99.0000  -99.0000  -99.0000 
1988 10 10 0  -99.0000  -99.0000  -99.0000 
1988 10 11 0  -99.0000  -99.0000  -99.0000 
1988 10 12 0  -99.0000  -99.0000  -99.0000 
1988 10 13 0  -99.0000  -99.0000  -99.0000 
1988 10 14 0  -99.0000  -99.0000  -99.0000 
1988 10 15 0  -99.0000  -99.0000  -99.0000 
1988 10 16 0  -99.0000  -99.0000  -99.0000 
1988 10 17 0  -99.0000  -99.0000  -99.0000 
1988 10 18 0  -99.0000  -99.0000  -99.0000 
1988 10 19 0  -99.0000  -99.0000  -99.0000 
1988 10 20 0  -99.0000  -99.0000  -99.0000 
1988 10 21 0  -99.0000  -99.0000  -99.0000 
1988 10 22 0  -99.0000  -99.0000  -99.0000 
1988 10 23 0  -99.0000  -99.0000  -99.0000 
1988 10 24 0  -99.0000  -99.0000  -99.0000 
1988 10 25 0  -99.0000  -99.0000  -99.0000 
1988 10 26 0  -99.0000  -99.0000  -99.0000 
1988 10 27 0  -99.0000  -99.0000  -99.0000 
1988 10 28 0  -99.0000  -99.0000  -99.0000 
1988 10 29 0  -99.0000  -99.0000  -99.0000 
1988 10 30 0  -99.0000  -99.0000  -99.0000 
1988 10 31 0  -99.0000  -99.0000  -99.0000 
1988 11 1 0   -0.2586    0.5262    0.5864 
1988 11 2 0   -0.2239    0.3930    0.4523 
1988 11 3 0   -0.1445    0.2855    0.3200 
1988 11 4 0   -0.0272    0.2232    0.2248 
1988 11 5 0    0.0901    0.2059    0.2248 
1988 11 6 0    0.1976    0.2603    0.3268 
1988 11 7 0    0.3012    0.3382    0.4529 
1988 11 8 0    0.3749    0.3922    0.5426 
1988 11 9 0    0.4179    0.3902    0.5718 
1988 11 10 0    0.3638    0.3848    0.5295 
1988 11 11 0    0.2785    0.3552    0.4514 
1988 11 12 0    0.1661    0.3293    0.3689 
1988 11 13 0    0.0407    0.2816    0.2845 
1988 11 14 0   -0.0894    0.2052    0.2239 
1988 11 15 0   -0.1342    0.0916    0.1625 
1988 11 16 0   -0.1136   -0.0166    0.1148 
1988 11 17 0   -0.0298   -0.1055    0.1096 
1988 11 18 0    0.1280   -0.1634    0.2076 
1988 11 19 0    0.3004   -0.2039    0.3630 
1988 11 20 0    0.4486   -0.1644    0.4777 
1988 11 21 0    0.6124   -0.0753    0.6170 
1988 11 22 0    0.7169    0.0469    0.7185 
1988 11 23 0    0.7321    0.2121    0.7622 
1988 11 24 0    0.7152    0.4277    0.8333 
1988 11 25 0    0.6390    0.5967    0.8743 
1988 11 26 0    0.4719    0.7210    0.8617 
1988 11 27 0    0.3053    0.7949    0.8516 
1988 11 28 0    0.1376    0.8212    0.8326 
1988 11 29 0   -0.0400    0.8220    0.8229 
1988 11 30 0   -0.1791    0.8749    0.8930 
1988 12 1 0   -0.2826    0.9232    0.9655 
1988 12 2 0   -0.3914    0.9697    1.0457 
1988 12 3 0   -0.4684    1.0484    1.1483 
1988 12 4 0   -0.4919    1.1141    1.2178 
1988 12 5 0   -0.4506    1.1000    1.1887 
1988 12 6 0   -0.3698    1.0538    1.1167 
1988 12 7 0   -0.2642    1.0186    1.0523 
1988 12 8 0   -0.1397    1.0123    1.0219 
1988 12 9 0   -0.0352    1.0775    1.0781 
1988 12 10 0    0.0051    1.2185    1.2185 
1988 12 11 0   -0.0066    1.4006    1.4006 
1988 12 12 0   -0.0564    1.5222    1.5232 
1988 12 13 0   -0.1411    1.5427    1.5491 
1988 12 14 0   -0.2726    1.4612    1.4864 
1988 12 15 0   -0.3747    1.3476    1.3987 
1988 12 16 0   -0.4345    1.2563    1.3293 
1988 12 17 0   -0.4316    1.2329    1.3063 
1988 12 18 0   -0.4091    1.2394    1.3051 
1988 12 19 0   -0.3355    1.2422    1.2867 
1988 12 20 0   -0.3094    1.1795    1.2194 
1988 12 21 0   -0.3352    1.1131    1.1625 
1988 12 22 0   -0.4325    1.0099    1.0986 
1988 12 23 0   -0.5477    0.9275    1.0772 
1988 12 24 0   -0.7200    0.8700    1.1293 
1988 12 25 0   -0.8753    0.8172    1.1975 
1988 12 26 0   -1.0031    0.6788    1.2112 
1988 12 27 0   -1.0617    0.4997    1.1735 
1988 12 28 0   -1.1123    0.2843    1.1480 
1988 12 29 0   -1.1377    0.0615    1.1394 
1988 12 30 0   -1.1776   -0.1165    1.1833 
1988 12 31 0   -1.2309   -0.2250    1.2513 
1989 1 1 0   -1.3129   -0.2643    1.3392 
1989 1 2 0   -1.3446   -0.2770    1.3728 
1989 1 3 0   -1.3150   -0.2647    1.3414 
1989 1 4 0   -1.2734   -0.2979    1.3078 
1989 1 5 0   -1.2151   -0.4039    1.2805 
1989 1 6 0   -1.1208   -0.5524    1.2496 
1989 1 7 0   -1.0552   -0.7271    1.2815 
1989 1 8 0   -1.0373   -0.8912    1.3675 
1989 1 9 0   -0.9814   -1.0271    1.4206 
1989 1 10 0   -0.8830   -1.1142    1.4217 
1989 1 11 0   -0.8021   -1.2265    1.4655 
1989 1 12 0   -0.7466   -1.3532    1.5455 
1989 1 13 0   -0.6455   -1.5192    1.6507 
1989 1 14 0   -0.5439   -1.6565    1.7435 
1989 1 15 0   -0.4244   -1.7285    1.7799 
1989 1 16 0   -0.2658   -1.7083    1.7288 
1989 1 17 0   -0.0715   -1.6181    1.6197 
1989 1 18 0    0.1007   -1.4411    1.4447 
1989 1 19 0    0.2896   -1.2633    1.2961 
1989 1 20 0    0.4710   -1.1138    1.2093 
1989 1 21 0    0.6347   -0.9475    1.1404 
1989 1 22 0    0.7913   -0.7351    1.0801 
1989 1 23 0    0.9660   -0.5186    1.0963 
1989 1 24 0    1.0761   -0.2829    1.1126 
1989 1 25 0    1.1149   -0.0194    1.1150 
1989 1 26 0    1.0975    0.2376    1.1229 
1989 1 27 0    0.9842    0.4642    1.0882 
1989 1 28 0    0.7570    0.7110    1.0386 
1989 1 29 0    0.5385    0.9578    1.0988 
1989 1 30 0    0.3218    1.1611    1.2049 
1989 1 31 0    0.1059    1.2928    1.2971 
1989 2 1 0   -0.0468    1.3706    1.3714 
1989 2 2 0   -0.1318    1.3348    1.3413 
1989 2 3 0   -0.2201    1.2531    1.2723 
1989 2 4 0   -0.3153    1.1436    1.1863 
1989 2 5 0   -0.3959    1.0199    1.0940 
1989 2 6 0   -0.5010    0.8891    1.0205 
1989 2 7 0   -0.5652    0.7940    0.9746 
1989 2 8 0   -0.5537    0.7589    0.9394 
1989 2 9 0   -0.4657    0.7628    0.8937 
1989 2 10 0   -0.3684    0.7734    0.8566 
1989 2 11 0   -0.2228    0.7972    0.8278 
1989 2 12 0   -0.1108    0.7874    0.7952 
1989 2 13 0   -0.0797    0.7017    0.7062 
1989 2 14 0   -0.1088    0.5857    0.5958 
1989 2 15 0   -0.1356    0.4804    0.4992 
1989 2 16 0   -0.1676    0.3551    0.3926 
1989 2 17 0   -0.1619    0.2409    0.2902 
1989 2 18 0   -0.0936    0.1320    0.1618 
1989 2 19 0    0.0112    0.0018    0.0114 
1989 2 20 0    0.1433   -0.1242    0.1896 
1989 2 21 0    0.3219   -0.2030    0.3806 
1989 2 22 0    0.4950   -0.2617    0.5599 
1989 2 23 0    0.6112   -0.3036    0.6824 
1989 2 24 0    0.6846   -0.2855    0.7418 
1989 2 25 0    0.6839   -0.1991    0.7123 
1989 2 26 0    0.6041   -0.1070    0.6135 
1989 2 27 0    0.4937   -0.0210    0.4941 
1989 2 28 0    0.3876    0.0997    0.4002 
1989 3 1 0    0.2706    0.2164    0.3465 
1989 3 2 0    0.1830    0.2905    0.3434 
1989 3 3 0    0.1459    0.3454    0.3749 
1989 3 4 0    0.0876    0.3959    0.4055 
1989 3 5 0    0.0276    0.4374    0.4383 
1989 3 6 0   -0.0198    0.4559    0.4564 
1989 3 7 0   -0.0737    0.4604    0.4662 
1989 3 8 0   -0.1036    0.4817    0.4927 
1989 3 9 0   -0.0958    0.5323    0.5408 
1989 3 10 0   -0.0563    0.5478    0.5506 
1989 3 11 0   -0.0410    0.5423    0.5439 
1989 3 12 0   -0.0472    0.4883    0.4906 
1989 3 13 0   -0.1372    0.4171    0.4391 
1989 3 14 0   -0.2400    0.3609    0.4335 
1989 3 15 0   -0.3518    0.3601    0.5034 
1989 3 16 0   -0.4361    0.3605    0.5658 
1989 3 17 0   -0.4917    0.4186    0.6457 
1989 3 18 0   -0.4856    0.4742    0.6787 
1989 3 19 0   -0.4872    0.5042    0.7011 
1989 3 20 0   -0.5299    0.4519    0.6964 
1989 3 21 0   -0.5851    0.3945    0.7056 
1989 3 22 0   -0.6348    0.3246    0.7130 
1989 3 23 0   -0.6772    0.2285    0.7148 
1989 3 24 0   -0.6895    0.0591    0.6921 
1989 3 25 0   -0.6728   -0.1262    0.6846 
1989 3 26 0   -0.6059   -0.3119    0.6815 
1989 3 27 0   -0.5184   -0.5436    0.7512 
1989 3 28 0   -0.4765   -0.7350    0.8759 
1989 3 29 0   -0.4117   -0.8684    0.9611 
1989 3 30 0   -0.2576   -0.9298    0.9649 
1989 3 31 0   -0.0708   -0.9436    0.9463 
1989 4 1 0    0.1265   -0.8904    0.8994 
1989 4 2 0    0.3417   -0.8314    0.8989 
1989 4 3 0    0.5086   -0.7711    0.9237 
1989 4 4 0    0.5884   -0.6770    0.8969 
1989 4 5 0    0.6372   -0.5749    0.8582 
1989 4 6 0    0.6667   -0.4832    0.8234 
1989 4 7 0    0.6988   -0.4286    0.8198 
1989 4 8 0    0.7559   -0.3638    0.8389 
1989 4 9 0    0.8272   -0.3417    0.8950 
1989 4 10 0    0.8862   -0.3399    0.9492 
1989 4 11 0    0.9218   -0.3138    0.9737 
1989 4 12 0    0.9772   -0.2100    0.9995 
1989 4 13 0    1.0001   -0.0986    1.0050 
1989 4 14 0    1.0235    0.0273    1.0239 
1989 4 15 0    1.0027    0.1569    1.0149 
1989 4 16 0    0.9714    0.3025    1.0175 
1989 4 17 0    0.8879    0.4327    0.9877 
1989 4 18 0    0.8042    0.6073    1.0078 
1989 4 19 0    0.7029    0.8118    1.0738 
1989 4 20 0    0.6250    1.0489    1.2210 
1989 4 21 0    0.5381    1.2197    1.3331 
1989 4 22 0    0.4740    1.3267    1.4088 
1989 4 23 0    0.4021    1.3212    1.3811 
1989 4 24 0    0.2950    1.2684    1.3023 
1989 4 25 0    0.1571    1.1731    1.1836 
1989 4 26 0    0.0462    1.1135    1.1145 
1989 4 27 0   -0.0912    1.0705    1.0744 
1989 4 28 0   -0.2512    1.0397    1.0696 
1989 4 29 0   -0.3876    0.9641    1.0391 
1989 4 30 0   -0.4942    0.8614    0.9931 
1989 5 1 0  -99.0000  -99.0000  -99.0000 
1989 5 2 0  -99.0000  -99.0000  -99.0000 
1989 5 3 0  -99.0000  -99.0000  -99.0000 
1989 5 4 0  -99.0000  -99.0000  -99.0000 
1989 5 5 0  -99.0000  -99.0000  -99.0000 
1989 5 6 0  -99.0000  -99.0000  -99.0000 
1989 5 7 0  -99.0000  -99.0000  -99.0000 
1989 5 8 0  -99.0000  -99.0000  -99.0000 
1989 5 9 0  -99.0000  -99.0000  -99.0000 
1989 5 10 0  -99.0000  -99.0000  -99.0000 
1989 5 11 0  -99.0000  -99.0000  -99.0000 
1989 5 12 0  -99.0000  -99.0000  -99.0000 
1989 5 13 0  -99.0000  -99.0000  -99.0000 
1989 5 14 0  -99.0000  -99.0000  -99.0000 
1989 5 15 0  -99.0000  -99.0000  -99.0000 
1989 5 16 0  -99.0000  -99.0000  -99.0000 
1989 5 17 0  -99.0000  -99.0000  -99.0000 
1989 5 18 0  -99.0000  -99.0000  -99.0000 
1989 5 19 0  -99.0000  -99.0000  -99.0000 
1989 5 20 0  -99.0000  -99.0000  -99.0000 
1989 5 21 0  -99.0000  -99.0000  -99.0000 
1989 5 22 0  -99.0000  -99.0000  -99.0000 
1989 5 23 0  -99.0000  -99.0000  -99.0000 
1989 5 24 0  -99.0000  -99.0000  -99.0000 
1989 5 25 0  -99.0000  -99.0000  -99.0000 
1989 5 26 0  -99.0000  -99.0000  -99.0000 
1989 5 27 0  -99.0000  -99.0000  -99.0000 
1989 5 28 0  -99.0000  -99.0000  -99.0000 
1989 5 29 0  -99.0000  -99.0000  -99.0000 
1989 5 30 0  -99.0000  -99.0000  -99.0000 
1989 5 31 0  -99.0000  -99.0000  -99.0000 
1989 6 1 0  -99.0000  -99.0000  -99.0000 
1989 6 2 0  -99.0000  -99.0000  -99.0000 
1989 6 3 0  -99.0000  -99.0000  -99.0000 
1989 6 4 0  -99.0000  -99.0000  -99.0000 
1989 6 5 0  -99.0000  -99.0000  -99.0000 
1989 6 6 0  -99.0000  -99.0000  -99.0000 
1989 6 7 0  -99.0000  -99.0000  -99.0000 
1989 6 8 0  -99.0000  -99.0000  -99.0000 
1989 6 9 0  -99.0000  -99.0000  -99.0000 
1989 6 10 0  -99.0000  -99.0000  -99.0000 
1989 6 11 0  -99.0000  -99.0000  -99.0000 
1989 6 12 0  -99.0000  -99.0000  -99.0000 
1989 6 13 0  -99.0000  -99.0000  -99.0000 
1989 6 14 0  -99.0000  -99.0000  -99.0000 
1989 6 15 0  -99.0000  -99.0000  -99.0000 
1989 6 16 0  -99.0000  -99.0000  -99.0000 
1989 6 17 0  -99.0000  -99.0000  -99.0000 
1989 6 18 0  -99.0000  -99.0000  -99.0000 
1989 6 19 0  -99.0000  -99.0000  -99.0000 
1989 6 20 0  -99.0000  -99.0000  -99.0000 
1989 6 21 0  -99.0000  -99.0000  -99.0000 
1989 6 22 0  -99.0000  -99.0000  -99.0000 
1989 6 23 0  -99.0000  -99.0000  -99.0000 
1989 6 24 0  -99.0000  -99.0000  -99.0000 
1989 6 25 0  -99.0000  -99.0000  -99.0000 
1989 6 26 0  -99.0000  -99.0000  -99.0000 
1989 6 27 0  -99.0000  -99.0000  -99.0000 
1989 6 28 0  -99.0000  -99.0000  -99.0000 
1989 6 29 0  -99.0000  -99.0000  -99.0000 
1989 6 30 0  -99.0000  -99.0000  -99.0000 
1989 7 1 0  -99.0000  -99.0000  -99.0000 
1989 7 2 0  -99.0000  -99.0000  -99.0000 
1989 7 3 0  -99.0000  -99.0000  -99.0000 
1989 7 4 0  -99.0000  -99.0000  -99.0000 
1989 7 5 0  -99.0000  -99.0000  -99.0000 
1989 7 6 0  -99.0000  -99.0000  -99.0000 
1989 7 7 0  -99.0000  -99.0000  -99.0000 
1989 7 8 0  -99.0000  -99.0000  -99.0000 
1989 7 9 0  -99.0000  -99.0000  -99.0000 
1989 7 10 0  -99.0000  -99.0000  -99.0000 
1989 7 11 0  -99.0000  -99.0000  -99.0000 
1989 7 12 0  -99.0000  -99.0000  -99.0000 
1989 7 13 0  -99.0000  -99.0000  -99.0000 
1989 7 14 0  -99.0000  -99.0000  -99.0000 
1989 7 15 0  -99.0000  -99.0000  -99.0000 
1989 7 16 0  -99.0000  -99.0000  -99.0000 
1989 7 17 0  -99.0000  -99.0000  -99.0000 
1989 7 18 0  -99.0000  -99.0000  -99.0000 
1989 7 19 0  -99.0000  -99.0000  -99.0000 
1989 7 20 0  -99.0000  -99.0000  -99.0000 
1989 7 21 0  -99.0000  -99.0000  -99.0000 
1989 7 22 0  -99.0000  -99.0000  -99.0000 
1989 7 23 0  -99.0000  -99.0000  -99.0000 
1989 7 24 0  -99.0000  -99.0000  -99.0000 
1989 7 25 0  -99.0000  -99.0000  -99.0000 
1989 7 26 0  -99.0000  -99.0000  -99.0000 
1989 7 27 0  -99.0000  -99.0000  -99.0000 
1989 7 28 0  -99.0000  -99.0000  -99.0000 
1989 7 29 0  -99.0000  -99.0000  -99.0000 
1989 7 30 0  -99.0000  -99.0000  -99.0000 
1989 7 31 0  -99.0000  -99.0000  -99.0000 
1989 8 1 0  -99.0000  -99.0000  -99.0000 
1989 8 2 0  -99.0000  -99.0000  -99.0000 
1989 8 3 0  -99.0000  -99.0000  -99.0000 
1989 8 4 0  -99.0000  -99.0000  -99.0000 
1989 8 5 0  -99.0000  -99.0000  -99.0000 
1989 8 6 0  -99.0000  -99.0000  -99.0000 
1989 8 7 0  -99.0000  -99.0000  -99.0000 
1989 8 8 0  -99.0000  -99.0000  -99.0000 
1989 8 9 0  -99.0000  -99.0000  -99.0000 
1989 8 10 0  -99.0000  -99.0000  -99.0000 
1989 8 11 0  -99.0000  -99.0000  -99.0000 
1989 8 12 0  -99.0000  -99.0000  -99.0000 
1989 8 13 0  -99.0000  -99.0000  -99.0000 
1989 8 14 0  -99.0000  -99.0000  -99.0000 
1989 8 15 0  -99.0000  -99.0000  -99.0000 
1989 8 16 0  -99.0000  -99.0000  -99.0000 
1989 8 17 0  -99.0000  -99.0000  -99.0000 
1989 8 18 0  -99.0000  -99.0000  -99.0000 
1989 8 19 0  -99.0000  -99.0000  -99.0000 
1989 8 20 0  -99.0000  -99.0000  -99.0000 
1989 8 21 0  -99.0000  -99.0000  -99.0000 
1989 8 22 0  -99.0000  -99.0000  -99.0000 
1989 8 23 0  -99.0000  -99.0000  -99.0000 
1989 8 24 0  -99.0000  -99.0000  -99.0000 
1989 8 25 0  -99.0000  -99.0000  -99.0000 
1989 8 26 0  -99.0000  -99.0000  -99.0000 
1989 8 27 0  -99.0000  -99.0000  -99.0000 
1989 8 28 0  -99.0000  -99.0000  -99.0000 
1989 8 29 0  -99.0000  -99.0000  -99.0000 
1989 8 30 0  -99.0000  -99.0000  -99.0000 
1989 8 31 0  -99.0000  -99.0000  -99.0000 
1989 9 1 0  -99.0000  -99.0000  -99.0000 
1989 9 2 0  -99.0000  -99.0000  -99.0000 
1989 9 3 0  -99.0000  -99.0000  -99.0000 
1989 9 4 0  -99.0000  -99.0000  -99.0000 
1989 9 5 0  -99.0000  -99.0000  -99.0000 
1989 9 6 0  -99.0000  -99.0000  -99.0000 
1989 9 7 0  -99.0000  -99.0000  -99.0000 
1989 9 8 0  -99.0000  -99.0000  -99.0000 
1989 9 9 0  -99.0000  -99.0000  -99.0000 
1989 9 10 0  -99.0000  -99.0000  -99.0000 
1989 9 11 0  -99.0000  -99.0000  -99.0000 
1989 9 12 0  -99.0000  -99.0000  -99.0000 
1989 9 13 0  -99.0000  -99.0000  -99.0000 
1989 9 14 0  -99.0000  -99.0000  -99.0000 
1989 9 15 0  -99.0000  -99.0000  -99.0000 
1989 9 16 0  -99.0000  -99.0000  -99.0000 
1989 9 17 0  -99.0000  -99.0000  -99.0000 
1989 9 18 0  -99.0000  -99.0000  -99.0000 
1989 9 19 0  -99.0000  -99.0000  -99.0000 
1989 9 20 0  -99.0000  -99.0000  -99.0000 
1989 9 21 0  -99.0000  -99.0000  -99.0000 
1989 9 22 0  -99.0000  -99.0000  -99.0000 
1989 9 23 0  -99.0000  -99.0000  -99.0000 
1989 9 24 0  -99.0000  -99.0000  -99.0000 
1989 9 25 0  -99.0000  -99.0000  -99.0000 
1989 9 26 0  -99.0000  -99.0000  -99.0000 
1989 9 27 0  -99.0000  -99.0000  -99.0000 
1989 9 28 0  -99.0000  -99.0000  -99.0000 
1989 9 29 0  -99.0000  -99.0000  -99.0000 
1989 9 30 0  -99.0000  -99.0000  -99.0000 
1989 10 1 0  -99.0000  -99.0000  -99.0000 
1989 10 2 0  -99.0000  -99.0000  -99.0000 
1989 10 3 0  -99.0000  -99.0000  -99.0000 
1989 10 4 0  -99.0000  -99.0000  -99.0000 
1989 10 5 0  -99.0000  -99.0000  -99.0000 
1989 10 6 0  -99.0000  -99.0000  -99.0000 
1989 10 7 0  -99.0000  -99.0000  -99.0000 
1989 10 8 0  -99.0000  -99.0000  -99.0000 
1989 10 9 0  -99.0000  -99.0000  -99.0000 
1989 10 10 0  -99.0000  -99.0000  -99.0000 
1989 10 11 0  -99.0000  -99.0000  -99.0000 
1989 10 12 0  -99.0000  -99.0000  -99.0000 
1989 10 13 0  -99.0000  -99.0000  -99.0000 
1989 10 14 0  -99.0000  -99.0000  -99.0000 
1989 10 15 0  -99.0000  -99.0000  -99.0000 
1989 10 16 0  -99.0000  -99.0000  -99.0000 
1989 10 17 0  -99.0000  -99.0000  -99.0000 
1989 10 18 0  -99.0000  -99.0000  -99.0000 
1989 10 19 0  -99.0000  -99.0000  -99.0000 
1989 10 20 0  -99.0000  -99.0000  -99.0000 
1989 10 21 0  -99.0000  -99.0000  -99.0000 
1989 10 22 0  -99.0000  -99.0000  -99.0000 
1989 10 23 0  -99.0000  -99.0000  -99.0000 
1989 10 24 0  -99.0000  -99.0000  -99.0000 
1989 10 25 0  -99.0000  -99.0000  -99.0000 
1989 10 26 0  -99.0000  -99.0000  -99.0000 
1989 10 27 0  -99.0000  -99.0000  -99.0000 
1989 10 28 0  -99.0000  -99.0000  -99.0000 
1989 10 29 0  -99.0000  -99.0000  -99.0000 
1989 10 30 0  -99.0000  -99.0000  -99.0000 
1989 10 31 0  -99.0000  -99.0000  -99.0000 
1989 11 1 0   -0.0148    0.4355    0.4358 
1989 11 2 0   -0.0097    0.3587    0.3588 
1989 11 3 0   -0.0106    0.3177    0.3179 
1989 11 4 0   -0.0517    0.2792    0.2839 
1989 11 5 0   -0.1286    0.2741    0.3028 
1989 11 6 0   -0.2294    0.2623    0.3485 
1989 11 7 0   -0.3102    0.2300    0.3861 
1989 11 8 0   -0.3372    0.1874    0.3858 
1989 11 9 0   -0.3555    0.1436    0.3834 
1989 11 10 0   -0.3225    0.0957    0.3364 
1989 11 11 0   -0.2038    0.0548    0.2111 
1989 11 12 0   -0.0285    0.0259    0.0385 
1989 11 13 0    0.1338    0.0565    0.1452 
1989 11 14 0    0.2695    0.2082    0.3405 
1989 11 15 0    0.3650    0.3782    0.5256 
1989 11 16 0    0.4043    0.5257    0.6631 
1989 11 17 0    0.4010    0.6591    0.7715 
1989 11 18 0    0.4162    0.7571    0.8639 
1989 11 19 0    0.4730    0.7981    0.9278 
1989 11 20 0    0.5141    0.8574    0.9997 
1989 11 21 0    0.5303    0.9398    1.0791 
1989 11 22 0    0.4942    1.0385    1.1501 
1989 11 23 0    0.3835    1.1431    1.2057 
1989 11 24 0    0.2139    1.2171    1.2357 
1989 11 25 0   -0.0055    1.2931    1.2931 
1989 11 26 0   -0.2827    1.3414    1.3708 
1989 11 27 0   -0.5406    1.3266    1.4325 
1989 11 28 0   -0.7512    1.2893    1.4922 
1989 11 29 0   -0.9071    1.2227    1.5224 
1989 11 30 0   -1.0142    1.0840    1.4845 
1989 12 1 0   -1.0403    0.9473    1.4070 
1989 12 2 0   -0.9752    0.8759    1.3108 
1989 12 3 0   -0.8497    0.8242    1.1838 
1989 12 4 0   -0.7411    0.7945    1.0865 
1989 12 5 0   -0.6092    0.7868    0.9951 
1989 12 6 0   -0.4827    0.8205    0.9520 
1989 12 7 0   -0.4628    0.8245    0.9455 
1989 12 8 0   -0.5705    0.7908    0.9751 
1989 12 9 0   -0.6819    0.7164    0.9891 
1989 12 10 0   -0.7929    0.6311    1.0134 
1989 12 11 0   -0.8994    0.5469    1.0526 
1989 12 12 0   -0.9337    0.4827    1.0511 
1989 12 13 0   -0.9132    0.4287    1.0088 
1989 12 14 0   -0.8782    0.3935    0.9624 
1989 12 15 0   -0.8398    0.3629    0.9149 
1989 12 16 0   -0.8358    0.2653    0.8769 
1989 12 17 0   -0.8810    0.0878    0.8854 
1989 12 18 0   -0.9051   -0.1145    0.9124 
1989 12 19 0   -0.9286   -0.3168    0.9812 
1989 12 20 0   -0.9894   -0.5083    1.1123 
1989 12 21 0   -0.9993   -0.6846    1.2113 
1989 12 22 0   -0.9484   -0.7962    1.2382 
1989 12 23 0   -0.8839   -0.9320    1.2845 
1989 12 24 0   -0.7797   -1.0788    1.3310 
1989 12 25 0   -0.6474   -1.2568    1.4137 
1989 12 26 0   -0.5232   -1.4299    1.5226 
1989 12 27 0   -0.3700   -1.5871    1.6297 
1989 12 28 0   -0.2217   -1.6413    1.6562 
1989 12 29 0   -0.1304   -1.6225    1.6277 
1989 12 30 0   -0.0424   -1.5718    1.5723 
1989 12 31 0    0.0680   -1.4830    1.4846 
1990 1 1 0    0.1568   -1.3806    1.3895 
1990 1 2 0    0.2291   -1.3107    1.3305 
1990 1 3 0    0.3355   -1.2684    1.3120 
1990 1 4 0    0.4579   -1.2156    1.2990 
1990 1 5 0    0.5301   -1.1707    1.2851 
1990 1 6 0    0.5653   -1.1366    1.2694 
1990 1 7 0    0.5473   -1.0867    1.2167 
1990 1 8 0    0.4973   -1.0742    1.1837 
1990 1 9 0    0.4832   -1.0897    1.1921 
1990 1 10 0    0.5536   -1.0971    1.2288 
1990 1 11 0    0.6924   -1.0773    1.2806 
1990 1 12 0    0.8977   -1.0235    1.3614 
1990 1 13 0    1.1198   -0.8741    1.4206 
1990 1 14 0    1.3027   -0.5993    1.4340 
1990 1 15 0    1.4078   -0.2861    1.4366 
1990 1 16 0    1.3822    0.0429    1.3828 
1990 1 17 0    1.2593    0.3602    1.3098 
1990 1 18 0    1.1439    0.6056    1.2943 
1990 1 19 0    1.0279    0.7342    1.2632 
1990 1 20 0    0.9184    0.8249    1.2345 
1990 1 21 0    0.8514    0.8947    1.2351 
1990 1 22 0    0.8798    0.9592    1.3016 
1990 1 23 0    0.8706    1.0388    1.3554 
1990 1 24 0    0.8523    1.1879    1.4620 
1990 1 25 0    0.8303    1.3453    1.5809 
1990 1 26 0    0.7378    1.4483    1.6254 
1990 1 27 0    0.5515    1.4974    1.5957 
1990 1 28 0    0.3141    1.4946    1.5272 
1990 1 29 0   -0.0066    1.3922    1.3922 
1990 1 30 0   -0.3535    1.2242    1.2742 
1990 1 31 0   -0.6163    1.0476    1.2154 
1990 2 1 0   -0.7838    0.9160    1.2056 
1990 2 2 0   -0.8862    0.8475    1.2262 
1990 2 3 0   -0.9318    0.8545    1.2643 
1990 2 4 0   -0.9848    0.8789    1.3200 
1990 2 5 0   -1.0636    0.9140    1.4024 
1990 2 6 0   -1.1878    0.9215    1.5034 
1990 2 7 0   -1.3892    0.8359    1.6213 
1990 2 8 0   -1.6054    0.6887    1.7469 
1990 2 9 0   -1.7588    0.5497    1.8427 
1990 2 10 0   -1.8148    0.4025    1.8589 
1990 2 11 0   -1.8141    0.2542    1.8318 
1990 2 12 0   -1.7415    0.1317    1.7464 
1990 2 13 0   -1.6278   -0.0048    1.6278 
1990 2 14 0   -1.5320   -0.1858    1.5432 
1990 2 15 0   -1.4676   -0.3585    1.5108 
1990 2 16 0   -1.3919   -0.5126    1.4833 
1990 2 17 0   -1.2880   -0.6545    1.4448 
1990 2 18 0   -1.1613   -0.7149    1.3637 
1990 2 19 0   -1.0470   -0.7306    1.2767 
1990 2 20 0   -0.9600   -0.7551    1.2214 
1990 2 21 0   -0.8931   -0.8520    1.2343 
1990 2 22 0   -0.7653   -0.9260    1.2013 
1990 2 23 0   -0.6204   -1.0354    1.2070 
1990 2 24 0   -0.4233   -1.1008    1.1794 
1990 2 25 0   -0.1646   -1.1486    1.1603 
1990 2 26 0    0.1243   -1.1451    1.1519 
1990 2 27 0    0.3730   -1.0897    1.1518 
1990 2 28 0    0.6225   -0.9985    1.1766 
1990 3 1 0    0.8838   -0.8960    1.2585 
1990 3 2 0    1.1410   -0.7420    1.3611 
1990 3 3 0    1.3708   -0.5448    1.4751 
1990 3 4 0    1.5784   -0.3213    1.6107 
1990 3 5 0    1.7780   -0.0838    1.7799 
1990 3 6 0    1.9485    0.1502    1.9543 
1990 3 7 0    2.0519    0.4096    2.0924 
1990 3 8 0    2.1071    0.6994    2.2201 
1990 3 9 0    2.0882    0.9486    2.2935 
1990 3 10 0    1.9947    1.1479    2.3014 
1990 3 11 0    1.8243    1.3232    2.2536 
1990 3 12 0    1.5595    1.4601    2.1363 
1990 3 13 0    1.2368    1.5038    1.9471 
1990 3 14 0    0.9018    1.5070    1.7562 
1990 3 15 0    0.5601    1.5087    1.6094 
1990 3 16 0    0.2723    1.4754    1.5003 
1990 3 17 0    0.0668    1.4148    1.4163 
1990 3 18 0   -0.0724    1.3884    1.3903 
1990 3 19 0   -0.1384    1.3745    1.3815 
1990 3 20 0   -0.1972    1.3412    1.3556 
1990 3 21 0   -0.3197    1.3105    1.3489 
1990 3 22 0   -0.4699    1.2494    1.3349 
1990 3 23 0   -0.6119    1.1129    1.2700 
1990 3 24 0   -0.7496    0.9242    1.1900 
1990 3 25 0   -0.8632    0.7118    1.1189 
1990 3 26 0   -0.9204    0.4499    1.0244 
1990 3 27 0   -0.9542    0.1964    0.9742 
1990 3 28 0   -0.9949   -0.0146    0.9950 
1990 3 29 0   -1.0605   -0.2293    1.0850 
1990 3 30 0   -1.0949   -0.4010    1.1660 
1990 3 31 0   -1.1025   -0.5215    1.2197 
1990 4 1 0   -1.0466   -0.6569    1.2357 
1990 4 2 0   -0.8462   -0.7874    1.1559 
1990 4 3 0   -0.5549   -0.9090    1.0650 
1990 4 4 0   -0.2631   -1.0443    1.0769 
1990 4 5 0    0.0311   -1.1422    1.1426 
1990 4 6 0    0.3190   -1.1996    1.2413 
1990 4 7 0    0.5450   -1.2327    1.3478 
1990 4 8 0    0.7269   -1.2045    1.4068 
1990 4 9 0    0.8779   -1.1494    1.4463 
1990 4 10 0    1.0185   -1.1471    1.5340 
1990 4 11 0    1.1519   -1.1039    1.5954 
1990 4 12 0    1.2490   -1.0096    1.6060 
1990 4 13 0    1.3078   -0.8612    1.5659 
1990 4 14 0    1.3629   -0.6576    1.5132 
1990 4 15 0    1.3983   -0.3341    1.4377 
1990 4 16 0    1.3564    0.0382    1.3569 
1990 4 17 0    1.2765    0.3977    1.3370 
1990 4 18 0    1.1803    0.6800    1.3622 
1990 4 19 0    1.0729    0.9040    1.4030 
1990 4 20 0    0.8933    1.0443    1.3742 
1990 4 21 0    0.6924    1.1064    1.3052 
1990 4 22 0    0.4241    1.1153    1.1932 
1990 4 23 0    0.1274    1.0851    1.0925 
1990 4 24 0   -0.1522    0.9699    0.9818 
1990 4 25 0   -0.3927    0.7555    0.8515 
1990 4 26 0   -0.5613    0.4675    0.7305 
1990 4 27 0   -0.6182    0.1285    0.6314 
1990 4 28 0   -0.6095   -0.1908    0.6387 
1990 4 29 0   -0.5522   -0.3970    0.6801 
1990 4 30 0   -0.4694   -0.5008    0.6864 
1990 5 1 0  -99.0000  -99.0000  -99.0000 
1990 5 2 0  -99.0000  -99.0000  -99.0000 
1990 5 3 0  -99.0000  -99.0000  -99.0000 
1990 5 4 0  -99.0000  -99.0000  -99.0000 
1990 5 5 0  -99.0000  -99.0000  -99.0000 
1990 5 6 0  -99.0000  -99.0000  -99.0000 
1990 5 7 0  -99.0000  -99.0000  -99.0000 
1990 5 8 0  -99.0000  -99.0000  -99.0000 
1990 5 9 0  -99.0000  -99.0000  -99.0000 
1990 5 10 0  -99.0000  -99.0000  -99.0000 
1990 5 11 0  -99.0000  -99.0000  -99.0000 
1990 5 12 0  -99.0000  -99.0000  -99.0000 
1990 5 13 0  -99.0000  -99.0000  -99.0000 
1990 5 14 0  -99.0000  -99.0000  -99.0000 
1990 5 15 0  -99.0000  -99.0000  -99.0000 
1990 5 16 0  -99.0000  -99.0000  -99.0000 
1990 5 17 0  -99.0000  -99.0000  -99.0000 
1990 5 18 0  -99.0000  -99.0000  -99.0000 
1990 5 19 0  -99.0000  -99.0000  -99.0000 
1990 5 20 0  -99.0000  -99.0000  -99.0000 
1990 5 21 0  -99.0000  -99.0000  -99.0000 
1990 5 22 0  -99.0000  -99.0000  -99.0000 
1990 5 23 0  -99.0000  -99.0000  -99.0000 
1990 5 24 0  -99.0000  -99.0000  -99.0000 
1990 5 25 0  -99.0000  -99.0000  -99.0000 
1990 5 26 0  -99.0000  -99.0000  -99.0000 
1990 5 27 0  -99.0000  -99.0000  -99.0000 
1990 5 28 0  -99.0000  -99.0000  -99.0000 
1990 5 29 0  -99.0000  -99.0000  -99.0000 
1990 5 30 0  -99.0000  -99.0000  -99.0000 
1990 5 31 0  -99.0000  -99.0000  -99.0000 
1990 6 1 0  -99.0000  -99.0000  -99.0000 
1990 6 2 0  -99.0000  -99.0000  -99.0000 
1990 6 3 0  -99.0000  -99.0000  -99.0000 
1990 6 4 0  -99.0000  -99.0000  -99.0000 
1990 6 5 0  -99.0000  -99.0000  -99.0000 
1990 6 6 0  -99.0000  -99.0000  -99.0000 
1990 6 7 0  -99.0000  -99.0000  -99.0000 
1990 6 8 0  -99.0000  -99.0000  -99.0000 
1990 6 9 0  -99.0000  -99.0000  -99.0000 
1990 6 10 0  -99.0000  -99.0000  -99.0000 
1990 6 11 0  -99.0000  -99.0000  -99.0000 
1990 6 12 0  -99.0000  -99.0000  -99.0000 
1990 6 13 0  -99.0000  -99.0000  -99.0000 
1990 6 14 0  -99.0000  -99.0000  -99.0000 
1990 6 15 0  -99.0000  -99.0000  -99.0000 
1990 6 16 0  -99.0000  -99.0000  -99.0000 
1990 6 17 0  -99.0000  -99.0000  -99.0000 
1990 6 18 0  -99.0000  -99.0000  -99.0000 
1990 6 19 0  -99.0000  -99.0000  -99.0000 
1990 6 20 0  -99.0000  -99.0000  -99.0000 
1990 6 21 0  -99.0000  -99.0000  -99.0000 
1990 6 22 0  -99.0000  -99.0000  -99.0000 
1990 6 23 0  -99.0000  -99.0000  -99.0000 
1990 6 24 0  -99.0000  -99.0000  -99.0000 
1990 6 25 0  -99.0000  -99.0000  -99.0000 
1990 6 26 0  -99.0000  -99.0000  -99.0000 
1990 6 27 0  -99.0000  -99.0000  -99.0000 
1990 6 28 0  -99.0000  -99.0000  -99.0000 
1990 6 29 0  -99.0000  -99.0000  -99.0000 
1990 6 30 0  -99.0000  -99.0000  -99.0000 
1990 7 1 0  -99.0000  -99.0000  -99.0000 
1990 7 2 0  -99.0000  -99.0000  -99.0000 
1990 7 3 0  -99.0000  -99.0000  -99.0000 
1990 7 4 0  -99.0000  -99.0000  -99.0000 
1990 7 5 0  -99.0000  -99.0000  -99.0000 
1990 7 6 0  -99.0000  -99.0000  -99.0000 
1990 7 7 0  -99.0000  -99.0000  -99.0000 
1990 7 8 0  -99.0000  -99.0000  -99.0000 
1990 7 9 0  -99.0000  -99.0000  -99.0000 
1990 7 10 0  -99.0000  -99.0000  -99.0000 
1990 7 11 0  -99.0000  -99.0000  -99.0000 
1990 7 12 0  -99.0000  -99.0000  -99.0000 
1990 7 13 0  -99.0000  -99.0000  -99.0000 
1990 7 14 0  -99.0000  -99.0000  -99.0000 
1990 7 15 0  -99.0000  -99.0000  -99.0000 
1990 7 16 0  -99.0000  -99.0000  -99.0000 
1990 7 17 0  -99.0000  -99.0000  -99.0000 
1990 7 18 0  -99.0000  -99.0000  -99.0000 
1990 7 19 0  -99.0000  -99.0000  -99.0000 
1990 7 20 0  -99.0000  -99.0000  -99.0000 
1990 7 21 0  -99.0000  -99.0000  -99.0000 
1990 7 22 0  -99.0000  -99.0000  -99.0000 
1990 7 23 0  -99.0000  -99.0000  -99.0000 
1990 7 24 0  -99.0000  -99.0000  -99.0000 
1990 7 25 0  -99.0000  -99.0000  -99.0000 
1990 7 26 0  -99.0000  -99.0000  -99.0000 
1990 7 27 0  -99.0000  -99.0000  -99.0000 
1990 7 28 0  -99.0000  -99.0000  -99.0000 
1990 7 29 0  -99.0000  -99.0000  -99.0000 
1990 7 30 0  -99.0000  -99.0000  -99.0000 
1990 7 31 0  -99.0000  -99.0000  -99.0000 
1990 8 1 0  -99.0000  -99.0000  -99.0000 
1990 8 2 0  -99.0000  -99.0000  -99.0000 
1990 8 3 0  -99.0000  -99.0000  -99.0000 
1990 8 4 0  -99.0000  -99.0000  -99.0000 
1990 8 5 0  -99.0000  -99.0000  -99.0000 
1990 8 6 0  -99.0000  -99.0000  -99.0000 
1990 8 7 0  -99.0000  -99.0000  -99.0000 
1990 8 8 0  -99.0000  -99.0000  -99.0000 
1990 8 9 0  -99.0000  -99.0000  -99.0000 
1990 8 10 0  -99.0000  -99.0000  -99.0000 
1990 8 11 0  -99.0000  -99.0000  -99.0000 
1990 8 12 0  -99.0000  -99.0000  -99.0000 
1990 8 13 0  -99.0000  -99.0000  -99.0000 
1990 8 14 0  -99.0000  -99.0000  -99.0000 
1990 8 15 0  -99.0000  -99.0000  -99.0000 
1990 8 16 0  -99.0000  -99.0000  -99.0000 
1990 8 17 0  -99.0000  -99.0000  -99.0000 
1990 8 18 0  -99.0000  -99.0000  -99.0000 
1990 8 19 0  -99.0000  -99.0000  -99.0000 
1990 8 20 0  -99.0000  -99.0000  -99.0000 
1990 8 21 0  -99.0000  -99.0000  -99.0000 
1990 8 22 0  -99.0000  -99.0000  -99.0000 
1990 8 23 0  -99.0000  -99.0000  -99.0000 
1990 8 24 0  -99.0000  -99.0000  -99.0000 
1990 8 25 0  -99.0000  -99.0000  -99.0000 
1990 8 26 0  -99.0000  -99.0000  -99.0000 
1990 8 27 0  -99.0000  -99.0000  -99.0000 
1990 8 28 0  -99.0000  -99.0000  -99.0000 
1990 8 29 0  -99.0000  -99.0000  -99.0000 
1990 8 30 0  -99.0000  -99.0000  -99.0000 
1990 8 31 0  -99.0000  -99.0000  -99.0000 
1990 9 1 0  -99.0000  -99.0000  -99.0000 
1990 9 2 0  -99.0000  -99.0000  -99.0000 
1990 9 3 0  -99.0000  -99.0000  -99.0000 
1990 9 4 0  -99.0000  -99.0000  -99.0000 
1990 9 5 0  -99.0000  -99.0000  -99.0000 
1990 9 6 0  -99.0000  -99.0000  -99.0000 
1990 9 7 0  -99.0000  -99.0000  -99.0000 
1990 9 8 0  -99.0000  -99.0000  -99.0000 
1990 9 9 0  -99.0000  -99.0000  -99.0000 
1990 9 10 0  -99.0000  -99.0000  -99.0000 
1990 9 11 0  -99.0000  -99.0000  -99.0000 
1990 9 12 0  -99.0000  -99.0000  -99.0000 
1990 9 13 0  -99.0000  -99.0000  -99.0000 
1990 9 14 0  -99.0000  -99.0000  -99.0000 
1990 9 15 0  -99.0000  -99.0000  -99.0000 
1990 9 16 0  -99.0000  -99.0000  -99.0000 
1990 9 17 0  -99.0000  -99.0000  -99.0000 
1990 9 18 0  -99.0000  -99.0000  -99.0000 
1990 9 19 0  -99.0000  -99.0000  -99.0000 
1990 9 20 0  -99.0000  -99.0000  -99.0000 
1990 9 21 0  -99.0000  -99.0000  -99.0000 
1990 9 22 0  -99.0000  -99.0000  -99.0000 
1990 9 23 0  -99.0000  -99.0000  -99.0000 
1990 9 24 0  -99.0000  -99.0000  -99.0000 
1990 9 25 0  -99.0000  -99.0000  -99.0000 
1990 9 26 0  -99.0000  -99.0000  -99.0000 
1990 9 27 0  -99.0000  -99.0000  -99.0000 
1990 9 28 0  -99.0000  -99.0000  -99.0000 
1990 9 29 0  -99.0000  -99.0000  -99.0000 
1990 9 30 0  -99.0000  -99.0000  -99.0000 
1990 10 1 0  -99.0000  -99.0000  -99.0000 
1990 10 2 0  -99.0000  -99.0000  -99.0000 
1990 10 3 0  -99.0000  -99.0000  -99.0000 
1990 10 4 0  -99.0000  -99.0000  -99.0000 
1990 10 5 0  -99.0000  -99.0000  -99.0000 
1990 10 6 0  -99.0000  -99.0000  -99.0000 
1990 10 7 0  -99.0000  -99.0000  -99.0000 
1990 10 8 0  -99.0000  -99.0000  -99.0000 
1990 10 9 0  -99.0000  -99.0000  -99.0000 
1990 10 10 0  -99.0000  -99.0000  -99.0000 
1990 10 11 0  -99.0000  -99.0000  -99.0000 
1990 10 12 0  -99.0000  -99.0000  -99.0000 
1990 10 13 0  -99.0000  -99.0000  -99.0000 
1990 10 14 0  -99.0000  -99.0000  -99.0000 
1990 10 15 0  -99.0000  -99.0000  -99.0000 
1990 10 16 0  -99.0000  -99.0000  -99.0000 
1990 10 17 0  -99.0000  -99.0000  -99.0000 
1990 10 18 0  -99.0000  -99.0000  -99.0000 
1990 10 19 0  -99.0000  -99.0000  -99.0000 
1990 10 20 0  -99.0000  -99.0000  -99.0000 
1990 10 21 0  -99.0000  -99.0000  -99.0000 
1990 10 22 0  -99.0000  -99.0000  -99.0000 
1990 10 23 0  -99.0000  -99.0000  -99.0000 
1990 10 24 0  -99.0000  -99.0000  -99.0000 
1990 10 25 0  -99.0000  -99.0000  -99.0000 
1990 10 26 0  -99.0000  -99.0000  -99.0000 
1990 10 27 0  -99.0000  -99.0000  -99.0000 
1990 10 28 0  -99.0000  -99.0000  -99.0000 
1990 10 29 0  -99.0000  -99.0000  -99.0000 
1990 10 30 0  -99.0000  -99.0000  -99.0000 
1990 10 31 0  -99.0000  -99.0000  -99.0000 
1990 11 1 0    0.5241   -1.2217    1.3294 
1990 11 2 0    0.5831   -1.0974    1.2427 
1990 11 3 0    0.6015   -0.9147    1.0948 
1990 11 4 0    0.6007   -0.6530    0.8873 
1990 11 5 0    0.6495   -0.4076    0.7669 
1990 11 6 0    0.6764   -0.1737    0.6983 
1990 11 7 0    0.6870    0.0368    0.6880 
1990 11 8 0    0.7374    0.2529    0.7796 
1990 11 9 0    0.7760    0.4102    0.8777 
1990 11 10 0    0.7439    0.5949    0.9525 
1990 11 11 0    0.6827    0.7993    1.0512 
1990 11 12 0    0.6501    1.0139    1.2044 
1990 11 13 0    0.5830    1.1608    1.2990 
1990 11 14 0    0.4348    1.2484    1.3220 
1990 11 15 0    0.2394    1.2746    1.2969 
1990 11 16 0    0.0581    1.2093    1.2107 
1990 11 17 0   -0.1314    1.1032    1.1110 
1990 11 18 0   -0.3123    0.9667    1.0159 
1990 11 19 0   -0.4559    0.8223    0.9403 
1990 11 20 0   -0.5395    0.6568    0.8500 
1990 11 21 0   -0.6172    0.5328    0.8154 
1990 11 22 0   -0.6741    0.3865    0.7770 
1990 11 23 0   -0.6932    0.2699    0.7439 
1990 11 24 0   -0.6462    0.1723    0.6688 
1990 11 25 0   -0.5806    0.1078    0.5905 
1990 11 26 0   -0.4783    0.0464    0.4806 
1990 11 27 0   -0.3599    0.0506    0.3635 
1990 11 28 0   -0.2806    0.0820    0.2923 
1990 11 29 0   -0.2633    0.1410    0.2987 
1990 11 30 0   -0.3111    0.1607    0.3502 
1990 12 1 0   -0.4232    0.1949    0.4659 
1990 12 2 0   -0.5188    0.1762    0.5479 
1990 12 3 0   -0.6001    0.0879    0.6065 
1990 12 4 0   -0.6615   -0.0494    0.6634 
1990 12 5 0   -0.7294   -0.2230    0.7628 
1990 12 6 0   -0.7515   -0.4266    0.8641 
1990 12 7 0   -0.7351   -0.6312    0.9689 
1990 12 8 0   -0.6939   -0.8119    1.0680 
1990 12 9 0   -0.6141   -0.9218    1.1076 
1990 12 10 0   -0.4598   -0.9667    1.0705 
1990 12 11 0   -0.2938   -1.0051    1.0472 
1990 12 12 0   -0.1618   -1.0061    1.0190 
1990 12 13 0   -0.0319   -0.9414    0.9420 
1990 12 14 0    0.0921   -0.8592    0.8642 
1990 12 15 0    0.2539   -0.7318    0.7746 
1990 12 16 0    0.3785   -0.5227    0.6454 
1990 12 17 0    0.4696   -0.3229    0.5699 
1990 12 18 0    0.5183   -0.1548    0.5409 
1990 12 19 0    0.5408   -0.0105    0.5409 
1990 12 20 0    0.4752    0.1336    0.4936 
1990 12 21 0    0.4094    0.2262    0.4677 
1990 12 22 0    0.2937    0.2844    0.4088 
1990 12 23 0    0.1637    0.3340    0.3719 
1990 12 24 0    0.0394    0.3709    0.3730 
1990 12 25 0   -0.0993    0.3668    0.3800 
1990 12 26 0   -0.2590    0.3470    0.4330 
1990 12 27 0   -0.3944    0.3115    0.5026 
1990 12 28 0   -0.4669    0.2728    0.5407 
1990 12 29 0   -0.5479    0.1851    0.5783 
1990 12 30 0   -0.5597    0.1164    0.5717 
1990 12 31 0   -0.4721    0.0484    0.4745 
1991 1 1 0   -0.3509    0.0059    0.3509 
1991 1 2 0   -0.2588   -0.0643    0.2667 
1991 1 3 0   -0.1312   -0.1384    0.1907 
1991 1 4 0   -0.0117   -0.2277    0.2280 
1991 1 5 0    0.0649   -0.3078    0.3145 
1991 1 6 0    0.1307   -0.3660    0.3886 
1991 1 7 0    0.2078   -0.4112    0.4607 
1991 1 8 0    0.2386   -0.4498    0.5092 
1991 1 9 0    0.2310   -0.4876    0.5395 
1991 1 10 0    0.2189   -0.4969    0.5430 
1991 1 11 0    0.1993   -0.5510    0.5859 
1991 1 12 0    0.0981   -0.6457    0.6531 
1991 1 13 0   -0.0280   -0.7698    0.7704 
1991 1 14 0   -0.1279   -0.8921    0.9012 
1991 1 15 0   -0.2389   -1.0555    1.0822 
1991 1 16 0   -0.3481   -1.2093    1.2584 
1991 1 17 0   -0.3599   -1.3292    1.3771 
1991 1 18 0   -0.2330   -1.3598    1.3796 
1991 1 19 0   -0.0483   -1.3556    1.3564 
1991 1 20 0    0.1708   -1.3274    1.3383 
1991 1 21 0    0.4007   -1.2762    1.3376 
1991 1 22 0    0.5935   -1.1946    1.3339 
1991 1 23 0    0.6738   -1.0800    1.2730 
1991 1 24 0    0.6779   -0.9445    1.1626 
1991 1 25 0    0.6385   -0.7817    1.0093 
1991 1 26 0    0.6057   -0.6273    0.8720 
1991 1 27 0    0.5672   -0.4957    0.7532 
1991 1 28 0    0.5104   -0.3970    0.6467 
1991 1 29 0    0.4649   -0.3266    0.5681 
1991 1 30 0    0.4644   -0.3105    0.5586 
1991 1 31 0    0.4554   -0.2788    0.5340 
1991 2 1 0    0.4540   -0.2130    0.5015 
1991 2 2 0    0.5021   -0.1638    0.5281 
1991 2 3 0    0.5562   -0.1510    0.5764 
1991 2 4 0    0.5577   -0.1461    0.5765 
1991 2 5 0    0.5392   -0.1600    0.5625 
1991 2 6 0    0.4866   -0.1902    0.5225 
1991 2 7 0    0.4066   -0.2120    0.4585 
1991 2 8 0    0.3685   -0.1878    0.4136 
1991 2 9 0    0.3526   -0.1607    0.3875 
1991 2 10 0    0.3486   -0.1558    0.3818 
1991 2 11 0    0.3565   -0.1604    0.3909 
1991 2 12 0    0.3877   -0.1390    0.4119 
1991 2 13 0    0.4104   -0.1140    0.4260 
1991 2 14 0    0.5080   -0.0279    0.5088 
1991 2 15 0    0.6066    0.1106    0.6166 
1991 2 16 0    0.7248    0.2601    0.7700 
1991 2 17 0    0.8348    0.3784    0.9166 
1991 2 18 0    0.9183    0.4917    1.0416 
1991 2 19 0    0.9469    0.6286    1.1365 
1991 2 20 0    0.9432    0.7953    1.2337 
1991 2 21 0    0.9430    0.9347    1.3278 
1991 2 22 0    0.8868    1.0180    1.3501 
1991 2 23 0    0.7454    1.0550    1.2918 
1991 2 24 0    0.5104    1.0027    1.1251 
1991 2 25 0    0.2624    0.8836    0.9217 
1991 2 26 0   -0.0370    0.7807    0.7815 
1991 2 27 0   -0.2960    0.7113    0.7705 
1991 2 28 0   -0.5074    0.6716    0.8417 
1991 3 1 0   -0.6668    0.6266    0.9150 
1991 3 2 0   -0.8124    0.5990    1.0094 
1991 3 3 0   -0.9172    0.5645    1.0770 
1991 3 4 0   -0.9663    0.5194    1.0970 
1991 3 5 0   -0.9695    0.4427    1.0658 
1991 3 6 0   -0.9489    0.3767    1.0210 
1991 3 7 0   -0.8952    0.3101    0.9474 
1991 3 8 0   -0.8087    0.2397    0.8435 
1991 3 9 0   -0.7377    0.1410    0.7510 
1991 3 10 0   -0.6594    0.0079    0.6594 
1991 3 11 0   -0.5673   -0.0891    0.5742 
1991 3 12 0   -0.4026   -0.1502    0.4297 
1991 3 13 0   -0.2738   -0.2061    0.3427 
1991 3 14 0   -0.1722   -0.1894    0.2560 
1991 3 15 0   -0.1303   -0.1052    0.1675 
1991 3 16 0   -0.1447   -0.0143    0.1454 
1991 3 17 0   -0.2008    0.0551    0.2082 
1991 3 18 0   -0.2132    0.1046    0.2375 
1991 3 19 0   -0.2360    0.0747    0.2475 
1991 3 20 0   -0.2290    0.0119    0.2293 
1991 3 21 0   -0.2154   -0.0979    0.2366 
1991 3 22 0   -0.2506   -0.2362    0.3444 
1991 3 23 0   -0.3424   -0.3514    0.4906 
1991 3 24 0   -0.4703   -0.4501    0.6510 
1991 3 25 0   -0.6045   -0.5670    0.8288 
1991 3 26 0   -0.6607   -0.7118    0.9712 
1991 3 27 0   -0.6703   -0.8477    1.0806 
1991 3 28 0   -0.5965   -0.9695    1.1383 
1991 3 29 0   -0.4327   -1.0279    1.1152 
1991 3 30 0   -0.2269   -1.0295    1.0542 
1991 3 31 0   -0.0743   -0.9381    0.9410 
1991 4 1 0    0.0337   -0.8157    0.8164 
1991 4 2 0    0.0779   -0.6794    0.6839 
1991 4 3 0    0.0922   -0.5463    0.5540 
1991 4 4 0    0.0738   -0.4221    0.4285 
1991 4 5 0    0.0538   -0.3635    0.3675 
1991 4 6 0    0.0440   -0.3647    0.3674 
1991 4 7 0    0.0500   -0.3751    0.3784 
1991 4 8 0    0.0695   -0.4142    0.4200 
1991 4 9 0    0.0958   -0.4468    0.4569 
1991 4 10 0    0.1415   -0.4855    0.5056 
1991 4 11 0    0.1900   -0.4551    0.4931 
1991 4 12 0    0.2661   -0.4863    0.5543 
1991 4 13 0    0.3247   -0.5137    0.6078 
1991 4 14 0    0.4013   -0.5371    0.6704 
1991 4 15 0    0.4769   -0.5128    0.7003 
1991 4 16 0    0.5428   -0.5236    0.7542 
1991 4 17 0    0.5525   -0.5037    0.7476 
1991 4 18 0    0.5859   -0.4541    0.7413 
1991 4 19 0    0.6437   -0.3553    0.7353 
1991 4 20 0    0.6804   -0.2450    0.7232 
1991 4 21 0    0.7017   -0.1137    0.7108 
1991 4 22 0    0.6999    0.0072    0.6999 
1991 4 23 0    0.6697    0.1035    0.6776 
1991 4 24 0    0.6184    0.1363    0.6332 
1991 4 25 0    0.5655    0.1940    0.5978 
1991 4 26 0    0.5103    0.2196    0.5555 
1991 4 27 0    0.4852    0.2568    0.5490 
1991 4 28 0    0.4918    0.3032    0.5777 
1991 4 29 0    0.4926    0.3899    0.6282 
1991 4 30 0    0.4657    0.4487    0.6467 
1991 5 1 0  -99.0000  -99.0000  -99.0000 
1991 5 2 0  -99.0000  -99.0000  -99.0000 
1991 5 3 0  -99.0000  -99.0000  -99.0000 
1991 5 4 0  -99.0000  -99.0000  -99.0000 
1991 5 5 0  -99.0000  -99.0000  -99.0000 
1991 5 6 0  -99.0000  -99.0000  -99.0000 
1991 5 7 0  -99.0000  -99.0000  -99.0000 
1991 5 8 0  -99.0000  -99.0000  -99.0000 
1991 5 9 0  -99.0000  -99.0000  -99.0000 
1991 5 10 0  -99.0000  -99.0000  -99.0000 
1991 5 11 0  -99.0000  -99.0000  -99.0000 
1991 5 12 0  -99.0000  -99.0000  -99.0000 
1991 5 13 0  -99.0000  -99.0000  -99.0000 
1991 5 14 0  -99.0000  -99.0000  -99.0000 
1991 5 15 0  -99.0000  -99.0000  -99.0000 
1991 5 16 0  -99.0000  -99.0000  -99.0000 
1991 5 17 0  -99.0000  -99.0000  -99.0000 
1991 5 18 0  -99.0000  -99.0000  -99.0000 
1991 5 19 0  -99.0000  -99.0000  -99.0000 
1991 5 20 0  -99.0000  -99.0000  -99.0000 
1991 5 21 0  -99.0000  -99.0000  -99.0000 
1991 5 22 0  -99.0000  -99.0000  -99.0000 
1991 5 23 0  -99.0000  -99.0000  -99.0000 
1991 5 24 0  -99.0000  -99.0000  -99.0000 
1991 5 25 0  -99.0000  -99.0000  -99.0000 
1991 5 26 0  -99.0000  -99.0000  -99.0000 
1991 5 27 0  -99.0000  -99.0000  -99.0000 
1991 5 28 0  -99.0000  -99.0000  -99.0000 
1991 5 29 0  -99.0000  -99.0000  -99.0000 
1991 5 30 0  -99.0000  -99.0000  -99.0000 
1991 5 31 0  -99.0000  -99.0000  -99.0000 
1991 6 1 0  -99.0000  -99.0000  -99.0000 
1991 6 2 0  -99.0000  -99.0000  -99.0000 
1991 6 3 0  -99.0000  -99.0000  -99.0000 
1991 6 4 0  -99.0000  -99.0000  -99.0000 
1991 6 5 0  -99.0000  -99.0000  -99.0000 
1991 6 6 0  -99.0000  -99.0000  -99.0000 
1991 6 7 0  -99.0000  -99.0000  -99.0000 
1991 6 8 0  -99.0000  -99.0000  -99.0000 
1991 6 9 0  -99.0000  -99.0000  -99.0000 
1991 6 10 0  -99.0000  -99.0000  -99.0000 
1991 6 11 0  -99.0000  -99.0000  -99.0000 
1991 6 12 0  -99.0000  -99.0000  -99.0000 
1991 6 13 0  -99.0000  -99.0000  -99.0000 
1991 6 14 0  -99.0000  -99.0000  -99.0000 
1991 6 15 0  -99.0000  -99.0000  -99.0000 
1991 6 16 0  -99.0000  -99.0000  -99.0000 
1991 6 17 0  -99.0000  -99.0000  -99.0000 
1991 6 18 0  -99.0000  -99.0000  -99.0000 
1991 6 19 0  -99.0000  -99.0000  -99.0000 
1991 6 20 0  -99.0000  -99.0000  -99.0000 
1991 6 21 0  -99.0000  -99.0000  -99.0000 
1991 6 22 0  -99.0000  -99.0000  -99.0000 
1991 6 23 0  -99.0000  -99.0000  -99.0000 
1991 6 24 0  -99.0000  -99.0000  -99.0000 
1991 6 25 0  -99.0000  -99.0000  -99.0000 
1991 6 26 0  -99.0000  -99.0000  -99.0000 
1991 6 27 0  -99.0000  -99.0000  -99.0000 
1991 6 28 0  -99.0000  -99.0000  -99.0000 
1991 6 29 0  -99.0000  -99.0000  -99.0000 
1991 6 30 0  -99.0000  -99.0000  -99.0000 
1991 7 1 0  -99.0000  -99.0000  -99.0000 
1991 7 2 0  -99.0000  -99.0000  -99.0000 
1991 7 3 0  -99.0000  -99.0000  -99.0000 
1991 7 4 0  -99.0000  -99.0000  -99.0000 
1991 7 5 0  -99.0000  -99.0000  -99.0000 
1991 7 6 0  -99.0000  -99.0000  -99.0000 
1991 7 7 0  -99.0000  -99.0000  -99.0000 
1991 7 8 0  -99.0000  -99.0000  -99.0000 
1991 7 9 0  -99.0000  -99.0000  -99.0000 
1991 7 10 0  -99.0000  -99.0000  -99.0000 
1991 7 11 0  -99.0000  -99.0000  -99.0000 
1991 7 12 0  -99.0000  -99.0000  -99.0000 
1991 7 13 0  -99.0000  -99.0000  -99.0000 
1991 7 14 0  -99.0000  -99.0000  -99.0000 
1991 7 15 0  -99.0000  -99.0000  -99.0000 
1991 7 16 0  -99.0000  -99.0000  -99.0000 
1991 7 17 0  -99.0000  -99.0000  -99.0000 
1991 7 18 0  -99.0000  -99.0000  -99.0000 
1991 7 19 0  -99.0000  -99.0000  -99.0000 
1991 7 20 0  -99.0000  -99.0000  -99.0000 
1991 7 21 0  -99.0000  -99.0000  -99.0000 
1991 7 22 0  -99.0000  -99.0000  -99.0000 
1991 7 23 0  -99.0000  -99.0000  -99.0000 
1991 7 24 0  -99.0000  -99.0000  -99.0000 
1991 7 25 0  -99.0000  -99.0000  -99.0000 
1991 7 26 0  -99.0000  -99.0000  -99.0000 
1991 7 27 0  -99.0000  -99.0000  -99.0000 
1991 7 28 0  -99.0000  -99.0000  -99.0000 
1991 7 29 0  -99.0000  -99.0000  -99.0000 
1991 7 30 0  -99.0000  -99.0000  -99.0000 
1991 7 31 0  -99.0000  -99.0000  -99.0000 
1991 8 1 0  -99.0000  -99.0000  -99.0000 
1991 8 2 0  -99.0000  -99.0000  -99.0000 
1991 8 3 0  -99.0000  -99.0000  -99.0000 
1991 8 4 0  -99.0000  -99.0000  -99.0000 
1991 8 5 0  -99.0000  -99.0000  -99.0000 
1991 8 6 0  -99.0000  -99.0000  -99.0000 
1991 8 7 0  -99.0000  -99.0000  -99.0000 
1991 8 8 0  -99.0000  -99.0000  -99.0000 
1991 8 9 0  -99.0000  -99.0000  -99.0000 
1991 8 10 0  -99.0000  -99.0000  -99.0000 
1991 8 11 0  -99.0000  -99.0000  -99.0000 
1991 8 12 0  -99.0000  -99.0000  -99.0000 
1991 8 13 0  -99.0000  -99.0000  -99.0000 
1991 8 14 0  -99.0000  -99.0000  -99.0000 
1991 8 15 0  -99.0000  -99.0000  -99.0000 
1991 8 16 0  -99.0000  -99.0000  -99.0000 
1991 8 17 0  -99.0000  -99.0000  -99.0000 
1991 8 18 0  -99.0000  -99.0000  -99.0000 
1991 8 19 0  -99.0000  -99.0000  -99.0000 
1991 8 20 0  -99.0000  -99.0000  -99.0000 
1991 8 21 0  -99.0000  -99.0000  -99.0000 
1991 8 22 0  -99.0000  -99.0000  -99.0000 
1991 8 23 0  -99.0000  -99.0000  -99.0000 
1991 8 24 0  -99.0000  -99.0000  -99.0000 
1991 8 25 0  -99.0000  -99.0000  -99.0000 
1991 8 26 0  -99.0000  -99.0000  -99.0000 
1991 8 27 0  -99.0000  -99.0000  -99.0000 
1991 8 28 0  -99.0000  -99.0000  -99.0000 
1991 8 29 0  -99.0000  -99.0000  -99.0000 
1991 8 30 0  -99.0000  -99.0000  -99.0000 
1991 8 31 0  -99.0000  -99.0000  -99.0000 
1991 9 1 0  -99.0000  -99.0000  -99.0000 
1991 9 2 0  -99.0000  -99.0000  -99.0000 
1991 9 3 0  -99.0000  -99.0000  -99.0000 
1991 9 4 0  -99.0000  -99.0000  -99.0000 
1991 9 5 0  -99.0000  -99.0000  -99.0000 
1991 9 6 0  -99.0000  -99.0000  -99.0000 
1991 9 7 0  -99.0000  -99.0000  -99.0000 
1991 9 8 0  -99.0000  -99.0000  -99.0000 
1991 9 9 0  -99.0000  -99.0000  -99.0000 
1991 9 10 0  -99.0000  -99.0000  -99.0000 
1991 9 11 0  -99.0000  -99.0000  -99.0000 
1991 9 12 0  -99.0000  -99.0000  -99.0000 
1991 9 13 0  -99.0000  -99.0000  -99.0000 
1991 9 14 0  -99.0000  -99.0000  -99.0000 
1991 9 15 0  -99.0000  -99.0000  -99.0000 
1991 9 16 0  -99.0000  -99.0000  -99.0000 
1991 9 17 0  -99.0000  -99.0000  -99.0000 
1991 9 18 0  -99.0000  -99.0000  -99.0000 
1991 9 19 0  -99.0000  -99.0000  -99.0000 
1991 9 20 0  -99.0000  -99.0000  -99.0000 
1991 9 21 0  -99.0000  -99.0000  -99.0000 
1991 9 22 0  -99.0000  -99.0000  -99.0000 
1991 9 23 0  -99.0000  -99.0000  -99.0000 
1991 9 24 0  -99.0000  -99.0000  -99.0000 
1991 9 25 0  -99.0000  -99.0000  -99.0000 
1991 9 26 0  -99.0000  -99.0000  -99.0000 
1991 9 27 0  -99.0000  -99.0000  -99.0000 
1991 9 28 0  -99.0000  -99.0000  -99.0000 
1991 9 29 0  -99.0000  -99.0000  -99.0000 
1991 9 30 0  -99.0000  -99.0000  -99.0000 
1991 10 1 0  -99.0000  -99.0000  -99.0000 
1991 10 2 0  -99.0000  -99.0000  -99.0000 
1991 10 3 0  -99.0000  -99.0000  -99.0000 
1991 10 4 0  -99.0000  -99.0000  -99.0000 
1991 10 5 0  -99.0000  -99.0000  -99.0000 
1991 10 6 0  -99.0000  -99.0000  -99.0000 
1991 10 7 0  -99.0000  -99.0000  -99.0000 
1991 10 8 0  -99.0000  -99.0000  -99.0000 
1991 10 9 0  -99.0000  -99.0000  -99.0000 
1991 10 10 0  -99.0000  -99.0000  -99.0000 
1991 10 11 0  -99.0000  -99.0000  -99.0000 
1991 10 12 0  -99.0000  -99.0000  -99.0000 
1991 10 13 0  -99.0000  -99.0000  -99.0000 
1991 10 14 0  -99.0000  -99.0000  -99.0000 
1991 10 15 0  -99.0000  -99.0000  -99.0000 
1991 10 16 0  -99.0000  -99.0000  -99.0000 
1991 10 17 0  -99.0000  -99.0000  -99.0000 
1991 10 18 0  -99.0000  -99.0000  -99.0000 
1991 10 19 0  -99.0000  -99.0000  -99.0000 
1991 10 20 0  -99.0000  -99.0000  -99.0000 
1991 10 21 0  -99.0000  -99.0000  -99.0000 
1991 10 22 0  -99.0000  -99.0000  -99.0000 
1991 10 23 0  -99.0000  -99.0000  -99.0000 
1991 10 24 0  -99.0000  -99.0000  -99.0000 
1991 10 25 0  -99.0000  -99.0000  -99.0000 
1991 10 26 0  -99.0000  -99.0000  -99.0000 
1991 10 27 0  -99.0000  -99.0000  -99.0000 
1991 10 28 0  -99.0000  -99.0000  -99.0000 
1991 10 29 0  -99.0000  -99.0000  -99.0000 
1991 10 30 0  -99.0000  -99.0000  -99.0000 
1991 10 31 0  -99.0000  -99.0000  -99.0000 
1991 11 1 0    0.4571    0.3312    0.5645 
1991 11 2 0    0.4003    0.3648    0.5416 
1991 11 3 0    0.3769    0.3529    0.5163 
1991 11 4 0    0.3796    0.3536    0.5188 
1991 11 5 0    0.4054    0.3485    0.5346 
1991 11 6 0    0.3996    0.3616    0.5389 
1991 11 7 0    0.3941    0.4138    0.5715 
1991 11 8 0    0.3939    0.4780    0.6195 
1991 11 9 0    0.3801    0.5397    0.6601 
1991 11 10 0    0.3296    0.5762    0.6638 
1991 11 11 0    0.2704    0.5963    0.6547 
1991 11 12 0    0.1748    0.5791    0.6049 
1991 11 13 0    0.0668    0.5433    0.5474 
1991 11 14 0   -0.0118    0.4860    0.4861 
1991 11 15 0   -0.0799    0.4206    0.4281 
1991 11 16 0   -0.1274    0.3297    0.3535 
1991 11 17 0   -0.1328    0.2198    0.2568 
1991 11 18 0   -0.1087    0.1224    0.1637 
1991 11 19 0   -0.0715    0.0234    0.0752 
1991 11 20 0    0.0275   -0.0473    0.0547 
1991 11 21 0    0.1892   -0.0646    0.1999 
1991 11 22 0    0.3742   -0.0053    0.3743 
1991 11 23 0    0.5386    0.0889    0.5459 
1991 11 24 0    0.6387    0.2438    0.6836 
1991 11 25 0    0.6693    0.3849    0.7721 
1991 11 26 0    0.6012    0.5139    0.7909 
1991 11 27 0    0.4650    0.5697    0.7354 
1991 11 28 0    0.3005    0.5990    0.6702 
1991 11 29 0    0.1189    0.5736    0.5858 
1991 11 30 0   -0.0712    0.5292    0.5339 
1991 12 1 0   -0.2010    0.4699    0.5111 
1991 12 2 0   -0.2628    0.4604    0.5301 
1991 12 3 0   -0.2825    0.4586    0.5386 
1991 12 4 0   -0.2466    0.4566    0.5189 
1991 12 5 0   -0.1783    0.4912    0.5226 
1991 12 6 0   -0.1162    0.5688    0.5805 
1991 12 7 0   -0.1237    0.6273    0.6393 
1991 12 8 0   -0.1534    0.6716    0.6889 
1991 12 9 0   -0.2333    0.6954    0.7335 
1991 12 10 0   -0.3632    0.6608    0.7540 
1991 12 11 0   -0.5312    0.5281    0.7490 
1991 12 12 0   -0.6662    0.3411    0.7485 
1991 12 13 0   -0.7806    0.0984    0.7868 
1991 12 14 0   -0.8414   -0.1472    0.8541 
1991 12 15 0   -0.8239   -0.3958    0.9140 
1991 12 16 0   -0.7491   -0.6406    0.9856 
1991 12 17 0   -0.6284   -0.9054    1.1021 
1991 12 18 0   -0.4547   -1.1561    1.2423 
1991 12 19 0   -0.2462   -1.4013    1.4228 
1991 12 20 0    0.0086   -1.6104    1.6104 
1991 12 21 0    0.2590   -1.7576    1.7766 
1991 12 22 0    0.4756   -1.8051    1.8667 
1991 12 23 0    0.6290   -1.7628    1.8717 
1991 12 24 0    0.7763   -1.6631    1.8354 
1991 12 25 0    0.8062   -1.5304    1.7297 
1991 12 26 0    0.8034   -1.3238    1.5485 
1991 12 27 0    0.8236   -1.1113    1.3833 
1991 12 28 0    0.8462   -0.8948    1.2315 
1991 12 29 0    0.7915   -0.6397    1.0177 
1991 12 30 0    0.7273   -0.3678    0.8150 
1991 12 31 0    0.6444   -0.1639    0.6650 
1992 1 1 0    0.5379    0.0269    0.5386 
1992 1 2 0    0.4805    0.1988    0.5200 
1992 1 3 0    0.4643    0.3566    0.5854 
1992 1 4 0    0.4830    0.5114    0.7034 
1992 1 5 0    0.4910    0.6342    0.8020 
1992 1 6 0    0.4532    0.7544    0.8801 
1992 1 7 0    0.3697    0.9010    0.9739 
1992 1 8 0    0.2451    1.0058    1.0352 
1992 1 9 0    0.0650    1.0535    1.0555 
1992 1 10 0   -0.1552    1.0925    1.1034 
1992 1 11 0   -0.3955    1.0715    1.1421 
1992 1 12 0   -0.6440    0.9575    1.1539 
1992 1 13 0   -0.8679    0.8099    1.1871 
1992 1 14 0   -1.0503    0.6586    1.2397 
1992 1 15 0   -1.1759    0.5201    1.2858 
1992 1 16 0   -1.2503    0.3862    1.3086 
1992 1 17 0   -1.3087    0.2735    1.3370 
1992 1 18 0   -1.3199    0.1612    1.3297 
1992 1 19 0   -1.2797    0.0831    1.2824 
1992 1 20 0   -1.2262    0.0171    1.2263 
1992 1 21 0   -1.1684   -0.0469    1.1693 
1992 1 22 0   -1.1423   -0.1149    1.1481 
1992 1 23 0   -1.1822   -0.1369    1.1901 
1992 1 24 0   -1.2690   -0.2092    1.2861 
1992 1 25 0   -1.3578   -0.3341    1.3982 
1992 1 26 0   -1.3915   -0.4579    1.4649 
1992 1 27 0   -1.3604   -0.5982    1.4861 
1992 1 28 0   -1.2439   -0.7608    1.4581 
1992 1 29 0   -1.0764   -0.9102    1.4096 
1992 1 30 0   -0.8410   -0.9833    1.2939 
1992 1 31 0   -0.6622   -1.0154    1.2123 
1992 2 1 0   -0.5347   -1.0202    1.1518 
1992 2 2 0   -0.4403   -1.0241    1.1147 
1992 2 3 0   -0.3538   -0.9838    1.0455 
1992 2 4 0   -0.2632   -0.9147    0.9518 
1992 2 5 0   -0.1605   -0.8606    0.8754 
1992 2 6 0   -0.0542   -0.8121    0.8139 
1992 2 7 0    0.0076   -0.7923    0.7923 
1992 2 8 0    0.0594   -0.7611    0.7634 
1992 2 9 0    0.0878   -0.7767    0.7817 
1992 2 10 0    0.1846   -0.8128    0.8335 
1992 2 11 0    0.3059   -0.8183    0.8736 
1992 2 12 0    0.4138   -0.7628    0.8679 
1992 2 13 0    0.5165   -0.6926    0.8640 
1992 2 14 0    0.6228   -0.5985    0.8638 
1992 2 15 0    0.6664   -0.4906    0.8275 
1992 2 16 0    0.7022   -0.3764    0.7967 
1992 2 17 0    0.7863   -0.2652    0.8298 
1992 2 18 0    0.8988   -0.2121    0.9235 
1992 2 19 0    0.9382   -0.1931    0.9579 
1992 2 20 0    0.9186   -0.1842    0.9369 
1992 2 21 0    0.8539   -0.1782    0.8723 
1992 2 22 0    0.7620   -0.1948    0.7865 
1992 2 23 0    0.6713   -0.2071    0.7025 
1992 2 24 0    0.6169   -0.2188    0.6546 
1992 2 25 0    0.6485   -0.2318    0.6887 
1992 2 26 0    0.7013   -0.2523    0.7453 
1992 2 27 0    0.7642   -0.2433    0.8020 
1992 2 28 0    0.7874   -0.1804    0.8078 
1992 2 29 0    0.8271   -0.0800    0.8310 
1992 3 1 0    0.8484    0.0827    0.8524 
1992 3 2 0    0.8713    0.2784    0.9147 
1992 3 3 0    0.8620    0.4990    0.9960 
1992 3 4 0    0.8087    0.7087    1.0753 
1992 3 5 0    0.6689    0.8885    1.1121 
1992 3 6 0    0.4627    1.0194    1.1195 
1992 3 7 0    0.2130    1.0800    1.1008 
1992 3 8 0   -0.0517    1.0629    1.0641 
1992 3 9 0   -0.3333    1.0002    1.0543 
1992 3 10 0   -0.5776    0.8879    1.0593 
1992 3 11 0   -0.7762    0.7519    1.0807 
1992 3 12 0   -0.8818    0.6422    1.0908 
1992 3 13 0   -0.9225    0.5492    1.0736 
1992 3 14 0   -0.8966    0.4513    1.0038 
1992 3 15 0   -0.8916    0.3847    0.9710 
1992 3 16 0   -0.9594    0.3207    1.0116 
1992 3 17 0   -1.1249    0.2215    1.1465 
1992 3 18 0   -1.2826    0.1172    1.2879 
1992 3 19 0   -1.3933    0.0135    1.3934 
1992 3 20 0   -1.4423   -0.1115    1.4466 
1992 3 21 0   -1.4022   -0.2531    1.4249 
1992 3 22 0   -1.3037   -0.3733    1.3561 
1992 3 23 0   -1.2072   -0.4879    1.3020 
1992 3 24 0   -1.1405   -0.6372    1.3064 
1992 3 25 0   -1.0481   -0.7914    1.3134 
1992 3 26 0   -0.9084   -0.9305    1.3004 
1992 3 27 0   -0.7255   -1.0582    1.2830 
1992 3 28 0   -0.5059   -1.2268    1.3270 
1992 3 29 0   -0.2711   -1.3192    1.3467 
1992 3 30 0   -0.0191   -1.3627    1.3628 
1992 3 31 0    0.2087   -1.3395    1.3557 
1992 4 1 0    0.4073   -1.2469    1.3117 
1992 4 2 0    0.5772   -1.0573    1.2046 
1992 4 3 0    0.7173   -0.8741    1.1308 
1992 4 4 0    0.7706   -0.6901    1.0345 
1992 4 5 0    0.7529   -0.4923    0.8996 
1992 4 6 0    0.7735   -0.3349    0.8429 
1992 4 7 0    0.7770   -0.1649    0.7943 
1992 4 8 0    0.7177   -0.0118    0.7178 
1992 4 9 0    0.6913    0.1661    0.7109 
1992 4 10 0    0.6662    0.3245    0.7410 
1992 4 11 0    0.5862    0.5052    0.7738 
1992 4 12 0    0.4931    0.6420    0.8095 
1992 4 13 0    0.4350    0.7433    0.8612 
1992 4 14 0    0.3352    0.7556    0.8267 
1992 4 15 0    0.2461    0.6955    0.7378 
1992 4 16 0    0.1393    0.5899    0.6061 
1992 4 17 0    0.0190    0.4812    0.4816 
1992 4 18 0   -0.1144    0.4143    0.4298 
1992 4 19 0   -0.2245    0.4030    0.4613 
1992 4 20 0   -0.3614    0.3948    0.5353 
1992 4 21 0   -0.4758    0.3175    0.5721 
1992 4 22 0   -0.5476    0.2177    0.5893 
1992 4 23 0   -0.5683    0.0724    0.5729 
1992 4 24 0   -0.5460   -0.0720    0.5507 
1992 4 25 0   -0.4547   -0.1673    0.4845 
1992 4 26 0   -0.3334   -0.2071    0.3925 
1992 4 27 0   -0.2188   -0.2819    0.3568 
1992 4 28 0   -0.0809   -0.3029    0.3135 
1992 4 29 0    0.0312   -0.3639    0.3652 
1992 4 30 0    0.1232   -0.4391    0.4561 
1992 5 1 0  -99.0000  -99.0000  -99.0000 
1992 5 2 0  -99.0000  -99.0000  -99.0000 
1992 5 3 0  -99.0000  -99.0000  -99.0000 
1992 5 4 0  -99.0000  -99.0000  -99.0000 
1992 5 5 0  -99.0000  -99.0000  -99.0000 
1992 5 6 0  -99.0000  -99.0000  -99.0000 
1992 5 7 0  -99.0000  -99.0000  -99.0000 
1992 5 8 0  -99.0000  -99.0000  -99.0000 
1992 5 9 0  -99.0000  -99.0000  -99.0000 
1992 5 10 0  -99.0000  -99.0000  -99.0000 
1992 5 11 0  -99.0000  -99.0000  -99.0000 
1992 5 12 0  -99.0000  -99.0000  -99.0000 
1992 5 13 0  -99.0000  -99.0000  -99.0000 
1992 5 14 0  -99.0000  -99.0000  -99.0000 
1992 5 15 0  -99.0000  -99.0000  -99.0000 
1992 5 16 0  -99.0000  -99.0000  -99.0000 
1992 5 17 0  -99.0000  -99.0000  -99.0000 
1992 5 18 0  -99.0000  -99.0000  -99.0000 
1992 5 19 0  -99.0000  -99.0000  -99.0000 
1992 5 20 0  -99.0000  -99.0000  -99.0000 
1992 5 21 0  -99.0000  -99.0000  -99.0000 
1992 5 22 0  -99.0000  -99.0000  -99.0000 
1992 5 23 0  -99.0000  -99.0000  -99.0000 
1992 5 24 0  -99.0000  -99.0000  -99.0000 
1992 5 25 0  -99.0000  -99.0000  -99.0000 
1992 5 26 0  -99.0000  -99.0000  -99.0000 
1992 5 27 0  -99.0000  -99.0000  -99.0000 
1992 5 28 0  -99.0000  -99.0000  -99.0000 
1992 5 29 0  -99.0000  -99.0000  -99.0000 
1992 5 30 0  -99.0000  -99.0000  -99.0000 
1992 5 31 0  -99.0000  -99.0000  -99.0000 
1992 6 1 0  -99.0000  -99.0000  -99.0000 
1992 6 2 0  -99.0000  -99.0000  -99.0000 
1992 6 3 0  -99.0000  -99.0000  -99.0000 
1992 6 4 0  -99.0000  -99.0000  -99.0000 
1992 6 5 0  -99.0000  -99.0000  -99.0000 
1992 6 6 0  -99.0000  -99.0000  -99.0000 
1992 6 7 0  -99.0000  -99.0000  -99.0000 
1992 6 8 0  -99.0000  -99.0000  -99.0000 
1992 6 9 0  -99.0000  -99.0000  -99.0000 
1992 6 10 0  -99.0000  -99.0000  -99.0000 
1992 6 11 0  -99.0000  -99.0000  -99.0000 
1992 6 12 0  -99.0000  -99.0000  -99.0000 
1992 6 13 0  -99.0000  -99.0000  -99.0000 
1992 6 14 0  -99.0000  -99.0000  -99.0000 
1992 6 15 0  -99.0000  -99.0000  -99.0000 
1992 6 16 0  -99.0000  -99.0000  -99.0000 
1992 6 17 0  -99.0000  -99.0000  -99.0000 
1992 6 18 0  -99.0000  -99.0000  -99.0000 
1992 6 19 0  -99.0000  -99.0000  -99.0000 
1992 6 20 0  -99.0000  -99.0000  -99.0000 
1992 6 21 0  -99.0000  -99.0000  -99.0000 
1992 6 22 0  -99.0000  -99.0000  -99.0000 
1992 6 23 0  -99.0000  -99.0000  -99.0000 
1992 6 24 0  -99.0000  -99.0000  -99.0000 
1992 6 25 0  -99.0000  -99.0000  -99.0000 
1992 6 26 0  -99.0000  -99.0000  -99.0000 
1992 6 27 0  -99.0000  -99.0000  -99.0000 
1992 6 28 0  -99.0000  -99.0000  -99.0000 
1992 6 29 0  -99.0000  -99.0000  -99.0000 
1992 6 30 0  -99.0000  -99.0000  -99.0000 
1992 7 1 0  -99.0000  -99.0000  -99.0000 
1992 7 2 0  -99.0000  -99.0000  -99.0000 
1992 7 3 0  -99.0000  -99.0000  -99.0000 
1992 7 4 0  -99.0000  -99.0000  -99.0000 
1992 7 5 0  -99.0000  -99.0000  -99.0000 
1992 7 6 0  -99.0000  -99.0000  -99.0000 
1992 7 7 0  -99.0000  -99.0000  -99.0000 
1992 7 8 0  -99.0000  -99.0000  -99.0000 
1992 7 9 0  -99.0000  -99.0000  -99.0000 
1992 7 10 0  -99.0000  -99.0000  -99.0000 
1992 7 11 0  -99.0000  -99.0000  -99.0000 
1992 7 12 0  -99.0000  -99.0000  -99.0000 
1992 7 13 0  -99.0000  -99.0000  -99.0000 
1992 7 14 0  -99.0000  -99.0000  -99.0000 
1992 7 15 0  -99.0000  -99.0000  -99.0000 
1992 7 16 0  -99.0000  -99.0000  -99.0000 
1992 7 17 0  -99.0000  -99.0000  -99.0000 
1992 7 18 0  -99.0000  -99.0000  -99.0000 
1992 7 19 0  -99.0000  -99.0000  -99.0000 
1992 7 20 0  -99.0000  -99.0000  -99.0000 
1992 7 21 0  -99.0000  -99.0000  -99.0000 
1992 7 22 0  -99.0000  -99.0000  -99.0000 
1992 7 23 0  -99.0000  -99.0000  -99.0000 
1992 7 24 0  -99.0000  -99.0000  -99.0000 
1992 7 25 0  -99.0000  -99.0000  -99.0000 
1992 7 26 0  -99.0000  -99.0000  -99.0000 
1992 7 27 0  -99.0000  -99.0000  -99.0000 
1992 7 28 0  -99.0000  -99.0000  -99.0000 
1992 7 29 0  -99.0000  -99.0000  -99.0000 
1992 7 30 0  -99.0000  -99.0000  -99.0000 
1992 7 31 0  -99.0000  -99.0000  -99.0000 
1992 8 1 0  -99.0000  -99.0000  -99.0000 
1992 8 2 0  -99.0000  -99.0000  -99.0000 
1992 8 3 0  -99.0000  -99.0000  -99.0000 
1992 8 4 0  -99.0000  -99.0000  -99.0000 
1992 8 5 0  -99.0000  -99.0000  -99.0000 
1992 8 6 0  -99.0000  -99.0000  -99.0000 
1992 8 7 0  -99.0000  -99.0000  -99.0000 
1992 8 8 0  -99.0000  -99.0000  -99.0000 
1992 8 9 0  -99.0000  -99.0000  -99.0000 
1992 8 10 0  -99.0000  -99.0000  -99.0000 
1992 8 11 0  -99.0000  -99.0000  -99.0000 
1992 8 12 0  -99.0000  -99.0000  -99.0000 
1992 8 13 0  -99.0000  -99.0000  -99.0000 
1992 8 14 0  -99.0000  -99.0000  -99.0000 
1992 8 15 0  -99.0000  -99.0000  -99.0000 
1992 8 16 0  -99.0000  -99.0000  -99.0000 
1992 8 17 0  -99.0000  -99.0000  -99.0000 
1992 8 18 0  -99.0000  -99.0000  -99.0000 
1992 8 19 0  -99.0000  -99.0000  -99.0000 
1992 8 20 0  -99.0000  -99.0000  -99.0000 
1992 8 21 0  -99.0000  -99.0000  -99.0000 
1992 8 22 0  -99.0000  -99.0000  -99.0000 
1992 8 23 0  -99.0000  -99.0000  -99.0000 
1992 8 24 0  -99.0000  -99.0000  -99.0000 
1992 8 25 0  -99.0000  -99.0000  -99.0000 
1992 8 26 0  -99.0000  -99.0000  -99.0000 
1992 8 27 0  -99.0000  -99.0000  -99.0000 
1992 8 28 0  -99.0000  -99.0000  -99.0000 
1992 8 29 0  -99.0000  -99.0000  -99.0000 
1992 8 30 0  -99.0000  -99.0000  -99.0000 
1992 8 31 0  -99.0000  -99.0000  -99.0000 
1992 9 1 0  -99.0000  -99.0000  -99.0000 
1992 9 2 0  -99.0000  -99.0000  -99.0000 
1992 9 3 0  -99.0000  -99.0000  -99.0000 
1992 9 4 0  -99.0000  -99.0000  -99.0000 
1992 9 5 0  -99.0000  -99.0000  -99.0000 
1992 9 6 0  -99.0000  -99.0000  -99.0000 
1992 9 7 0  -99.0000  -99.0000  -99.0000 
1992 9 8 0  -99.0000  -99.0000  -99.0000 
1992 9 9 0  -99.0000  -99.0000  -99.0000 
1992 9 10 0  -99.0000  -99.0000  -99.0000 
1992 9 11 0  -99.0000  -99.0000  -99.0000 
1992 9 12 0  -99.0000  -99.0000  -99.0000 
1992 9 13 0  -99.0000  -99.0000  -99.0000 
1992 9 14 0  -99.0000  -99.0000  -99.0000 
1992 9 15 0  -99.0000  -99.0000  -99.0000 
1992 9 16 0  -99.0000  -99.0000  -99.0000 
1992 9 17 0  -99.0000  -99.0000  -99.0000 
1992 9 18 0  -99.0000  -99.0000  -99.0000 
1992 9 19 0  -99.0000  -99.0000  -99.0000 
1992 9 20 0  -99.0000  -99.0000  -99.0000 
1992 9 21 0  -99.0000  -99.0000  -99.0000 
1992 9 22 0  -99.0000  -99.0000  -99.0000 
1992 9 23 0  -99.0000  -99.0000  -99.0000 
1992 9 24 0  -99.0000  -99.0000  -99.0000 
1992 9 25 0  -99.0000  -99.0000  -99.0000 
1992 9 26 0  -99.0000  -99.0000  -99.0000 
1992 9 27 0  -99.0000  -99.0000  -99.0000 
1992 9 28 0  -99.0000  -99.0000  -99.0000 
1992 9 29 0  -99.0000  -99.0000  -99.0000 
1992 9 30 0  -99.0000  -99.0000  -99.0000 
1992 10 1 0  -99.0000  -99.0000  -99.0000 
1992 10 2 0  -99.0000  -99.0000  -99.0000 
1992 10 3 0  -99.0000  -99.0000  -99.0000 
1992 10 4 0  -99.0000  -99.0000  -99.0000 
1992 10 5 0  -99.0000  -99.0000  -99.0000 
1992 10 6 0  -99.0000  -99.0000  -99.0000 
1992 10 7 0  -99.0000  -99.0000  -99.0000 
1992 10 8 0  -99.0000  -99.0000  -99.0000 
1992 10 9 0  -99.0000  -99.0000  -99.0000 
1992 10 10 0  -99.0000  -99.0000  -99.0000 
1992 10 11 0  -99.0000  -99.0000  -99.0000 
1992 10 12 0  -99.0000  -99.0000  -99.0000 
1992 10 13 0  -99.0000  -99.0000  -99.0000 
1992 10 14 0  -99.0000  -99.0000  -99.0000 
1992 10 15 0  -99.0000  -99.0000  -99.0000 
1992 10 16 0  -99.0000  -99.0000  -99.0000 
1992 10 17 0  -99.0000  -99.0000  -99.0000 
1992 10 18 0  -99.0000  -99.0000  -99.0000 
1992 10 19 0  -99.0000  -99.0000  -99.0000 
1992 10 20 0  -99.0000  -99.0000  -99.0000 
1992 10 21 0  -99.0000  -99.0000  -99.0000 
1992 10 22 0  -99.0000  -99.0000  -99.0000 
1992 10 23 0  -99.0000  -99.0000  -99.0000 
1992 10 24 0  -99.0000  -99.0000  -99.0000 
1992 10 25 0  -99.0000  -99.0000  -99.0000 
1992 10 26 0  -99.0000  -99.0000  -99.0000 
1992 10 27 0  -99.0000  -99.0000  -99.0000 
1992 10 28 0  -99.0000  -99.0000  -99.0000 
1992 10 29 0  -99.0000  -99.0000  -99.0000 
1992 10 30 0  -99.0000  -99.0000  -99.0000 
1992 10 31 0  -99.0000  -99.0000  -99.0000 
1992 11 1 0    0.3137    0.5461    0.6297 
1992 11 2 0    0.1850    0.4356    0.4733 
1992 11 3 0    0.0635    0.3282    0.3343 
1992 11 4 0   -0.0565    0.2308    0.2376 
1992 11 5 0   -0.1277    0.1640    0.2079 
1992 11 6 0   -0.1850    0.1180    0.2195 
1992 11 7 0   -0.2050    0.0489    0.2108 
1992 11 8 0   -0.2335   -0.0401    0.2369 
1992 11 9 0   -0.2731   -0.1663    0.3197 
1992 11 10 0   -0.3462   -0.2961    0.4555 
1992 11 11 0   -0.3878   -0.4111    0.5652 
1992 11 12 0   -0.3643   -0.4830    0.6050 
1992 11 13 0   -0.2714   -0.5303    0.5957 
1992 11 14 0   -0.1799   -0.5363    0.5656 
1992 11 15 0   -0.0339   -0.4382    0.4395 
1992 11 16 0    0.1040   -0.2853    0.3037 
1992 11 17 0    0.1969   -0.1030    0.2222 
1992 11 18 0    0.2468    0.0987    0.2658 
1992 11 19 0    0.2997    0.2585    0.3958 
1992 11 20 0    0.3116    0.3481    0.4672 
1992 11 21 0    0.2775    0.3586    0.4534 
1992 11 22 0    0.2042    0.3013    0.3640 
1992 11 23 0    0.1558    0.2124    0.2634 
1992 11 24 0    0.0871    0.1309    0.1572 
1992 11 25 0    0.0045    0.0279    0.0283 
1992 11 26 0   -0.1269   -0.1165    0.1723 
1992 11 27 0   -0.2327   -0.2919    0.3733 
1992 11 28 0   -0.3548   -0.4441    0.5684 
1992 11 29 0   -0.4094   -0.5401    0.6778 
1992 11 30 0   -0.4055   -0.6056    0.7288 
1992 12 1 0   -0.3086   -0.6236    0.6957 
1992 12 2 0   -0.1980   -0.6011    0.6329 
1992 12 3 0   -0.0678   -0.5520    0.5561 
1992 12 4 0    0.0692   -0.4755    0.4805 
1992 12 5 0    0.1577   -0.3774    0.4090 
1992 12 6 0    0.1871   -0.2824    0.3388 
1992 12 7 0    0.1828   -0.2018    0.2723 
1992 12 8 0    0.1888   -0.1000    0.2136 
1992 12 9 0    0.1472   -0.0386    0.1522 
1992 12 10 0    0.1048   -0.0435    0.1135 
1992 12 11 0    0.0911   -0.0836    0.1237 
1992 12 12 0    0.1248   -0.0937    0.1561 
1992 12 13 0    0.1514   -0.1831    0.2375 
1992 12 14 0    0.1905   -0.2964    0.3523 
1992 12 15 0    0.2317   -0.3775    0.4430 
1992 12 16 0    0.2814   -0.4144    0.5009 
1992 12 17 0    0.3199   -0.4640    0.5636 
1992 12 18 0    0.3120   -0.4548    0.5515 
1992 12 19 0    0.3197   -0.3289    0.4587 
1992 12 20 0    0.3866   -0.1834    0.4279 
1992 12 21 0    0.4688   -0.0064    0.4688 
1992 12 22 0    0.5107    0.2062    0.5507 
1992 12 23 0    0.5166    0.4254    0.6692 
1992 12 24 0    0.4205    0.5355    0.6809 
1992 12 25 0    0.2273    0.6351    0.6745 
1992 12 26 0   -0.0307    0.7523    0.7529 
1992 12 27 0   -0.2540    0.8731    0.9093 
1992 12 28 0   -0.4473    0.9907    1.0870 
1992 12 29 0   -0.5826    1.1674    1.3047 
1992 12 30 0   -0.7281    1.3480    1.5321 
1992 12 31 0   -0.9062    1.4341    1.6964 
1993 1 1 0   -1.1722    1.4124    1.8355 
1993 1 2 0   -1.4419    1.2906    1.9351 
1993 1 3 0   -1.7108    1.0585    2.0118 
1993 1 4 0   -1.9242    0.7050    2.0493 
1993 1 5 0   -2.0052    0.3063    2.0285 
1993 1 6 0   -1.9566   -0.0793    1.9582 
1993 1 7 0   -1.8254   -0.4243    1.8741 
1993 1 8 0   -1.6652   -0.7494    1.8261 
1993 1 9 0   -1.4779   -1.0225    1.7971 
1993 1 10 0   -1.3124   -1.2664    1.8238 
1993 1 11 0   -1.1401   -1.5138    1.8951 
1993 1 12 0   -0.8928   -1.7883    1.9988 
1993 1 13 0   -0.5773   -2.0432    2.1232 
1993 1 14 0   -0.2155   -2.2223    2.2328 
1993 1 15 0    0.1619   -2.3193    2.3250 
1993 1 16 0    0.5261   -2.2929    2.3525 
1993 1 17 0    0.8456   -2.1774    2.3359 
1993 1 18 0    1.1465   -1.9936    2.2997 
1993 1 19 0    1.3922   -1.8022    2.2773 
1993 1 20 0    1.5996   -1.5465    2.2250 
1993 1 21 0    1.7648   -1.2853    2.1832 
1993 1 22 0    1.8049   -0.9765    2.0522 
1993 1 23 0    1.7273   -0.6190    1.8349 
1993 1 24 0    1.6106   -0.2071    1.6239 
1993 1 25 0    1.4526    0.2109    1.4678 
1993 1 26 0    1.2357    0.6034    1.3751 
1993 1 27 0    0.9776    0.9063    1.3331 
1993 1 28 0    0.6965    1.1245    1.3227 
1993 1 29 0    0.4001    1.2892    1.3498 
1993 1 30 0    0.1093    1.3997    1.4040 
1993 1 31 0   -0.1332    1.4383    1.4445 
1993 2 1 0   -0.3356    1.4628    1.5008 
1993 2 2 0   -0.5001    1.5069    1.5877 
1993 2 3 0   -0.5762    1.5224    1.6278 
1993 2 4 0   -0.6133    1.4769    1.5992 
1993 2 5 0   -0.6087    1.4818    1.6020 
1993 2 6 0   -0.5427    1.4679    1.5650 
1993 2 7 0   -0.4725    1.3975    1.4752 
1993 2 8 0   -0.4731    1.2528    1.3391 
1993 2 9 0   -0.4926    1.0862    1.1927 
1993 2 10 0   -0.5023    0.8477    0.9854 
1993 2 11 0   -0.4889    0.6605    0.8217 
1993 2 12 0   -0.4165    0.5310    0.6749 
1993 2 13 0   -0.3334    0.4387    0.5510 
1993 2 14 0   -0.2679    0.3696    0.4565 
1993 2 15 0   -0.2592    0.3430    0.4299 
1993 2 16 0   -0.2644    0.3263    0.4200 
1993 2 17 0   -0.2298    0.3107    0.3864 
1993 2 18 0   -0.1665    0.2988    0.3420 
1993 2 19 0   -0.1104    0.3362    0.3539 
1993 2 20 0   -0.0337    0.3756    0.3772 
1993 2 21 0    0.0524    0.3689    0.3726 
1993 2 22 0    0.1164    0.3477    0.3667 
1993 2 23 0    0.1805    0.3350    0.3805 
1993 2 24 0    0.2869    0.2726    0.3958 
1993 2 25 0    0.3476    0.1990    0.4005 
1993 2 26 0    0.3139    0.1320    0.3405 
1993 2 27 0    0.2547    0.0518    0.2599 
1993 2 28 0    0.1911   -0.0414    0.1956 
1993 3 1 0    0.0629   -0.1320    0.1462 
1993 3 2 0   -0.0020   -0.2505    0.2505 
1993 3 3 0    0.0277   -0.3805    0.3815 
1993 3 4 0    0.0806   -0.5014    0.5078 
1993 3 5 0    0.1582   -0.6122    0.6323 
1993 3 6 0    0.3300   -0.7094    0.7824 
1993 3 7 0    0.5071   -0.7904    0.9391 
1993 3 8 0    0.6562   -0.8146    1.0461 
1993 3 9 0    0.8062   -0.8000    1.1357 
1993 3 10 0    0.8865   -0.7560    1.1650 
1993 3 11 0    0.9205   -0.6957    1.1538 
1993 3 12 0    0.8931   -0.5808    1.0654 
1993 3 13 0    0.7876   -0.4576    0.9109 
1993 3 14 0    0.6415   -0.3197    0.7168 
1993 3 15 0    0.4962   -0.1379    0.5150 
1993 3 16 0    0.3102    0.0478    0.3139 
1993 3 17 0    0.1483    0.2056    0.2535 
1993 3 18 0    0.0218    0.2911    0.2919 
1993 3 19 0   -0.1211    0.2854    0.3101 
1993 3 20 0   -0.2591    0.2063    0.3312 
1993 3 21 0   -0.3619    0.1018    0.3759 
1993 3 22 0   -0.4319   -0.0161    0.4322 
1993 3 23 0   -0.4391   -0.1063    0.4518 
1993 3 24 0   -0.3541   -0.1331    0.3783 
1993 3 25 0   -0.1905   -0.1548    0.2455 
1993 3 26 0    0.0034   -0.1665    0.1665 
1993 3 27 0    0.1975   -0.1412    0.2428 
1993 3 28 0    0.3537   -0.0885    0.3646 
1993 3 29 0    0.4223   -0.0117    0.4224 
1993 3 30 0    0.4601    0.0799    0.4669 
1993 3 31 0    0.5104    0.1883    0.5440 
1993 4 1 0    0.5530    0.2548    0.6089 
1993 4 2 0    0.5700    0.2737    0.6323 
1993 4 3 0    0.6373    0.2492    0.6843 
1993 4 4 0    0.6623    0.2281    0.7004 
1993 4 5 0    0.6718    0.1971    0.7001 
1993 4 6 0    0.6333    0.2080    0.6666 
1993 4 7 0    0.5942    0.2659    0.6510 
1993 4 8 0    0.5632    0.3749    0.6766 
1993 4 9 0    0.5522    0.4877    0.7367 
1993 4 10 0    0.4952    0.5954    0.7744 
1993 4 11 0    0.4203    0.6760    0.7959 
1993 4 12 0    0.3206    0.7166    0.7851 
1993 4 13 0    0.1591    0.7053    0.7231 
1993 4 14 0   -0.0218    0.6951    0.6954 
1993 4 15 0   -0.1725    0.6824    0.7038 
1993 4 16 0   -0.2468    0.6499    0.6952 
1993 4 17 0   -0.2606    0.6205    0.6730 
1993 4 18 0   -0.2309    0.5726    0.6174 
1993 4 19 0   -0.2051    0.4822    0.5240 
1993 4 20 0   -0.1844    0.3980    0.4387 
1993 4 21 0   -0.2032    0.3689    0.4212 
1993 4 22 0   -0.2496    0.3701    0.4464 
1993 4 23 0   -0.3273    0.3164    0.4552 
1993 4 24 0   -0.3888    0.2439    0.4590 
1993 4 25 0   -0.4341    0.1299    0.4531 
1993 4 26 0   -0.4275   -0.0182    0.4279 
1993 4 27 0   -0.3183   -0.1767    0.3641 
1993 4 28 0   -0.1620   -0.2437    0.2926 
1993 4 29 0   -0.0014   -0.2652    0.2652 
1993 4 30 0    0.1229   -0.2622    0.2896 
1993 5 1 0  -99.0000  -99.0000  -99.0000 
1993 5 2 0  -99.0000  -99.0000  -99.0000 
1993 5 3 0  -99.0000  -99.0000  -99.0000 
1993 5 4 0  -99.0000  -99.0000  -99.0000 
1993 5 5 0  -99.0000  -99.0000  -99.0000 
1993 5 6 0  -99.0000  -99.0000  -99.0000 
1993 5 7 0  -99.0000  -99.0000  -99.0000 
1993 5 8 0  -99.0000  -99.0000  -99.0000 
1993 5 9 0  -99.0000  -99.0000  -99.0000 
1993 5 10 0  -99.0000  -99.0000  -99.0000 
1993 5 11 0  -99.0000  -99.0000  -99.0000 
1993 5 12 0  -99.0000  -99.0000  -99.0000 
1993 5 13 0  -99.0000  -99.0000  -99.0000 
1993 5 14 0  -99.0000  -99.0000  -99.0000 
1993 5 15 0  -99.0000  -99.0000  -99.0000 
1993 5 16 0  -99.0000  -99.0000  -99.0000 
1993 5 17 0  -99.0000  -99.0000  -99.0000 
1993 5 18 0  -99.0000  -99.0000  -99.0000 
1993 5 19 0  -99.0000  -99.0000  -99.0000 
1993 5 20 0  -99.0000  -99.0000  -99.0000 
1993 5 21 0  -99.0000  -99.0000  -99.0000 
1993 5 22 0  -99.0000  -99.0000  -99.0000 
1993 5 23 0  -99.0000  -99.0000  -99.0000 
1993 5 24 0  -99.0000  -99.0000  -99.0000 
1993 5 25 0  -99.0000  -99.0000  -99.0000 
1993 5 26 0  -99.0000  -99.0000  -99.0000 
1993 5 27 0  -99.0000  -99.0000  -99.0000 
1993 5 28 0  -99.0000  -99.0000  -99.0000 
1993 5 29 0  -99.0000  -99.0000  -99.0000 
1993 5 30 0  -99.0000  -99.0000  -99.0000 
1993 5 31 0  -99.0000  -99.0000  -99.0000 
1993 6 1 0  -99.0000  -99.0000  -99.0000 
1993 6 2 0  -99.0000  -99.0000  -99.0000 
1993 6 3 0  -99.0000  -99.0000  -99.0000 
1993 6 4 0  -99.0000  -99.0000  -99.0000 
1993 6 5 0  -99.0000  -99.0000  -99.0000 
1993 6 6 0  -99.0000  -99.0000  -99.0000 
1993 6 7 0  -99.0000  -99.0000  -99.0000 
1993 6 8 0  -99.0000  -99.0000  -99.0000 
1993 6 9 0  -99.0000  -99.0000  -99.0000 
1993 6 10 0  -99.0000  -99.0000  -99.0000 
1993 6 11 0  -99.0000  -99.0000  -99.0000 
1993 6 12 0  -99.0000  -99.0000  -99.0000 
1993 6 13 0  -99.0000  -99.0000  -99.0000 
1993 6 14 0  -99.0000  -99.0000  -99.0000 
1993 6 15 0  -99.0000  -99.0000  -99.0000 
1993 6 16 0  -99.0000  -99.0000  -99.0000 
1993 6 17 0  -99.0000  -99.0000  -99.0000 
1993 6 18 0  -99.0000  -99.0000  -99.0000 
1993 6 19 0  -99.0000  -99.0000  -99.0000 
1993 6 20 0  -99.0000  -99.0000  -99.0000 
1993 6 21 0  -99.0000  -99.0000  -99.0000 
1993 6 22 0  -99.0000  -99.0000  -99.0000 
1993 6 23 0  -99.0000  -99.0000  -99.0000 
1993 6 24 0  -99.0000  -99.0000  -99.0000 
1993 6 25 0  -99.0000  -99.0000  -99.0000 
1993 6 26 0  -99.0000  -99.0000  -99.0000 
1993 6 27 0  -99.0000  -99.0000  -99.0000 
1993 6 28 0  -99.0000  -99.0000  -99.0000 
1993 6 29 0  -99.0000  -99.0000  -99.0000 
1993 6 30 0  -99.0000  -99.0000  -99.0000 
1993 7 1 0  -99.0000  -99.0000  -99.0000 
1993 7 2 0  -99.0000  -99.0000  -99.0000 
1993 7 3 0  -99.0000  -99.0000  -99.0000 
1993 7 4 0  -99.0000  -99.0000  -99.0000 
1993 7 5 0  -99.0000  -99.0000  -99.0000 
1993 7 6 0  -99.0000  -99.0000  -99.0000 
1993 7 7 0  -99.0000  -99.0000  -99.0000 
1993 7 8 0  -99.0000  -99.0000  -99.0000 
1993 7 9 0  -99.0000  -99.0000  -99.0000 
1993 7 10 0  -99.0000  -99.0000  -99.0000 
1993 7 11 0  -99.0000  -99.0000  -99.0000 
1993 7 12 0  -99.0000  -99.0000  -99.0000 
1993 7 13 0  -99.0000  -99.0000  -99.0000 
1993 7 14 0  -99.0000  -99.0000  -99.0000 
1993 7 15 0  -99.0000  -99.0000  -99.0000 
1993 7 16 0  -99.0000  -99.0000  -99.0000 
1993 7 17 0  -99.0000  -99.0000  -99.0000 
1993 7 18 0  -99.0000  -99.0000  -99.0000 
1993 7 19 0  -99.0000  -99.0000  -99.0000 
1993 7 20 0  -99.0000  -99.0000  -99.0000 
1993 7 21 0  -99.0000  -99.0000  -99.0000 
1993 7 22 0  -99.0000  -99.0000  -99.0000 
1993 7 23 0  -99.0000  -99.0000  -99.0000 
1993 7 24 0  -99.0000  -99.0000  -99.0000 
1993 7 25 0  -99.0000  -99.0000  -99.0000 
1993 7 26 0  -99.0000  -99.0000  -99.0000 
1993 7 27 0  -99.0000  -99.0000  -99.0000 
1993 7 28 0  -99.0000  -99.0000  -99.0000 
1993 7 29 0  -99.0000  -99.0000  -99.0000 
1993 7 30 0  -99.0000  -99.0000  -99.0000 
1993 7 31 0  -99.0000  -99.0000  -99.0000 
1993 8 1 0  -99.0000  -99.0000  -99.0000 
1993 8 2 0  -99.0000  -99.0000  -99.0000 
1993 8 3 0  -99.0000  -99.0000  -99.0000 
1993 8 4 0  -99.0000  -99.0000  -99.0000 
1993 8 5 0  -99.0000  -99.0000  -99.0000 
1993 8 6 0  -99.0000  -99.0000  -99.0000 
1993 8 7 0  -99.0000  -99.0000  -99.0000 
1993 8 8 0  -99.0000  -99.0000  -99.0000 
1993 8 9 0  -99.0000  -99.0000  -99.0000 
1993 8 10 0  -99.0000  -99.0000  -99.0000 
1993 8 11 0  -99.0000  -99.0000  -99.0000 
1993 8 12 0  -99.0000  -99.0000  -99.0000 
1993 8 13 0  -99.0000  -99.0000  -99.0000 
1993 8 14 0  -99.0000  -99.0000  -99.0000 
1993 8 15 0  -99.0000  -99.0000  -99.0000 
1993 8 16 0  -99.0000  -99.0000  -99.0000 
1993 8 17 0  -99.0000  -99.0000  -99.0000 
1993 8 18 0  -99.0000  -99.0000  -99.0000 
1993 8 19 0  -99.0000  -99.0000  -99.0000 
1993 8 20 0  -99.0000  -99.0000  -99.0000 
1993 8 21 0  -99.0000  -99.0000  -99.0000 
1993 8 22 0  -99.0000  -99.0000  -99.0000 
1993 8 23 0  -99.0000  -99.0000  -99.0000 
1993 8 24 0  -99.0000  -99.0000  -99.0000 
1993 8 25 0  -99.0000  -99.0000  -99.0000 
1993 8 26 0  -99.0000  -99.0000  -99.0000 
1993 8 27 0  -99.0000  -99.0000  -99.0000 
1993 8 28 0  -99.0000  -99.0000  -99.0000 
1993 8 29 0  -99.0000  -99.0000  -99.0000 
1993 8 30 0  -99.0000  -99.0000  -99.0000 
1993 8 31 0  -99.0000  -99.0000  -99.0000 
1993 9 1 0  -99.0000  -99.0000  -99.0000 
1993 9 2 0  -99.0000  -99.0000  -99.0000 
1993 9 3 0  -99.0000  -99.0000  -99.0000 
1993 9 4 0  -99.0000  -99.0000  -99.0000 
1993 9 5 0  -99.0000  -99.0000  -99.0000 
1993 9 6 0  -99.0000  -99.0000  -99.0000 
1993 9 7 0  -99.0000  -99.0000  -99.0000 
1993 9 8 0  -99.0000  -99.0000  -99.0000 
1993 9 9 0  -99.0000  -99.0000  -99.0000 
1993 9 10 0  -99.0000  -99.0000  -99.0000 
1993 9 11 0  -99.0000  -99.0000  -99.0000 
1993 9 12 0  -99.0000  -99.0000  -99.0000 
1993 9 13 0  -99.0000  -99.0000  -99.0000 
1993 9 14 0  -99.0000  -99.0000  -99.0000 
1993 9 15 0  -99.0000  -99.0000  -99.0000 
1993 9 16 0  -99.0000  -99.0000  -99.0000 
1993 9 17 0  -99.0000  -99.0000  -99.0000 
1993 9 18 0  -99.0000  -99.0000  -99.0000 
1993 9 19 0  -99.0000  -99.0000  -99.0000 
1993 9 20 0  -99.0000  -99.0000  -99.0000 
1993 9 21 0  -99.0000  -99.0000  -99.0000 
1993 9 22 0  -99.0000  -99.0000  -99.0000 
1993 9 23 0  -99.0000  -99.0000  -99.0000 
1993 9 24 0  -99.0000  -99.0000  -99.0000 
1993 9 25 0  -99.0000  -99.0000  -99.0000 
1993 9 26 0  -99.0000  -99.0000  -99.0000 
1993 9 27 0  -99.0000  -99.0000  -99.0000 
1993 9 28 0  -99.0000  -99.0000  -99.0000 
1993 9 29 0  -99.0000  -99.0000  -99.0000 
1993 9 30 0  -99.0000  -99.0000  -99.0000 
1993 10 1 0  -99.0000  -99.0000  -99.0000 
1993 10 2 0  -99.0000  -99.0000  -99.0000 
1993 10 3 0  -99.0000  -99.0000  -99.0000 
1993 10 4 0  -99.0000  -99.0000  -99.0000 
1993 10 5 0  -99.0000  -99.0000  -99.0000 
1993 10 6 0  -99.0000  -99.0000  -99.0000 
1993 10 7 0  -99.0000  -99.0000  -99.0000 
1993 10 8 0  -99.0000  -99.0000  -99.0000 
1993 10 9 0  -99.0000  -99.0000  -99.0000 
1993 10 10 0  -99.0000  -99.0000  -99.0000 
1993 10 11 0  -99.0000  -99.0000  -99.0000 
1993 10 12 0  -99.0000  -99.0000  -99.0000 
1993 10 13 0  -99.0000  -99.0000  -99.0000 
1993 10 14 0  -99.0000  -99.0000  -99.0000 
1993 10 15 0  -99.0000  -99.0000  -99.0000 
1993 10 16 0  -99.0000  -99.0000  -99.0000 
1993 10 17 0  -99.0000  -99.0000  -99.0000 
1993 10 18 0  -99.0000  -99.0000  -99.0000 
1993 10 19 0  -99.0000  -99.0000  -99.0000 
1993 10 20 0  -99.0000  -99.0000  -99.0000 
1993 10 21 0  -99.0000  -99.0000  -99.0000 
1993 10 22 0  -99.0000  -99.0000  -99.0000 
1993 10 23 0  -99.0000  -99.0000  -99.0000 
1993 10 24 0  -99.0000  -99.0000  -99.0000 
1993 10 25 0  -99.0000  -99.0000  -99.0000 
1993 10 26 0  -99.0000  -99.0000  -99.0000 
1993 10 27 0  -99.0000  -99.0000  -99.0000 
1993 10 28 0  -99.0000  -99.0000  -99.0000 
1993 10 29 0  -99.0000  -99.0000  -99.0000 
1993 10 30 0  -99.0000  -99.0000  -99.0000 
1993 10 31 0  -99.0000  -99.0000  -99.0000 
1993 11 1 0   -0.6969   -0.7174    1.0002 
1993 11 2 0   -0.5218   -0.9437    1.0784 
1993 11 3 0   -0.3049   -1.1197    1.1605 
1993 11 4 0   -0.0808   -1.2178    1.2205 
1993 11 5 0    0.1011   -1.2284    1.2325 
1993 11 6 0    0.2818   -1.1334    1.1679 
1993 11 7 0    0.4233   -0.9914    1.0780 
1993 11 8 0    0.5508   -0.8128    0.9818 
1993 11 9 0    0.7068   -0.5871    0.9188 
1993 11 10 0    0.8524   -0.3606    0.9256 
1993 11 11 0    0.9521   -0.1722    0.9676 
1993 11 12 0    0.9418   -0.0301    0.9423 
1993 11 13 0    0.8239    0.0662    0.8266 
1993 11 14 0    0.6397    0.0686    0.6433 
1993 11 15 0    0.4599    0.0391    0.4615 
1993 11 16 0    0.2756   -0.0124    0.2759 
1993 11 17 0    0.1363   -0.0664    0.1516 
1993 11 18 0    0.0254   -0.1425    0.1448 
1993 11 19 0   -0.0621   -0.1999    0.2093 
1993 11 20 0   -0.1342   -0.3136    0.3411 
1993 11 21 0   -0.1732   -0.4462    0.4786 
1993 11 22 0   -0.1803   -0.5609    0.5891 
1993 11 23 0   -0.1537   -0.6883    0.7052 
1993 11 24 0   -0.1231   -0.8284    0.8375 
1993 11 25 0   -0.0868   -0.9249    0.9290 
1993 11 26 0   -0.0380   -0.9942    0.9949 
1993 11 27 0    0.0797   -1.0620    1.0650 
1993 11 28 0    0.2009   -1.0966    1.1149 
1993 11 29 0    0.3263   -1.0810    1.1291 
1993 11 30 0    0.4378   -1.0232    1.1129 
1993 12 1 0    0.5696   -0.9632    1.1190 
1993 12 2 0    0.6629   -0.8791    1.1011 
1993 12 3 0    0.7652   -0.7678    1.0840 
1993 12 4 0    0.8779   -0.7166    1.1333 
1993 12 5 0    0.9933   -0.6999    1.2151 
1993 12 6 0    1.0553   -0.6826    1.2568 
1993 12 7 0    1.0909   -0.6853    1.2883 
1993 12 8 0    1.0307   -0.6926    1.2418 
1993 12 9 0    0.9071   -0.6746    1.1304 
1993 12 10 0    0.7686   -0.6242    0.9902 
1993 12 11 0    0.6052   -0.5765    0.8358 
1993 12 12 0    0.4507   -0.4867    0.6633 
1993 12 13 0    0.3628   -0.3926    0.5345 
1993 12 14 0    0.3057   -0.2881    0.4201 
1993 12 15 0    0.2603   -0.2113    0.3353 
1993 12 16 0    0.2874   -0.1452    0.3220 
1993 12 17 0    0.3232   -0.0984    0.3378 
1993 12 18 0    0.3822   -0.0561    0.3863 
1993 12 19 0    0.4095   -0.0176    0.4099 
1993 12 20 0    0.4149    0.0424    0.4171 
1993 12 21 0    0.3585    0.1490    0.3882 
1993 12 22 0    0.2815    0.2482    0.3753 
1993 12 23 0    0.1707    0.3508    0.3902 
1993 12 24 0    0.1168    0.4667    0.4811 
1993 12 25 0    0.1235    0.5702    0.5834 
1993 12 26 0    0.1700    0.6025    0.6260 
1993 12 27 0    0.2478    0.6484    0.6941 
1993 12 28 0    0.3138    0.6879    0.7561 
1993 12 29 0    0.3648    0.6818    0.7733 
1993 12 30 0    0.3404    0.6067    0.6957 
1993 12 31 0    0.2964    0.5101    0.5900 
1994 1 1 0    0.2005    0.3910    0.4394 
1994 1 2 0    0.0855    0.2936    0.3058 
1994 1 3 0   -0.0752    0.2082    0.2213 
1994 1 4 0   -0.2192    0.1537    0.2677 
1994 1 5 0   -0.3956    0.1389    0.4193 
1994 1 6 0   -0.5343    0.1164    0.5468 
1994 1 7 0   -0.6167    0.0637    0.6200 
1994 1 8 0   -0.6615    0.0054    0.6615 
1994 1 9 0   -0.6444   -0.0469    0.6461 
1994 1 10 0   -0.5969   -0.1036    0.6059 
1994 1 11 0   -0.5518   -0.1812    0.5808 
1994 1 12 0   -0.5008   -0.2634    0.5658 
1994 1 13 0   -0.4113   -0.3154    0.5183 
1994 1 14 0   -0.3223   -0.3598    0.4830 
1994 1 15 0   -0.1862   -0.4081    0.4485 
1994 1 16 0   -0.0049   -0.4264    0.4264 
1994 1 17 0    0.1858   -0.4634    0.4992 
1994 1 18 0    0.3530   -0.4523    0.5738 
1994 1 19 0    0.4867   -0.4249    0.6460 
1994 1 20 0    0.5848   -0.3970    0.7069 
1994 1 21 0    0.6272   -0.3541    0.7203 
1994 1 22 0    0.6241   -0.2820    0.6848 
1994 1 23 0    0.5817   -0.2824    0.6467 
1994 1 24 0    0.4709   -0.2816    0.5487 
1994 1 25 0    0.3203   -0.2305    0.3946 
1994 1 26 0    0.1600   -0.2334    0.2829 
1994 1 27 0    0.0139   -0.2941    0.2944 
1994 1 28 0   -0.1512   -0.3783    0.4074 
1994 1 29 0   -0.2905   -0.4863    0.5665 
1994 1 30 0   -0.3810   -0.6660    0.7672 
1994 1 31 0   -0.4668   -0.8358    0.9573 
1994 2 1 0   -0.5241   -0.9809    1.1121 
1994 2 2 0   -0.4912   -1.0969    1.2019 
1994 2 3 0   -0.4196   -1.2012    1.2724 
1994 2 4 0   -0.3384   -1.2635    1.3081 
1994 2 5 0   -0.1836   -1.3454    1.3579 
1994 2 6 0    0.0076   -1.4334    1.4334 
1994 2 7 0    0.1599   -1.5383    1.5466 
1994 2 8 0    0.3084   -1.6371    1.6659 
1994 2 9 0    0.4445   -1.7203    1.7768 
1994 2 10 0    0.5406   -1.7616    1.8426 
1994 2 11 0    0.6177   -1.7393    1.8458 
1994 2 12 0    0.7452   -1.6593    1.8189 
1994 2 13 0    0.8919   -1.5584    1.7956 
1994 2 14 0    1.0945   -1.4241    1.7961 
1994 2 15 0    1.2986   -1.2377    1.7939 
1994 2 16 0    1.4580   -1.0072    1.7721 
1994 2 17 0    1.5067   -0.7517    1.6838 
1994 2 18 0    1.5195   -0.4416    1.5824 
1994 2 19 0    1.4612   -0.1437    1.4683 
1994 2 20 0    1.3314    0.1156    1.3364 
1994 2 21 0    1.1184    0.2865    1.1545 
1994 2 22 0    0.9186    0.4267    1.0129 
1994 2 23 0    0.7426    0.4997    0.8951 
1994 2 24 0    0.5536    0.5001    0.7461 
1994 2 25 0    0.3486    0.4784    0.5919 
1994 2 26 0    0.2075    0.4187    0.4673 
1994 2 27 0    0.0928    0.2665    0.2821 
1994 2 28 0   -0.0159    0.0782    0.0798 
1994 3 1 0   -0.1270   -0.0678    0.1439 
1994 3 2 0   -0.2058   -0.1910    0.2808 
1994 3 3 0   -0.2809   -0.2797    0.3964 
1994 3 4 0   -0.3732   -0.3022    0.4802 
1994 3 5 0   -0.5005   -0.3167    0.5923 
1994 3 6 0   -0.5970   -0.3730    0.7039 
1994 3 7 0   -0.6609   -0.4624    0.8066 
1994 3 8 0   -0.7192   -0.5762    0.9215 
1994 3 9 0   -0.7185   -0.7195    1.0169 
1994 3 10 0   -0.6298   -0.8435    1.0527 
1994 3 11 0   -0.4660   -0.9513    1.0594 
1994 3 12 0   -0.2751   -1.0488    1.0843 
1994 3 13 0   -0.1025   -1.0801    1.0850 
1994 3 14 0    0.0200   -1.0740    1.0741 
1994 3 15 0    0.0877   -1.0089    1.0127 
1994 3 16 0    0.0791   -0.9293    0.9326 
1994 3 17 0   -0.0077   -0.8193    0.8193 
1994 3 18 0   -0.0452   -0.7453    0.7467 
1994 3 19 0   -0.0492   -0.6656    0.6674 
1994 3 20 0   -0.0419   -0.6105    0.6119 
1994 3 21 0   -0.0002   -0.5222    0.5222 
1994 3 22 0    0.0827   -0.4492    0.4567 
1994 3 23 0    0.1132   -0.3655    0.3827 
1994 3 24 0    0.1083   -0.2662    0.2874 
1994 3 25 0    0.0614   -0.1818    0.1919 
1994 3 26 0   -0.0554   -0.1384    0.1491 
1994 3 27 0   -0.1952   -0.1139    0.2260 
1994 3 28 0   -0.3024   -0.0953    0.3171 
1994 3 29 0   -0.3793   -0.1082    0.3944 
1994 3 30 0   -0.3985   -0.1215    0.4167 
1994 3 31 0   -0.3624   -0.1448    0.3902 
1994 4 1 0   -0.2986   -0.1848    0.3512 
1994 4 2 0   -0.1997   -0.1999    0.2826 
1994 4 3 0   -0.0742   -0.2311    0.2427 
1994 4 4 0   -0.0003   -0.2523    0.2523 
1994 4 5 0    0.0448   -0.2207    0.2252 
1994 4 6 0    0.0834   -0.1747    0.1936 
1994 4 7 0    0.0783   -0.1279    0.1499 
1994 4 8 0    0.0366   -0.0879    0.0952 
1994 4 9 0   -0.0133   -0.0891    0.0901 
1994 4 10 0   -0.1010   -0.1218    0.1582 
1994 4 11 0   -0.2384   -0.1134    0.2640 
1994 4 12 0   -0.3971   -0.1419    0.4217 
1994 4 13 0   -0.5253   -0.1436    0.5446 
1994 4 14 0   -0.5936   -0.1049    0.6028 
1994 4 15 0   -0.5739   -0.0806    0.5795 
1994 4 16 0   -0.4678   -0.0662    0.4725 
1994 4 17 0   -0.3303    0.0030    0.3303 
1994 4 18 0   -0.2050    0.1005    0.2283 
1994 4 19 0   -0.0857    0.2001    0.2177 
1994 4 20 0   -0.0323    0.2898    0.2916 
1994 4 21 0   -0.0716    0.3392    0.3467 
1994 4 22 0   -0.1309    0.3050    0.3319 
1994 4 23 0   -0.2008    0.2075    0.2887 
1994 4 24 0   -0.3007    0.0375    0.3030 
1994 4 25 0   -0.3562   -0.1713    0.3952 
1994 4 26 0   -0.3398   -0.3737    0.5051 
1994 4 27 0   -0.2515   -0.5297    0.5863 
1994 4 28 0   -0.1349   -0.6318    0.6460 
1994 4 29 0   -0.0315   -0.6489    0.6496 
1994 4 30 0    0.0544   -0.5552    0.5579 
1994 5 1 0  -99.0000  -99.0000  -99.0000 
1994 5 2 0  -99.0000  -99.0000  -99.0000 
1994 5 3 0  -99.0000  -99.0000  -99.0000 
1994 5 4 0  -99.0000  -99.0000  -99.0000 
1994 5 5 0  -99.0000  -99.0000  -99.0000 
1994 5 6 0  -99.0000  -99.0000  -99.0000 
1994 5 7 0  -99.0000  -99.0000  -99.0000 
1994 5 8 0  -99.0000  -99.0000  -99.0000 
1994 5 9 0  -99.0000  -99.0000  -99.0000 
1994 5 10 0  -99.0000  -99.0000  -99.0000 
1994 5 11 0  -99.0000  -99.0000  -99.0000 
1994 5 12 0  -99.0000  -99.0000  -99.0000 
1994 5 13 0  -99.0000  -99.0000  -99.0000 
1994 5 14 0  -99.0000  -99.0000  -99.0000 
1994 5 15 0  -99.0000  -99.0000  -99.0000 
1994 5 16 0  -99.0000  -99.0000  -99.0000 
1994 5 17 0  -99.0000  -99.0000  -99.0000 
1994 5 18 0  -99.0000  -99.0000  -99.0000 
1994 5 19 0  -99.0000  -99.0000  -99.0000 
1994 5 20 0  -99.0000  -99.0000  -99.0000 
1994 5 21 0  -99.0000  -99.0000  -99.0000 
1994 5 22 0  -99.0000  -99.0000  -99.0000 
1994 5 23 0  -99.0000  -99.0000  -99.0000 
1994 5 24 0  -99.0000  -99.0000  -99.0000 
1994 5 25 0  -99.0000  -99.0000  -99.0000 
1994 5 26 0  -99.0000  -99.0000  -99.0000 
1994 5 27 0  -99.0000  -99.0000  -99.0000 
1994 5 28 0  -99.0000  -99.0000  -99.0000 
1994 5 29 0  -99.0000  -99.0000  -99.0000 
1994 5 30 0  -99.0000  -99.0000  -99.0000 
1994 5 31 0  -99.0000  -99.0000  -99.0000 
1994 6 1 0  -99.0000  -99.0000  -99.0000 
1994 6 2 0  -99.0000  -99.0000  -99.0000 
1994 6 3 0  -99.0000  -99.0000  -99.0000 
1994 6 4 0  -99.0000  -99.0000  -99.0000 
1994 6 5 0  -99.0000  -99.0000  -99.0000 
1994 6 6 0  -99.0000  -99.0000  -99.0000 
1994 6 7 0  -99.0000  -99.0000  -99.0000 
1994 6 8 0  -99.0000  -99.0000  -99.0000 
1994 6 9 0  -99.0000  -99.0000  -99.0000 
1994 6 10 0  -99.0000  -99.0000  -99.0000 
1994 6 11 0  -99.0000  -99.0000  -99.0000 
1994 6 12 0  -99.0000  -99.0000  -99.0000 
1994 6 13 0  -99.0000  -99.0000  -99.0000 
1994 6 14 0  -99.0000  -99.0000  -99.0000 
1994 6 15 0  -99.0000  -99.0000  -99.0000 
1994 6 16 0  -99.0000  -99.0000  -99.0000 
1994 6 17 0  -99.0000  -99.0000  -99.0000 
1994 6 18 0  -99.0000  -99.0000  -99.0000 
1994 6 19 0  -99.0000  -99.0000  -99.0000 
1994 6 20 0  -99.0000  -99.0000  -99.0000 
1994 6 21 0  -99.0000  -99.0000  -99.0000 
1994 6 22 0  -99.0000  -99.0000  -99.0000 
1994 6 23 0  -99.0000  -99.0000  -99.0000 
1994 6 24 0  -99.0000  -99.0000  -99.0000 
1994 6 25 0  -99.0000  -99.0000  -99.0000 
1994 6 26 0  -99.0000  -99.0000  -99.0000 
1994 6 27 0  -99.0000  -99.0000  -99.0000 
1994 6 28 0  -99.0000  -99.0000  -99.0000 
1994 6 29 0  -99.0000  -99.0000  -99.0000 
1994 6 30 0  -99.0000  -99.0000  -99.0000 
1994 7 1 0  -99.0000  -99.0000  -99.0000 
1994 7 2 0  -99.0000  -99.0000  -99.0000 
1994 7 3 0  -99.0000  -99.0000  -99.0000 
1994 7 4 0  -99.0000  -99.0000  -99.0000 
1994 7 5 0  -99.0000  -99.0000  -99.0000 
1994 7 6 0  -99.0000  -99.0000  -99.0000 
1994 7 7 0  -99.0000  -99.0000  -99.0000 
1994 7 8 0  -99.0000  -99.0000  -99.0000 
1994 7 9 0  -99.0000  -99.0000  -99.0000 
1994 7 10 0  -99.0000  -99.0000  -99.0000 
1994 7 11 0  -99.0000  -99.0000  -99.0000 
1994 7 12 0  -99.0000  -99.0000  -99.0000 
1994 7 13 0  -99.0000  -99.0000  -99.0000 
1994 7 14 0  -99.0000  -99.0000  -99.0000 
1994 7 15 0  -99.0000  -99.0000  -99.0000 
1994 7 16 0  -99.0000  -99.0000  -99.0000 
1994 7 17 0  -99.0000  -99.0000  -99.0000 
1994 7 18 0  -99.0000  -99.0000  -99.0000 
1994 7 19 0  -99.0000  -99.0000  -99.0000 
1994 7 20 0  -99.0000  -99.0000  -99.0000 
1994 7 21 0  -99.0000  -99.0000  -99.0000 
1994 7 22 0  -99.0000  -99.0000  -99.0000 
1994 7 23 0  -99.0000  -99.0000  -99.0000 
1994 7 24 0  -99.0000  -99.0000  -99.0000 
1994 7 25 0  -99.0000  -99.0000  -99.0000 
1994 7 26 0  -99.0000  -99.0000  -99.0000 
1994 7 27 0  -99.0000  -99.0000  -99.0000 
1994 7 28 0  -99.0000  -99.0000  -99.0000 
1994 7 29 0  -99.0000  -99.0000  -99.0000 
1994 7 30 0  -99.0000  -99.0000  -99.0000 
1994 7 31 0  -99.0000  -99.0000  -99.0000 
1994 8 1 0  -99.0000  -99.0000  -99.0000 
1994 8 2 0  -99.0000  -99.0000  -99.0000 
1994 8 3 0  -99.0000  -99.0000  -99.0000 
1994 8 4 0  -99.0000  -99.0000  -99.0000 
1994 8 5 0  -99.0000  -99.0000  -99.0000 
1994 8 6 0  -99.0000  -99.0000  -99.0000 
1994 8 7 0  -99.0000  -99.0000  -99.0000 
1994 8 8 0  -99.0000  -99.0000  -99.0000 
1994 8 9 0  -99.0000  -99.0000  -99.0000 
1994 8 10 0  -99.0000  -99.0000  -99.0000 
1994 8 11 0  -99.0000  -99.0000  -99.0000 
1994 8 12 0  -99.0000  -99.0000  -99.0000 
1994 8 13 0  -99.0000  -99.0000  -99.0000 
1994 8 14 0  -99.0000  -99.0000  -99.0000 
1994 8 15 0  -99.0000  -99.0000  -99.0000 
1994 8 16 0  -99.0000  -99.0000  -99.0000 
1994 8 17 0  -99.0000  -99.0000  -99.0000 
1994 8 18 0  -99.0000  -99.0000  -99.0000 
1994 8 19 0  -99.0000  -99.0000  -99.0000 
1994 8 20 0  -99.0000  -99.0000  -99.0000 
1994 8 21 0  -99.0000  -99.0000  -99.0000 
1994 8 22 0  -99.0000  -99.0000  -99.0000 
1994 8 23 0  -99.0000  -99.0000  -99.0000 
1994 8 24 0  -99.0000  -99.0000  -99.0000 
1994 8 25 0  -99.0000  -99.0000  -99.0000 
1994 8 26 0  -99.0000  -99.0000  -99.0000 
1994 8 27 0  -99.0000  -99.0000  -99.0000 
1994 8 28 0  -99.0000  -99.0000  -99.0000 
1994 8 29 0  -99.0000  -99.0000  -99.0000 
1994 8 30 0  -99.0000  -99.0000  -99.0000 
1994 8 31 0  -99.0000  -99.0000  -99.0000 
1994 9 1 0  -99.0000  -99.0000  -99.0000 
1994 9 2 0  -99.0000  -99.0000  -99.0000 
1994 9 3 0  -99.0000  -99.0000  -99.0000 
1994 9 4 0  -99.0000  -99.0000  -99.0000 
1994 9 5 0  -99.0000  -99.0000  -99.0000 
1994 9 6 0  -99.0000  -99.0000  -99.0000 
1994 9 7 0  -99.0000  -99.0000  -99.0000 
1994 9 8 0  -99.0000  -99.0000  -99.0000 
1994 9 9 0  -99.0000  -99.0000  -99.0000 
1994 9 10 0  -99.0000  -99.0000  -99.0000 
1994 9 11 0  -99.0000  -99.0000  -99.0000 
1994 9 12 0  -99.0000  -99.0000  -99.0000 
1994 9 13 0  -99.0000  -99.0000  -99.0000 
1994 9 14 0  -99.0000  -99.0000  -99.0000 
1994 9 15 0  -99.0000  -99.0000  -99.0000 
1994 9 16 0  -99.0000  -99.0000  -99.0000 
1994 9 17 0  -99.0000  -99.0000  -99.0000 
1994 9 18 0  -99.0000  -99.0000  -99.0000 
1994 9 19 0  -99.0000  -99.0000  -99.0000 
1994 9 20 0  -99.0000  -99.0000  -99.0000 
1994 9 21 0  -99.0000  -99.0000  -99.0000 
1994 9 22 0  -99.0000  -99.0000  -99.0000 
1994 9 23 0  -99.0000  -99.0000  -99.0000 
1994 9 24 0  -99.0000  -99.0000  -99.0000 
1994 9 25 0  -99.0000  -99.0000  -99.0000 
1994 9 26 0  -99.0000  -99.0000  -99.0000 
1994 9 27 0  -99.0000  -99.0000  -99.0000 
1994 9 28 0  -99.0000  -99.0000  -99.0000 
1994 9 29 0  -99.0000  -99.0000  -99.0000 
1994 9 30 0  -99.0000  -99.0000  -99.0000 
1994 10 1 0  -99.0000  -99.0000  -99.0000 
1994 10 2 0  -99.0000  -99.0000  -99.0000 
1994 10 3 0  -99.0000  -99.0000  -99.0000 
1994 10 4 0  -99.0000  -99.0000  -99.0000 
1994 10 5 0  -99.0000  -99.0000  -99.0000 
1994 10 6 0  -99.0000  -99.0000  -99.0000 
1994 10 7 0  -99.0000  -99.0000  -99.0000 
1994 10 8 0  -99.0000  -99.0000  -99.0000 
1994 10 9 0  -99.0000  -99.0000  -99.0000 
1994 10 10 0  -99.0000  -99.0000  -99.0000 
1994 10 11 0  -99.0000  -99.0000  -99.0000 
1994 10 12 0  -99.0000  -99.0000  -99.0000 
1994 10 13 0  -99.0000  -99.0000  -99.0000 
1994 10 14 0  -99.0000  -99.0000  -99.0000 
1994 10 15 0  -99.0000  -99.0000  -99.0000 
1994 10 16 0  -99.0000  -99.0000  -99.0000 
1994 10 17 0  -99.0000  -99.0000  -99.0000 
1994 10 18 0  -99.0000  -99.0000  -99.0000 
1994 10 19 0  -99.0000  -99.0000  -99.0000 
1994 10 20 0  -99.0000  -99.0000  -99.0000 
1994 10 21 0  -99.0000  -99.0000  -99.0000 
1994 10 22 0  -99.0000  -99.0000  -99.0000 
1994 10 23 0  -99.0000  -99.0000  -99.0000 
1994 10 24 0  -99.0000  -99.0000  -99.0000 
1994 10 25 0  -99.0000  -99.0000  -99.0000 
1994 10 26 0  -99.0000  -99.0000  -99.0000 
1994 10 27 0  -99.0000  -99.0000  -99.0000 
1994 10 28 0  -99.0000  -99.0000  -99.0000 
1994 10 29 0  -99.0000  -99.0000  -99.0000 
1994 10 30 0  -99.0000  -99.0000  -99.0000 
1994 10 31 0  -99.0000  -99.0000  -99.0000 
1994 11 1 0   -0.7639   -0.0958    0.7699 
1994 11 2 0   -0.8712   -0.1655    0.8868 
1994 11 3 0   -0.9601   -0.2542    0.9931 
1994 11 4 0   -1.0388   -0.3096    1.0840 
1994 11 5 0   -1.0779   -0.3559    1.1351 
1994 11 6 0   -1.1026   -0.4129    1.1774 
1994 11 7 0   -1.1099   -0.4565    1.2002 
1994 11 8 0   -1.0720   -0.4974    1.1818 
1994 11 9 0   -0.9713   -0.5956    1.1394 
1994 11 10 0   -0.8653   -0.6571    1.0865 
1994 11 11 0   -0.7533   -0.6843    1.0177 
1994 11 12 0   -0.6050   -0.7000    0.9252 
1994 11 13 0   -0.4232   -0.6905    0.8099 
1994 11 14 0   -0.3108   -0.6317    0.7040 
1994 11 15 0   -0.2591   -0.5622    0.6191 
1994 11 16 0   -0.2580   -0.4705    0.5366 
1994 11 17 0   -0.3113   -0.4232    0.5254 
1994 11 18 0   -0.4622   -0.4614    0.6531 
1994 11 19 0   -0.5574   -0.5617    0.7913 
1994 11 20 0   -0.6089   -0.7059    0.9322 
1994 11 21 0   -0.5768   -0.8553    1.0317 
1994 11 22 0   -0.4999   -0.9510    1.0744 
1994 11 23 0   -0.3140   -0.9898    1.0384 
1994 11 24 0   -0.1507   -1.0162    1.0273 
1994 11 25 0    0.0066   -1.0454    1.0454 
1994 11 26 0    0.1407   -1.0678    1.0770 
1994 11 27 0    0.2523   -1.0772    1.1064 
1994 11 28 0    0.3340   -1.0403    1.0926 
1994 11 29 0    0.4400   -0.9074    1.0084 
1994 11 30 0    0.5437   -0.7144    0.8978 
1994 12 1 0    0.6396   -0.5416    0.8381 
1994 12 2 0    0.7096   -0.3657    0.7983 
1994 12 3 0    0.7618   -0.2325    0.7965 
1994 12 4 0    0.7773   -0.1627    0.7941 
1994 12 5 0    0.7719   -0.1152    0.7805 
1994 12 6 0    0.7454   -0.0456    0.7468 
1994 12 7 0    0.7700    0.0346    0.7708 
1994 12 8 0    0.7734    0.1291    0.7841 
1994 12 9 0    0.7368    0.2383    0.7743 
1994 12 10 0    0.6908    0.3608    0.7794 
1994 12 11 0    0.6352    0.4609    0.7848 
1994 12 12 0    0.5543    0.5323    0.7684 
1994 12 13 0    0.4970    0.6124    0.7887 
1994 12 14 0    0.4979    0.7245    0.8791 
1994 12 15 0    0.4573    0.8198    0.9387 
1994 12 16 0    0.3891    0.9468    1.0236 
1994 12 17 0    0.2529    1.0340    1.0645 
1994 12 18 0    0.0385    1.0980    1.0987 
1994 12 19 0   -0.2660    1.1215    1.1526 
1994 12 20 0   -0.5549    1.1136    1.2442 
1994 12 21 0   -0.8568    1.0545    1.3587 
1994 12 22 0   -1.0914    0.9883    1.4724 
1994 12 23 0   -1.2650    0.8681    1.5343 
1994 12 24 0   -1.3294    0.6944    1.4998 
1994 12 25 0   -1.3189    0.4989    1.4101 
1994 12 26 0   -1.2475    0.2662    1.2756 
1994 12 27 0   -1.1658   -0.0137    1.1659 
1994 12 28 0   -1.0326   -0.2561    1.0639 
1994 12 29 0   -0.9207   -0.4489    1.0243 
1994 12 30 0   -0.8058   -0.6271    1.0211 
1994 12 31 0   -0.6935   -0.7537    1.0242 
1995 1 1 0   -0.6348   -0.7833    1.0083 
1995 1 2 0   -0.6214   -0.7783    0.9959 
1995 1 3 0   -0.5669   -0.7426    0.9342 
1995 1 4 0   -0.5363   -0.7201    0.8979 
1995 1 5 0   -0.4892   -0.7050    0.8582 
1995 1 6 0   -0.3854   -0.6894    0.7898 
1995 1 7 0   -0.2533   -0.6886    0.7337 
1995 1 8 0   -0.1707   -0.7461    0.7654 
1995 1 9 0   -0.0724   -0.7954    0.7987 
1995 1 10 0    0.0832   -0.7895    0.7939 
1995 1 11 0    0.2366   -0.8145    0.8482 
1995 1 12 0    0.3724   -0.7969    0.8796 
1995 1 13 0    0.5340   -0.7211    0.8973 
1995 1 14 0    0.6592   -0.6208    0.9055 
1995 1 15 0    0.7213   -0.5855    0.9291 
1995 1 16 0    0.7678   -0.5477    0.9432 
1995 1 17 0    0.8124   -0.5218    0.9655 
1995 1 18 0    0.8367   -0.4750    0.9621 
1995 1 19 0    0.8998   -0.4011    0.9851 
1995 1 20 0    0.9575   -0.2662    0.9938 
1995 1 21 0    1.0248   -0.0795    1.0279 
1995 1 22 0    1.0576    0.0970    1.0620 
1995 1 23 0    1.0767    0.2728    1.1108 
1995 1 24 0    1.0287    0.4406    1.1191 
1995 1 25 0    0.9436    0.5801    1.1077 
1995 1 26 0    0.7482    0.6620    0.9991 
1995 1 27 0    0.5460    0.6809    0.8728 
1995 1 28 0    0.3262    0.6340    0.7130 
1995 1 29 0    0.1195    0.5281    0.5414 
1995 1 30 0   -0.0445    0.3829    0.3855 
1995 1 31 0   -0.1155    0.1844    0.2176 
1995 2 1 0   -0.1526    0.0164    0.1535 
1995 2 2 0   -0.1725   -0.1496    0.2283 
1995 2 3 0   -0.2020   -0.2493    0.3209 
1995 2 4 0   -0.2686   -0.3182    0.4164 
1995 2 5 0   -0.3196   -0.3449    0.4702 
1995 2 6 0   -0.4018   -0.4170    0.5791 
1995 2 7 0   -0.4116   -0.4683    0.6234 
1995 2 8 0   -0.2991   -0.6111    0.6804 
1995 2 9 0   -0.1378   -0.7763    0.7884 
1995 2 10 0    0.0182   -0.9071    0.9072 
1995 2 11 0    0.1985   -0.9580    0.9783 
1995 2 12 0    0.3402   -0.9607    1.0192 
1995 2 13 0    0.3869   -0.8773    0.9588 
1995 2 14 0    0.4054   -0.7414    0.8450 
1995 2 15 0    0.4323   -0.5948    0.7353 
1995 2 16 0    0.4679   -0.4750    0.6668 
1995 2 17 0    0.4381   -0.4366    0.6185 
1995 2 18 0    0.3805   -0.4305    0.5746 
1995 2 19 0    0.3186   -0.4565    0.5567 
1995 2 20 0    0.2208   -0.5243    0.5689 
1995 2 21 0    0.1073   -0.5812    0.5911 
1995 2 22 0    0.0699   -0.6506    0.6543 
1995 2 23 0    0.0893   -0.7334    0.7388 
1995 2 24 0    0.1856   -0.7889    0.8104 
1995 2 25 0    0.3760   -0.8041    0.8877 
1995 2 26 0    0.6174   -0.8109    1.0192 
1995 2 27 0    0.8239   -0.7608    1.1214 
1995 2 28 0    1.0027   -0.6143    1.1760 
1995 3 1 0    1.1417   -0.3787    1.2029 
1995 3 2 0    1.2381   -0.1115    1.2431 
1995 3 3 0    1.2769    0.1819    1.2898 
1995 3 4 0    1.2441    0.5097    1.3444 
1995 3 5 0    1.1472    0.8374    1.4203 
1995 3 6 0    0.9544    1.0067    1.3872 
1995 3 7 0    0.7113    1.0919    1.3031 
1995 3 8 0    0.4425    1.1214    1.2055 
1995 3 9 0    0.1749    1.0947    1.1086 
1995 3 10 0   -0.0584    0.9963    0.9980 
1995 3 11 0   -0.2517    0.8904    0.9253 
1995 3 12 0   -0.3888    0.7870    0.8778 
1995 3 13 0   -0.4655    0.6523    0.8013 
1995 3 14 0   -0.4799    0.5068    0.6979 
1995 3 15 0   -0.4581    0.3287    0.5638 
1995 3 16 0   -0.4206    0.1736    0.4550 
1995 3 17 0   -0.4219    0.0319    0.4231 
1995 3 18 0   -0.4376   -0.0379    0.4392 
1995 3 19 0   -0.4484   -0.1292    0.4667 
1995 3 20 0   -0.4166   -0.2258    0.4738 
1995 3 21 0   -0.3207   -0.3249    0.4565 
1995 3 22 0   -0.2081   -0.4108    0.4605 
1995 3 23 0   -0.0633   -0.5174    0.5213 
1995 3 24 0    0.1241   -0.6126    0.6251 
1995 3 25 0    0.2865   -0.6717    0.7302 
1995 3 26 0    0.4490   -0.6343    0.7771 
1995 3 27 0    0.6365   -0.6121    0.8830 
1995 3 28 0    0.8030   -0.6013    1.0031 
1995 3 29 0    0.9179   -0.6026    1.0980 
1995 3 30 0    0.9920   -0.6011    1.1599 
1995 3 31 0    1.0106   -0.6084    1.1796 
1995 4 1 0    0.9937   -0.5491    1.1353 
1995 4 2 0    0.9588   -0.4625    1.0645 
1995 4 3 0    0.8861   -0.3249    0.9438 
1995 4 4 0    0.8267   -0.1301    0.8368 
1995 4 5 0    0.7817    0.0576    0.7838 
1995 4 6 0    0.7472    0.2173    0.7782 
1995 4 7 0    0.6887    0.3759    0.7846 
1995 4 8 0    0.6183    0.5453    0.8245 
1995 4 9 0    0.4841    0.6976    0.8492 
1995 4 10 0    0.3450    0.8261    0.8952 
1995 4 11 0    0.1741    0.9141    0.9305 
1995 4 12 0   -0.0125    0.9389    0.9390 
1995 4 13 0   -0.1785    0.9183    0.9354 
1995 4 14 0   -0.2839    0.8164    0.8643 
1995 4 15 0   -0.4000    0.6456    0.7595 
1995 4 16 0   -0.5005    0.4582    0.6786 
1995 4 17 0   -0.5472    0.2932    0.6208 
1995 4 18 0   -0.5916    0.1411    0.6082 
1995 4 19 0   -0.6423    0.0005    0.6423 
1995 4 20 0   -0.6952   -0.0993    0.7022 
1995 4 21 0   -0.7661   -0.1219    0.7757 
1995 4 22 0   -0.8600   -0.1135    0.8675 
1995 4 23 0   -0.9445   -0.1114    0.9510 
1995 4 24 0   -0.9902   -0.1169    0.9971 
1995 4 25 0   -1.0228   -0.1536    1.0342 
1995 4 26 0   -1.0247   -0.2298    1.0502 
1995 4 27 0   -1.0015   -0.3258    1.0532 
1995 4 28 0   -0.8982   -0.4313    0.9964 
1995 4 29 0   -0.7936   -0.4992    0.9376 
1995 4 30 0   -0.6916   -0.5798    0.9025 
1995 5 1 0  -99.0000  -99.0000  -99.0000 
1995 5 2 0  -99.0000  -99.0000  -99.0000 
1995 5 3 0  -99.0000  -99.0000  -99.0000 
1995 5 4 0  -99.0000  -99.0000  -99.0000 
1995 5 5 0  -99.0000  -99.0000  -99.0000 
1995 5 6 0  -99.0000  -99.0000  -99.0000 
1995 5 7 0  -99.0000  -99.0000  -99.0000 
1995 5 8 0  -99.0000  -99.0000  -99.0000 
1995 5 9 0  -99.0000  -99.0000  -99.0000 
1995 5 10 0  -99.0000  -99.0000  -99.0000 
1995 5 11 0  -99.0000  -99.0000  -99.0000 
1995 5 12 0  -99.0000  -99.0000  -99.0000 
1995 5 13 0  -99.0000  -99.0000  -99.0000 
1995 5 14 0  -99.0000  -99.0000  -99.0000 
1995 5 15 0  -99.0000  -99.0000  -99.0000 
1995 5 16 0  -99.0000  -99.0000  -99.0000 
1995 5 17 0  -99.0000  -99.0000  -99.0000 
1995 5 18 0  -99.0000  -99.0000  -99.0000 
1995 5 19 0  -99.0000  -99.0000  -99.0000 
1995 5 20 0  -99.0000  -99.0000  -99.0000 
1995 5 21 0  -99.0000  -99.0000  -99.0000 
1995 5 22 0  -99.0000  -99.0000  -99.0000 
1995 5 23 0  -99.0000  -99.0000  -99.0000 
1995 5 24 0  -99.0000  -99.0000  -99.0000 
1995 5 25 0  -99.0000  -99.0000  -99.0000 
1995 5 26 0  -99.0000  -99.0000  -99.0000 
1995 5 27 0  -99.0000  -99.0000  -99.0000 
1995 5 28 0  -99.0000  -99.0000  -99.0000 
1995 5 29 0  -99.0000  -99.0000  -99.0000 
1995 5 30 0  -99.0000  -99.0000  -99.0000 
1995 5 31 0  -99.0000  -99.0000  -99.0000 
1995 6 1 0  -99.0000  -99.0000  -99.0000 
1995 6 2 0  -99.0000  -99.0000  -99.0000 
1995 6 3 0  -99.0000  -99.0000  -99.0000 
1995 6 4 0  -99.0000  -99.0000  -99.0000 
1995 6 5 0  -99.0000  -99.0000  -99.0000 
1995 6 6 0  -99.0000  -99.0000  -99.0000 
1995 6 7 0  -99.0000  -99.0000  -99.0000 
1995 6 8 0  -99.0000  -99.0000  -99.0000 
1995 6 9 0  -99.0000  -99.0000  -99.0000 
1995 6 10 0  -99.0000  -99.0000  -99.0000 
1995 6 11 0  -99.0000  -99.0000  -99.0000 
1995 6 12 0  -99.0000  -99.0000  -99.0000 
1995 6 13 0  -99.0000  -99.0000  -99.0000 
1995 6 14 0  -99.0000  -99.0000  -99.0000 
1995 6 15 0  -99.0000  -99.0000  -99.0000 
1995 6 16 0  -99.0000  -99.0000  -99.0000 
1995 6 17 0  -99.0000  -99.0000  -99.0000 
1995 6 18 0  -99.0000  -99.0000  -99.0000 
1995 6 19 0  -99.0000  -99.0000  -99.0000 
1995 6 20 0  -99.0000  -99.0000  -99.0000 
1995 6 21 0  -99.0000  -99.0000  -99.0000 
1995 6 22 0  -99.0000  -99.0000  -99.0000 
1995 6 23 0  -99.0000  -99.0000  -99.0000 
1995 6 24 0  -99.0000  -99.0000  -99.0000 
1995 6 25 0  -99.0000  -99.0000  -99.0000 
1995 6 26 0  -99.0000  -99.0000  -99.0000 
1995 6 27 0  -99.0000  -99.0000  -99.0000 
1995 6 28 0  -99.0000  -99.0000  -99.0000 
1995 6 29 0  -99.0000  -99.0000  -99.0000 
1995 6 30 0  -99.0000  -99.0000  -99.0000 
1995 7 1 0  -99.0000  -99.0000  -99.0000 
1995 7 2 0  -99.0000  -99.0000  -99.0000 
1995 7 3 0  -99.0000  -99.0000  -99.0000 
1995 7 4 0  -99.0000  -99.0000  -99.0000 
1995 7 5 0  -99.0000  -99.0000  -99.0000 
1995 7 6 0  -99.0000  -99.0000  -99.0000 
1995 7 7 0  -99.0000  -99.0000  -99.0000 
1995 7 8 0  -99.0000  -99.0000  -99.0000 
1995 7 9 0  -99.0000  -99.0000  -99.0000 
1995 7 10 0  -99.0000  -99.0000  -99.0000 
1995 7 11 0  -99.0000  -99.0000  -99.0000 
1995 7 12 0  -99.0000  -99.0000  -99.0000 
1995 7 13 0  -99.0000  -99.0000  -99.0000 
1995 7 14 0  -99.0000  -99.0000  -99.0000 
1995 7 15 0  -99.0000  -99.0000  -99.0000 
1995 7 16 0  -99.0000  -99.0000  -99.0000 
1995 7 17 0  -99.0000  -99.0000  -99.0000 
1995 7 18 0  -99.0000  -99.0000  -99.0000 
1995 7 19 0  -99.0000  -99.0000  -99.0000 
1995 7 20 0  -99.0000  -99.0000  -99.0000 
1995 7 21 0  -99.0000  -99.0000  -99.0000 
1995 7 22 0  -99.0000  -99.0000  -99.0000 
1995 7 23 0  -99.0000  -99.0000  -99.0000 
1995 7 24 0  -99.0000  -99.0000  -99.0000 
1995 7 25 0  -99.0000  -99.0000  -99.0000 
1995 7 26 0  -99.0000  -99.0000  -99.0000 
1995 7 27 0  -99.0000  -99.0000  -99.0000 
1995 7 28 0  -99.0000  -99.0000  -99.0000 
1995 7 29 0  -99.0000  -99.0000  -99.0000 
1995 7 30 0  -99.0000  -99.0000  -99.0000 
1995 7 31 0  -99.0000  -99.0000  -99.0000 
1995 8 1 0  -99.0000  -99.0000  -99.0000 
1995 8 2 0  -99.0000  -99.0000  -99.0000 
1995 8 3 0  -99.0000  -99.0000  -99.0000 
1995 8 4 0  -99.0000  -99.0000  -99.0000 
1995 8 5 0  -99.0000  -99.0000  -99.0000 
1995 8 6 0  -99.0000  -99.0000  -99.0000 
1995 8 7 0  -99.0000  -99.0000  -99.0000 
1995 8 8 0  -99.0000  -99.0000  -99.0000 
1995 8 9 0  -99.0000  -99.0000  -99.0000 
1995 8 10 0  -99.0000  -99.0000  -99.0000 
1995 8 11 0  -99.0000  -99.0000  -99.0000 
1995 8 12 0  -99.0000  -99.0000  -99.0000 
1995 8 13 0  -99.0000  -99.0000  -99.0000 
1995 8 14 0  -99.0000  -99.0000  -99.0000 
1995 8 15 0  -99.0000  -99.0000  -99.0000 
1995 8 16 0  -99.0000  -99.0000  -99.0000 
1995 8 17 0  -99.0000  -99.0000  -99.0000 
1995 8 18 0  -99.0000  -99.0000  -99.0000 
1995 8 19 0  -99.0000  -99.0000  -99.0000 
1995 8 20 0  -99.0000  -99.0000  -99.0000 
1995 8 21 0  -99.0000  -99.0000  -99.0000 
1995 8 22 0  -99.0000  -99.0000  -99.0000 
1995 8 23 0  -99.0000  -99.0000  -99.0000 
1995 8 24 0  -99.0000  -99.0000  -99.0000 
1995 8 25 0  -99.0000  -99.0000  -99.0000 
1995 8 26 0  -99.0000  -99.0000  -99.0000 
1995 8 27 0  -99.0000  -99.0000  -99.0000 
1995 8 28 0  -99.0000  -99.0000  -99.0000 
1995 8 29 0  -99.0000  -99.0000  -99.0000 
1995 8 30 0  -99.0000  -99.0000  -99.0000 
1995 8 31 0  -99.0000  -99.0000  -99.0000 
1995 9 1 0  -99.0000  -99.0000  -99.0000 
1995 9 2 0  -99.0000  -99.0000  -99.0000 
1995 9 3 0  -99.0000  -99.0000  -99.0000 
1995 9 4 0  -99.0000  -99.0000  -99.0000 
1995 9 5 0  -99.0000  -99.0000  -99.0000 
1995 9 6 0  -99.0000  -99.0000  -99.0000 
1995 9 7 0  -99.0000  -99.0000  -99.0000 
1995 9 8 0  -99.0000  -99.0000  -99.0000 
1995 9 9 0  -99.0000  -99.0000  -99.0000 
1995 9 10 0  -99.0000  -99.0000  -99.0000 
1995 9 11 0  -99.0000  -99.0000  -99.0000 
1995 9 12 0  -99.0000  -99.0000  -99.0000 
1995 9 13 0  -99.0000  -99.0000  -99.0000 
1995 9 14 0  -99.0000  -99.0000  -99.0000 
1995 9 15 0  -99.0000  -99.0000  -99.0000 
1995 9 16 0  -99.0000  -99.0000  -99.0000 
1995 9 17 0  -99.0000  -99.0000  -99.0000 
1995 9 18 0  -99.0000  -99.0000  -99.0000 
1995 9 19 0  -99.0000  -99.0000  -99.0000 
1995 9 20 0  -99.0000  -99.0000  -99.0000 
1995 9 21 0  -99.0000  -99.0000  -99.0000 
1995 9 22 0  -99.0000  -99.0000  -99.0000 
1995 9 23 0  -99.0000  -99.0000  -99.0000 
1995 9 24 0  -99.0000  -99.0000  -99.0000 
1995 9 25 0  -99.0000  -99.0000  -99.0000 
1995 9 26 0  -99.0000  -99.0000  -99.0000 
1995 9 27 0  -99.0000  -99.0000  -99.0000 
1995 9 28 0  -99.0000  -99.0000  -99.0000 
1995 9 29 0  -99.0000  -99.0000  -99.0000 
1995 9 30 0  -99.0000  -99.0000  -99.0000 
1995 10 1 0  -99.0000  -99.0000  -99.0000 
1995 10 2 0  -99.0000  -99.0000  -99.0000 
1995 10 3 0  -99.0000  -99.0000  -99.0000 
1995 10 4 0  -99.0000  -99.0000  -99.0000 
1995 10 5 0  -99.0000  -99.0000  -99.0000 
1995 10 6 0  -99.0000  -99.0000  -99.0000 
1995 10 7 0  -99.0000  -99.0000  -99.0000 
1995 10 8 0  -99.0000  -99.0000  -99.0000 
1995 10 9 0  -99.0000  -99.0000  -99.0000 
1995 10 10 0  -99.0000  -99.0000  -99.0000 
1995 10 11 0  -99.0000  -99.0000  -99.0000 
1995 10 12 0  -99.0000  -99.0000  -99.0000 
1995 10 13 0  -99.0000  -99.0000  -99.0000 
1995 10 14 0  -99.0000  -99.0000  -99.0000 
1995 10 15 0  -99.0000  -99.0000  -99.0000 
1995 10 16 0  -99.0000  -99.0000  -99.0000 
1995 10 17 0  -99.0000  -99.0000  -99.0000 
1995 10 18 0  -99.0000  -99.0000  -99.0000 
1995 10 19 0  -99.0000  -99.0000  -99.0000 
1995 10 20 0  -99.0000  -99.0000  -99.0000 
1995 10 21 0  -99.0000  -99.0000  -99.0000 
1995 10 22 0  -99.0000  -99.0000  -99.0000 
1995 10 23 0  -99.0000  -99.0000  -99.0000 
1995 10 24 0  -99.0000  -99.0000  -99.0000 
1995 10 25 0  -99.0000  -99.0000  -99.0000 
1995 10 26 0  -99.0000  -99.0000  -99.0000 
1995 10 27 0  -99.0000  -99.0000  -99.0000 
1995 10 28 0  -99.0000  -99.0000  -99.0000 
1995 10 29 0  -99.0000  -99.0000  -99.0000 
1995 10 30 0  -99.0000  -99.0000  -99.0000 
1995 10 31 0  -99.0000  -99.0000  -99.0000 
1995 11 1 0    0.2843   -0.5704    0.6374 
1995 11 2 0    0.3972   -0.4634    0.6104 
1995 11 3 0    0.4210   -0.4046    0.5840 
1995 11 4 0    0.4109   -0.4474    0.6075 
1995 11 5 0    0.3911   -0.5287    0.6576 
1995 11 6 0    0.3516   -0.5900    0.6868 
1995 11 7 0    0.2866   -0.6390    0.7003 
1995 11 8 0    0.2201   -0.6538    0.6899 
1995 11 9 0    0.1860   -0.6596    0.6853 
1995 11 10 0    0.1519   -0.6382    0.6560 
1995 11 11 0    0.1221   -0.6014    0.6137 
1995 11 12 0    0.1310   -0.5310    0.5470 
1995 11 13 0    0.2136   -0.4833    0.5284 
1995 11 14 0    0.2821   -0.4484    0.5298 
1995 11 15 0    0.3687   -0.4355    0.5706 
1995 11 16 0    0.4715   -0.4536    0.6543 
1995 11 17 0    0.5870   -0.5191    0.7836 
1995 11 18 0    0.6431   -0.5255    0.8305 
1995 11 19 0    0.6923   -0.4670    0.8351 
1995 11 20 0    0.7344   -0.3757    0.8249 
1995 11 21 0    0.7347   -0.2274    0.7691 
1995 11 22 0    0.6860   -0.0477    0.6877 
1995 11 23 0    0.6493    0.1140    0.6592 
1995 11 24 0    0.6295    0.2699    0.6850 
1995 11 25 0    0.5732    0.3660    0.6801 
1995 11 26 0    0.5122    0.4084    0.6551 
1995 11 27 0    0.4679    0.4617    0.6573 
1995 11 28 0    0.4132    0.5146    0.6600 
1995 11 29 0    0.3360    0.5827    0.6727 
1995 11 30 0    0.2338    0.6641    0.7041 
1995 12 1 0    0.1476    0.7112    0.7263 
1995 12 2 0    0.0577    0.7192    0.7215 
1995 12 3 0   -0.0483    0.7257    0.7273 
1995 12 4 0   -0.1209    0.7223    0.7323 
1995 12 5 0   -0.1232    0.7301    0.7404 
1995 12 6 0   -0.1213    0.7890    0.7983 
1995 12 7 0   -0.1552    0.8684    0.8822 
1995 12 8 0   -0.1948    0.9489    0.9686 
1995 12 9 0   -0.2742    0.9870    1.0244 
1995 12 10 0   -0.3495    1.0082    1.0671 
1995 12 11 0   -0.4156    0.9857    1.0698 
1995 12 12 0   -0.4430    0.9464    1.0449 
1995 12 13 0   -0.4748    0.8862    1.0054 
1995 12 14 0   -0.5248    0.8517    1.0004 
1995 12 15 0   -0.6172    0.8286    1.0332 
1995 12 16 0   -0.7091    0.8259    1.0885 
1995 12 17 0   -0.8123    0.7976    1.1384 
1995 12 18 0   -0.8941    0.7824    1.1881 
1995 12 19 0   -0.9452    0.7365    1.1983 
1995 12 20 0   -0.9624    0.6362    1.1537 
1995 12 21 0   -0.9129    0.5629    1.0725 
1995 12 22 0   -0.7736    0.5184    0.9312 
1995 12 23 0   -0.5862    0.4087    0.7146 
1995 12 24 0   -0.3820    0.2928    0.4813 
1995 12 25 0   -0.2353    0.2066    0.3132 
1995 12 26 0   -0.1875    0.1164    0.2207 
1995 12 27 0   -0.2063    0.0237    0.2076 
1995 12 28 0   -0.2202   -0.0292    0.2222 
1995 12 29 0   -0.2436   -0.0219    0.2446 
1995 12 30 0   -0.2671    0.0120    0.2674 
1995 12 31 0   -0.2835    0.0239    0.2845 
1996 1 1 0   -0.2956    0.0710    0.3040 
1996 1 2 0   -0.3207    0.1195    0.3423 
1996 1 3 0   -0.3533    0.1111    0.3703 
1996 1 4 0   -0.3712    0.0862    0.3811 
1996 1 5 0   -0.3042    0.0220    0.3050 
1996 1 6 0   -0.2066   -0.0719    0.2188 
1996 1 7 0   -0.1515   -0.1613    0.2213 
1996 1 8 0   -0.1495   -0.1928    0.2440 
1996 1 9 0   -0.2056   -0.1957    0.2838 
1996 1 10 0   -0.3724   -0.1828    0.4148 
1996 1 11 0   -0.5925   -0.1963    0.6241 
1996 1 12 0   -0.8130   -0.2185    0.8418 
1996 1 13 0   -0.9729   -0.2899    1.0152 
1996 1 14 0   -1.0108   -0.4007    1.0873 
1996 1 15 0   -0.9274   -0.5663    1.0866 
1996 1 16 0   -0.8005   -0.7449    1.0935 
1996 1 17 0   -0.5922   -0.8746    1.0563 
1996 1 18 0   -0.3491   -0.9699    1.0308 
1996 1 19 0   -0.1476   -0.9993    1.0102 
1996 1 20 0    0.0140   -0.9182    0.9183 
1996 1 21 0    0.1828   -0.8100    0.8304 
1996 1 22 0    0.3087   -0.7499    0.8110 
1996 1 23 0    0.4116   -0.6785    0.7936 
1996 1 24 0    0.5260   -0.6545    0.8397 
1996 1 25 0    0.5557   -0.6606    0.8632 
1996 1 26 0    0.5279   -0.6500    0.8374 
1996 1 27 0    0.4904   -0.6452    0.8104 
1996 1 28 0    0.4516   -0.6893    0.8241 
1996 1 29 0    0.4014   -0.7176    0.8222 
1996 1 30 0    0.3887   -0.7638    0.8570 
1996 1 31 0    0.3928   -0.8368    0.9244 
1996 2 1 0    0.3950   -0.8896    0.9734 
1996 2 2 0    0.4343   -0.8773    0.9789 
1996 2 3 0    0.5195   -0.8231    0.9734 
1996 2 4 0    0.6141   -0.7500    0.9694 
1996 2 5 0    0.6923   -0.6617    0.9576 
1996 2 6 0    0.7403   -0.5806    0.9408 
1996 2 7 0    0.6917   -0.5361    0.8751 
1996 2 8 0    0.5898   -0.5299    0.7929 
1996 2 9 0    0.4755   -0.5290    0.7113 
1996 2 10 0    0.3598   -0.4921    0.6096 
1996 2 11 0    0.2388   -0.4630    0.5209 
1996 2 12 0    0.1603   -0.4431    0.4712 
1996 2 13 0    0.0774   -0.4537    0.4602 
1996 2 14 0    0.0038   -0.4914    0.4915 
1996 2 15 0   -0.0892   -0.5684    0.5753 
1996 2 16 0   -0.1614   -0.5985    0.6199 
1996 2 17 0   -0.1950   -0.5834    0.6152 
1996 2 18 0   -0.2036   -0.5141    0.5530 
1996 2 19 0   -0.1587   -0.4360    0.4639 
1996 2 20 0   -0.0509   -0.3297    0.3336 
1996 2 21 0    0.0705   -0.1963    0.2086 
1996 2 22 0    0.1594   -0.0613    0.1708 
1996 2 23 0    0.2274    0.0769    0.2400 
1996 2 24 0    0.2413    0.2290    0.3326 
1996 2 25 0    0.2176    0.4222    0.4750 
1996 2 26 0    0.1753    0.5847    0.6105 
1996 2 27 0    0.1260    0.7317    0.7425 
1996 2 28 0    0.0507    0.8416    0.8432 
1996 2 29 0    0.0035    1.0013    1.0013 
1996 3 1 0   -0.0296    1.1319    1.1323 
1996 3 2 0   -0.0732    1.2378    1.2400 
1996 3 3 0   -0.1097    1.3015    1.3062 
1996 3 4 0   -0.1590    1.3457    1.3550 
1996 3 5 0   -0.2698    1.3394    1.3663 
1996 3 6 0   -0.3932    1.2812    1.3402 
1996 3 7 0   -0.4728    1.2010    1.2907 
1996 3 8 0   -0.5361    1.1158    1.2379 
1996 3 9 0   -0.6016    1.0191    1.1835 
1996 3 10 0   -0.6908    0.8662    1.1079 
1996 3 11 0   -0.8088    0.6500    1.0377 
1996 3 12 0   -0.9907    0.3950    1.0665 
1996 3 13 0   -1.1942    0.1295    1.2012 
1996 3 14 0   -1.3377   -0.1620    1.3475 
1996 3 15 0   -1.3426   -0.4318    1.4104 
1996 3 16 0   -1.2535   -0.6464    1.4104 
1996 3 17 0   -1.0821   -0.8404    1.3701 
1996 3 18 0   -0.8703   -1.0112    1.3341 
1996 3 19 0   -0.6825   -1.1075    1.3009 
1996 3 20 0   -0.5460   -1.1702    1.2913 
1996 3 21 0   -0.5006   -1.2232    1.3217 
1996 3 22 0   -0.4829   -1.2395    1.3302 
1996 3 23 0   -0.4714   -1.2493    1.3353 
1996 3 24 0   -0.3856   -1.2965    1.3527 
1996 3 25 0   -0.2360   -1.3519    1.3723 
1996 3 26 0    0.0082   -1.3455    1.3455 
1996 3 27 0    0.2778   -1.3504    1.3787 
1996 3 28 0    0.5232   -1.3266    1.4261 
1996 3 29 0    0.7157   -1.2342    1.4267 
1996 3 30 0    0.8793   -1.0854    1.3969 
1996 3 31 0    1.0477   -0.9442    1.4104 
1996 4 1 0    1.1918   -0.7250    1.3950 
1996 4 2 0    1.2970   -0.5190    1.3970 
1996 4 3 0    1.3673   -0.3343    1.4076 
1996 4 4 0    1.3570   -0.1490    1.3651 
1996 4 5 0    1.2272    0.0399    1.2279 
1996 4 6 0    1.0433    0.1636    1.0561 
1996 4 7 0    0.8532    0.2721    0.8955 
1996 4 8 0    0.6628    0.3584    0.7535 
1996 4 9 0    0.4986    0.4059    0.6430 
1996 4 10 0    0.3361    0.4048    0.5261 
1996 4 11 0    0.1591    0.3667    0.3998 
1996 4 12 0   -0.0206    0.3221    0.3228 
1996 4 13 0   -0.2024    0.2323    0.3081 
1996 4 14 0   -0.3795    0.1174    0.3972 
1996 4 15 0   -0.4890   -0.0241    0.4896 
1996 4 16 0   -0.5265   -0.1125    0.5384 
1996 4 17 0   -0.4505   -0.2094    0.4968 
1996 4 18 0   -0.3108   -0.2617    0.4063 
1996 4 19 0   -0.1294   -0.3236    0.3485 
1996 4 20 0    0.0614   -0.3388    0.3443 
1996 4 21 0    0.2747   -0.3345    0.4328 
1996 4 22 0    0.4586   -0.3024    0.5493 
1996 4 23 0    0.5999   -0.2856    0.6644 
1996 4 24 0    0.6760   -0.2732    0.7291 
1996 4 25 0    0.7238   -0.2809    0.7764 
1996 4 26 0    0.7632   -0.3524    0.8406 
1996 4 27 0    0.7571   -0.4637    0.8878 
1996 4 28 0    0.7547   -0.5482    0.9328 
1996 4 29 0    0.7531   -0.5817    0.9515 
1996 4 30 0    0.7664   -0.6028    0.9750 
1996 5 1 0  -99.0000  -99.0000  -99.0000 
1996 5 2 0  -99.0000  -99.0000  -99.0000 
1996 5 3 0  -99.0000  -99.0000  -99.0000 
1996 5 4 0  -99.0000  -99.0000  -99.0000 
1996 5 5 0  -99.0000  -99.0000  -99.0000 
1996 5 6 0  -99.0000  -99.0000  -99.0000 
1996 5 7 0  -99.0000  -99.0000  -99.0000 
1996 5 8 0  -99.0000  -99.0000  -99.0000 
1996 5 9 0  -99.0000  -99.0000  -99.0000 
1996 5 10 0  -99.0000  -99.0000  -99.0000 
1996 5 11 0  -99.0000  -99.0000  -99.0000 
1996 5 12 0  -99.0000  -99.0000  -99.0000 
1996 5 13 0  -99.0000  -99.0000  -99.0000 
1996 5 14 0  -99.0000  -99.0000  -99.0000 
1996 5 15 0  -99.0000  -99.0000  -99.0000 
1996 5 16 0  -99.0000  -99.0000  -99.0000 
1996 5 17 0  -99.0000  -99.0000  -99.0000 
1996 5 18 0  -99.0000  -99.0000  -99.0000 
1996 5 19 0  -99.0000  -99.0000  -99.0000 
1996 5 20 0  -99.0000  -99.0000  -99.0000 
1996 5 21 0  -99.0000  -99.0000  -99.0000 
1996 5 22 0  -99.0000  -99.0000  -99.0000 
1996 5 23 0  -99.0000  -99.0000  -99.0000 
1996 5 24 0  -99.0000  -99.0000  -99.0000 
1996 5 25 0  -99.0000  -99.0000  -99.0000 
1996 5 26 0  -99.0000  -99.0000  -99.0000 
1996 5 27 0  -99.0000  -99.0000  -99.0000 
1996 5 28 0  -99.0000  -99.0000  -99.0000 
1996 5 29 0  -99.0000  -99.0000  -99.0000 
1996 5 30 0  -99.0000  -99.0000  -99.0000 
1996 5 31 0  -99.0000  -99.0000  -99.0000 
1996 6 1 0  -99.0000  -99.0000  -99.0000 
1996 6 2 0  -99.0000  -99.0000  -99.0000 
1996 6 3 0  -99.0000  -99.0000  -99.0000 
1996 6 4 0  -99.0000  -99.0000  -99.0000 
1996 6 5 0  -99.0000  -99.0000  -99.0000 
1996 6 6 0  -99.0000  -99.0000  -99.0000 
1996 6 7 0  -99.0000  -99.0000  -99.0000 
1996 6 8 0  -99.0000  -99.0000  -99.0000 
1996 6 9 0  -99.0000  -99.0000  -99.0000 
1996 6 10 0  -99.0000  -99.0000  -99.0000 
1996 6 11 0  -99.0000  -99.0000  -99.0000 
1996 6 12 0  -99.0000  -99.0000  -99.0000 
1996 6 13 0  -99.0000  -99.0000  -99.0000 
1996 6 14 0  -99.0000  -99.0000  -99.0000 
1996 6 15 0  -99.0000  -99.0000  -99.0000 
1996 6 16 0  -99.0000  -99.0000  -99.0000 
1996 6 17 0  -99.0000  -99.0000  -99.0000 
1996 6 18 0  -99.0000  -99.0000  -99.0000 
1996 6 19 0  -99.0000  -99.0000  -99.0000 
1996 6 20 0  -99.0000  -99.0000  -99.0000 
1996 6 21 0  -99.0000  -99.0000  -99.0000 
1996 6 22 0  -99.0000  -99.0000  -99.0000 
1996 6 23 0  -99.0000  -99.0000  -99.0000 
1996 6 24 0  -99.0000  -99.0000  -99.0000 
1996 6 25 0  -99.0000  -99.0000  -99.0000 
1996 6 26 0  -99.0000  -99.0000  -99.0000 
1996 6 27 0  -99.0000  -99.0000  -99.0000 
1996 6 28 0  -99.0000  -99.0000  -99.0000 
1996 6 29 0  -99.0000  -99.0000  -99.0000 
1996 6 30 0  -99.0000  -99.0000  -99.0000 
1996 7 1 0  -99.0000  -99.0000  -99.0000 
1996 7 2 0  -99.0000  -99.0000  -99.0000 
1996 7 3 0  -99.0000  -99.0000  -99.0000 
1996 7 4 0  -99.0000  -99.0000  -99.0000 
1996 7 5 0  -99.0000  -99.0000  -99.0000 
1996 7 6 0  -99.0000  -99.0000  -99.0000 
1996 7 7 0  -99.0000  -99.0000  -99.0000 
1996 7 8 0  -99.0000  -99.0000  -99.0000 
1996 7 9 0  -99.0000  -99.0000  -99.0000 
1996 7 10 0  -99.0000  -99.0000  -99.0000 
1996 7 11 0  -99.0000  -99.0000  -99.0000 
1996 7 12 0  -99.0000  -99.0000  -99.0000 
1996 7 13 0  -99.0000  -99.0000  -99.0000 
1996 7 14 0  -99.0000  -99.0000  -99.0000 
1996 7 15 0  -99.0000  -99.0000  -99.0000 
1996 7 16 0  -99.0000  -99.0000  -99.0000 
1996 7 17 0  -99.0000  -99.0000  -99.0000 
1996 7 18 0  -99.0000  -99.0000  -99.0000 
1996 7 19 0  -99.0000  -99.0000  -99.0000 
1996 7 20 0  -99.0000  -99.0000  -99.0000 
1996 7 21 0  -99.0000  -99.0000  -99.0000 
1996 7 22 0  -99.0000  -99.0000  -99.0000 
1996 7 23 0  -99.0000  -99.0000  -99.0000 
1996 7 24 0  -99.0000  -99.0000  -99.0000 
1996 7 25 0  -99.0000  -99.0000  -99.0000 
1996 7 26 0  -99.0000  -99.0000  -99.0000 
1996 7 27 0  -99.0000  -99.0000  -99.0000 
1996 7 28 0  -99.0000  -99.0000  -99.0000 
1996 7 29 0  -99.0000  -99.0000  -99.0000 
1996 7 30 0  -99.0000  -99.0000  -99.0000 
1996 7 31 0  -99.0000  -99.0000  -99.0000 
1996 8 1 0  -99.0000  -99.0000  -99.0000 
1996 8 2 0  -99.0000  -99.0000  -99.0000 
1996 8 3 0  -99.0000  -99.0000  -99.0000 
1996 8 4 0  -99.0000  -99.0000  -99.0000 
1996 8 5 0  -99.0000  -99.0000  -99.0000 
1996 8 6 0  -99.0000  -99.0000  -99.0000 
1996 8 7 0  -99.0000  -99.0000  -99.0000 
1996 8 8 0  -99.0000  -99.0000  -99.0000 
1996 8 9 0  -99.0000  -99.0000  -99.0000 
1996 8 10 0  -99.0000  -99.0000  -99.0000 
1996 8 11 0  -99.0000  -99.0000  -99.0000 
1996 8 12 0  -99.0000  -99.0000  -99.0000 
1996 8 13 0  -99.0000  -99.0000  -99.0000 
1996 8 14 0  -99.0000  -99.0000  -99.0000 
1996 8 15 0  -99.0000  -99.0000  -99.0000 
1996 8 16 0  -99.0000  -99.0000  -99.0000 
1996 8 17 0  -99.0000  -99.0000  -99.0000 
1996 8 18 0  -99.0000  -99.0000  -99.0000 
1996 8 19 0  -99.0000  -99.0000  -99.0000 
1996 8 20 0  -99.0000  -99.0000  -99.0000 
1996 8 21 0  -99.0000  -99.0000  -99.0000 
1996 8 22 0  -99.0000  -99.0000  -99.0000 
1996 8 23 0  -99.0000  -99.0000  -99.0000 
1996 8 24 0  -99.0000  -99.0000  -99.0000 
1996 8 25 0  -99.0000  -99.0000  -99.0000 
1996 8 26 0  -99.0000  -99.0000  -99.0000 
1996 8 27 0  -99.0000  -99.0000  -99.0000 
1996 8 28 0  -99.0000  -99.0000  -99.0000 
1996 8 29 0  -99.0000  -99.0000  -99.0000 
1996 8 30 0  -99.0000  -99.0000  -99.0000 
1996 8 31 0  -99.0000  -99.0000  -99.0000 
1996 9 1 0  -99.0000  -99.0000  -99.0000 
1996 9 2 0  -99.0000  -99.0000  -99.0000 
1996 9 3 0  -99.0000  -99.0000  -99.0000 
1996 9 4 0  -99.0000  -99.0000  -99.0000 
1996 9 5 0  -99.0000  -99.0000  -99.0000 
1996 9 6 0  -99.0000  -99.0000  -99.0000 
1996 9 7 0  -99.0000  -99.0000  -99.0000 
1996 9 8 0  -99.0000  -99.0000  -99.0000 
1996 9 9 0  -99.0000  -99.0000  -99.0000 
1996 9 10 0  -99.0000  -99.0000  -99.0000 
1996 9 11 0  -99.0000  -99.0000  -99.0000 
1996 9 12 0  -99.0000  -99.0000  -99.0000 
1996 9 13 0  -99.0000  -99.0000  -99.0000 
1996 9 14 0  -99.0000  -99.0000  -99.0000 
1996 9 15 0  -99.0000  -99.0000  -99.0000 
1996 9 16 0  -99.0000  -99.0000  -99.0000 
1996 9 17 0  -99.0000  -99.0000  -99.0000 
1996 9 18 0  -99.0000  -99.0000  -99.0000 
1996 9 19 0  -99.0000  -99.0000  -99.0000 
1996 9 20 0  -99.0000  -99.0000  -99.0000 
1996 9 21 0  -99.0000  -99.0000  -99.0000 
1996 9 22 0  -99.0000  -99.0000  -99.0000 
1996 9 23 0  -99.0000  -99.0000  -99.0000 
1996 9 24 0  -99.0000  -99.0000  -99.0000 
1996 9 25 0  -99.0000  -99.0000  -99.0000 
1996 9 26 0  -99.0000  -99.0000  -99.0000 
1996 9 27 0  -99.0000  -99.0000  -99.0000 
1996 9 28 0  -99.0000  -99.0000  -99.0000 
1996 9 29 0  -99.0000  -99.0000  -99.0000 
1996 9 30 0  -99.0000  -99.0000  -99.0000 
1996 10 1 0  -99.0000  -99.0000  -99.0000 
1996 10 2 0  -99.0000  -99.0000  -99.0000 
1996 10 3 0  -99.0000  -99.0000  -99.0000 
1996 10 4 0  -99.0000  -99.0000  -99.0000 
1996 10 5 0  -99.0000  -99.0000  -99.0000 
1996 10 6 0  -99.0000  -99.0000  -99.0000 
1996 10 7 0  -99.0000  -99.0000  -99.0000 
1996 10 8 0  -99.0000  -99.0000  -99.0000 
1996 10 9 0  -99.0000  -99.0000  -99.0000 
1996 10 10 0  -99.0000  -99.0000  -99.0000 
1996 10 11 0  -99.0000  -99.0000  -99.0000 
1996 10 12 0  -99.0000  -99.0000  -99.0000 
1996 10 13 0  -99.0000  -99.0000  -99.0000 
1996 10 14 0  -99.0000  -99.0000  -99.0000 
1996 10 15 0  -99.0000  -99.0000  -99.0000 
1996 10 16 0  -99.0000  -99.0000  -99.0000 
1996 10 17 0  -99.0000  -99.0000  -99.0000 
1996 10 18 0  -99.0000  -99.0000  -99.0000 
1996 10 19 0  -99.0000  -99.0000  -99.0000 
1996 10 20 0  -99.0000  -99.0000  -99.0000 
1996 10 21 0  -99.0000  -99.0000  -99.0000 
1996 10 22 0  -99.0000  -99.0000  -99.0000 
1996 10 23 0  -99.0000  -99.0000  -99.0000 
1996 10 24 0  -99.0000  -99.0000  -99.0000 
1996 10 25 0  -99.0000  -99.0000  -99.0000 
1996 10 26 0  -99.0000  -99.0000  -99.0000 
1996 10 27 0  -99.0000  -99.0000  -99.0000 
1996 10 28 0  -99.0000  -99.0000  -99.0000 
1996 10 29 0  -99.0000  -99.0000  -99.0000 
1996 10 30 0  -99.0000  -99.0000  -99.0000 
1996 10 31 0  -99.0000  -99.0000  -99.0000 
1996 11 1 0    1.1201    0.1396    1.1288 
1996 11 2 0    1.2214    0.2282    1.2425 
1996 11 3 0    1.3114    0.2870    1.3425 
1996 11 4 0    1.3645    0.3245    1.4026 
1996 11 5 0    1.3586    0.4059    1.4180 
1996 11 6 0    1.2581    0.5555    1.3753 
1996 11 7 0    1.1102    0.7450    1.3371 
1996 11 8 0    0.8581    0.9354    1.2694 
1996 11 9 0    0.5764    1.0948    1.2372 
1996 11 10 0    0.3228    1.1982    1.2409 
1996 11 11 0    0.0441    1.1795    1.1803 
1996 11 12 0   -0.3004    1.0947    1.1352 
1996 11 13 0   -0.6029    0.9745    1.1459 
1996 11 14 0   -0.8988    0.8086    1.2090 
1996 11 15 0   -1.1740    0.5897    1.3138 
1996 11 16 0   -1.3233    0.3989    1.3821 
1996 11 17 0   -1.3442    0.2025    1.3593 
1996 11 18 0   -1.2600   -0.0074    1.2600 
1996 11 19 0   -1.1293   -0.2131    1.1493 
1996 11 20 0   -0.9553   -0.3698    1.0244 
1996 11 21 0   -0.7907   -0.4895    0.9300 
1996 11 22 0   -0.6250   -0.5909    0.8601 
1996 11 23 0   -0.4881   -0.6450    0.8088 
1996 11 24 0   -0.3355   -0.6506    0.7320 
1996 11 25 0   -0.2079   -0.6088    0.6433 
1996 11 26 0   -0.1153   -0.5689    0.5805 
1996 11 27 0   -0.0205   -0.5232    0.5236 
1996 11 28 0    0.0232   -0.5156    0.5161 
1996 11 29 0   -0.0415   -0.5137    0.5153 
1996 11 30 0   -0.1028   -0.5978    0.6066 
1996 12 1 0   -0.1469   -0.7217    0.7365 
1996 12 2 0   -0.1426   -0.8346    0.8467 
1996 12 3 0   -0.0868   -0.9392    0.9432 
1996 12 4 0    0.0264   -1.0575    1.0578 
1996 12 5 0    0.0816   -1.1360    1.1390 
1996 12 6 0    0.2031   -1.1761    1.1935 
1996 12 7 0    0.3259   -1.2148    1.2578 
1996 12 8 0    0.4302   -1.2262    1.2994 
1996 12 9 0    0.5449   -1.1958    1.3141 
1996 12 10 0    0.7180   -1.1365    1.3443 
1996 12 11 0    0.8412   -1.0191    1.3214 
1996 12 12 0    0.9292   -0.7990    1.2254 
1996 12 13 0    1.0310   -0.5190    1.1542 
1996 12 14 0    1.1652   -0.2388    1.1894 
1996 12 15 0    1.2598    0.0320    1.2602 
1996 12 16 0    1.3027    0.2692    1.3302 
1996 12 17 0    1.2961    0.4823    1.3829 
1996 12 18 0    1.2598    0.6770    1.4302 
1996 12 19 0    1.1887    0.8787    1.4782 
1996 12 20 0    1.1252    1.1285    1.5936 
1996 12 21 0    1.0591    1.4009    1.7562 
1996 12 22 0    0.9692    1.6496    1.9133 
1996 12 23 0    0.8580    1.9221    2.1049 
1996 12 24 0    0.6788    2.1859    2.2889 
1996 12 25 0    0.4785    2.3175    2.3664 
1996 12 26 0    0.2324    2.3437    2.3552 
1996 12 27 0   -0.0356    2.3090    2.3093 
1996 12 28 0   -0.2998    2.1844    2.2048 
1996 12 29 0   -0.5327    1.9783    2.0487 
1996 12 30 0   -0.7118    1.7694    1.9072 
1996 12 31 0   -0.7918    1.5286    1.7215 
1997 1 1 0   -0.8061    1.2495    1.4870 
1997 1 2 0   -0.8055    1.0060    1.2888 
1997 1 3 0   -0.7555    0.8236    1.1176 
1997 1 4 0   -0.7413    0.6564    0.9901 
1997 1 5 0   -0.7562    0.5240    0.9200 
1997 1 6 0   -0.7974    0.4044    0.8941 
1997 1 7 0   -0.8632    0.2297    0.8932 
1997 1 8 0   -0.9391    0.0323    0.9396 
1997 1 9 0   -0.9768   -0.1600    0.9898 
1997 1 10 0   -0.9771   -0.3399    1.0345 
1997 1 11 0   -0.9341   -0.4939    1.0566 
1997 1 12 0   -0.8069   -0.5789    0.9931 
1997 1 13 0   -0.6687   -0.6451    0.9292 
1997 1 14 0   -0.5227   -0.6870    0.8632 
1997 1 15 0   -0.3479   -0.6896    0.7724 
1997 1 16 0   -0.1473   -0.6314    0.6484 
1997 1 17 0    0.0185   -0.5616    0.5619 
1997 1 18 0    0.1582   -0.4972    0.5218 
1997 1 19 0    0.2469   -0.4107    0.4792 
1997 1 20 0    0.2860   -0.3189    0.4283 
1997 1 21 0    0.2698   -0.2593    0.3742 
1997 1 22 0    0.2270   -0.2047    0.3057 
1997 1 23 0    0.2050   -0.1460    0.2517 
1997 1 24 0    0.2705   -0.0789    0.2818 
1997 1 25 0    0.3654   -0.0635    0.3709 
1997 1 26 0    0.4237   -0.1132    0.4386 
1997 1 27 0    0.4847   -0.2218    0.5331 
1997 1 28 0    0.5573   -0.3981    0.6849 
1997 1 29 0    0.5416   -0.6409    0.8390 
1997 1 30 0    0.4732   -0.8767    0.9962 
1997 1 31 0    0.4550   -1.0393    1.1345 
1997 2 1 0    0.4455   -1.1887    1.2694 
1997 2 2 0    0.4405   -1.3050    1.3773 
1997 2 3 0    0.4848   -1.3757    1.4586 
1997 2 4 0    0.5495   -1.3541    1.4613 
1997 2 5 0    0.6302   -1.3616    1.5004 
1997 2 6 0    0.7126   -1.3587    1.5343 
1997 2 7 0    0.8140   -1.3388    1.5669 
1997 2 8 0    0.9136   -1.2783    1.5712 
1997 2 9 0    1.0092   -1.2524    1.6084 
1997 2 10 0    1.0883   -1.2041    1.6231 
1997 2 11 0    1.1624   -1.1397    1.6279 
1997 2 12 0    1.2343   -1.0690    1.6329 
1997 2 13 0    1.3326   -0.9957    1.6635 
1997 2 14 0    1.4704   -0.9170    1.7329 
1997 2 15 0    1.6344   -0.8155    1.8265 
1997 2 16 0    1.8407   -0.6803    1.9624 
1997 2 17 0    2.0121   -0.5128    2.0765 
1997 2 18 0    2.1110   -0.3414    2.1384 
1997 2 19 0    2.1391   -0.1831    2.1470 
1997 2 20 0    2.1006   -0.0230    2.1008 
1997 2 21 0    1.9917    0.1598    1.9981 
1997 2 22 0    1.8518    0.3884    1.8921 
1997 2 23 0    1.6817    0.6078    1.7882 
1997 2 24 0    1.4881    0.8384    1.7080 
1997 2 25 0    1.2540    1.0466    1.6333 
1997 2 26 0    1.0179    1.2367    1.6017 
1997 2 27 0    0.7973    1.3644    1.5803 
1997 2 28 0    0.5796    1.4740    1.5838 
1997 3 1 0    0.4147    1.5870    1.6402 
1997 3 2 0    0.3126    1.6875    1.7162 
1997 3 3 0    0.2661    1.7205    1.7410 
1997 3 4 0    0.2592    1.7547    1.7737 
1997 3 5 0    0.3303    1.8236    1.8533 
1997 3 6 0    0.3645    1.8885    1.9234 
1997 3 7 0    0.3854    1.9528    1.9905 
1997 3 8 0    0.3104    2.0663    2.0895 
1997 3 9 0    0.1378    2.1883    2.1927 
1997 3 10 0   -0.1224    2.2272    2.2306 
1997 3 11 0   -0.3498    2.2224    2.2497 
1997 3 12 0   -0.5814    2.1893    2.2652 
1997 3 13 0   -0.7526    2.1080    2.2383 
1997 3 14 0   -0.8962    1.9987    2.1904 
1997 3 15 0   -1.0298    1.9007    2.1617 
1997 3 16 0   -1.1976    1.7901    2.1538 
1997 3 17 0   -1.3347    1.6810    2.1464 
1997 3 18 0   -1.4750    1.5363    2.1298 
1997 3 19 0   -1.6056    1.3211    2.0793 
1997 3 20 0   -1.7340    1.0391    2.0215 
1997 3 21 0   -1.8475    0.7825    2.0064 
1997 3 22 0   -1.9872    0.5012    2.0494 
1997 3 23 0   -2.1219    0.2014    2.1314 
1997 3 24 0   -2.1945   -0.0974    2.1967 
1997 3 25 0   -2.1629   -0.3563    2.1921 
1997 3 26 0   -2.0907   -0.6746    2.1968 
1997 3 27 0   -1.9604   -0.9920    2.1971 
1997 3 28 0   -1.7388   -1.2722    2.1546 
1997 3 29 0   -1.4500   -1.4818    2.0733 
1997 3 30 0   -1.1450   -1.6086    1.9745 
1997 3 31 0   -0.8323   -1.6235    1.8244 
1997 4 1 0   -0.5259   -1.5335    1.6212 
1997 4 2 0   -0.3190   -1.4270    1.4623 
1997 4 3 0   -0.2049   -1.2468    1.2635 
1997 4 4 0   -0.1265   -1.0434    1.0510 
1997 4 5 0   -0.0359   -0.8206    0.8214 
1997 4 6 0    0.0504   -0.6020    0.6041 
1997 4 7 0    0.1916   -0.3310    0.3825 
1997 4 8 0    0.3778   -0.0701    0.3842 
1997 4 9 0    0.5061    0.1374    0.5245 
1997 4 10 0    0.5511    0.2933    0.6243 
1997 4 11 0    0.5258    0.4284    0.6782 
1997 4 12 0    0.4011    0.5837    0.7082 
1997 4 13 0    0.2177    0.6927    0.7261 
1997 4 14 0    0.0235    0.8043    0.8046 
1997 4 15 0   -0.2043    0.8817    0.9050 
1997 4 16 0   -0.4707    0.9188    1.0323 
1997 4 17 0   -0.7561    0.8419    1.1316 
1997 4 18 0   -1.0370    0.7116    1.2576 
1997 4 19 0   -1.2901    0.5241    1.3925 
1997 4 20 0   -1.4413    0.3160    1.4755 
1997 4 21 0   -1.5076    0.0933    1.5105 
1997 4 22 0   -1.4289   -0.1049    1.4328 
1997 4 23 0   -1.3171   -0.2547    1.3415 
1997 4 24 0   -1.1581   -0.3865    1.2209 
1997 4 25 0   -0.9948   -0.5058    1.1160 
1997 4 26 0   -0.7882   -0.6111    0.9973 
1997 4 27 0   -0.5898   -0.6504    0.8780 
1997 4 28 0   -0.3830   -0.6749    0.7760 
1997 4 29 0   -0.2168   -0.6887    0.7221 
1997 4 30 0   -0.1001   -0.6522    0.6598 
1997 5 1 0  -99.0000  -99.0000  -99.0000 
1997 5 2 0  -99.0000  -99.0000  -99.0000 
1997 5 3 0  -99.0000  -99.0000  -99.0000 
1997 5 4 0  -99.0000  -99.0000  -99.0000 
1997 5 5 0  -99.0000  -99.0000  -99.0000 
1997 5 6 0  -99.0000  -99.0000  -99.0000 
1997 5 7 0  -99.0000  -99.0000  -99.0000 
1997 5 8 0  -99.0000  -99.0000  -99.0000 
1997 5 9 0  -99.0000  -99.0000  -99.0000 
1997 5 10 0  -99.0000  -99.0000  -99.0000 
1997 5 11 0  -99.0000  -99.0000  -99.0000 
1997 5 12 0  -99.0000  -99.0000  -99.0000 
1997 5 13 0  -99.0000  -99.0000  -99.0000 
1997 5 14 0  -99.0000  -99.0000  -99.0000 
1997 5 15 0  -99.0000  -99.0000  -99.0000 
1997 5 16 0  -99.0000  -99.0000  -99.0000 
1997 5 17 0  -99.0000  -99.0000  -99.0000 
1997 5 18 0  -99.0000  -99.0000  -99.0000 
1997 5 19 0  -99.0000  -99.0000  -99.0000 
1997 5 20 0  -99.0000  -99.0000  -99.0000 
1997 5 21 0  -99.0000  -99.0000  -99.0000 
1997 5 22 0  -99.0000  -99.0000  -99.0000 
1997 5 23 0  -99.0000  -99.0000  -99.0000 
1997 5 24 0  -99.0000  -99.0000  -99.0000 
1997 5 25 0  -99.0000  -99.0000  -99.0000 
1997 5 26 0  -99.0000  -99.0000  -99.0000 
1997 5 27 0  -99.0000  -99.0000  -99.0000 
1997 5 28 0  -99.0000  -99.0000  -99.0000 
1997 5 29 0  -99.0000  -99.0000  -99.0000 
1997 5 30 0  -99.0000  -99.0000  -99.0000 
1997 5 31 0  -99.0000  -99.0000  -99.0000 
1997 6 1 0  -99.0000  -99.0000  -99.0000 
1997 6 2 0  -99.0000  -99.0000  -99.0000 
1997 6 3 0  -99.0000  -99.0000  -99.0000 
1997 6 4 0  -99.0000  -99.0000  -99.0000 
1997 6 5 0  -99.0000  -99.0000  -99.0000 
1997 6 6 0  -99.0000  -99.0000  -99.0000 
1997 6 7 0  -99.0000  -99.0000  -99.0000 
1997 6 8 0  -99.0000  -99.0000  -99.0000 
1997 6 9 0  -99.0000  -99.0000  -99.0000 
1997 6 10 0  -99.0000  -99.0000  -99.0000 
1997 6 11 0  -99.0000  -99.0000  -99.0000 
1997 6 12 0  -99.0000  -99.0000  -99.0000 
1997 6 13 0  -99.0000  -99.0000  -99.0000 
1997 6 14 0  -99.0000  -99.0000  -99.0000 
1997 6 15 0  -99.0000  -99.0000  -99.0000 
1997 6 16 0  -99.0000  -99.0000  -99.0000 
1997 6 17 0  -99.0000  -99.0000  -99.0000 
1997 6 18 0  -99.0000  -99.0000  -99.0000 
1997 6 19 0  -99.0000  -99.0000  -99.0000 
1997 6 20 0  -99.0000  -99.0000  -99.0000 
1997 6 21 0  -99.0000  -99.0000  -99.0000 
1997 6 22 0  -99.0000  -99.0000  -99.0000 
1997 6 23 0  -99.0000  -99.0000  -99.0000 
1997 6 24 0  -99.0000  -99.0000  -99.0000 
1997 6 25 0  -99.0000  -99.0000  -99.0000 
1997 6 26 0  -99.0000  -99.0000  -99.0000 
1997 6 27 0  -99.0000  -99.0000  -99.0000 
1997 6 28 0  -99.0000  -99.0000  -99.0000 
1997 6 29 0  -99.0000  -99.0000  -99.0000 
1997 6 30 0  -99.0000  -99.0000  -99.0000 
1997 7 1 0  -99.0000  -99.0000  -99.0000 
1997 7 2 0  -99.0000  -99.0000  -99.0000 
1997 7 3 0  -99.0000  -99.0000  -99.0000 
1997 7 4 0  -99.0000  -99.0000  -99.0000 
1997 7 5 0  -99.0000  -99.0000  -99.0000 
1997 7 6 0  -99.0000  -99.0000  -99.0000 
1997 7 7 0  -99.0000  -99.0000  -99.0000 
1997 7 8 0  -99.0000  -99.0000  -99.0000 
1997 7 9 0  -99.0000  -99.0000  -99.0000 
1997 7 10 0  -99.0000  -99.0000  -99.0000 
1997 7 11 0  -99.0000  -99.0000  -99.0000 
1997 7 12 0  -99.0000  -99.0000  -99.0000 
1997 7 13 0  -99.0000  -99.0000  -99.0000 
1997 7 14 0  -99.0000  -99.0000  -99.0000 
1997 7 15 0  -99.0000  -99.0000  -99.0000 
1997 7 16 0  -99.0000  -99.0000  -99.0000 
1997 7 17 0  -99.0000  -99.0000  -99.0000 
1997 7 18 0  -99.0000  -99.0000  -99.0000 
1997 7 19 0  -99.0000  -99.0000  -99.0000 
1997 7 20 0  -99.0000  -99.0000  -99.0000 
1997 7 21 0  -99.0000  -99.0000  -99.0000 
1997 7 22 0  -99.0000  -99.0000  -99.0000 
1997 7 23 0  -99.0000  -99.0000  -99.0000 
1997 7 24 0  -99.0000  -99.0000  -99.0000 
1997 7 25 0  -99.0000  -99.0000  -99.0000 
1997 7 26 0  -99.0000  -99.0000  -99.0000 
1997 7 27 0  -99.0000  -99.0000  -99.0000 
1997 7 28 0  -99.0000  -99.0000  -99.0000 
1997 7 29 0  -99.0000  -99.0000  -99.0000 
1997 7 30 0  -99.0000  -99.0000  -99.0000 
1997 7 31 0  -99.0000  -99.0000  -99.0000 
1997 8 1 0  -99.0000  -99.0000  -99.0000 
1997 8 2 0  -99.0000  -99.0000  -99.0000 
1997 8 3 0  -99.0000  -99.0000  -99.0000 
1997 8 4 0  -99.0000  -99.0000  -99.0000 
1997 8 5 0  -99.0000  -99.0000  -99.0000 
1997 8 6 0  -99.0000  -99.0000  -99.0000 
1997 8 7 0  -99.0000  -99.0000  -99.0000 
1997 8 8 0  -99.0000  -99.0000  -99.0000 
1997 8 9 0  -99.0000  -99.0000  -99.0000 
1997 8 10 0  -99.0000  -99.0000  -99.0000 
1997 8 11 0  -99.0000  -99.0000  -99.0000 
1997 8 12 0  -99.0000  -99.0000  -99.0000 
1997 8 13 0  -99.0000  -99.0000  -99.0000 
1997 8 14 0  -99.0000  -99.0000  -99.0000 
1997 8 15 0  -99.0000  -99.0000  -99.0000 
1997 8 16 0  -99.0000  -99.0000  -99.0000 
1997 8 17 0  -99.0000  -99.0000  -99.0000 
1997 8 18 0  -99.0000  -99.0000  -99.0000 
1997 8 19 0  -99.0000  -99.0000  -99.0000 
1997 8 20 0  -99.0000  -99.0000  -99.0000 
1997 8 21 0  -99.0000  -99.0000  -99.0000 
1997 8 22 0  -99.0000  -99.0000  -99.0000 
1997 8 23 0  -99.0000  -99.0000  -99.0000 
1997 8 24 0  -99.0000  -99.0000  -99.0000 
1997 8 25 0  -99.0000  -99.0000  -99.0000 
1997 8 26 0  -99.0000  -99.0000  -99.0000 
1997 8 27 0  -99.0000  -99.0000  -99.0000 
1997 8 28 0  -99.0000  -99.0000  -99.0000 
1997 8 29 0  -99.0000  -99.0000  -99.0000 
1997 8 30 0  -99.0000  -99.0000  -99.0000 
1997 8 31 0  -99.0000  -99.0000  -99.0000 
1997 9 1 0  -99.0000  -99.0000  -99.0000 
1997 9 2 0  -99.0000  -99.0000  -99.0000 
1997 9 3 0  -99.0000  -99.0000  -99.0000 
1997 9 4 0  -99.0000  -99.0000  -99.0000 
1997 9 5 0  -99.0000  -99.0000  -99.0000 
1997 9 6 0  -99.0000  -99.0000  -99.0000 
1997 9 7 0  -99.0000  -99.0000  -99.0000 
1997 9 8 0  -99.0000  -99.0000  -99.0000 
1997 9 9 0  -99.0000  -99.0000  -99.0000 
1997 9 10 0  -99.0000  -99.0000  -99.0000 
1997 9 11 0  -99.0000  -99.0000  -99.0000 
1997 9 12 0  -99.0000  -99.0000  -99.0000 
1997 9 13 0  -99.0000  -99.0000  -99.0000 
1997 9 14 0  -99.0000  -99.0000  -99.0000 
1997 9 15 0  -99.0000  -99.0000  -99.0000 
1997 9 16 0  -99.0000  -99.0000  -99.0000 
1997 9 17 0  -99.0000  -99.0000  -99.0000 
1997 9 18 0  -99.0000  -99.0000  -99.0000 
1997 9 19 0  -99.0000  -99.0000  -99.0000 
1997 9 20 0  -99.0000  -99.0000  -99.0000 
1997 9 21 0  -99.0000  -99.0000  -99.0000 
1997 9 22 0  -99.0000  -99.0000  -99.0000 
1997 9 23 0  -99.0000  -99.0000  -99.0000 
1997 9 24 0  -99.0000  -99.0000  -99.0000 
1997 9 25 0  -99.0000  -99.0000  -99.0000 
1997 9 26 0  -99.0000  -99.0000  -99.0000 
1997 9 27 0  -99.0000  -99.0000  -99.0000 
1997 9 28 0  -99.0000  -99.0000  -99.0000 
1997 9 29 0  -99.0000  -99.0000  -99.0000 
1997 9 30 0  -99.0000  -99.0000  -99.0000 
1997 10 1 0  -99.0000  -99.0000  -99.0000 
1997 10 2 0  -99.0000  -99.0000  -99.0000 
1997 10 3 0  -99.0000  -99.0000  -99.0000 
1997 10 4 0  -99.0000  -99.0000  -99.0000 
1997 10 5 0  -99.0000  -99.0000  -99.0000 
1997 10 6 0  -99.0000  -99.0000  -99.0000 
1997 10 7 0  -99.0000  -99.0000  -99.0000 
1997 10 8 0  -99.0000  -99.0000  -99.0000 
1997 10 9 0  -99.0000  -99.0000  -99.0000 
1997 10 10 0  -99.0000  -99.0000  -99.0000 
1997 10 11 0  -99.0000  -99.0000  -99.0000 
1997 10 12 0  -99.0000  -99.0000  -99.0000 
1997 10 13 0  -99.0000  -99.0000  -99.0000 
1997 10 14 0  -99.0000  -99.0000  -99.0000 
1997 10 15 0  -99.0000  -99.0000  -99.0000 
1997 10 16 0  -99.0000  -99.0000  -99.0000 
1997 10 17 0  -99.0000  -99.0000  -99.0000 
1997 10 18 0  -99.0000  -99.0000  -99.0000 
1997 10 19 0  -99.0000  -99.0000  -99.0000 
1997 10 20 0  -99.0000  -99.0000  -99.0000 
1997 10 21 0  -99.0000  -99.0000  -99.0000 
1997 10 22 0  -99.0000  -99.0000  -99.0000 
1997 10 23 0  -99.0000  -99.0000  -99.0000 
1997 10 24 0  -99.0000  -99.0000  -99.0000 
1997 10 25 0  -99.0000  -99.0000  -99.0000 
1997 10 26 0  -99.0000  -99.0000  -99.0000 
1997 10 27 0  -99.0000  -99.0000  -99.0000 
1997 10 28 0  -99.0000  -99.0000  -99.0000 
1997 10 29 0  -99.0000  -99.0000  -99.0000 
1997 10 30 0  -99.0000  -99.0000  -99.0000 
1997 10 31 0  -99.0000  -99.0000  -99.0000 
1997 11 1 0   -0.4776    0.8948    1.0143 
1997 11 2 0   -0.4876    0.8524    0.9820 
1997 11 3 0   -0.5021    0.7968    0.9418 
1997 11 4 0   -0.5214    0.7882    0.9451 
1997 11 5 0   -0.5616    0.8460    1.0154 
1997 11 6 0   -0.6357    0.8217    1.0389 
1997 11 7 0   -0.7575    0.7189    1.0443 
1997 11 8 0   -0.8808    0.6106    1.0717 
1997 11 9 0   -0.9440    0.4747    1.0566 
1997 11 10 0   -0.9136    0.2936    0.9596 
1997 11 11 0   -0.8201    0.1187    0.8286 
1997 11 12 0   -0.7399    0.0269    0.7404 
1997 11 13 0   -0.6301   -0.0045    0.6302 
1997 11 14 0   -0.4989   -0.0095    0.4990 
1997 11 15 0   -0.4033   -0.0523    0.4067 
1997 11 16 0   -0.3245   -0.1042    0.3408 
1997 11 17 0   -0.2134   -0.1168    0.2433 
1997 11 18 0   -0.1016   -0.1085    0.1486 
1997 11 19 0   -0.0130   -0.0845    0.0855 
1997 11 20 0    0.0457   -0.0004    0.0457 
1997 11 21 0    0.0661    0.1452    0.1595 
1997 11 22 0    0.0235    0.2470    0.2482 
1997 11 23 0   -0.0777    0.3091    0.3187 
1997 11 24 0   -0.2273    0.3455    0.4136 
1997 11 25 0   -0.3721    0.3658    0.5218 
1997 11 26 0   -0.5047    0.3799    0.6317 
1997 11 27 0   -0.6185    0.3731    0.7223 
1997 11 28 0   -0.6975    0.3437    0.7776 
1997 11 29 0   -0.7575    0.2828    0.8085 
1997 11 30 0   -0.7619    0.2103    0.7904 
1997 12 1 0   -0.7304    0.0839    0.7352 
1997 12 2 0   -0.6480   -0.0318    0.6488 
1997 12 3 0   -0.5731   -0.0997    0.5817 
1997 12 4 0   -0.4673   -0.0754    0.4733 
1997 12 5 0   -0.3873   -0.0427    0.3897 
1997 12 6 0   -0.3373    0.0282    0.3385 
1997 12 7 0   -0.3239    0.1095    0.3419 
1997 12 8 0   -0.3093    0.1320    0.3363 
1997 12 9 0   -0.3175    0.0689    0.3249 
1997 12 10 0   -0.3531    0.0061    0.3532 
1997 12 11 0   -0.3511   -0.0570    0.3557 
1997 12 12 0   -0.3221   -0.1263    0.3459 
1997 12 13 0   -0.2539   -0.1987    0.3224 
1997 12 14 0   -0.1758   -0.2406    0.2980 
1997 12 15 0   -0.0655   -0.2814    0.2889 
1997 12 16 0    0.0428   -0.2739    0.2772 
1997 12 17 0    0.1937   -0.2411    0.3093 
1997 12 18 0    0.3525   -0.1355    0.3776 
1997 12 19 0    0.5079    0.0035    0.5079 
1997 12 20 0    0.6670    0.1717    0.6887 
1997 12 21 0    0.8015    0.2904    0.8525 
1997 12 22 0    0.8682    0.4036    0.9574 
1997 12 23 0    0.8852    0.4979    1.0156 
1997 12 24 0    0.8575    0.5402    1.0134 
1997 12 25 0    0.7738    0.5754    0.9643 
1997 12 26 0    0.6868    0.6708    0.9600 
1997 12 27 0    0.5945    0.7805    0.9811 
1997 12 28 0    0.5151    0.9133    1.0485 
1997 12 29 0    0.4485    1.0662    1.1567 
1997 12 30 0    0.4192    1.2353    1.3045 
1997 12 31 0    0.3311    1.3061    1.3474 
1998 1 1 0    0.2205    1.3287    1.3469 
1998 1 2 0    0.0831    1.3583    1.3609 
1998 1 3 0   -0.0434    1.3989    1.3996 
1998 1 4 0   -0.2246    1.3923    1.4103 
1998 1 5 0   -0.4218    1.4115    1.4731 
1998 1 6 0   -0.6143    1.4202    1.5473 
1998 1 7 0   -0.8428    1.2940    1.5443 
1998 1 8 0   -1.0776    1.0769    1.5235 
1998 1 9 0   -1.1975    0.8201    1.4514 
1998 1 10 0   -1.1536    0.5056    1.2595 
1998 1 11 0   -1.0057    0.1636    1.0189 
1998 1 12 0   -0.7885   -0.1364    0.8002 
1998 1 13 0   -0.5045   -0.3197    0.5973 
1998 1 14 0   -0.2217   -0.4034    0.4603 
1998 1 15 0    0.0165   -0.3387    0.3391 
1998 1 16 0    0.1819   -0.1417    0.2306 
1998 1 17 0    0.3396    0.1152    0.3586 
1998 1 18 0    0.4390    0.3553    0.5648 
1998 1 19 0    0.3842    0.5449    0.6667 
1998 1 20 0    0.2453    0.6559    0.7003 
1998 1 21 0    0.0765    0.6918    0.6960 
1998 1 22 0   -0.1115    0.7285    0.7370 
1998 1 23 0   -0.3136    0.7897    0.8497 
1998 1 24 0   -0.4721    0.8069    0.9348 
1998 1 25 0   -0.5738    0.8020    0.9861 
1998 1 26 0   -0.6360    0.7453    0.9798 
1998 1 27 0   -0.7011    0.6369    0.9472 
1998 1 28 0   -0.7826    0.4300    0.8930 
1998 1 29 0   -0.8224    0.2956    0.8739 
1998 1 30 0   -0.8193    0.1681    0.8364 
1998 1 31 0   -0.8243    0.0407    0.8253 
1998 2 1 0   -0.8217   -0.0832    0.8259 
1998 2 2 0   -0.7465   -0.1872    0.7696 
1998 2 3 0   -0.6421   -0.3081    0.7122 
1998 2 4 0   -0.6022   -0.3667    0.7051 
1998 2 5 0   -0.5624   -0.3580    0.6667 
1998 2 6 0   -0.5077   -0.2979    0.5887 
1998 2 7 0   -0.4561   -0.2282    0.5100 
1998 2 8 0   -0.4392   -0.2070    0.4856 
1998 2 9 0   -0.4573   -0.2462    0.5194 
1998 2 10 0   -0.4348   -0.3389    0.5513 
1998 2 11 0   -0.3675   -0.4856    0.6090 
1998 2 12 0   -0.2594   -0.6021    0.6556 
1998 2 13 0   -0.1374   -0.6647    0.6787 
1998 2 14 0    0.0519   -0.7207    0.7226 
1998 2 15 0    0.2164   -0.7207    0.7525 
1998 2 16 0    0.3341   -0.6767    0.7547 
1998 2 17 0    0.3515   -0.6331    0.7241 
1998 2 18 0    0.3560   -0.5485    0.6539 
1998 2 19 0    0.3522   -0.4181    0.5466 
1998 2 20 0    0.3047   -0.2651    0.4039 
1998 2 21 0    0.2308   -0.0917    0.2484 
1998 2 22 0    0.1648    0.0963    0.1909 
1998 2 23 0    0.0885    0.2311    0.2474 
1998 2 24 0   -0.0577    0.2943    0.2999 
1998 2 25 0   -0.2120    0.2972    0.3650 
1998 2 26 0   -0.3097    0.2720    0.4121 
1998 2 27 0   -0.3668    0.1979    0.4168 
1998 2 28 0   -0.3942    0.1409    0.4186 
1998 3 1 0   -0.3722    0.1631    0.4064 
1998 3 2 0   -0.3204    0.2252    0.3916 
1998 3 3 0   -0.3104    0.2743    0.4143 
1998 3 4 0   -0.3363    0.3329    0.4732 
1998 3 5 0   -0.3957    0.3955    0.5594 
1998 3 6 0   -0.4172    0.3943    0.5740 
1998 3 7 0   -0.4068    0.3415    0.5311 
1998 3 8 0   -0.3637    0.2801    0.4591 
1998 3 9 0   -0.2433    0.2640    0.3590 
1998 3 10 0   -0.0914    0.2644    0.2797 
1998 3 11 0    0.0551    0.2912    0.2964 
1998 3 12 0    0.1369    0.3334    0.3605 
1998 3 13 0    0.1259    0.3895    0.4093 
1998 3 14 0   -0.0057    0.4252    0.4252 
1998 3 15 0   -0.1850    0.4401    0.4775 
1998 3 16 0   -0.3625    0.4307    0.5629 
1998 3 17 0   -0.4863    0.4193    0.6421 
1998 3 18 0   -0.5966    0.3827    0.7088 
1998 3 19 0   -0.6422    0.3334    0.7236 
1998 3 20 0   -0.6482    0.2638    0.6998 
1998 3 21 0   -0.6938    0.2077    0.7242 
1998 3 22 0   -0.7620    0.1429    0.7753 
1998 3 23 0   -0.7918    0.0938    0.7974 
1998 3 24 0   -0.8232   -0.0247    0.8235 
1998 3 25 0   -0.8258   -0.1667    0.8424 
1998 3 26 0   -0.8404   -0.3155    0.8977 
1998 3 27 0   -0.8518   -0.4325    0.9553 
1998 3 28 0   -0.7919   -0.5468    0.9624 
1998 3 29 0   -0.7156   -0.6159    0.9441 
1998 3 30 0   -0.6653   -0.6468    0.9278 
1998 3 31 0   -0.5610   -0.6741    0.8770 
1998 4 1 0   -0.4599   -0.7194    0.8538 
1998 4 2 0   -0.4671   -0.7161    0.8550 
1998 4 3 0   -0.5419   -0.6820    0.8711 
1998 4 4 0   -0.5662   -0.6421    0.8561 
1998 4 5 0   -0.5738   -0.6064    0.8349 
1998 4 6 0   -0.5711   -0.5559    0.7970 
1998 4 7 0   -0.4799   -0.5438    0.7253 
1998 4 8 0   -0.3136   -0.5109    0.5995 
1998 4 9 0   -0.1373   -0.4744    0.4939 
1998 4 10 0    0.0269   -0.4306    0.4314 
1998 4 11 0    0.1843   -0.4250    0.4632 
1998 4 12 0    0.2882   -0.4083    0.4998 
1998 4 13 0    0.3380   -0.3970    0.5214 
1998 4 14 0    0.3225   -0.4047    0.5175 
1998 4 15 0    0.2605   -0.4248    0.4983 
1998 4 16 0    0.1893   -0.4340    0.4735 
1998 4 17 0    0.0924   -0.4409    0.4505 
1998 4 18 0    0.0081   -0.4046    0.4047 
1998 4 19 0   -0.0815   -0.3062    0.3168 
1998 4 20 0   -0.1466   -0.1425    0.2044 
1998 4 21 0   -0.2202    0.0272    0.2219 
1998 4 22 0   -0.2873    0.1838    0.3411 
1998 4 23 0   -0.4134    0.2533    0.4848 
1998 4 24 0   -0.5698    0.1910    0.6009 
1998 4 25 0   -0.7683    0.0348    0.7691 
1998 4 26 0   -0.9452   -0.1129    0.9519 
1998 4 27 0   -1.0554   -0.2597    1.0869 
1998 4 28 0   -1.0637   -0.3594    1.1228 
1998 4 29 0   -1.0328   -0.3854    1.1024 
1998 4 30 0   -1.0094   -0.3619    1.0723 
1998 5 1 0  -99.0000  -99.0000  -99.0000 
1998 5 2 0  -99.0000  -99.0000  -99.0000 
1998 5 3 0  -99.0000  -99.0000  -99.0000 
1998 5 4 0  -99.0000  -99.0000  -99.0000 
1998 5 5 0  -99.0000  -99.0000  -99.0000 
1998 5 6 0  -99.0000  -99.0000  -99.0000 
1998 5 7 0  -99.0000  -99.0000  -99.0000 
1998 5 8 0  -99.0000  -99.0000  -99.0000 
1998 5 9 0  -99.0000  -99.0000  -99.0000 
1998 5 10 0  -99.0000  -99.0000  -99.0000 
1998 5 11 0  -99.0000  -99.0000  -99.0000 
1998 5 12 0  -99.0000  -99.0000  -99.0000 
1998 5 13 0  -99.0000  -99.0000  -99.0000 
1998 5 14 0  -99.0000  -99.0000  -99.0000 
1998 5 15 0  -99.0000  -99.0000  -99.0000 
1998 5 16 0  -99.0000  -99.0000  -99.0000 
1998 5 17 0  -99.0000  -99.0000  -99.0000 
1998 5 18 0  -99.0000  -99.0000  -99.0000 
1998 5 19 0  -99.0000  -99.0000  -99.0000 
1998 5 20 0  -99.0000  -99.0000  -99.0000 
1998 5 21 0  -99.0000  -99.0000  -99.0000 
1998 5 22 0  -99.0000  -99.0000  -99.0000 
1998 5 23 0  -99.0000  -99.0000  -99.0000 
1998 5 24 0  -99.0000  -99.0000  -99.0000 
1998 5 25 0  -99.0000  -99.0000  -99.0000 
1998 5 26 0  -99.0000  -99.0000  -99.0000 
1998 5 27 0  -99.0000  -99.0000  -99.0000 
1998 5 28 0  -99.0000  -99.0000  -99.0000 
1998 5 29 0  -99.0000  -99.0000  -99.0000 
1998 5 30 0  -99.0000  -99.0000  -99.0000 
1998 5 31 0  -99.0000  -99.0000  -99.0000 
1998 6 1 0  -99.0000  -99.0000  -99.0000 
1998 6 2 0  -99.0000  -99.0000  -99.0000 
1998 6 3 0  -99.0000  -99.0000  -99.0000 
1998 6 4 0  -99.0000  -99.0000  -99.0000 
1998 6 5 0  -99.0000  -99.0000  -99.0000 
1998 6 6 0  -99.0000  -99.0000  -99.0000 
1998 6 7 0  -99.0000  -99.0000  -99.0000 
1998 6 8 0  -99.0000  -99.0000  -99.0000 
1998 6 9 0  -99.0000  -99.0000  -99.0000 
1998 6 10 0  -99.0000  -99.0000  -99.0000 
1998 6 11 0  -99.0000  -99.0000  -99.0000 
1998 6 12 0  -99.0000  -99.0000  -99.0000 
1998 6 13 0  -99.0000  -99.0000  -99.0000 
1998 6 14 0  -99.0000  -99.0000  -99.0000 
1998 6 15 0  -99.0000  -99.0000  -99.0000 
1998 6 16 0  -99.0000  -99.0000  -99.0000 
1998 6 17 0  -99.0000  -99.0000  -99.0000 
1998 6 18 0  -99.0000  -99.0000  -99.0000 
1998 6 19 0  -99.0000  -99.0000  -99.0000 
1998 6 20 0  -99.0000  -99.0000  -99.0000 
1998 6 21 0  -99.0000  -99.0000  -99.0000 
1998 6 22 0  -99.0000  -99.0000  -99.0000 
1998 6 23 0  -99.0000  -99.0000  -99.0000 
1998 6 24 0  -99.0000  -99.0000  -99.0000 
1998 6 25 0  -99.0000  -99.0000  -99.0000 
1998 6 26 0  -99.0000  -99.0000  -99.0000 
1998 6 27 0  -99.0000  -99.0000  -99.0000 
1998 6 28 0  -99.0000  -99.0000  -99.0000 
1998 6 29 0  -99.0000  -99.0000  -99.0000 
1998 6 30 0  -99.0000  -99.0000  -99.0000 
1998 7 1 0  -99.0000  -99.0000  -99.0000 
1998 7 2 0  -99.0000  -99.0000  -99.0000 
1998 7 3 0  -99.0000  -99.0000  -99.0000 
1998 7 4 0  -99.0000  -99.0000  -99.0000 
1998 7 5 0  -99.0000  -99.0000  -99.0000 
1998 7 6 0  -99.0000  -99.0000  -99.0000 
1998 7 7 0  -99.0000  -99.0000  -99.0000 
1998 7 8 0  -99.0000  -99.0000  -99.0000 
1998 7 9 0  -99.0000  -99.0000  -99.0000 
1998 7 10 0  -99.0000  -99.0000  -99.0000 
1998 7 11 0  -99.0000  -99.0000  -99.0000 
1998 7 12 0  -99.0000  -99.0000  -99.0000 
1998 7 13 0  -99.0000  -99.0000  -99.0000 
1998 7 14 0  -99.0000  -99.0000  -99.0000 
1998 7 15 0  -99.0000  -99.0000  -99.0000 
1998 7 16 0  -99.0000  -99.0000  -99.0000 
1998 7 17 0  -99.0000  -99.0000  -99.0000 
1998 7 18 0  -99.0000  -99.0000  -99.0000 
1998 7 19 0  -99.0000  -99.0000  -99.0000 
1998 7 20 0  -99.0000  -99.0000  -99.0000 
1998 7 21 0  -99.0000  -99.0000  -99.0000 
1998 7 22 0  -99.0000  -99.0000  -99.0000 
1998 7 23 0  -99.0000  -99.0000  -99.0000 
1998 7 24 0  -99.0000  -99.0000  -99.0000 
1998 7 25 0  -99.0000  -99.0000  -99.0000 
1998 7 26 0  -99.0000  -99.0000  -99.0000 
1998 7 27 0  -99.0000  -99.0000  -99.0000 
1998 7 28 0  -99.0000  -99.0000  -99.0000 
1998 7 29 0  -99.0000  -99.0000  -99.0000 
1998 7 30 0  -99.0000  -99.0000  -99.0000 
1998 7 31 0  -99.0000  -99.0000  -99.0000 
1998 8 1 0  -99.0000  -99.0000  -99.0000 
1998 8 2 0  -99.0000  -99.0000  -99.0000 
1998 8 3 0  -99.0000  -99.0000  -99.0000 
1998 8 4 0  -99.0000  -99.0000  -99.0000 
1998 8 5 0  -99.0000  -99.0000  -99.0000 
1998 8 6 0  -99.0000  -99.0000  -99.0000 
1998 8 7 0  -99.0000  -99.0000  -99.0000 
1998 8 8 0  -99.0000  -99.0000  -99.0000 
1998 8 9 0  -99.0000  -99.0000  -99.0000 
1998 8 10 0  -99.0000  -99.0000  -99.0000 
1998 8 11 0  -99.0000  -99.0000  -99.0000 
1998 8 12 0  -99.0000  -99.0000  -99.0000 
1998 8 13 0  -99.0000  -99.0000  -99.0000 
1998 8 14 0  -99.0000  -99.0000  -99.0000 
1998 8 15 0  -99.0000  -99.0000  -99.0000 
1998 8 16 0  -99.0000  -99.0000  -99.0000 
1998 8 17 0  -99.0000  -99.0000  -99.0000 
1998 8 18 0  -99.0000  -99.0000  -99.0000 
1998 8 19 0  -99.0000  -99.0000  -99.0000 
1998 8 20 0  -99.0000  -99.0000  -99.0000 
1998 8 21 0  -99.0000  -99.0000  -99.0000 
1998 8 22 0  -99.0000  -99.0000  -99.0000 
1998 8 23 0  -99.0000  -99.0000  -99.0000 
1998 8 24 0  -99.0000  -99.0000  -99.0000 
1998 8 25 0  -99.0000  -99.0000  -99.0000 
1998 8 26 0  -99.0000  -99.0000  -99.0000 
1998 8 27 0  -99.0000  -99.0000  -99.0000 
1998 8 28 0  -99.0000  -99.0000  -99.0000 
1998 8 29 0  -99.0000  -99.0000  -99.0000 
1998 8 30 0  -99.0000  -99.0000  -99.0000 
1998 8 31 0  -99.0000  -99.0000  -99.0000 
1998 9 1 0  -99.0000  -99.0000  -99.0000 
1998 9 2 0  -99.0000  -99.0000  -99.0000 
1998 9 3 0  -99.0000  -99.0000  -99.0000 
1998 9 4 0  -99.0000  -99.0000  -99.0000 
1998 9 5 0  -99.0000  -99.0000  -99.0000 
1998 9 6 0  -99.0000  -99.0000  -99.0000 
1998 9 7 0  -99.0000  -99.0000  -99.0000 
1998 9 8 0  -99.0000  -99.0000  -99.0000 
1998 9 9 0  -99.0000  -99.0000  -99.0000 
1998 9 10 0  -99.0000  -99.0000  -99.0000 
1998 9 11 0  -99.0000  -99.0000  -99.0000 
1998 9 12 0  -99.0000  -99.0000  -99.0000 
1998 9 13 0  -99.0000  -99.0000  -99.0000 
1998 9 14 0  -99.0000  -99.0000  -99.0000 
1998 9 15 0  -99.0000  -99.0000  -99.0000 
1998 9 16 0  -99.0000  -99.0000  -99.0000 
1998 9 17 0  -99.0000  -99.0000  -99.0000 
1998 9 18 0  -99.0000  -99.0000  -99.0000 
1998 9 19 0  -99.0000  -99.0000  -99.0000 
1998 9 20 0  -99.0000  -99.0000  -99.0000 
1998 9 21 0  -99.0000  -99.0000  -99.0000 
1998 9 22 0  -99.0000  -99.0000  -99.0000 
1998 9 23 0  -99.0000  -99.0000  -99.0000 
1998 9 24 0  -99.0000  -99.0000  -99.0000 
1998 9 25 0  -99.0000  -99.0000  -99.0000 
1998 9 26 0  -99.0000  -99.0000  -99.0000 
1998 9 27 0  -99.0000  -99.0000  -99.0000 
1998 9 28 0  -99.0000  -99.0000  -99.0000 
1998 9 29 0  -99.0000  -99.0000  -99.0000 
1998 9 30 0  -99.0000  -99.0000  -99.0000 
1998 10 1 0  -99.0000  -99.0000  -99.0000 
1998 10 2 0  -99.0000  -99.0000  -99.0000 
1998 10 3 0  -99.0000  -99.0000  -99.0000 
1998 10 4 0  -99.0000  -99.0000  -99.0000 
1998 10 5 0  -99.0000  -99.0000  -99.0000 
1998 10 6 0  -99.0000  -99.0000  -99.0000 
1998 10 7 0  -99.0000  -99.0000  -99.0000 
1998 10 8 0  -99.0000  -99.0000  -99.0000 
1998 10 9 0  -99.0000  -99.0000  -99.0000 
1998 10 10 0  -99.0000  -99.0000  -99.0000 
1998 10 11 0  -99.0000  -99.0000  -99.0000 
1998 10 12 0  -99.0000  -99.0000  -99.0000 
1998 10 13 0  -99.0000  -99.0000  -99.0000 
1998 10 14 0  -99.0000  -99.0000  -99.0000 
1998 10 15 0  -99.0000  -99.0000  -99.0000 
1998 10 16 0  -99.0000  -99.0000  -99.0000 
1998 10 17 0  -99.0000  -99.0000  -99.0000 
1998 10 18 0  -99.0000  -99.0000  -99.0000 
1998 10 19 0  -99.0000  -99.0000  -99.0000 
1998 10 20 0  -99.0000  -99.0000  -99.0000 
1998 10 21 0  -99.0000  -99.0000  -99.0000 
1998 10 22 0  -99.0000  -99.0000  -99.0000 
1998 10 23 0  -99.0000  -99.0000  -99.0000 
1998 10 24 0  -99.0000  -99.0000  -99.0000 
1998 10 25 0  -99.0000  -99.0000  -99.0000 
1998 10 26 0  -99.0000  -99.0000  -99.0000 
1998 10 27 0  -99.0000  -99.0000  -99.0000 
1998 10 28 0  -99.0000  -99.0000  -99.0000 
1998 10 29 0  -99.0000  -99.0000  -99.0000 
1998 10 30 0  -99.0000  -99.0000  -99.0000 
1998 10 31 0  -99.0000  -99.0000  -99.0000 
1998 11 1 0    0.0530   -0.4165    0.4198 
1998 11 2 0   -0.0336   -0.4177    0.4191 
1998 11 3 0   -0.0270   -0.3960    0.3969 
1998 11 4 0    0.0164   -0.3676    0.3680 
1998 11 5 0    0.1162   -0.2993    0.3211 
1998 11 6 0    0.2614   -0.2667    0.3734 
1998 11 7 0    0.4524   -0.2357    0.5101 
1998 11 8 0    0.6098   -0.1776    0.6351 
1998 11 9 0    0.7176   -0.1140    0.7266 
1998 11 10 0    0.8042   -0.0464    0.8055 
1998 11 11 0    0.8688    0.0530    0.8704 
1998 11 12 0    0.8864    0.1989    0.9085 
1998 11 13 0    0.8612    0.3400    0.9259 
1998 11 14 0    0.8644    0.5044    1.0008 
1998 11 15 0    0.7944    0.6415    1.0210 
1998 11 16 0    0.6617    0.7723    1.0170 
1998 11 17 0    0.5114    0.8371    0.9809 
1998 11 18 0    0.4181    0.8541    0.9510 
1998 11 19 0    0.3147    0.7978    0.8576 
1998 11 20 0    0.2221    0.7345    0.7673 
1998 11 21 0    0.1268    0.6508    0.6631 
1998 11 22 0    0.0110    0.5586    0.5587 
1998 11 23 0   -0.1268    0.4856    0.5019 
1998 11 24 0   -0.2638    0.4342    0.5081 
1998 11 25 0   -0.3585    0.4376    0.5657 
1998 11 26 0   -0.4011    0.4516    0.6040 
1998 11 27 0   -0.3848    0.4670    0.6051 
1998 11 28 0   -0.3511    0.4962    0.6079 
1998 11 29 0   -0.3089    0.5429    0.6246 
1998 11 30 0   -0.2943    0.5180    0.5957 
1998 12 1 0   -0.3018    0.4703    0.5588 
1998 12 2 0   -0.3153    0.3900    0.5015 
1998 12 3 0   -0.3301    0.2489    0.4134 
1998 12 4 0   -0.3289    0.0652    0.3353 
1998 12 5 0   -0.2985   -0.1136    0.3194 
1998 12 6 0   -0.2101   -0.2502    0.3267 
1998 12 7 0   -0.1178   -0.3088    0.3305 
1998 12 8 0   -0.0219   -0.3068    0.3076 
1998 12 9 0    0.0566   -0.2553    0.2615 
1998 12 10 0    0.1292   -0.1811    0.2225 
1998 12 11 0    0.2093   -0.0785    0.2235 
1998 12 12 0    0.2467    0.0669    0.2556 
1998 12 13 0    0.2371    0.2167    0.3212 
1998 12 14 0    0.2402    0.3338    0.4112 
1998 12 15 0    0.1932    0.4502    0.4899 
1998 12 16 0    0.0505    0.5362    0.5386 
1998 12 17 0   -0.1112    0.5581    0.5691 
1998 12 18 0   -0.2585    0.5531    0.6105 
1998 12 19 0   -0.4543    0.5998    0.7525 
1998 12 20 0   -0.6051    0.6321    0.8751 
1998 12 21 0   -0.6867    0.6283    0.9308 
1998 12 22 0   -0.7183    0.5822    0.9247 
1998 12 23 0   -0.7381    0.5166    0.9009 
1998 12 24 0   -0.7141    0.3848    0.8112 
1998 12 25 0   -0.7014    0.2644    0.7496 
1998 12 26 0   -0.6654    0.1789    0.6890 
1998 12 27 0   -0.6110    0.1086    0.6206 
1998 12 28 0   -0.5267    0.0586    0.5300 
1998 12 29 0   -0.4354    0.0499    0.4383 
1998 12 30 0   -0.3380    0.0423    0.3406 
1998 12 31 0   -0.3049   -0.0207    0.3057 
1999 1 1 0   -0.3448   -0.0563    0.3494 
1999 1 2 0   -0.4720   -0.0283    0.4729 
1999 1 3 0   -0.6523    0.0438    0.6538 
1999 1 4 0   -0.8130    0.1060    0.8199 
1999 1 5 0   -0.9167    0.1925    0.9367 
1999 1 6 0   -0.9687    0.2379    0.9975 
1999 1 7 0   -0.9913    0.1863    1.0086 
1999 1 8 0   -1.0027    0.0822    1.0061 
1999 1 9 0   -1.0520   -0.0128    1.0521 
1999 1 10 0   -1.1413   -0.1012    1.1458 
1999 1 11 0   -1.2955   -0.2360    1.3168 
1999 1 12 0   -1.4169   -0.3460    1.4585 
1999 1 13 0   -1.4687   -0.4259    1.5292 
1999 1 14 0   -1.4544   -0.5412    1.5519 
1999 1 15 0   -1.3992   -0.7069    1.5676 
1999 1 16 0   -1.1954   -0.8172    1.4480 
1999 1 17 0   -0.8910   -0.9204    1.2810 
1999 1 18 0   -0.5359   -1.0634    1.1908 
1999 1 19 0   -0.1129   -1.1819    1.1873 
1999 1 20 0    0.3218   -1.2396    1.2807 
1999 1 21 0    0.6595   -1.2384    1.4030 
1999 1 22 0    0.8761   -1.1299    1.4298 
1999 1 23 0    1.0282   -0.9308    1.3869 
1999 1 24 0    1.1061   -0.7025    1.3103 
1999 1 25 0    1.1294   -0.4297    1.2083 
1999 1 26 0    1.1130   -0.1502    1.1231 
1999 1 27 0    1.0701    0.0889    1.0738 
1999 1 28 0    0.9907    0.2857    1.0310 
1999 1 29 0    0.8528    0.4733    0.9753 
1999 1 30 0    0.6956    0.6380    0.9439 
1999 1 31 0    0.5360    0.7626    0.9322 
1999 2 1 0    0.4163    0.8117    0.9122 
1999 2 2 0    0.2861    0.8191    0.8676 
1999 2 3 0    0.2061    0.8345    0.8595 
1999 2 4 0    0.1842    0.8363    0.8563 
1999 2 5 0    0.2133    0.8222    0.8494 
1999 2 6 0    0.2594    0.8552    0.8937 
1999 2 7 0    0.3170    0.9290    0.9816 
1999 2 8 0    0.3029    0.9516    0.9986 
1999 2 9 0    0.2132    0.9979    1.0205 
1999 2 10 0    0.1278    1.1132    1.1205 
1999 2 11 0    0.0629    1.2092    1.2109 
1999 2 12 0   -0.0521    1.3109    1.3119 
1999 2 13 0   -0.2126    1.4565    1.4720 
1999 2 14 0   -0.4122    1.4991    1.5548 
1999 2 15 0   -0.6623    1.4312    1.5771 
1999 2 16 0   -0.9522    1.4018    1.6946 
1999 2 17 0   -1.1733    1.3155    1.7628 
1999 2 18 0   -1.2529    1.1659    1.7114 
1999 2 19 0   -1.2307    0.9969    1.5838 
1999 2 20 0   -1.1193    0.8755    1.4210 
1999 2 21 0   -0.9695    0.6880    1.1888 
1999 2 22 0   -0.8371    0.5386    0.9954 
1999 2 23 0   -0.7303    0.4103    0.8376 
1999 2 24 0   -0.6308    0.3135    0.7045 
1999 2 25 0   -0.5845    0.1809    0.6118 
1999 2 26 0   -0.5682    0.0445    0.5699 
1999 2 27 0   -0.5130   -0.1080    0.5242 
1999 2 28 0   -0.4237   -0.2459    0.4899 
1999 3 1 0   -0.2950   -0.3167    0.4328 
1999 3 2 0   -0.1520   -0.3512    0.3827 
1999 3 3 0    0.0144   -0.3520    0.3523 
1999 3 4 0    0.1444   -0.3671    0.3945 
1999 3 5 0    0.1910   -0.3441    0.3935 
1999 3 6 0    0.1555   -0.3448    0.3782 
1999 3 7 0    0.0776   -0.4055    0.4129 
1999 3 8 0   -0.0437   -0.4953    0.4973 
1999 3 9 0   -0.1693   -0.5862    0.6102 
1999 3 10 0   -0.2319   -0.7546    0.7895 
1999 3 11 0   -0.2508   -0.9236    0.9571 
1999 3 12 0   -0.2326   -1.0159    1.0422 
1999 3 13 0   -0.1583   -1.0606    1.0723 
1999 3 14 0   -0.0353   -1.0960    1.0965 
1999 3 15 0    0.0862   -1.1253    1.1286 
1999 3 16 0    0.2257   -1.1493    1.1713 
1999 3 17 0    0.3890   -1.1610    1.2245 
1999 3 18 0    0.5591   -1.1549    1.2831 
1999 3 19 0    0.7108   -1.1324    1.3370 
1999 3 20 0    0.8402   -1.0644    1.3561 
1999 3 21 0    0.9420   -0.9922    1.3681 
1999 3 22 0    0.9744   -0.8820    1.3143 
1999 3 23 0    0.9075   -0.7764    1.1943 
1999 3 24 0    0.7876   -0.6683    1.0329 
1999 3 25 0    0.6322   -0.5354    0.8285 
1999 3 26 0    0.4930   -0.3767    0.6204 
1999 3 27 0    0.3666   -0.2446    0.4408 
1999 3 28 0    0.2929   -0.1326    0.3215 
1999 3 29 0    0.3015   -0.0253    0.3026 
1999 3 30 0    0.2923    0.0109    0.2925 
1999 3 31 0    0.2863    0.0581    0.2921 
1999 4 1 0    0.3001    0.0774    0.3099 
1999 4 2 0    0.3379    0.1065    0.3543 
1999 4 3 0    0.3566    0.1147    0.3746 
1999 4 4 0    0.4203    0.1816    0.4579 
1999 4 5 0    0.4451    0.1636    0.4742 
1999 4 6 0    0.4942    0.1679    0.5219 
1999 4 7 0    0.5548    0.1398    0.5721 
1999 4 8 0    0.6049    0.1263    0.6179 
1999 4 9 0    0.6807    0.0636    0.6836 
1999 4 10 0    0.8284    0.0366    0.8292 
1999 4 11 0    0.9827   -0.0307    0.9832 
1999 4 12 0    1.0928   -0.1228    1.0997 
1999 4 13 0    1.1859   -0.1919    1.2013 
1999 4 14 0    1.2359   -0.1569    1.2458 
1999 4 15 0    1.2242   -0.0892    1.2274 
1999 4 16 0    1.1856    0.0450    1.1864 
1999 4 17 0    1.1495    0.2457    1.1754 
1999 4 18 0    1.0683    0.4273    1.1506 
1999 4 19 0    0.9557    0.5432    1.0993 
1999 4 20 0    0.8149    0.6641    1.0512 
1999 4 21 0    0.6301    0.7276    0.9625 
1999 4 22 0    0.3702    0.7647    0.8496 
1999 4 23 0    0.1016    0.7935    0.8000 
1999 4 24 0   -0.1441    0.8042    0.8170 
1999 4 25 0   -0.3610    0.7514    0.8337 
1999 4 26 0   -0.4921    0.6887    0.8465 
1999 4 27 0   -0.5232    0.6014    0.7971 
1999 4 28 0   -0.5410    0.5258    0.7544 
1999 4 29 0   -0.5774    0.4538    0.7343 
1999 4 30 0   -0.5839    0.3736    0.6932 
1999 5 1 0  -99.0000  -99.0000  -99.0000 
1999 5 2 0  -99.0000  -99.0000  -99.0000 
1999 5 3 0  -99.0000  -99.0000  -99.0000 
1999 5 4 0  -99.0000  -99.0000  -99.0000 
1999 5 5 0  -99.0000  -99.0000  -99.0000 
1999 5 6 0  -99.0000  -99.0000  -99.0000 
1999 5 7 0  -99.0000  -99.0000  -99.0000 
1999 5 8 0  -99.0000  -99.0000  -99.0000 
1999 5 9 0  -99.0000  -99.0000  -99.0000 
1999 5 10 0  -99.0000  -99.0000  -99.0000 
1999 5 11 0  -99.0000  -99.0000  -99.0000 
1999 5 12 0  -99.0000  -99.0000  -99.0000 
1999 5 13 0  -99.0000  -99.0000  -99.0000 
1999 5 14 0  -99.0000  -99.0000  -99.0000 
1999 5 15 0  -99.0000  -99.0000  -99.0000 
1999 5 16 0  -99.0000  -99.0000  -99.0000 
1999 5 17 0  -99.0000  -99.0000  -99.0000 
1999 5 18 0  -99.0000  -99.0000  -99.0000 
1999 5 19 0  -99.0000  -99.0000  -99.0000 
1999 5 20 0  -99.0000  -99.0000  -99.0000 
1999 5 21 0  -99.0000  -99.0000  -99.0000 
1999 5 22 0  -99.0000  -99.0000  -99.0000 
1999 5 23 0  -99.0000  -99.0000  -99.0000 
1999 5 24 0  -99.0000  -99.0000  -99.0000 
1999 5 25 0  -99.0000  -99.0000  -99.0000 
1999 5 26 0  -99.0000  -99.0000  -99.0000 
1999 5 27 0  -99.0000  -99.0000  -99.0000 
1999 5 28 0  -99.0000  -99.0000  -99.0000 
1999 5 29 0  -99.0000  -99.0000  -99.0000 
1999 5 30 0  -99.0000  -99.0000  -99.0000 
1999 5 31 0  -99.0000  -99.0000  -99.0000 
1999 6 1 0  -99.0000  -99.0000  -99.0000 
1999 6 2 0  -99.0000  -99.0000  -99.0000 
1999 6 3 0  -99.0000  -99.0000  -99.0000 
1999 6 4 0  -99.0000  -99.0000  -99.0000 
1999 6 5 0  -99.0000  -99.0000  -99.0000 
1999 6 6 0  -99.0000  -99.0000  -99.0000 
1999 6 7 0  -99.0000  -99.0000  -99.0000 
1999 6 8 0  -99.0000  -99.0000  -99.0000 
1999 6 9 0  -99.0000  -99.0000  -99.0000 
1999 6 10 0  -99.0000  -99.0000  -99.0000 
1999 6 11 0  -99.0000  -99.0000  -99.0000 
1999 6 12 0  -99.0000  -99.0000  -99.0000 
1999 6 13 0  -99.0000  -99.0000  -99.0000 
1999 6 14 0  -99.0000  -99.0000  -99.0000 
1999 6 15 0  -99.0000  -99.0000  -99.0000 
1999 6 16 0  -99.0000  -99.0000  -99.0000 
1999 6 17 0  -99.0000  -99.0000  -99.0000 
1999 6 18 0  -99.0000  -99.0000  -99.0000 
1999 6 19 0  -99.0000  -99.0000  -99.0000 
1999 6 20 0  -99.0000  -99.0000  -99.0000 
1999 6 21 0  -99.0000  -99.0000  -99.0000 
1999 6 22 0  -99.0000  -99.0000  -99.0000 
1999 6 23 0  -99.0000  -99.0000  -99.0000 
1999 6 24 0  -99.0000  -99.0000  -99.0000 
1999 6 25 0  -99.0000  -99.0000  -99.0000 
1999 6 26 0  -99.0000  -99.0000  -99.0000 
1999 6 27 0  -99.0000  -99.0000  -99.0000 
1999 6 28 0  -99.0000  -99.0000  -99.0000 
1999 6 29 0  -99.0000  -99.0000  -99.0000 
1999 6 30 0  -99.0000  -99.0000  -99.0000 
1999 7 1 0  -99.0000  -99.0000  -99.0000 
1999 7 2 0  -99.0000  -99.0000  -99.0000 
1999 7 3 0  -99.0000  -99.0000  -99.0000 
1999 7 4 0  -99.0000  -99.0000  -99.0000 
1999 7 5 0  -99.0000  -99.0000  -99.0000 
1999 7 6 0  -99.0000  -99.0000  -99.0000 
1999 7 7 0  -99.0000  -99.0000  -99.0000 
1999 7 8 0  -99.0000  -99.0000  -99.0000 
1999 7 9 0  -99.0000  -99.0000  -99.0000 
1999 7 10 0  -99.0000  -99.0000  -99.0000 
1999 7 11 0  -99.0000  -99.0000  -99.0000 
1999 7 12 0  -99.0000  -99.0000  -99.0000 
1999 7 13 0  -99.0000  -99.0000  -99.0000 
1999 7 14 0  -99.0000  -99.0000  -99.0000 
1999 7 15 0  -99.0000  -99.0000  -99.0000 
1999 7 16 0  -99.0000  -99.0000  -99.0000 
1999 7 17 0  -99.0000  -99.0000  -99.0000 
1999 7 18 0  -99.0000  -99.0000  -99.0000 
1999 7 19 0  -99.0000  -99.0000  -99.0000 
1999 7 20 0  -99.0000  -99.0000  -99.0000 
1999 7 21 0  -99.0000  -99.0000  -99.0000 
1999 7 22 0  -99.0000  -99.0000  -99.0000 
1999 7 23 0  -99.0000  -99.0000  -99.0000 
1999 7 24 0  -99.0000  -99.0000  -99.0000 
1999 7 25 0  -99.0000  -99.0000  -99.0000 
1999 7 26 0  -99.0000  -99.0000  -99.0000 
1999 7 27 0  -99.0000  -99.0000  -99.0000 
1999 7 28 0  -99.0000  -99.0000  -99.0000 
1999 7 29 0  -99.0000  -99.0000  -99.0000 
1999 7 30 0  -99.0000  -99.0000  -99.0000 
1999 7 31 0  -99.0000  -99.0000  -99.0000 
1999 8 1 0  -99.0000  -99.0000  -99.0000 
1999 8 2 0  -99.0000  -99.0000  -99.0000 
1999 8 3 0  -99.0000  -99.0000  -99.0000 
1999 8 4 0  -99.0000  -99.0000  -99.0000 
1999 8 5 0  -99.0000  -99.0000  -99.0000 
1999 8 6 0  -99.0000  -99.0000  -99.0000 
1999 8 7 0  -99.0000  -99.0000  -99.0000 
1999 8 8 0  -99.0000  -99.0000  -99.0000 
1999 8 9 0  -99.0000  -99.0000  -99.0000 
1999 8 10 0  -99.0000  -99.0000  -99.0000 
1999 8 11 0  -99.0000  -99.0000  -99.0000 
1999 8 12 0  -99.0000  -99.0000  -99.0000 
1999 8 13 0  -99.0000  -99.0000  -99.0000 
1999 8 14 0  -99.0000  -99.0000  -99.0000 
1999 8 15 0  -99.0000  -99.0000  -99.0000 
1999 8 16 0  -99.0000  -99.0000  -99.0000 
1999 8 17 0  -99.0000  -99.0000  -99.0000 
1999 8 18 0  -99.0000  -99.0000  -99.0000 
1999 8 19 0  -99.0000  -99.0000  -99.0000 
1999 8 20 0  -99.0000  -99.0000  -99.0000 
1999 8 21 0  -99.0000  -99.0000  -99.0000 
1999 8 22 0  -99.0000  -99.0000  -99.0000 
1999 8 23 0  -99.0000  -99.0000  -99.0000 
1999 8 24 0  -99.0000  -99.0000  -99.0000 
1999 8 25 0  -99.0000  -99.0000  -99.0000 
1999 8 26 0  -99.0000  -99.0000  -99.0000 
1999 8 27 0  -99.0000  -99.0000  -99.0000 
1999 8 28 0  -99.0000  -99.0000  -99.0000 
1999 8 29 0  -99.0000  -99.0000  -99.0000 
1999 8 30 0  -99.0000  -99.0000  -99.0000 
1999 8 31 0  -99.0000  -99.0000  -99.0000 
1999 9 1 0  -99.0000  -99.0000  -99.0000 
1999 9 2 0  -99.0000  -99.0000  -99.0000 
1999 9 3 0  -99.0000  -99.0000  -99.0000 
1999 9 4 0  -99.0000  -99.0000  -99.0000 
1999 9 5 0  -99.0000  -99.0000  -99.0000 
1999 9 6 0  -99.0000  -99.0000  -99.0000 
1999 9 7 0  -99.0000  -99.0000  -99.0000 
1999 9 8 0  -99.0000  -99.0000  -99.0000 
1999 9 9 0  -99.0000  -99.0000  -99.0000 
1999 9 10 0  -99.0000  -99.0000  -99.0000 
1999 9 11 0  -99.0000  -99.0000  -99.0000 
1999 9 12 0  -99.0000  -99.0000  -99.0000 
1999 9 13 0  -99.0000  -99.0000  -99.0000 
1999 9 14 0  -99.0000  -99.0000  -99.0000 
1999 9 15 0  -99.0000  -99.0000  -99.0000 
1999 9 16 0  -99.0000  -99.0000  -99.0000 
1999 9 17 0  -99.0000  -99.0000  -99.0000 
1999 9 18 0  -99.0000  -99.0000  -99.0000 
1999 9 19 0  -99.0000  -99.0000  -99.0000 
1999 9 20 0  -99.0000  -99.0000  -99.0000 
1999 9 21 0  -99.0000  -99.0000  -99.0000 
1999 9 22 0  -99.0000  -99.0000  -99.0000 
1999 9 23 0  -99.0000  -99.0000  -99.0000 
1999 9 24 0  -99.0000  -99.0000  -99.0000 
1999 9 25 0  -99.0000  -99.0000  -99.0000 
1999 9 26 0  -99.0000  -99.0000  -99.0000 
1999 9 27 0  -99.0000  -99.0000  -99.0000 
1999 9 28 0  -99.0000  -99.0000  -99.0000 
1999 9 29 0  -99.0000  -99.0000  -99.0000 
1999 9 30 0  -99.0000  -99.0000  -99.0000 
1999 10 1 0  -99.0000  -99.0000  -99.0000 
1999 10 2 0  -99.0000  -99.0000  -99.0000 
1999 10 3 0  -99.0000  -99.0000  -99.0000 
1999 10 4 0  -99.0000  -99.0000  -99.0000 
1999 10 5 0  -99.0000  -99.0000  -99.0000 
1999 10 6 0  -99.0000  -99.0000  -99.0000 
1999 10 7 0  -99.0000  -99.0000  -99.0000 
1999 10 8 0  -99.0000  -99.0000  -99.0000 
1999 10 9 0  -99.0000  -99.0000  -99.0000 
1999 10 10 0  -99.0000  -99.0000  -99.0000 
1999 10 11 0  -99.0000  -99.0000  -99.0000 
1999 10 12 0  -99.0000  -99.0000  -99.0000 
1999 10 13 0  -99.0000  -99.0000  -99.0000 
1999 10 14 0  -99.0000  -99.0000  -99.0000 
1999 10 15 0  -99.0000  -99.0000  -99.0000 
1999 10 16 0  -99.0000  -99.0000  -99.0000 
1999 10 17 0  -99.0000  -99.0000  -99.0000 
1999 10 18 0  -99.0000  -99.0000  -99.0000 
1999 10 19 0  -99.0000  -99.0000  -99.0000 
1999 10 20 0  -99.0000  -99.0000  -99.0000 
1999 10 21 0  -99.0000  -99.0000  -99.0000 
1999 10 22 0  -99.0000  -99.0000  -99.0000 
1999 10 23 0  -99.0000  -99.0000  -99.0000 
1999 10 24 0  -99.0000  -99.0000  -99.0000 
1999 10 25 0  -99.0000  -99.0000  -99.0000 
1999 10 26 0  -99.0000  -99.0000  -99.0000 
1999 10 27 0  -99.0000  -99.0000  -99.0000 
1999 10 28 0  -99.0000  -99.0000  -99.0000 
1999 10 29 0  -99.0000  -99.0000  -99.0000 
1999 10 30 0  -99.0000  -99.0000  -99.0000 
1999 10 31 0  -99.0000  -99.0000  -99.0000 
1999 11 1 0    1.1174    0.2129    1.1375 
1999 11 2 0    1.2466    0.3467    1.2940 
1999 11 3 0    1.2875    0.4657    1.3691 
1999 11 4 0    1.2309    0.6240    1.3801 
1999 11 5 0    1.1239    0.8159    1.3888 
1999 11 6 0    0.9760    0.9673    1.3741 
1999 11 7 0    0.7869    1.1122    1.3624 
1999 11 8 0    0.6062    1.1831    1.3294 
1999 11 9 0    0.4164    1.1849    1.2559 
1999 11 10 0    0.2334    1.1340    1.1578 
1999 11 11 0    0.0501    1.0783    1.0794 
1999 11 12 0   -0.1235    0.9812    0.9890 
1999 11 13 0   -0.3036    0.9015    0.9513 
1999 11 14 0   -0.4245    0.8330    0.9349 
1999 11 15 0   -0.5041    0.7589    0.9110 
1999 11 16 0   -0.5395    0.6572    0.8503 
1999 11 17 0   -0.5657    0.5342    0.7781 
1999 11 18 0   -0.5588    0.4185    0.6981 
1999 11 19 0   -0.5608    0.3058    0.6388 
1999 11 20 0   -0.6263    0.1997    0.6573 
1999 11 21 0   -0.7058    0.1057    0.7136 
1999 11 22 0   -0.7161    0.0351    0.7170 
1999 11 23 0   -0.6518   -0.0558    0.6542 
1999 11 24 0   -0.5962   -0.1388    0.6121 
1999 11 25 0   -0.5015   -0.2149    0.5456 
1999 11 26 0   -0.3824   -0.2884    0.4790 
1999 11 27 0   -0.2592   -0.2994    0.3960 
1999 11 28 0   -0.1963   -0.2850    0.3460 
1999 11 29 0   -0.1512   -0.2991    0.3351 
1999 11 30 0   -0.0820   -0.2806    0.2923 
1999 12 1 0   -0.0225   -0.2807    0.2816 
1999 12 2 0    0.0042   -0.2839    0.2840 
1999 12 3 0    0.0732   -0.2474    0.2580 
1999 12 4 0    0.1894   -0.1623    0.2494 
1999 12 5 0    0.3529   -0.0611    0.3582 
1999 12 6 0    0.5212    0.0472    0.5234 
1999 12 7 0    0.6529    0.1506    0.6700 
1999 12 8 0    0.7080    0.2455    0.7493 
1999 12 9 0    0.7206    0.3413    0.7973 
1999 12 10 0    0.6176    0.3893    0.7300 
1999 12 11 0    0.5179    0.4609    0.6933 
1999 12 12 0    0.4446    0.5440    0.7026 
1999 12 13 0    0.3845    0.6122    0.7229 
1999 12 14 0    0.3232    0.6945    0.7660 
1999 12 15 0    0.2747    0.8150    0.8600 
1999 12 16 0    0.1904    0.9013    0.9212 
1999 12 17 0    0.0505    0.9443    0.9456 
1999 12 18 0   -0.1327    0.9560    0.9652 
1999 12 19 0   -0.3265    0.8977    0.9552 
1999 12 20 0   -0.5019    0.8100    0.9529 
1999 12 21 0   -0.6413    0.7486    0.9857 
1999 12 22 0   -0.7467    0.6969    1.0214 
1999 12 23 0   -0.8192    0.6609    1.0526 
1999 12 24 0   -0.8618    0.6191    1.0611 
1999 12 25 0   -0.9011    0.5383    1.0497 
1999 12 26 0   -0.9534    0.4589    1.0581 
1999 12 27 0   -0.9481    0.3345    1.0054 
1999 12 28 0   -0.9313    0.1501    0.9434 
1999 12 29 0   -0.9467   -0.0387    0.9475 
1999 12 30 0   -0.9949   -0.2426    1.0240 
1999 12 31 0   -1.0257   -0.4458    1.1184 
2000 1 1 0   -1.0692   -0.6337    1.2429 
2000 1 2 0   -1.0866   -0.7700    1.3318 
2000 1 3 0   -1.0956   -0.8602    1.3929 
2000 1 4 0   -1.0461   -0.9310    1.4004 
2000 1 5 0   -1.0040   -1.0169    1.4290 
2000 1 6 0   -0.9590   -1.0606    1.4299 
2000 1 7 0   -0.8758   -1.0172    1.3423 
2000 1 8 0   -0.7308   -0.9259    1.1796 
2000 1 9 0   -0.5904   -0.7982    0.9929 
2000 1 10 0   -0.4753   -0.6862    0.8347 
2000 1 11 0   -0.3851   -0.5509    0.6721 
2000 1 12 0   -0.3249   -0.4132    0.5256 
2000 1 13 0   -0.3149   -0.3021    0.4364 
2000 1 14 0   -0.3506   -0.2145    0.4110 
2000 1 15 0   -0.3841   -0.0879    0.3940 
2000 1 16 0   -0.4513    0.0430    0.4533 
2000 1 17 0   -0.5340    0.1042    0.5441 
2000 1 18 0   -0.5820    0.0898    0.5889 
2000 1 19 0   -0.6098    0.0891    0.6163 
2000 1 20 0   -0.6464    0.0894    0.6526 
2000 1 21 0   -0.7022    0.0191    0.7025 
2000 1 22 0   -0.7425   -0.0615    0.7450 
2000 1 23 0   -0.7908   -0.0609    0.7932 
2000 1 24 0   -0.8132   -0.0785    0.8170 
2000 1 25 0   -0.7963   -0.1356    0.8078 
2000 1 26 0   -0.7410   -0.2007    0.7677 
2000 1 27 0   -0.6806   -0.2539    0.7264 
2000 1 28 0   -0.5822   -0.3253    0.6669 
2000 1 29 0   -0.4626   -0.4004    0.6118 
2000 1 30 0   -0.3489   -0.4800    0.5934 
2000 1 31 0   -0.2212   -0.5461    0.5893 
2000 2 1 0   -0.0859   -0.6146    0.6206 
2000 2 2 0    0.0065   -0.6948    0.6949 
2000 2 3 0    0.0787   -0.7058    0.7102 
2000 2 4 0    0.1910   -0.6434    0.6712 
2000 2 5 0    0.3186   -0.5243    0.6135 
2000 2 6 0    0.4409   -0.3819    0.5833 
2000 2 7 0    0.5370   -0.2423    0.5891 
2000 2 8 0    0.5394   -0.1052    0.5495 
2000 2 9 0    0.4238   -0.0182    0.4242 
2000 2 10 0    0.2522    0.0046    0.2523 
2000 2 11 0    0.0061   -0.0531    0.0535 
2000 2 12 0   -0.2483   -0.1969    0.3169 
2000 2 13 0   -0.4093   -0.4176    0.5848 
2000 2 14 0   -0.4544   -0.6126    0.7627 
2000 2 15 0   -0.4032   -0.8103    0.9051 
2000 2 16 0   -0.2871   -0.9949    1.0355 
2000 2 17 0   -0.1017   -1.0951    1.0998 
2000 2 18 0    0.0987   -1.1435    1.1477 
2000 2 19 0    0.2748   -1.1637    1.1957 
2000 2 20 0    0.4466   -1.1135    1.1998 
2000 2 21 0    0.5924   -0.9957    1.1586 
2000 2 22 0    0.6941   -0.8702    1.1132 
2000 2 23 0    0.7478   -0.7821    1.0820 
2000 2 24 0    0.8025   -0.7796    1.1188 
2000 2 25 0    0.8180   -0.8070    1.1490 
2000 2 26 0    0.8180   -0.8434    1.1750 
2000 2 27 0    0.8220   -0.8726    1.1988 
2000 2 28 0    0.8223   -0.8749    1.2007 
2000 2 29 0    0.7999   -0.8179    1.1440 
2000 3 1 0    0.7671   -0.7983    1.1071 
2000 3 2 0    0.7103   -0.7477    1.0313 
2000 3 3 0    0.6231   -0.6521    0.9020 
2000 3 4 0    0.5622   -0.5455    0.7833 
2000 3 5 0    0.5276   -0.4226    0.6760 
2000 3 6 0    0.4729   -0.2743    0.5467 
2000 3 7 0    0.4408   -0.1855    0.4782 
2000 3 8 0    0.4272   -0.1820    0.4643 
2000 3 9 0    0.4182   -0.1491    0.4440 
2000 3 10 0    0.4234   -0.1561    0.4512 
2000 3 11 0    0.4778   -0.1368    0.4970 
2000 3 12 0    0.5202   -0.1123    0.5322 
2000 3 13 0    0.5349   -0.0418    0.5366 
2000 3 14 0    0.5668   -0.0350    0.5679 
2000 3 15 0    0.5699   -0.0626    0.5733 
2000 3 16 0    0.5342   -0.0923    0.5421 
2000 3 17 0    0.4653   -0.1111    0.4784 
2000 3 18 0    0.3898   -0.1683    0.4245 
2000 3 19 0    0.2523   -0.2017    0.3231 
2000 3 20 0    0.0602   -0.2180    0.2261 
2000 3 21 0   -0.1825   -0.2686    0.3247 
2000 3 22 0   -0.3978   -0.3312    0.5176 
2000 3 23 0   -0.5764   -0.4006    0.7019 
2000 3 24 0   -0.6998   -0.5062    0.8637 
2000 3 25 0   -0.7541   -0.5954    0.9608 
2000 3 26 0   -0.7324   -0.6682    0.9914 
2000 3 27 0   -0.6512   -0.6916    0.9500 
2000 3 28 0   -0.5237   -0.7008    0.8748 
2000 3 29 0   -0.3798   -0.6892    0.7870 
2000 3 30 0   -0.2075   -0.7070    0.7368 
2000 3 31 0   -0.0471   -0.7253    0.7269 
2000 4 1 0    0.1227   -0.7336    0.7438 
2000 4 2 0    0.2566   -0.7238    0.7679 
2000 4 3 0    0.3632   -0.7126    0.7998 
2000 4 4 0    0.4196   -0.6730    0.7931 
2000 4 5 0    0.4471   -0.6132    0.7589 
2000 4 6 0    0.4363   -0.5867    0.7312 
2000 4 7 0    0.4226   -0.5549    0.6975 
2000 4 8 0    0.3731   -0.5271    0.6458 
2000 4 9 0    0.3014   -0.5017    0.5852 
2000 4 10 0    0.2918   -0.4704    0.5536 
2000 4 11 0    0.3346   -0.4442    0.5562 
2000 4 12 0    0.3752   -0.4259    0.5676 
2000 4 13 0    0.4502   -0.3889    0.5949 
2000 4 14 0    0.6076   -0.3314    0.6921 
2000 4 15 0    0.7456   -0.3079    0.8067 
2000 4 16 0    0.8403   -0.2667    0.8816 
2000 4 17 0    0.9021   -0.2125    0.9268 
2000 4 18 0    0.9275   -0.1608    0.9413 
2000 4 19 0    0.8998   -0.1417    0.9109 
2000 4 20 0    0.8160   -0.1061    0.8228 
2000 4 21 0    0.7185   -0.0999    0.7254 
2000 4 22 0    0.6065   -0.1035    0.6153 
2000 4 23 0    0.5095   -0.1223    0.5240 
2000 4 24 0    0.4011   -0.0753    0.4081 
2000 4 25 0    0.3725   -0.0384    0.3745 
2000 4 26 0    0.3723   -0.0192    0.3728 
2000 4 27 0    0.4205   -0.0194    0.4210 
2000 4 28 0    0.4812    0.0527    0.4841 
2000 4 29 0    0.5470    0.1546    0.5684 
2000 4 30 0    0.5712    0.3129    0.6513 
2000 5 1 0  -99.0000  -99.0000  -99.0000 
2000 5 2 0  -99.0000  -99.0000  -99.0000 
2000 5 3 0  -99.0000  -99.0000  -99.0000 
2000 5 4 0  -99.0000  -99.0000  -99.0000 
2000 5 5 0  -99.0000  -99.0000  -99.0000 
2000 5 6 0  -99.0000  -99.0000  -99.0000 
2000 5 7 0  -99.0000  -99.0000  -99.0000 
2000 5 8 0  -99.0000  -99.0000  -99.0000 
2000 5 9 0  -99.0000  -99.0000  -99.0000 
2000 5 10 0  -99.0000  -99.0000  -99.0000 
2000 5 11 0  -99.0000  -99.0000  -99.0000 
2000 5 12 0  -99.0000  -99.0000  -99.0000 
2000 5 13 0  -99.0000  -99.0000  -99.0000 
2000 5 14 0  -99.0000  -99.0000  -99.0000 
2000 5 15 0  -99.0000  -99.0000  -99.0000 
2000 5 16 0  -99.0000  -99.0000  -99.0000 
2000 5 17 0  -99.0000  -99.0000  -99.0000 
2000 5 18 0  -99.0000  -99.0000  -99.0000 
2000 5 19 0  -99.0000  -99.0000  -99.0000 
2000 5 20 0  -99.0000  -99.0000  -99.0000 
2000 5 21 0  -99.0000  -99.0000  -99.0000 
2000 5 22 0  -99.0000  -99.0000  -99.0000 
2000 5 23 0  -99.0000  -99.0000  -99.0000 
2000 5 24 0  -99.0000  -99.0000  -99.0000 
2000 5 25 0  -99.0000  -99.0000  -99.0000 
2000 5 26 0  -99.0000  -99.0000  -99.0000 
2000 5 27 0  -99.0000  -99.0000  -99.0000 
2000 5 28 0  -99.0000  -99.0000  -99.0000 
2000 5 29 0  -99.0000  -99.0000  -99.0000 
2000 5 30 0  -99.0000  -99.0000  -99.0000 
2000 5 31 0  -99.0000  -99.0000  -99.0000 
2000 6 1 0  -99.0000  -99.0000  -99.0000 
2000 6 2 0  -99.0000  -99.0000  -99.0000 
2000 6 3 0  -99.0000  -99.0000  -99.0000 
2000 6 4 0  -99.0000  -99.0000  -99.0000 
2000 6 5 0  -99.0000  -99.0000  -99.0000 
2000 6 6 0  -99.0000  -99.0000  -99.0000 
2000 6 7 0  -99.0000  -99.0000  -99.0000 
2000 6 8 0  -99.0000  -99.0000  -99.0000 
2000 6 9 0  -99.0000  -99.0000  -99.0000 
2000 6 10 0  -99.0000  -99.0000  -99.0000 
2000 6 11 0  -99.0000  -99.0000  -99.0000 
2000 6 12 0  -99.0000  -99.0000  -99.0000 
2000 6 13 0  -99.0000  -99.0000  -99.0000 
2000 6 14 0  -99.0000  -99.0000  -99.0000 
2000 6 15 0  -99.0000  -99.0000  -99.0000 
2000 6 16 0  -99.0000  -99.0000  -99.0000 
2000 6 17 0  -99.0000  -99.0000  -99.0000 
2000 6 18 0  -99.0000  -99.0000  -99.0000 
2000 6 19 0  -99.0000  -99.0000  -99.0000 
2000 6 20 0  -99.0000  -99.0000  -99.0000 
2000 6 21 0  -99.0000  -99.0000  -99.0000 
2000 6 22 0  -99.0000  -99.0000  -99.0000 
2000 6 23 0  -99.0000  -99.0000  -99.0000 
2000 6 24 0  -99.0000  -99.0000  -99.0000 
2000 6 25 0  -99.0000  -99.0000  -99.0000 
2000 6 26 0  -99.0000  -99.0000  -99.0000 
2000 6 27 0  -99.0000  -99.0000  -99.0000 
2000 6 28 0  -99.0000  -99.0000  -99.0000 
2000 6 29 0  -99.0000  -99.0000  -99.0000 
2000 6 30 0  -99.0000  -99.0000  -99.0000 
2000 7 1 0  -99.0000  -99.0000  -99.0000 
2000 7 2 0  -99.0000  -99.0000  -99.0000 
2000 7 3 0  -99.0000  -99.0000  -99.0000 
2000 7 4 0  -99.0000  -99.0000  -99.0000 
2000 7 5 0  -99.0000  -99.0000  -99.0000 
2000 7 6 0  -99.0000  -99.0000  -99.0000 
2000 7 7 0  -99.0000  -99.0000  -99.0000 
2000 7 8 0  -99.0000  -99.0000  -99.0000 
2000 7 9 0  -99.0000  -99.0000  -99.0000 
2000 7 10 0  -99.0000  -99.0000  -99.0000 
2000 7 11 0  -99.0000  -99.0000  -99.0000 
2000 7 12 0  -99.0000  -99.0000  -99.0000 
2000 7 13 0  -99.0000  -99.0000  -99.0000 
2000 7 14 0  -99.0000  -99.0000  -99.0000 
2000 7 15 0  -99.0000  -99.0000  -99.0000 
2000 7 16 0  -99.0000  -99.0000  -99.0000 
2000 7 17 0  -99.0000  -99.0000  -99.0000 
2000 7 18 0  -99.0000  -99.0000  -99.0000 
2000 7 19 0  -99.0000  -99.0000  -99.0000 
2000 7 20 0  -99.0000  -99.0000  -99.0000 
2000 7 21 0  -99.0000  -99.0000  -99.0000 
2000 7 22 0  -99.0000  -99.0000  -99.0000 
2000 7 23 0  -99.0000  -99.0000  -99.0000 
2000 7 24 0  -99.0000  -99.0000  -99.0000 
2000 7 25 0  -99.0000  -99.0000  -99.0000 
2000 7 26 0  -99.0000  -99.0000  -99.0000 
2000 7 27 0  -99.0000  -99.0000  -99.0000 
2000 7 28 0  -99.0000  -99.0000  -99.0000 
2000 7 29 0  -99.0000  -99.0000  -99.0000 
2000 7 30 0  -99.0000  -99.0000  -99.0000 
2000 7 31 0  -99.0000  -99.0000  -99.0000 
2000 8 1 0  -99.0000  -99.0000  -99.0000 
2000 8 2 0  -99.0000  -99.0000  -99.0000 
2000 8 3 0  -99.0000  -99.0000  -99.0000 
2000 8 4 0  -99.0000  -99.0000  -99.0000 
2000 8 5 0  -99.0000  -99.0000  -99.0000 
2000 8 6 0  -99.0000  -99.0000  -99.0000 
2000 8 7 0  -99.0000  -99.0000  -99.0000 
2000 8 8 0  -99.0000  -99.0000  -99.0000 
2000 8 9 0  -99.0000  -99.0000  -99.0000 
2000 8 10 0  -99.0000  -99.0000  -99.0000 
2000 8 11 0  -99.0000  -99.0000  -99.0000 
2000 8 12 0  -99.0000  -99.0000  -99.0000 
2000 8 13 0  -99.0000  -99.0000  -99.0000 
2000 8 14 0  -99.0000  -99.0000  -99.0000 
2000 8 15 0  -99.0000  -99.0000  -99.0000 
2000 8 16 0  -99.0000  -99.0000  -99.0000 
2000 8 17 0  -99.0000  -99.0000  -99.0000 
2000 8 18 0  -99.0000  -99.0000  -99.0000 
2000 8 19 0  -99.0000  -99.0000  -99.0000 
2000 8 20 0  -99.0000  -99.0000  -99.0000 
2000 8 21 0  -99.0000  -99.0000  -99.0000 
2000 8 22 0  -99.0000  -99.0000  -99.0000 
2000 8 23 0  -99.0000  -99.0000  -99.0000 
2000 8 24 0  -99.0000  -99.0000  -99.0000 
2000 8 25 0  -99.0000  -99.0000  -99.0000 
2000 8 26 0  -99.0000  -99.0000  -99.0000 
2000 8 27 0  -99.0000  -99.0000  -99.0000 
2000 8 28 0  -99.0000  -99.0000  -99.0000 
2000 8 29 0  -99.0000  -99.0000  -99.0000 
2000 8 30 0  -99.0000  -99.0000  -99.0000 
2000 8 31 0  -99.0000  -99.0000  -99.0000 
2000 9 1 0  -99.0000  -99.0000  -99.0000 
2000 9 2 0  -99.0000  -99.0000  -99.0000 
2000 9 3 0  -99.0000  -99.0000  -99.0000 
2000 9 4 0  -99.0000  -99.0000  -99.0000 
2000 9 5 0  -99.0000  -99.0000  -99.0000 
2000 9 6 0  -99.0000  -99.0000  -99.0000 
2000 9 7 0  -99.0000  -99.0000  -99.0000 
2000 9 8 0  -99.0000  -99.0000  -99.0000 
2000 9 9 0  -99.0000  -99.0000  -99.0000 
2000 9 10 0  -99.0000  -99.0000  -99.0000 
2000 9 11 0  -99.0000  -99.0000  -99.0000 
2000 9 12 0  -99.0000  -99.0000  -99.0000 
2000 9 13 0  -99.0000  -99.0000  -99.0000 
2000 9 14 0  -99.0000  -99.0000  -99.0000 
2000 9 15 0  -99.0000  -99.0000  -99.0000 
2000 9 16 0  -99.0000  -99.0000  -99.0000 
2000 9 17 0  -99.0000  -99.0000  -99.0000 
2000 9 18 0  -99.0000  -99.0000  -99.0000 
2000 9 19 0  -99.0000  -99.0000  -99.0000 
2000 9 20 0  -99.0000  -99.0000  -99.0000 
2000 9 21 0  -99.0000  -99.0000  -99.0000 
2000 9 22 0  -99.0000  -99.0000  -99.0000 
2000 9 23 0  -99.0000  -99.0000  -99.0000 
2000 9 24 0  -99.0000  -99.0000  -99.0000 
2000 9 25 0  -99.0000  -99.0000  -99.0000 
2000 9 26 0  -99.0000  -99.0000  -99.0000 
2000 9 27 0  -99.0000  -99.0000  -99.0000 
2000 9 28 0  -99.0000  -99.0000  -99.0000 
2000 9 29 0  -99.0000  -99.0000  -99.0000 
2000 9 30 0  -99.0000  -99.0000  -99.0000 
2000 10 1 0  -99.0000  -99.0000  -99.0000 
2000 10 2 0  -99.0000  -99.0000  -99.0000 
2000 10 3 0  -99.0000  -99.0000  -99.0000 
2000 10 4 0  -99.0000  -99.0000  -99.0000 
2000 10 5 0  -99.0000  -99.0000  -99.0000 
2000 10 6 0  -99.0000  -99.0000  -99.0000 
2000 10 7 0  -99.0000  -99.0000  -99.0000 
2000 10 8 0  -99.0000  -99.0000  -99.0000 
2000 10 9 0  -99.0000  -99.0000  -99.0000 
2000 10 10 0  -99.0000  -99.0000  -99.0000 
2000 10 11 0  -99.0000  -99.0000  -99.0000 
2000 10 12 0  -99.0000  -99.0000  -99.0000 
2000 10 13 0  -99.0000  -99.0000  -99.0000 
2000 10 14 0  -99.0000  -99.0000  -99.0000 
2000 10 15 0  -99.0000  -99.0000  -99.0000 
2000 10 16 0  -99.0000  -99.0000  -99.0000 
2000 10 17 0  -99.0000  -99.0000  -99.0000 
2000 10 18 0  -99.0000  -99.0000  -99.0000 
2000 10 19 0  -99.0000  -99.0000  -99.0000 
2000 10 20 0  -99.0000  -99.0000  -99.0000 
2000 10 21 0  -99.0000  -99.0000  -99.0000 
2000 10 22 0  -99.0000  -99.0000  -99.0000 
2000 10 23 0  -99.0000  -99.0000  -99.0000 
2000 10 24 0  -99.0000  -99.0000  -99.0000 
2000 10 25 0  -99.0000  -99.0000  -99.0000 
2000 10 26 0  -99.0000  -99.0000  -99.0000 
2000 10 27 0  -99.0000  -99.0000  -99.0000 
2000 10 28 0  -99.0000  -99.0000  -99.0000 
2000 10 29 0  -99.0000  -99.0000  -99.0000 
2000 10 30 0  -99.0000  -99.0000  -99.0000 
2000 10 31 0  -99.0000  -99.0000  -99.0000 
2000 11 1 0   -0.2984    0.8886    0.9374 
2000 11 2 0   -0.4977    0.8645    0.9976 
2000 11 3 0   -0.6607    0.8178    1.0514 
2000 11 4 0   -0.8257    0.7419    1.1101 
2000 11 5 0   -1.0000    0.6309    1.1824 
2000 11 6 0   -1.1107    0.5153    1.2245 
2000 11 7 0   -1.1668    0.3717    1.2246 
2000 11 8 0   -1.1771    0.2146    1.1965 
2000 11 9 0   -1.1526    0.0670    1.1546 
2000 11 10 0   -1.0622   -0.0799    1.0652 
2000 11 11 0   -0.9866   -0.2882    1.0278 
2000 11 12 0   -0.9278   -0.5273    1.0672 
2000 11 13 0   -0.8910   -0.7844    1.1871 
2000 11 14 0   -0.8360   -1.0393    1.3338 
2000 11 15 0   -0.7721   -1.2591    1.4769 
2000 11 16 0   -0.6256   -1.3843    1.5191 
2000 11 17 0   -0.4206   -1.4258    1.4866 
2000 11 18 0   -0.1582   -1.3562    1.3654 
2000 11 19 0    0.0674   -1.2179    1.2198 
2000 11 20 0    0.2557   -1.0485    1.0793 
2000 11 21 0    0.4274   -0.8687    0.9682 
2000 11 22 0    0.5697   -0.6925    0.8967 
2000 11 23 0    0.6646   -0.5128    0.8395 
2000 11 24 0    0.7818   -0.3241    0.8464 
2000 11 25 0    0.8889   -0.1382    0.8996 
2000 11 26 0    0.9578    0.0272    0.9582 
2000 11 27 0    0.9936    0.2162    1.0169 
2000 11 28 0    1.0307    0.4105    1.1095 
2000 11 29 0    1.0456    0.5900    1.2006 
2000 11 30 0    1.0542    0.7517    1.2948 
2000 12 1 0    1.0503    0.9680    1.4283 
2000 12 2 0    1.0164    1.1608    1.5429 
2000 12 3 0    0.9279    1.2722    1.5746 
2000 12 4 0    0.7984    1.3688    1.5846 
2000 12 5 0    0.5964    1.4271    1.5467 
2000 12 6 0    0.3791    1.4204    1.4701 
2000 12 7 0    0.1861    1.3969    1.4092 
2000 12 8 0    0.0215    1.3928    1.3930 
2000 12 9 0   -0.1076    1.3637    1.3680 
2000 12 10 0   -0.1750    1.3994    1.4103 
2000 12 11 0   -0.2841    1.3883    1.4171 
2000 12 12 0   -0.4469    1.3313    1.4043 
2000 12 13 0   -0.5970    1.2301    1.3674 
2000 12 14 0   -0.7185    1.1032    1.3166 
2000 12 15 0   -0.8304    0.9069    1.2297 
2000 12 16 0   -0.8541    0.7066    1.1085 
2000 12 17 0   -0.7870    0.4779    0.9208 
2000 12 18 0   -0.7026    0.3121    0.7688 
2000 12 19 0   -0.5883    0.1893    0.6180 
2000 12 20 0   -0.4182    0.0796    0.4257 
2000 12 21 0   -0.2820    0.0460    0.2857 
2000 12 22 0   -0.1545    0.1083    0.1887 
2000 12 23 0   -0.0083    0.1313    0.1316 
2000 12 24 0    0.0573    0.1176    0.1308 
2000 12 25 0    0.0509    0.1251    0.1350 
2000 12 26 0    0.0342    0.0936    0.0996 
2000 12 27 0   -0.0076    0.0402    0.0410 
2000 12 28 0   -0.1037    0.0276    0.1073 
2000 12 29 0   -0.1884   -0.0069    0.1885 
2000 12 30 0   -0.2522   -0.0896    0.2676 
2000 12 31 0   -0.3104   -0.1738    0.3558 
2001 1 1 0   -0.3183   -0.2811    0.4247 
2001 1 2 0   -0.2880   -0.4217    0.5106 
2001 1 3 0   -0.2679   -0.5379    0.6009 
2001 1 4 0   -0.2737   -0.6439    0.6997 
2001 1 5 0   -0.2792   -0.7741    0.8229 
2001 1 6 0   -0.2904   -0.9187    0.9635 
2001 1 7 0   -0.2407   -1.0520    1.0792 
2001 1 8 0   -0.1038   -1.1532    1.1579 
2001 1 9 0    0.0893   -1.1861    1.1894 
2001 1 10 0    0.3171   -1.1302    1.1738 
2001 1 11 0    0.4890   -1.0343    1.1440 
2001 1 12 0    0.6195   -0.9655    1.1471 
2001 1 13 0    0.6267   -0.9439    1.1330 
2001 1 14 0    0.5313   -0.9718    1.1076 
2001 1 15 0    0.3547   -1.0293    1.0887 
2001 1 16 0    0.1712   -1.1134    1.1265 
2001 1 17 0   -0.0860   -1.2284    1.2314 
2001 1 18 0   -0.2794   -1.3363    1.3652 
2001 1 19 0   -0.3383   -1.4241    1.4638 
2001 1 20 0   -0.2716   -1.5572    1.5807 
2001 1 21 0   -0.1508   -1.6635    1.6703 
2001 1 22 0    0.0280   -1.6923    1.6925 
2001 1 23 0    0.2212   -1.6738    1.6884 
2001 1 24 0    0.3674   -1.6918    1.7313 
2001 1 25 0    0.4624   -1.6791    1.7416 
2001 1 26 0    0.5653   -1.6661    1.7594 
2001 1 27 0    0.6219   -1.6512    1.7644 
2001 1 28 0    0.6372   -1.6251    1.7456 
2001 1 29 0    0.6347   -1.5694    1.6928 
2001 1 30 0    0.6432   -1.4811    1.6147 
2001 1 31 0    0.6496   -1.3869    1.5315 
2001 2 1 0    0.7739   -1.2850    1.5001 
2001 2 2 0    0.9387   -1.1879    1.5140 
2001 2 3 0    1.1437   -1.0477    1.5510 
2001 2 4 0    1.3344   -0.8910    1.6046 
2001 2 5 0    1.4826   -0.7050    1.6417 
2001 2 6 0    1.5537   -0.4393    1.6146 
2001 2 7 0    1.5932   -0.1285    1.5984 
2001 2 8 0    1.6095    0.2126    1.6234 
2001 2 9 0    1.6121    0.5217    1.6944 
2001 2 10 0    1.5909    0.8417    1.7999 
2001 2 11 0    1.5423    1.0889    1.8879 
2001 2 12 0    1.4660    1.2948    1.9560 
2001 2 13 0    1.3373    1.4472    1.9705 
2001 2 14 0    1.1146    1.5939    1.9450 
2001 2 15 0    0.8944    1.6913    1.9132 
2001 2 16 0    0.6955    1.7851    1.9158 
2001 2 17 0    0.5380    1.8393    1.9164 
2001 2 18 0    0.4153    1.8475    1.8936 
2001 2 19 0    0.3614    1.8505    1.8855 
2001 2 20 0    0.2974    1.8565    1.8802 
2001 2 21 0    0.1917    1.8510    1.8609 
2001 2 22 0    0.0872    1.8414    1.8435 
2001 2 23 0   -0.0344    1.8332    1.8336 
2001 2 24 0   -0.1719    1.7847    1.7930 
2001 2 25 0   -0.3270    1.6982    1.7294 
2001 2 26 0   -0.4990    1.5651    1.6428 
2001 2 27 0   -0.7009    1.4041    1.5693 
2001 2 28 0   -0.8561    1.2402    1.5070 
2001 3 1 0   -0.9394    1.0610    1.4171 
2001 3 2 0   -0.8879    0.8850    1.2536 
2001 3 3 0   -0.6945    0.7174    0.9985 
2001 3 4 0   -0.4271    0.6268    0.7585 
2001 3 5 0   -0.1578    0.5654    0.5870 
2001 3 6 0    0.0972    0.5269    0.5358 
2001 3 7 0    0.2494    0.4651    0.5278 
2001 3 8 0    0.3218    0.4035    0.5161 
2001 3 9 0    0.3699    0.3318    0.4970 
2001 3 10 0    0.3932    0.2867    0.4866 
2001 3 11 0    0.3552    0.2416    0.4296 
2001 3 12 0    0.2959    0.2458    0.3846 
2001 3 13 0    0.2220    0.3126    0.3834 
2001 3 14 0    0.1454    0.3488    0.3779 
2001 3 15 0    0.0697    0.3650    0.3716 
2001 3 16 0    0.0315    0.3688    0.3701 
2001 3 17 0    0.0244    0.3503    0.3511 
2001 3 18 0    0.0362    0.2669    0.2694 
2001 3 19 0    0.0670    0.1976    0.2087 
2001 3 20 0    0.0841    0.1329    0.1573 
2001 3 21 0    0.0970    0.1135    0.1493 
2001 3 22 0    0.1004    0.1035    0.1441 
2001 3 23 0    0.0773    0.1410    0.1608 
2001 3 24 0    0.0203    0.1677    0.1689 
2001 3 25 0   -0.0300    0.1571    0.1599 
2001 3 26 0   -0.0907    0.0933    0.1301 
2001 3 27 0   -0.0958    0.0417    0.1045 
2001 3 28 0   -0.0807   -0.0373    0.0889 
2001 3 29 0   -0.0736   -0.1376    0.1561 
2001 3 30 0   -0.0759   -0.2201    0.2328 
2001 3 31 0   -0.0683   -0.2794    0.2876 
2001 4 1 0   -0.0565   -0.3244    0.3293 
2001 4 2 0   -0.0329   -0.3482    0.3497 
2001 4 3 0    0.0010   -0.3472    0.3472 
2001 4 4 0    0.0673   -0.3032    0.3105 
2001 4 5 0    0.1800   -0.2204    0.2846 
2001 4 6 0    0.2923   -0.1692    0.3377 
2001 4 7 0    0.3597   -0.1518    0.3904 
2001 4 8 0    0.3997   -0.1219    0.4179 
2001 4 9 0    0.3854   -0.0615    0.3902 
2001 4 10 0    0.3300   -0.0266    0.3311 
2001 4 11 0    0.2037   -0.0180    0.2045 
2001 4 12 0    0.0748    0.0464    0.0880 
2001 4 13 0   -0.0539    0.1074    0.1201 
2001 4 14 0   -0.1545    0.0956    0.1817 
2001 4 15 0   -0.2274    0.0653    0.2366 
2001 4 16 0   -0.2565    0.1118    0.2798 
2001 4 17 0   -0.1828    0.1347    0.2271 
2001 4 18 0   -0.0802    0.1360    0.1579 
2001 4 19 0    0.0490    0.0929    0.1050 
2001 4 20 0    0.1893    0.0425    0.1940 
2001 4 21 0    0.3611   -0.0675    0.3674 
2001 4 22 0    0.4642   -0.2160    0.5120 
2001 4 23 0    0.5414   -0.3547    0.6472 
2001 4 24 0    0.6448   -0.4133    0.7659 
2001 4 25 0    0.7540   -0.4041    0.8554 
2001 4 26 0    0.8288   -0.3621    0.9044 
2001 4 27 0    0.8520   -0.2978    0.9025 
2001 4 28 0    0.8995   -0.1835    0.9180 
2001 4 29 0    0.9166   -0.0488    0.9179 
2001 4 30 0    0.8535    0.0953    0.8588 
2001 5 1 0  -99.0000  -99.0000  -99.0000 
2001 5 2 0  -99.0000  -99.0000  -99.0000 
2001 5 3 0  -99.0000  -99.0000  -99.0000 
2001 5 4 0  -99.0000  -99.0000  -99.0000 
2001 5 5 0  -99.0000  -99.0000  -99.0000 
2001 5 6 0  -99.0000  -99.0000  -99.0000 
2001 5 7 0  -99.0000  -99.0000  -99.0000 
2001 5 8 0  -99.0000  -99.0000  -99.0000 
2001 5 9 0  -99.0000  -99.0000  -99.0000 
2001 5 10 0  -99.0000  -99.0000  -99.0000 
2001 5 11 0  -99.0000  -99.0000  -99.0000 
2001 5 12 0  -99.0000  -99.0000  -99.0000 
2001 5 13 0  -99.0000  -99.0000  -99.0000 
2001 5 14 0  -99.0000  -99.0000  -99.0000 
2001 5 15 0  -99.0000  -99.0000  -99.0000 
2001 5 16 0  -99.0000  -99.0000  -99.0000 
2001 5 17 0  -99.0000  -99.0000  -99.0000 
2001 5 18 0  -99.0000  -99.0000  -99.0000 
2001 5 19 0  -99.0000  -99.0000  -99.0000 
2001 5 20 0  -99.0000  -99.0000  -99.0000 
2001 5 21 0  -99.0000  -99.0000  -99.0000 
2001 5 22 0  -99.0000  -99.0000  -99.0000 
2001 5 23 0  -99.0000  -99.0000  -99.0000 
2001 5 24 0  -99.0000  -99.0000  -99.0000 
2001 5 25 0  -99.0000  -99.0000  -99.0000 
2001 5 26 0  -99.0000  -99.0000  -99.0000 
2001 5 27 0  -99.0000  -99.0000  -99.0000 
2001 5 28 0  -99.0000  -99.0000  -99.0000 
2001 5 29 0  -99.0000  -99.0000  -99.0000 
2001 5 30 0  -99.0000  -99.0000  -99.0000 
2001 5 31 0  -99.0000  -99.0000  -99.0000 
2001 6 1 0  -99.0000  -99.0000  -99.0000 
2001 6 2 0  -99.0000  -99.0000  -99.0000 
2001 6 3 0  -99.0000  -99.0000  -99.0000 
2001 6 4 0  -99.0000  -99.0000  -99.0000 
2001 6 5 0  -99.0000  -99.0000  -99.0000 
2001 6 6 0  -99.0000  -99.0000  -99.0000 
2001 6 7 0  -99.0000  -99.0000  -99.0000 
2001 6 8 0  -99.0000  -99.0000  -99.0000 
2001 6 9 0  -99.0000  -99.0000  -99.0000 
2001 6 10 0  -99.0000  -99.0000  -99.0000 
2001 6 11 0  -99.0000  -99.0000  -99.0000 
2001 6 12 0  -99.0000  -99.0000  -99.0000 
2001 6 13 0  -99.0000  -99.0000  -99.0000 
2001 6 14 0  -99.0000  -99.0000  -99.0000 
2001 6 15 0  -99.0000  -99.0000  -99.0000 
2001 6 16 0  -99.0000  -99.0000  -99.0000 
2001 6 17 0  -99.0000  -99.0000  -99.0000 
2001 6 18 0  -99.0000  -99.0000  -99.0000 
2001 6 19 0  -99.0000  -99.0000  -99.0000 
2001 6 20 0  -99.0000  -99.0000  -99.0000 
2001 6 21 0  -99.0000  -99.0000  -99.0000 
2001 6 22 0  -99.0000  -99.0000  -99.0000 
2001 6 23 0  -99.0000  -99.0000  -99.0000 
2001 6 24 0  -99.0000  -99.0000  -99.0000 
2001 6 25 0  -99.0000  -99.0000  -99.0000 
2001 6 26 0  -99.0000  -99.0000  -99.0000 
2001 6 27 0  -99.0000  -99.0000  -99.0000 
2001 6 28 0  -99.0000  -99.0000  -99.0000 
2001 6 29 0  -99.0000  -99.0000  -99.0000 
2001 6 30 0  -99.0000  -99.0000  -99.0000 
2001 7 1 0  -99.0000  -99.0000  -99.0000 
2001 7 2 0  -99.0000  -99.0000  -99.0000 
2001 7 3 0  -99.0000  -99.0000  -99.0000 
2001 7 4 0  -99.0000  -99.0000  -99.0000 
2001 7 5 0  -99.0000  -99.0000  -99.0000 
2001 7 6 0  -99.0000  -99.0000  -99.0000 
2001 7 7 0  -99.0000  -99.0000  -99.0000 
2001 7 8 0  -99.0000  -99.0000  -99.0000 
2001 7 9 0  -99.0000  -99.0000  -99.0000 
2001 7 10 0  -99.0000  -99.0000  -99.0000 
2001 7 11 0  -99.0000  -99.0000  -99.0000 
2001 7 12 0  -99.0000  -99.0000  -99.0000 
2001 7 13 0  -99.0000  -99.0000  -99.0000 
2001 7 14 0  -99.0000  -99.0000  -99.0000 
2001 7 15 0  -99.0000  -99.0000  -99.0000 
2001 7 16 0  -99.0000  -99.0000  -99.0000 
2001 7 17 0  -99.0000  -99.0000  -99.0000 
2001 7 18 0  -99.0000  -99.0000  -99.0000 
2001 7 19 0  -99.0000  -99.0000  -99.0000 
2001 7 20 0  -99.0000  -99.0000  -99.0000 
2001 7 21 0  -99.0000  -99.0000  -99.0000 
2001 7 22 0  -99.0000  -99.0000  -99.0000 
2001 7 23 0  -99.0000  -99.0000  -99.0000 
2001 7 24 0  -99.0000  -99.0000  -99.0000 
2001 7 25 0  -99.0000  -99.0000  -99.0000 
2001 7 26 0  -99.0000  -99.0000  -99.0000 
2001 7 27 0  -99.0000  -99.0000  -99.0000 
2001 7 28 0  -99.0000  -99.0000  -99.0000 
2001 7 29 0  -99.0000  -99.0000  -99.0000 
2001 7 30 0  -99.0000  -99.0000  -99.0000 
2001 7 31 0  -99.0000  -99.0000  -99.0000 
2001 8 1 0  -99.0000  -99.0000  -99.0000 
2001 8 2 0  -99.0000  -99.0000  -99.0000 
2001 8 3 0  -99.0000  -99.0000  -99.0000 
2001 8 4 0  -99.0000  -99.0000  -99.0000 
2001 8 5 0  -99.0000  -99.0000  -99.0000 
2001 8 6 0  -99.0000  -99.0000  -99.0000 
2001 8 7 0  -99.0000  -99.0000  -99.0000 
2001 8 8 0  -99.0000  -99.0000  -99.0000 
2001 8 9 0  -99.0000  -99.0000  -99.0000 
2001 8 10 0  -99.0000  -99.0000  -99.0000 
2001 8 11 0  -99.0000  -99.0000  -99.0000 
2001 8 12 0  -99.0000  -99.0000  -99.0000 
2001 8 13 0  -99.0000  -99.0000  -99.0000 
2001 8 14 0  -99.0000  -99.0000  -99.0000 
2001 8 15 0  -99.0000  -99.0000  -99.0000 
2001 8 16 0  -99.0000  -99.0000  -99.0000 
2001 8 17 0  -99.0000  -99.0000  -99.0000 
2001 8 18 0  -99.0000  -99.0000  -99.0000 
2001 8 19 0  -99.0000  -99.0000  -99.0000 
2001 8 20 0  -99.0000  -99.0000  -99.0000 
2001 8 21 0  -99.0000  -99.0000  -99.0000 
2001 8 22 0  -99.0000  -99.0000  -99.0000 
2001 8 23 0  -99.0000  -99.0000  -99.0000 
2001 8 24 0  -99.0000  -99.0000  -99.0000 
2001 8 25 0  -99.0000  -99.0000  -99.0000 
2001 8 26 0  -99.0000  -99.0000  -99.0000 
2001 8 27 0  -99.0000  -99.0000  -99.0000 
2001 8 28 0  -99.0000  -99.0000  -99.0000 
2001 8 29 0  -99.0000  -99.0000  -99.0000 
2001 8 30 0  -99.0000  -99.0000  -99.0000 
2001 8 31 0  -99.0000  -99.0000  -99.0000 
2001 9 1 0  -99.0000  -99.0000  -99.0000 
2001 9 2 0  -99.0000  -99.0000  -99.0000 
2001 9 3 0  -99.0000  -99.0000  -99.0000 
2001 9 4 0  -99.0000  -99.0000  -99.0000 
2001 9 5 0  -99.0000  -99.0000  -99.0000 
2001 9 6 0  -99.0000  -99.0000  -99.0000 
2001 9 7 0  -99.0000  -99.0000  -99.0000 
2001 9 8 0  -99.0000  -99.0000  -99.0000 
2001 9 9 0  -99.0000  -99.0000  -99.0000 
2001 9 10 0  -99.0000  -99.0000  -99.0000 
2001 9 11 0  -99.0000  -99.0000  -99.0000 
2001 9 12 0  -99.0000  -99.0000  -99.0000 
2001 9 13 0  -99.0000  -99.0000  -99.0000 
2001 9 14 0  -99.0000  -99.0000  -99.0000 
2001 9 15 0  -99.0000  -99.0000  -99.0000 
2001 9 16 0  -99.0000  -99.0000  -99.0000 
2001 9 17 0  -99.0000  -99.0000  -99.0000 
2001 9 18 0  -99.0000  -99.0000  -99.0000 
2001 9 19 0  -99.0000  -99.0000  -99.0000 
2001 9 20 0  -99.0000  -99.0000  -99.0000 
2001 9 21 0  -99.0000  -99.0000  -99.0000 
2001 9 22 0  -99.0000  -99.0000  -99.0000 
2001 9 23 0  -99.0000  -99.0000  -99.0000 
2001 9 24 0  -99.0000  -99.0000  -99.0000 
2001 9 25 0  -99.0000  -99.0000  -99.0000 
2001 9 26 0  -99.0000  -99.0000  -99.0000 
2001 9 27 0  -99.0000  -99.0000  -99.0000 
2001 9 28 0  -99.0000  -99.0000  -99.0000 
2001 9 29 0  -99.0000  -99.0000  -99.0000 
2001 9 30 0  -99.0000  -99.0000  -99.0000 
2001 10 1 0  -99.0000  -99.0000  -99.0000 
2001 10 2 0  -99.0000  -99.0000  -99.0000 
2001 10 3 0  -99.0000  -99.0000  -99.0000 
2001 10 4 0  -99.0000  -99.0000  -99.0000 
2001 10 5 0  -99.0000  -99.0000  -99.0000 
2001 10 6 0  -99.0000  -99.0000  -99.0000 
2001 10 7 0  -99.0000  -99.0000  -99.0000 
2001 10 8 0  -99.0000  -99.0000  -99.0000 
2001 10 9 0  -99.0000  -99.0000  -99.0000 
2001 10 10 0  -99.0000  -99.0000  -99.0000 
2001 10 11 0  -99.0000  -99.0000  -99.0000 
2001 10 12 0  -99.0000  -99.0000  -99.0000 
2001 10 13 0  -99.0000  -99.0000  -99.0000 
2001 10 14 0  -99.0000  -99.0000  -99.0000 
2001 10 15 0  -99.0000  -99.0000  -99.0000 
2001 10 16 0  -99.0000  -99.0000  -99.0000 
2001 10 17 0  -99.0000  -99.0000  -99.0000 
2001 10 18 0  -99.0000  -99.0000  -99.0000 
2001 10 19 0  -99.0000  -99.0000  -99.0000 
2001 10 20 0  -99.0000  -99.0000  -99.0000 
2001 10 21 0  -99.0000  -99.0000  -99.0000 
2001 10 22 0  -99.0000  -99.0000  -99.0000 
2001 10 23 0  -99.0000  -99.0000  -99.0000 
2001 10 24 0  -99.0000  -99.0000  -99.0000 
2001 10 25 0  -99.0000  -99.0000  -99.0000 
2001 10 26 0  -99.0000  -99.0000  -99.0000 
2001 10 27 0  -99.0000  -99.0000  -99.0000 
2001 10 28 0  -99.0000  -99.0000  -99.0000 
2001 10 29 0  -99.0000  -99.0000  -99.0000 
2001 10 30 0  -99.0000  -99.0000  -99.0000 
2001 10 31 0  -99.0000  -99.0000  -99.0000 
2001 11 1 0    0.5690   -0.7001    0.9022 
2001 11 2 0    0.6893   -0.6139    0.9230 
2001 11 3 0    0.7376   -0.5326    0.9098 
2001 11 4 0    0.7510   -0.4439    0.8724 
2001 11 5 0    0.7565   -0.4197    0.8651 
2001 11 6 0    0.7623   -0.4236    0.8721 
2001 11 7 0    0.8150   -0.4323    0.9226 
2001 11 8 0    0.8829   -0.4435    0.9880 
2001 11 9 0    0.8894   -0.4425    0.9934 
2001 11 10 0    0.8530   -0.4017    0.9428 
2001 11 11 0    0.8175   -0.3626    0.8943 
2001 11 12 0    0.7317   -0.3298    0.8026 
2001 11 13 0    0.6529   -0.2804    0.7105 
2001 11 14 0    0.6756   -0.2135    0.7085 
2001 11 15 0    0.7578   -0.1492    0.7723 
2001 11 16 0    0.8419   -0.0722    0.8450 
2001 11 17 0    0.9589    0.0339    0.9595 
2001 11 18 0    1.0615    0.1404    1.0707 
2001 11 19 0    1.1090    0.2571    1.1384 
2001 11 20 0    1.1080    0.3617    1.1656 
2001 11 21 0    1.0914    0.4552    1.1826 
2001 11 22 0    1.0224    0.5111    1.1431 
2001 11 23 0    0.9121    0.5638    1.0723 
2001 11 24 0    0.7799    0.5676    0.9646 
2001 11 25 0    0.6353    0.5566    0.8446 
2001 11 26 0    0.5040    0.5266    0.7289 
2001 11 27 0    0.4277    0.5013    0.6590 
2001 11 28 0    0.4052    0.4474    0.6036 
2001 11 29 0    0.4478    0.4072    0.6052 
2001 11 30 0    0.5277    0.4074    0.6667 
2001 12 1 0    0.6107    0.4660    0.7682 
2001 12 2 0    0.7210    0.5681    0.9179 
2001 12 3 0    0.8532    0.7022    1.1050 
2001 12 4 0    0.9487    0.8724    1.2888 
2001 12 5 0    1.0084    1.0306    1.4419 
2001 12 6 0    1.0292    1.2094    1.5880 
2001 12 7 0    0.9836    1.3820    1.6963 
2001 12 8 0    0.8815    1.5414    1.7756 
2001 12 9 0    0.6946    1.6703    1.8089 
2001 12 10 0    0.4560    1.7499    1.8083 
2001 12 11 0    0.1956    1.7875    1.7982 
2001 12 12 0   -0.0946    1.7644    1.7670 
2001 12 13 0   -0.3745    1.7164    1.7568 
2001 12 14 0   -0.5674    1.6161    1.7128 
2001 12 15 0   -0.6687    1.5525    1.6904 
2001 12 16 0   -0.7507    1.4566    1.6387 
2001 12 17 0   -0.8231    1.3767    1.6040 
2001 12 18 0   -0.8603    1.2745    1.5377 
2001 12 19 0   -0.8913    1.1874    1.4847 
2001 12 20 0   -0.9262    1.0775    1.4209 
2001 12 21 0   -0.9264    0.9959    1.3601 
2001 12 22 0   -0.8489    0.9506    1.2744 
2001 12 23 0   -0.8094    0.9459    1.2449 
2001 12 24 0   -0.8136    1.0077    1.2952 
2001 12 25 0   -0.8469    1.0988    1.3873 
2001 12 26 0   -0.8753    1.1565    1.4504 
2001 12 27 0   -0.8926    1.1673    1.4694 
2001 12 28 0   -0.8574    1.1704    1.4509 
2001 12 29 0   -0.7918    1.1269    1.3772 
2001 12 30 0   -0.7159    1.0933    1.3068 
2001 12 31 0   -0.6631    1.0626    1.2525 
2002 1 1 0   -0.6472    1.0133    1.2024 
2002 1 2 0   -0.6689    0.9321    1.1473 
2002 1 3 0   -0.6905    0.7853    1.0457 
2002 1 4 0   -0.7316    0.5486    0.9144 
2002 1 5 0   -0.7663    0.3731    0.8523 
2002 1 6 0   -0.8414    0.2286    0.8719 
2002 1 7 0   -0.9366    0.0634    0.9387 
2002 1 8 0   -1.0094   -0.0639    1.0114 
2002 1 9 0   -1.0319   -0.1260    1.0396 
2002 1 10 0   -1.0109   -0.3039    1.0556 
2002 1 11 0   -0.9211   -0.5532    1.0745 
2002 1 12 0   -0.8249   -0.8247    1.1665 
2002 1 13 0   -0.7289   -1.0861    1.3081 
2002 1 14 0   -0.6129   -1.3569    1.4889 
2002 1 15 0   -0.4848   -1.5716    1.6446 
2002 1 16 0   -0.3732   -1.7250    1.7649 
2002 1 17 0   -0.2593   -1.8155    1.8340 
2002 1 18 0   -0.1508   -1.8952    1.9011 
2002 1 19 0   -0.0634   -1.9482    1.9492 
2002 1 20 0    0.0387   -1.9825    1.9829 
2002 1 21 0    0.1498   -1.9675    1.9732 
2002 1 22 0    0.3222   -1.9249    1.9517 
2002 1 23 0    0.5074   -1.8365    1.9053 
2002 1 24 0    0.7187   -1.6919    1.8382 
2002 1 25 0    0.8674   -1.5017    1.7342 
2002 1 26 0    0.9774   -1.2568    1.5921 
2002 1 27 0    1.0150   -0.9814    1.4119 
2002 1 28 0    0.9674   -0.6919    1.1894 
2002 1 29 0    0.8592   -0.4149    0.9541 
2002 1 30 0    0.7548   -0.1206    0.7643 
2002 1 31 0    0.6267    0.0901    0.6332 
2002 2 1 0    0.4950    0.1825    0.5275 
2002 2 2 0    0.4433    0.2029    0.4875 
2002 2 3 0    0.4443    0.1042    0.4563 
2002 2 4 0    0.4441   -0.0483    0.4467 
2002 2 5 0    0.4706   -0.1458    0.4926 
2002 2 6 0    0.5208   -0.1487    0.5416 
2002 2 7 0    0.5296   -0.1194    0.5429 
2002 2 8 0    0.5164   -0.0548    0.5193 
2002 2 9 0    0.4648    0.0151    0.4651 
2002 2 10 0    0.3618    0.0543    0.3658 
2002 2 11 0    0.1994    0.0730    0.2124 
2002 2 12 0    0.0394    0.1041    0.1113 
2002 2 13 0   -0.0673    0.1608    0.1744 
2002 2 14 0   -0.0584    0.2212    0.2287 
2002 2 15 0    0.0698    0.3281    0.3355 
2002 2 16 0    0.2610    0.4540    0.5237 
2002 2 17 0    0.4951    0.5829    0.7647 
2002 2 18 0    0.6436    0.6883    0.9423 
2002 2 19 0    0.6714    0.7842    1.0324 
2002 2 20 0    0.5676    0.8933    1.0584 
2002 2 21 0    0.4290    1.0564    1.1402 
2002 2 22 0    0.2548    1.1751    1.2024 
2002 2 23 0    0.0562    1.2617    1.2629 
2002 2 24 0   -0.1389    1.3205    1.3278 
2002 2 25 0   -0.2979    1.2476    1.2827 
2002 2 26 0   -0.4162    1.0919    1.1685 
2002 2 27 0   -0.5168    0.9215    1.0565 
2002 2 28 0   -0.5678    0.7814    0.9659 
2002 3 1 0   -0.5598    0.6402    0.8504 
2002 3 2 0   -0.4636    0.5353    0.7082 
2002 3 3 0   -0.3219    0.4292    0.5365 
2002 3 4 0   -0.1692    0.3603    0.3980 
2002 3 5 0   -0.0100    0.3317    0.3319 
2002 3 6 0    0.0827    0.3073    0.3183 
2002 3 7 0    0.0189    0.2920    0.2926 
2002 3 8 0   -0.1168    0.2866    0.3095 
2002 3 9 0   -0.2747    0.2345    0.3612 
2002 3 10 0   -0.4418    0.1511    0.4670 
2002 3 11 0   -0.5313    0.0717    0.5361 
2002 3 12 0   -0.5788   -0.0634    0.5822 
2002 3 13 0   -0.6276   -0.2503    0.6756 
2002 3 14 0   -0.6761   -0.4283    0.8003 
2002 3 15 0   -0.7411   -0.6263    0.9703 
2002 3 16 0   -0.8226   -0.7974    1.1456 
2002 3 17 0   -0.8151   -0.9208    1.2297 
2002 3 18 0   -0.7328   -0.9491    1.1991 
2002 3 19 0   -0.5973   -0.9055    1.0847 
2002 3 20 0   -0.4244   -0.8334    0.9352 
2002 3 21 0   -0.2240   -0.7830    0.8145 
2002 3 22 0   -0.0605   -0.7199    0.7225 
2002 3 23 0    0.0472   -0.7527    0.7541 
2002 3 24 0    0.0789   -0.8123    0.8161 
2002 3 25 0    0.0948   -0.8445    0.8498 
2002 3 26 0    0.0880   -0.8510    0.8555 
2002 3 27 0    0.1275   -0.8149    0.8248 
2002 3 28 0    0.1894   -0.6751    0.7012 
2002 3 29 0    0.2243   -0.5215    0.5677 
2002 3 30 0    0.2186   -0.3750    0.4340 
2002 3 31 0    0.1875   -0.2041    0.2771 
2002 4 1 0    0.0774   -0.1075    0.1325 
2002 4 2 0   -0.1041   -0.0482    0.1147 
2002 4 3 0   -0.2840    0.0053    0.2840 
2002 4 4 0   -0.4467    0.0389    0.4483 
2002 4 5 0   -0.6120    0.0137    0.6121 
2002 4 6 0   -0.7529    0.0175    0.7531 
2002 4 7 0   -0.8498   -0.0040    0.8498 
2002 4 8 0   -0.8936   -0.0691    0.8963 
2002 4 9 0   -0.8986   -0.1431    0.9099 
2002 4 10 0   -0.8640   -0.2385    0.8963 
2002 4 11 0   -0.7718   -0.3682    0.8552 
2002 4 12 0   -0.6227   -0.5167    0.8091 
2002 4 13 0   -0.4476   -0.6119    0.7582 
2002 4 14 0   -0.2864   -0.6970    0.7535 
2002 4 15 0   -0.1783   -0.7052    0.7274 
2002 4 16 0   -0.1637   -0.6817    0.7011 
2002 4 17 0   -0.1984   -0.6314    0.6619 
2002 4 18 0   -0.2417   -0.5859    0.6338 
2002 4 19 0   -0.2771   -0.5514    0.6171 
2002 4 20 0   -0.3020   -0.5567    0.6334 
2002 4 21 0   -0.2911   -0.5782    0.6474 
2002 4 22 0   -0.2689   -0.6120    0.6684 
2002 4 23 0   -0.2786   -0.6891    0.7433 
2002 4 24 0   -0.3134   -0.8009    0.8601 
2002 4 25 0   -0.3276   -0.9482    1.0032 
2002 4 26 0   -0.3080   -1.0680    1.1115 
2002 4 27 0   -0.2807   -1.2106    1.2427 
2002 4 28 0   -0.2128   -1.3451    1.3619 
2002 4 29 0   -0.1421   -1.4717    1.4786 
2002 4 30 0   -0.1012   -1.5716    1.5748 
2002 5 1 0  -99.0000  -99.0000  -99.0000 
2002 5 2 0  -99.0000  -99.0000  -99.0000 
2002 5 3 0  -99.0000  -99.0000  -99.0000 
2002 5 4 0  -99.0000  -99.0000  -99.0000 
2002 5 5 0  -99.0000  -99.0000  -99.0000 
2002 5 6 0  -99.0000  -99.0000  -99.0000 
2002 5 7 0  -99.0000  -99.0000  -99.0000 
2002 5 8 0  -99.0000  -99.0000  -99.0000 
2002 5 9 0  -99.0000  -99.0000  -99.0000 
2002 5 10 0  -99.0000  -99.0000  -99.0000 
2002 5 11 0  -99.0000  -99.0000  -99.0000 
2002 5 12 0  -99.0000  -99.0000  -99.0000 
2002 5 13 0  -99.0000  -99.0000  -99.0000 
2002 5 14 0  -99.0000  -99.0000  -99.0000 
2002 5 15 0  -99.0000  -99.0000  -99.0000 
2002 5 16 0  -99.0000  -99.0000  -99.0000 
2002 5 17 0  -99.0000  -99.0000  -99.0000 
2002 5 18 0  -99.0000  -99.0000  -99.0000 
2002 5 19 0  -99.0000  -99.0000  -99.0000 
2002 5 20 0  -99.0000  -99.0000  -99.0000 
2002 5 21 0  -99.0000  -99.0000  -99.0000 
2002 5 22 0  -99.0000  -99.0000  -99.0000 
2002 5 23 0  -99.0000  -99.0000  -99.0000 
2002 5 24 0  -99.0000  -99.0000  -99.0000 
2002 5 25 0  -99.0000  -99.0000  -99.0000 
2002 5 26 0  -99.0000  -99.0000  -99.0000 
2002 5 27 0  -99.0000  -99.0000  -99.0000 
2002 5 28 0  -99.0000  -99.0000  -99.0000 
2002 5 29 0  -99.0000  -99.0000  -99.0000 
2002 5 30 0  -99.0000  -99.0000  -99.0000 
2002 5 31 0  -99.0000  -99.0000  -99.0000 
2002 6 1 0  -99.0000  -99.0000  -99.0000 
2002 6 2 0  -99.0000  -99.0000  -99.0000 
2002 6 3 0  -99.0000  -99.0000  -99.0000 
2002 6 4 0  -99.0000  -99.0000  -99.0000 
2002 6 5 0  -99.0000  -99.0000  -99.0000 
2002 6 6 0  -99.0000  -99.0000  -99.0000 
2002 6 7 0  -99.0000  -99.0000  -99.0000 
2002 6 8 0  -99.0000  -99.0000  -99.0000 
2002 6 9 0  -99.0000  -99.0000  -99.0000 
2002 6 10 0  -99.0000  -99.0000  -99.0000 
2002 6 11 0  -99.0000  -99.0000  -99.0000 
2002 6 12 0  -99.0000  -99.0000  -99.0000 
2002 6 13 0  -99.0000  -99.0000  -99.0000 
2002 6 14 0  -99.0000  -99.0000  -99.0000 
2002 6 15 0  -99.0000  -99.0000  -99.0000 
2002 6 16 0  -99.0000  -99.0000  -99.0000 
2002 6 17 0  -99.0000  -99.0000  -99.0000 
2002 6 18 0  -99.0000  -99.0000  -99.0000 
2002 6 19 0  -99.0000  -99.0000  -99.0000 
2002 6 20 0  -99.0000  -99.0000  -99.0000 
2002 6 21 0  -99.0000  -99.0000  -99.0000 
2002 6 22 0  -99.0000  -99.0000  -99.0000 
2002 6 23 0  -99.0000  -99.0000  -99.0000 
2002 6 24 0  -99.0000  -99.0000  -99.0000 
2002 6 25 0  -99.0000  -99.0000  -99.0000 
2002 6 26 0  -99.0000  -99.0000  -99.0000 
2002 6 27 0  -99.0000  -99.0000  -99.0000 
2002 6 28 0  -99.0000  -99.0000  -99.0000 
2002 6 29 0  -99.0000  -99.0000  -99.0000 
2002 6 30 0  -99.0000  -99.0000  -99.0000 
2002 7 1 0  -99.0000  -99.0000  -99.0000 
2002 7 2 0  -99.0000  -99.0000  -99.0000 
2002 7 3 0  -99.0000  -99.0000  -99.0000 
2002 7 4 0  -99.0000  -99.0000  -99.0000 
2002 7 5 0  -99.0000  -99.0000  -99.0000 
2002 7 6 0  -99.0000  -99.0000  -99.0000 
2002 7 7 0  -99.0000  -99.0000  -99.0000 
2002 7 8 0  -99.0000  -99.0000  -99.0000 
2002 7 9 0  -99.0000  -99.0000  -99.0000 
2002 7 10 0  -99.0000  -99.0000  -99.0000 
2002 7 11 0  -99.0000  -99.0000  -99.0000 
2002 7 12 0  -99.0000  -99.0000  -99.0000 
2002 7 13 0  -99.0000  -99.0000  -99.0000 
2002 7 14 0  -99.0000  -99.0000  -99.0000 
2002 7 15 0  -99.0000  -99.0000  -99.0000 
2002 7 16 0  -99.0000  -99.0000  -99.0000 
2002 7 17 0  -99.0000  -99.0000  -99.0000 
2002 7 18 0  -99.0000  -99.0000  -99.0000 
2002 7 19 0  -99.0000  -99.0000  -99.0000 
2002 7 20 0  -99.0000  -99.0000  -99.0000 
2002 7 21 0  -99.0000  -99.0000  -99.0000 
2002 7 22 0  -99.0000  -99.0000  -99.0000 
2002 7 23 0  -99.0000  -99.0000  -99.0000 
2002 7 24 0  -99.0000  -99.0000  -99.0000 
2002 7 25 0  -99.0000  -99.0000  -99.0000 
2002 7 26 0  -99.0000  -99.0000  -99.0000 
2002 7 27 0  -99.0000  -99.0000  -99.0000 
2002 7 28 0  -99.0000  -99.0000  -99.0000 
2002 7 29 0  -99.0000  -99.0000  -99.0000 
2002 7 30 0  -99.0000  -99.0000  -99.0000 
2002 7 31 0  -99.0000  -99.0000  -99.0000 
2002 8 1 0  -99.0000  -99.0000  -99.0000 
2002 8 2 0  -99.0000  -99.0000  -99.0000 
2002 8 3 0  -99.0000  -99.0000  -99.0000 
2002 8 4 0  -99.0000  -99.0000  -99.0000 
2002 8 5 0  -99.0000  -99.0000  -99.0000 
2002 8 6 0  -99.0000  -99.0000  -99.0000 
2002 8 7 0  -99.0000  -99.0000  -99.0000 
2002 8 8 0  -99.0000  -99.0000  -99.0000 
2002 8 9 0  -99.0000  -99.0000  -99.0000 
2002 8 10 0  -99.0000  -99.0000  -99.0000 
2002 8 11 0  -99.0000  -99.0000  -99.0000 
2002 8 12 0  -99.0000  -99.0000  -99.0000 
2002 8 13 0  -99.0000  -99.0000  -99.0000 
2002 8 14 0  -99.0000  -99.0000  -99.0000 
2002 8 15 0  -99.0000  -99.0000  -99.0000 
2002 8 16 0  -99.0000  -99.0000  -99.0000 
2002 8 17 0  -99.0000  -99.0000  -99.0000 
2002 8 18 0  -99.0000  -99.0000  -99.0000 
2002 8 19 0  -99.0000  -99.0000  -99.0000 
2002 8 20 0  -99.0000  -99.0000  -99.0000 
2002 8 21 0  -99.0000  -99.0000  -99.0000 
2002 8 22 0  -99.0000  -99.0000  -99.0000 
2002 8 23 0  -99.0000  -99.0000  -99.0000 
2002 8 24 0  -99.0000  -99.0000  -99.0000 
2002 8 25 0  -99.0000  -99.0000  -99.0000 
2002 8 26 0  -99.0000  -99.0000  -99.0000 
2002 8 27 0  -99.0000  -99.0000  -99.0000 
2002 8 28 0  -99.0000  -99.0000  -99.0000 
2002 8 29 0  -99.0000  -99.0000  -99.0000 
2002 8 30 0  -99.0000  -99.0000  -99.0000 
2002 8 31 0  -99.0000  -99.0000  -99.0000 
2002 9 1 0  -99.0000  -99.0000  -99.0000 
2002 9 2 0  -99.0000  -99.0000  -99.0000 
2002 9 3 0  -99.0000  -99.0000  -99.0000 
2002 9 4 0  -99.0000  -99.0000  -99.0000 
2002 9 5 0  -99.0000  -99.0000  -99.0000 
2002 9 6 0  -99.0000  -99.0000  -99.0000 
2002 9 7 0  -99.0000  -99.0000  -99.0000 
2002 9 8 0  -99.0000  -99.0000  -99.0000 
2002 9 9 0  -99.0000  -99.0000  -99.0000 
2002 9 10 0  -99.0000  -99.0000  -99.0000 
2002 9 11 0  -99.0000  -99.0000  -99.0000 
2002 9 12 0  -99.0000  -99.0000  -99.0000 
2002 9 13 0  -99.0000  -99.0000  -99.0000 
2002 9 14 0  -99.0000  -99.0000  -99.0000 
2002 9 15 0  -99.0000  -99.0000  -99.0000 
2002 9 16 0  -99.0000  -99.0000  -99.0000 
2002 9 17 0  -99.0000  -99.0000  -99.0000 
2002 9 18 0  -99.0000  -99.0000  -99.0000 
2002 9 19 0  -99.0000  -99.0000  -99.0000 
2002 9 20 0  -99.0000  -99.0000  -99.0000 
2002 9 21 0  -99.0000  -99.0000  -99.0000 
2002 9 22 0  -99.0000  -99.0000  -99.0000 
2002 9 23 0  -99.0000  -99.0000  -99.0000 
2002 9 24 0  -99.0000  -99.0000  -99.0000 
2002 9 25 0  -99.0000  -99.0000  -99.0000 
2002 9 26 0  -99.0000  -99.0000  -99.0000 
2002 9 27 0  -99.0000  -99.0000  -99.0000 
2002 9 28 0  -99.0000  -99.0000  -99.0000 
2002 9 29 0  -99.0000  -99.0000  -99.0000 
2002 9 30 0  -99.0000  -99.0000  -99.0000 
2002 10 1 0  -99.0000  -99.0000  -99.0000 
2002 10 2 0  -99.0000  -99.0000  -99.0000 
2002 10 3 0  -99.0000  -99.0000  -99.0000 
2002 10 4 0  -99.0000  -99.0000  -99.0000 
2002 10 5 0  -99.0000  -99.0000  -99.0000 
2002 10 6 0  -99.0000  -99.0000  -99.0000 
2002 10 7 0  -99.0000  -99.0000  -99.0000 
2002 10 8 0  -99.0000  -99.0000  -99.0000 
2002 10 9 0  -99.0000  -99.0000  -99.0000 
2002 10 10 0  -99.0000  -99.0000  -99.0000 
2002 10 11 0  -99.0000  -99.0000  -99.0000 
2002 10 12 0  -99.0000  -99.0000  -99.0000 
2002 10 13 0  -99.0000  -99.0000  -99.0000 
2002 10 14 0  -99.0000  -99.0000  -99.0000 
2002 10 15 0  -99.0000  -99.0000  -99.0000 
2002 10 16 0  -99.0000  -99.0000  -99.0000 
2002 10 17 0  -99.0000  -99.0000  -99.0000 
2002 10 18 0  -99.0000  -99.0000  -99.0000 
2002 10 19 0  -99.0000  -99.0000  -99.0000 
2002 10 20 0  -99.0000  -99.0000  -99.0000 
2002 10 21 0  -99.0000  -99.0000  -99.0000 
2002 10 22 0  -99.0000  -99.0000  -99.0000 
2002 10 23 0  -99.0000  -99.0000  -99.0000 
2002 10 24 0  -99.0000  -99.0000  -99.0000 
2002 10 25 0  -99.0000  -99.0000  -99.0000 
2002 10 26 0  -99.0000  -99.0000  -99.0000 
2002 10 27 0  -99.0000  -99.0000  -99.0000 
2002 10 28 0  -99.0000  -99.0000  -99.0000 
2002 10 29 0  -99.0000  -99.0000  -99.0000 
2002 10 30 0  -99.0000  -99.0000  -99.0000 
2002 10 31 0  -99.0000  -99.0000  -99.0000 
2002 11 1 0   -1.1257   -0.8336    1.4008 
2002 11 2 0   -1.0533   -0.8980    1.3841 
2002 11 3 0   -0.9541   -0.9813    1.3686 
2002 11 4 0   -0.7931   -1.0626    1.3260 
2002 11 5 0   -0.5941   -1.1359    1.2819 
2002 11 6 0   -0.3881   -1.1782    1.2404 
2002 11 7 0   -0.2158   -1.2135    1.2325 
2002 11 8 0   -0.0811   -1.2637    1.2663 
2002 11 9 0   -0.0082   -1.3406    1.3406 
2002 11 10 0    0.0433   -1.4294    1.4300 
2002 11 11 0    0.0779   -1.4824    1.4844 
2002 11 12 0    0.1528   -1.4819    1.4898 
2002 11 13 0    0.2416   -1.4080    1.4286 
2002 11 14 0    0.3431   -1.3254    1.3691 
2002 11 15 0    0.4459   -1.2320    1.3102 
2002 11 16 0    0.5816   -1.1593    1.2970 
2002 11 17 0    0.7110   -1.0841    1.2964 
2002 11 18 0    0.8554   -0.9864    1.3057 
2002 11 19 0    1.0033   -0.8537    1.3174 
2002 11 20 0    1.1084   -0.6996    1.3107 
2002 11 21 0    1.2273   -0.4698    1.3141 
2002 11 22 0    1.3574   -0.1793    1.3692 
2002 11 23 0    1.4173    0.1416    1.4244 
2002 11 24 0    1.4087    0.4721    1.4857 
2002 11 25 0    1.3751    0.8123    1.5971 
2002 11 26 0    1.2437    1.1245    1.6767 
2002 11 27 0    1.0159    1.3708    1.7062 
2002 11 28 0    0.7785    1.5202    1.7079 
2002 11 29 0    0.5452    1.5937    1.6844 
2002 11 30 0    0.2802    1.5696    1.5944 
2002 12 1 0    0.0286    1.4760    1.4763 
2002 12 2 0   -0.2250    1.2714    1.2912 
2002 12 3 0   -0.4872    1.0314    1.1407 
2002 12 4 0   -0.7377    0.8368    1.1155 
2002 12 5 0   -0.9437    0.6633    1.1535 
2002 12 6 0   -1.0922    0.4502    1.1813 
2002 12 7 0   -1.1529    0.2816    1.1868 
2002 12 8 0   -1.1355    0.1462    1.1448 
2002 12 9 0   -1.0665    0.0105    1.0666 
2002 12 10 0   -1.0000   -0.1254    1.0079 
2002 12 11 0   -0.9580   -0.1955    0.9778 
2002 12 12 0   -0.9235   -0.2564    0.9584 
2002 12 13 0   -0.9179   -0.3177    0.9713 
2002 12 14 0   -0.9592   -0.4143    1.0449 
2002 12 15 0   -0.9985   -0.5353    1.1329 
2002 12 16 0   -1.0179   -0.7088    1.2403 
2002 12 17 0   -0.9918   -0.8896    1.3323 
2002 12 18 0   -0.9118   -1.0723    1.4075 
2002 12 19 0   -0.7428   -1.2441    1.4490 
2002 12 20 0   -0.5265   -1.4106    1.5057 
2002 12 21 0   -0.2679   -1.5769    1.5996 
2002 12 22 0   -0.0685   -1.7333    1.7347 
2002 12 23 0    0.1333   -1.8566    1.8614 
2002 12 24 0    0.3634   -1.8971    1.9316 
2002 12 25 0    0.6009   -1.8108    1.9079 
2002 12 26 0    0.8289   -1.6051    1.8065 
2002 12 27 0    1.0863   -1.3436    1.7278 
2002 12 28 0    1.2555   -1.0441    1.6329 
2002 12 29 0    1.2787   -0.7434    1.4791 
2002 12 30 0    1.2721   -0.4785    1.3592 
2002 12 31 0    1.1791   -0.3020    1.2172 
2003 1 1 0    1.0115   -0.1146    1.0180 
2003 1 2 0    0.8717    0.0657    0.8742 
2003 1 3 0    0.7983    0.1683    0.8158 
2003 1 4 0    0.7072    0.2550    0.7518 
2003 1 5 0    0.6516    0.4073    0.7684 
2003 1 6 0    0.6055    0.5199    0.7981 
2003 1 7 0    0.5478    0.5937    0.8078 
2003 1 8 0    0.4655    0.6803    0.8243 
2003 1 9 0    0.3838    0.7406    0.8341 
2003 1 10 0    0.2613    0.7421    0.7868 
2003 1 11 0    0.1426    0.7261    0.7399 
2003 1 12 0    0.0006    0.6771    0.6771 
2003 1 13 0   -0.1429    0.6028    0.6196 
2003 1 14 0   -0.2832    0.4920    0.5677 
2003 1 15 0   -0.4009    0.3583    0.5376 
2003 1 16 0   -0.4886    0.2130    0.5330 
2003 1 17 0   -0.5330    0.0884    0.5403 
2003 1 18 0   -0.5062    0.0018    0.5062 
2003 1 19 0   -0.4631   -0.0317    0.4641 
2003 1 20 0   -0.4050   -0.0136    0.4053 
2003 1 21 0   -0.3327    0.0469    0.3360 
2003 1 22 0   -0.2595    0.1363    0.2931 
2003 1 23 0   -0.2440    0.1627    0.2932 
2003 1 24 0   -0.2087    0.1597    0.2628 
2003 1 25 0   -0.1370    0.0656    0.1519 
2003 1 26 0   -0.0749   -0.0963    0.1220 
2003 1 27 0   -0.0094   -0.3129    0.3130 
2003 1 28 0    0.0844   -0.4928    0.4999 
2003 1 29 0    0.1471   -0.6379    0.6547 
2003 1 30 0    0.1945   -0.6960    0.7227 
2003 1 31 0    0.2768   -0.6867    0.7404 
2003 2 1 0    0.3280   -0.6490    0.7272 
2003 2 2 0    0.3443   -0.5758    0.6709 
2003 2 3 0    0.3671   -0.4872    0.6100 
2003 2 4 0    0.3950   -0.4039    0.5650 
2003 2 5 0    0.3320   -0.3887    0.5111 
2003 2 6 0    0.2150   -0.3706    0.4284 
2003 2 7 0    0.0467   -0.3694    0.3723 
2003 2 8 0   -0.1837   -0.4465    0.4828 
2003 2 9 0   -0.4319   -0.5455    0.6958 
2003 2 10 0   -0.5992   -0.6243    0.8654 
2003 2 11 0   -0.6460   -0.6793    0.9374 
2003 2 12 0   -0.6432   -0.7313    0.9739 
2003 2 13 0   -0.5651   -0.7412    0.9320 
2003 2 14 0   -0.4549   -0.6939    0.8297 
2003 2 15 0   -0.3137   -0.5175    0.6052 
2003 2 16 0   -0.1522   -0.3331    0.3662 
2003 2 17 0    0.0390   -0.1432    0.1484 
2003 2 18 0    0.2057    0.0298    0.2078 
2003 2 19 0    0.3048    0.1778    0.3529 
2003 2 20 0    0.2833    0.2450    0.3746 
2003 2 21 0    0.2065    0.2952    0.3602 
2003 2 22 0    0.1650    0.3066    0.3482 
2003 2 23 0    0.1690    0.2958    0.3407 
2003 2 24 0    0.2394    0.2179    0.3237 
2003 2 25 0    0.3998    0.0938    0.4107 
2003 2 26 0    0.5693   -0.0406    0.5708 
2003 2 27 0    0.7078   -0.1165    0.7173 
2003 2 28 0    0.8086   -0.1102    0.8161 
2003 3 1 0    0.8600   -0.0314    0.8606 
2003 3 2 0    0.8692    0.0981    0.8747 
2003 3 3 0    0.8523    0.2427    0.8862 
2003 3 4 0    0.7815    0.3740    0.8664 
2003 3 5 0    0.7127    0.4710    0.8543 
2003 3 6 0    0.6367    0.5590    0.8473 
2003 3 7 0    0.5398    0.6439    0.8402 
2003 3 8 0    0.4724    0.7136    0.8558 
2003 3 9 0    0.4032    0.7281    0.8323 
2003 3 10 0    0.2154    0.6864    0.7194 
2003 3 11 0   -0.0349    0.6294    0.6304 
2003 3 12 0   -0.3000    0.4972    0.5807 
2003 3 13 0   -0.5985    0.3123    0.6751 
2003 3 14 0   -0.9111    0.1253    0.9197 
2003 3 15 0   -1.1208   -0.0325    1.1212 
2003 3 16 0   -1.2070   -0.2406    1.2308 
2003 3 17 0   -1.2099   -0.4374    1.2866 
2003 3 18 0   -1.1879   -0.5621    1.3141 
2003 3 19 0   -1.1268   -0.6627    1.3073 
2003 3 20 0   -1.0374   -0.7726    1.2935 
2003 3 21 0   -0.9334   -0.8382    1.2545 
2003 3 22 0   -0.8132   -0.8650    1.1872 
2003 3 23 0   -0.6778   -0.9232    1.1453 
2003 3 24 0   -0.4991   -0.9508    1.0738 
2003 3 25 0   -0.2683   -0.9243    0.9625 
2003 3 26 0   -0.0518   -0.8367    0.8383 
2003 3 27 0    0.1471   -0.7167    0.7316 
2003 3 28 0    0.3508   -0.5297    0.6354 
2003 3 29 0    0.5949   -0.3010    0.6667 
2003 3 30 0    0.7859   -0.0807    0.7901 
2003 3 31 0    0.9125    0.1178    0.9201 
2003 4 1 0    0.9072    0.2924    0.9532 
2003 4 2 0    0.8239    0.4082    0.9195 
2003 4 3 0    0.6191    0.4742    0.7798 
2003 4 4 0    0.3123    0.5363    0.6206 
2003 4 5 0   -0.0210    0.5875    0.5879 
2003 4 6 0   -0.2713    0.6048    0.6628 
2003 4 7 0   -0.5044    0.5920    0.7777 
2003 4 8 0   -0.7412    0.5533    0.9250 
2003 4 9 0   -0.9128    0.4675    1.0256 
2003 4 10 0   -1.0417    0.3333    1.0937 
2003 4 11 0   -1.1225    0.2399    1.1479 
2003 4 12 0   -1.1388    0.1725    1.1518 
2003 4 13 0   -1.0903    0.0927    1.0942 
2003 4 14 0   -1.0315    0.0196    1.0317 
2003 4 15 0   -0.9098   -0.0382    0.9106 
2003 4 16 0   -0.7802   -0.1276    0.7906 
2003 4 17 0   -0.6995   -0.2399    0.7395 
2003 4 18 0   -0.6696   -0.3167    0.7407 
2003 4 19 0   -0.6187   -0.3779    0.7250 
2003 4 20 0   -0.6102   -0.4288    0.7458 
2003 4 21 0   -0.6194   -0.4660    0.7751 
2003 4 22 0   -0.6029   -0.4624    0.7598 
2003 4 23 0   -0.5427   -0.4868    0.7290 
2003 4 24 0   -0.4980   -0.5070    0.7107 
2003 4 25 0   -0.4690   -0.5690    0.7374 
2003 4 26 0   -0.4542   -0.6517    0.7943 
2003 4 27 0   -0.4003   -0.8130    0.9062 
2003 4 28 0   -0.3084   -0.9861    1.0332 
2003 4 29 0   -0.2009   -1.1385    1.1561 
2003 4 30 0   -0.1085   -1.2097    1.2146 
2003 5 1 0  -99.0000  -99.0000  -99.0000 
2003 5 2 0  -99.0000  -99.0000  -99.0000 
2003 5 3 0  -99.0000  -99.0000  -99.0000 
2003 5 4 0  -99.0000  -99.0000  -99.0000 
2003 5 5 0  -99.0000  -99.0000  -99.0000 
2003 5 6 0  -99.0000  -99.0000  -99.0000 
2003 5 7 0  -99.0000  -99.0000  -99.0000 
2003 5 8 0  -99.0000  -99.0000  -99.0000 
2003 5 9 0  -99.0000  -99.0000  -99.0000 
2003 5 10 0  -99.0000  -99.0000  -99.0000 
2003 5 11 0  -99.0000  -99.0000  -99.0000 
2003 5 12 0  -99.0000  -99.0000  -99.0000 
2003 5 13 0  -99.0000  -99.0000  -99.0000 
2003 5 14 0  -99.0000  -99.0000  -99.0000 
2003 5 15 0  -99.0000  -99.0000  -99.0000 
2003 5 16 0  -99.0000  -99.0000  -99.0000 
2003 5 17 0  -99.0000  -99.0000  -99.0000 
2003 5 18 0  -99.0000  -99.0000  -99.0000 
2003 5 19 0  -99.0000  -99.0000  -99.0000 
2003 5 20 0  -99.0000  -99.0000  -99.0000 
2003 5 21 0  -99.0000  -99.0000  -99.0000 
2003 5 22 0  -99.0000  -99.0000  -99.0000 
2003 5 23 0  -99.0000  -99.0000  -99.0000 
2003 5 24 0  -99.0000  -99.0000  -99.0000 
2003 5 25 0  -99.0000  -99.0000  -99.0000 
2003 5 26 0  -99.0000  -99.0000  -99.0000 
2003 5 27 0  -99.0000  -99.0000  -99.0000 
2003 5 28 0  -99.0000  -99.0000  -99.0000 
2003 5 29 0  -99.0000  -99.0000  -99.0000 
2003 5 30 0  -99.0000  -99.0000  -99.0000 
2003 5 31 0  -99.0000  -99.0000  -99.0000 
2003 6 1 0  -99.0000  -99.0000  -99.0000 
2003 6 2 0  -99.0000  -99.0000  -99.0000 
2003 6 3 0  -99.0000  -99.0000  -99.0000 
2003 6 4 0  -99.0000  -99.0000  -99.0000 
2003 6 5 0  -99.0000  -99.0000  -99.0000 
2003 6 6 0  -99.0000  -99.0000  -99.0000 
2003 6 7 0  -99.0000  -99.0000  -99.0000 
2003 6 8 0  -99.0000  -99.0000  -99.0000 
2003 6 9 0  -99.0000  -99.0000  -99.0000 
2003 6 10 0  -99.0000  -99.0000  -99.0000 
2003 6 11 0  -99.0000  -99.0000  -99.0000 
2003 6 12 0  -99.0000  -99.0000  -99.0000 
2003 6 13 0  -99.0000  -99.0000  -99.0000 
2003 6 14 0  -99.0000  -99.0000  -99.0000 
2003 6 15 0  -99.0000  -99.0000  -99.0000 
2003 6 16 0  -99.0000  -99.0000  -99.0000 
2003 6 17 0  -99.0000  -99.0000  -99.0000 
2003 6 18 0  -99.0000  -99.0000  -99.0000 
2003 6 19 0  -99.0000  -99.0000  -99.0000 
2003 6 20 0  -99.0000  -99.0000  -99.0000 
2003 6 21 0  -99.0000  -99.0000  -99.0000 
2003 6 22 0  -99.0000  -99.0000  -99.0000 
2003 6 23 0  -99.0000  -99.0000  -99.0000 
2003 6 24 0  -99.0000  -99.0000  -99.0000 
2003 6 25 0  -99.0000  -99.0000  -99.0000 
2003 6 26 0  -99.0000  -99.0000  -99.0000 
2003 6 27 0  -99.0000  -99.0000  -99.0000 
2003 6 28 0  -99.0000  -99.0000  -99.0000 
2003 6 29 0  -99.0000  -99.0000  -99.0000 
2003 6 30 0  -99.0000  -99.0000  -99.0000 
2003 7 1 0  -99.0000  -99.0000  -99.0000 
2003 7 2 0  -99.0000  -99.0000  -99.0000 
2003 7 3 0  -99.0000  -99.0000  -99.0000 
2003 7 4 0  -99.0000  -99.0000  -99.0000 
2003 7 5 0  -99.0000  -99.0000  -99.0000 
2003 7 6 0  -99.0000  -99.0000  -99.0000 
2003 7 7 0  -99.0000  -99.0000  -99.0000 
2003 7 8 0  -99.0000  -99.0000  -99.0000 
2003 7 9 0  -99.0000  -99.0000  -99.0000 
2003 7 10 0  -99.0000  -99.0000  -99.0000 
2003 7 11 0  -99.0000  -99.0000  -99.0000 
2003 7 12 0  -99.0000  -99.0000  -99.0000 
2003 7 13 0  -99.0000  -99.0000  -99.0000 
2003 7 14 0  -99.0000  -99.0000  -99.0000 
2003 7 15 0  -99.0000  -99.0000  -99.0000 
2003 7 16 0  -99.0000  -99.0000  -99.0000 
2003 7 17 0  -99.0000  -99.0000  -99.0000 
2003 7 18 0  -99.0000  -99.0000  -99.0000 
2003 7 19 0  -99.0000  -99.0000  -99.0000 
2003 7 20 0  -99.0000  -99.0000  -99.0000 
2003 7 21 0  -99.0000  -99.0000  -99.0000 
2003 7 22 0  -99.0000  -99.0000  -99.0000 
2003 7 23 0  -99.0000  -99.0000  -99.0000 
2003 7 24 0  -99.0000  -99.0000  -99.0000 
2003 7 25 0  -99.0000  -99.0000  -99.0000 
2003 7 26 0  -99.0000  -99.0000  -99.0000 
2003 7 27 0  -99.0000  -99.0000  -99.0000 
2003 7 28 0  -99.0000  -99.0000  -99.0000 
2003 7 29 0  -99.0000  -99.0000  -99.0000 
2003 7 30 0  -99.0000  -99.0000  -99.0000 
2003 7 31 0  -99.0000  -99.0000  -99.0000 
2003 8 1 0  -99.0000  -99.0000  -99.0000 
2003 8 2 0  -99.0000  -99.0000  -99.0000 
2003 8 3 0  -99.0000  -99.0000  -99.0000 
2003 8 4 0  -99.0000  -99.0000  -99.0000 
2003 8 5 0  -99.0000  -99.0000  -99.0000 
2003 8 6 0  -99.0000  -99.0000  -99.0000 
2003 8 7 0  -99.0000  -99.0000  -99.0000 
2003 8 8 0  -99.0000  -99.0000  -99.0000 
2003 8 9 0  -99.0000  -99.0000  -99.0000 
2003 8 10 0  -99.0000  -99.0000  -99.0000 
2003 8 11 0  -99.0000  -99.0000  -99.0000 
2003 8 12 0  -99.0000  -99.0000  -99.0000 
2003 8 13 0  -99.0000  -99.0000  -99.0000 
2003 8 14 0  -99.0000  -99.0000  -99.0000 
2003 8 15 0  -99.0000  -99.0000  -99.0000 
2003 8 16 0  -99.0000  -99.0000  -99.0000 
2003 8 17 0  -99.0000  -99.0000  -99.0000 
2003 8 18 0  -99.0000  -99.0000  -99.0000 
2003 8 19 0  -99.0000  -99.0000  -99.0000 
2003 8 20 0  -99.0000  -99.0000  -99.0000 
2003 8 21 0  -99.0000  -99.0000  -99.0000 
2003 8 22 0  -99.0000  -99.0000  -99.0000 
2003 8 23 0  -99.0000  -99.0000  -99.0000 
2003 8 24 0  -99.0000  -99.0000  -99.0000 
2003 8 25 0  -99.0000  -99.0000  -99.0000 
2003 8 26 0  -99.0000  -99.0000  -99.0000 
2003 8 27 0  -99.0000  -99.0000  -99.0000 
2003 8 28 0  -99.0000  -99.0000  -99.0000 
2003 8 29 0  -99.0000  -99.0000  -99.0000 
2003 8 30 0  -99.0000  -99.0000  -99.0000 
2003 8 31 0  -99.0000  -99.0000  -99.0000 
2003 9 1 0  -99.0000  -99.0000  -99.0000 
2003 9 2 0  -99.0000  -99.0000  -99.0000 
2003 9 3 0  -99.0000  -99.0000  -99.0000 
2003 9 4 0  -99.0000  -99.0000  -99.0000 
2003 9 5 0  -99.0000  -99.0000  -99.0000 
2003 9 6 0  -99.0000  -99.0000  -99.0000 
2003 9 7 0  -99.0000  -99.0000  -99.0000 
2003 9 8 0  -99.0000  -99.0000  -99.0000 
2003 9 9 0  -99.0000  -99.0000  -99.0000 
2003 9 10 0  -99.0000  -99.0000  -99.0000 
2003 9 11 0  -99.0000  -99.0000  -99.0000 
2003 9 12 0  -99.0000  -99.0000  -99.0000 
2003 9 13 0  -99.0000  -99.0000  -99.0000 
2003 9 14 0  -99.0000  -99.0000  -99.0000 
2003 9 15 0  -99.0000  -99.0000  -99.0000 
2003 9 16 0  -99.0000  -99.0000  -99.0000 
2003 9 17 0  -99.0000  -99.0000  -99.0000 
2003 9 18 0  -99.0000  -99.0000  -99.0000 
2003 9 19 0  -99.0000  -99.0000  -99.0000 
2003 9 20 0  -99.0000  -99.0000  -99.0000 
2003 9 21 0  -99.0000  -99.0000  -99.0000 
2003 9 22 0  -99.0000  -99.0000  -99.0000 
2003 9 23 0  -99.0000  -99.0000  -99.0000 
2003 9 24 0  -99.0000  -99.0000  -99.0000 
2003 9 25 0  -99.0000  -99.0000  -99.0000 
2003 9 26 0  -99.0000  -99.0000  -99.0000 
2003 9 27 0  -99.0000  -99.0000  -99.0000 
2003 9 28 0  -99.0000  -99.0000  -99.0000 
2003 9 29 0  -99.0000  -99.0000  -99.0000 
2003 9 30 0  -99.0000  -99.0000  -99.0000 
2003 10 1 0  -99.0000  -99.0000  -99.0000 
2003 10 2 0  -99.0000  -99.0000  -99.0000 
2003 10 3 0  -99.0000  -99.0000  -99.0000 
2003 10 4 0  -99.0000  -99.0000  -99.0000 
2003 10 5 0  -99.0000  -99.0000  -99.0000 
2003 10 6 0  -99.0000  -99.0000  -99.0000 
2003 10 7 0  -99.0000  -99.0000  -99.0000 
2003 10 8 0  -99.0000  -99.0000  -99.0000 
2003 10 9 0  -99.0000  -99.0000  -99.0000 
2003 10 10 0  -99.0000  -99.0000  -99.0000 
2003 10 11 0  -99.0000  -99.0000  -99.0000 
2003 10 12 0  -99.0000  -99.0000  -99.0000 
2003 10 13 0  -99.0000  -99.0000  -99.0000 
2003 10 14 0  -99.0000  -99.0000  -99.0000 
2003 10 15 0  -99.0000  -99.0000  -99.0000 
2003 10 16 0  -99.0000  -99.0000  -99.0000 
2003 10 17 0  -99.0000  -99.0000  -99.0000 
2003 10 18 0  -99.0000  -99.0000  -99.0000 
2003 10 19 0  -99.0000  -99.0000  -99.0000 
2003 10 20 0  -99.0000  -99.0000  -99.0000 
2003 10 21 0  -99.0000  -99.0000  -99.0000 
2003 10 22 0  -99.0000  -99.0000  -99.0000 
2003 10 23 0  -99.0000  -99.0000  -99.0000 
2003 10 24 0  -99.0000  -99.0000  -99.0000 
2003 10 25 0  -99.0000  -99.0000  -99.0000 
2003 10 26 0  -99.0000  -99.0000  -99.0000 
2003 10 27 0  -99.0000  -99.0000  -99.0000 
2003 10 28 0  -99.0000  -99.0000  -99.0000 
2003 10 29 0  -99.0000  -99.0000  -99.0000 
2003 10 30 0  -99.0000  -99.0000  -99.0000 
2003 10 31 0  -99.0000  -99.0000  -99.0000 
2003 11 1 0   -0.3978    0.0974    0.4096 
2003 11 2 0   -0.2986    0.0514    0.3030 
2003 11 3 0   -0.2394   -0.0068    0.2395 
2003 11 4 0   -0.2171   -0.0852    0.2332 
2003 11 5 0   -0.2276   -0.1715    0.2850 
2003 11 6 0   -0.2389   -0.2915    0.3769 
2003 11 7 0   -0.2328   -0.3668    0.4344 
2003 11 8 0   -0.1746   -0.3865    0.4241 
2003 11 9 0   -0.0743   -0.3526    0.3603 
2003 11 10 0    0.0390   -0.3377    0.3399 
2003 11 11 0    0.1268   -0.2740    0.3019 
2003 11 12 0    0.2515   -0.2358    0.3448 
2003 11 13 0    0.3613   -0.2331    0.4299 
2003 11 14 0    0.3868   -0.2314    0.4507 
2003 11 15 0    0.3647   -0.2327    0.4326 
2003 11 16 0    0.3104   -0.2325    0.3878 
2003 11 17 0    0.1713   -0.2183    0.2774 
2003 11 18 0   -0.0244   -0.1892    0.1908 
2003 11 19 0   -0.1949   -0.1514    0.2468 
2003 11 20 0   -0.3327   -0.0804    0.3423 
2003 11 21 0   -0.4006   -0.0293    0.4017 
2003 11 22 0   -0.3969    0.0334    0.3983 
2003 11 23 0   -0.3176    0.0885    0.3297 
2003 11 24 0   -0.2260    0.0628    0.2345 
2003 11 25 0   -0.1605    0.0086    0.1607 
2003 11 26 0   -0.1248   -0.0460    0.1330 
2003 11 27 0   -0.0875   -0.1412    0.1661 
2003 11 28 0   -0.1177   -0.2527    0.2788 
2003 11 29 0   -0.1777   -0.3323    0.3768 
2003 11 30 0   -0.1704   -0.4155    0.4491 
2003 12 1 0   -0.1256   -0.5280    0.5427 
2003 12 2 0   -0.1099   -0.6275    0.6371 
2003 12 3 0   -0.0767   -0.7400    0.7440 
2003 12 4 0    0.0016   -0.8407    0.8407 
2003 12 5 0    0.0943   -0.9464    0.9511 
2003 12 6 0    0.1850   -0.9981    1.0151 
2003 12 7 0    0.2663   -1.0157    1.0500 
2003 12 8 0    0.3739   -1.0233    1.0895 
2003 12 9 0    0.5213   -1.0336    1.1576 
2003 12 10 0    0.6201   -1.0209    1.1945 
2003 12 11 0    0.7367   -0.9551    1.2062 
2003 12 12 0    0.9200   -0.8490    1.2519 
2003 12 13 0    1.1268   -0.6447    1.2982 
2003 12 14 0    1.2768   -0.4212    1.3444 
2003 12 15 0    1.4057   -0.1520    1.4139 
2003 12 16 0    1.5147    0.1321    1.5204 
2003 12 17 0    1.5694    0.3754    1.6136 
2003 12 18 0    1.5940    0.5338    1.6810 
2003 12 19 0    1.5959    0.6563    1.7256 
2003 12 20 0    1.5823    0.7884    1.7678 
2003 12 21 0    1.4750    0.9186    1.7376 
2003 12 22 0    1.2840    1.0658    1.6687 
2003 12 23 0    1.0126    1.2053    1.5742 
2003 12 24 0    0.7448    1.3732    1.5622 
2003 12 25 0    0.5061    1.4807    1.5648 
2003 12 26 0    0.3088    1.4984    1.5299 
2003 12 27 0    0.1517    1.4547    1.4625 
2003 12 28 0    0.0760    1.4358    1.4378 
2003 12 29 0    0.0225    1.4227    1.4229 
2003 12 30 0   -0.0171    1.3968    1.3969 
2003 12 31 0   -0.0376    1.3824    1.3829 
2004 1 1 0   -0.0499    1.3826    1.3835 
2004 1 2 0   -0.1321    1.3553    1.3617 
2004 1 3 0   -0.2433    1.3323    1.3543 
2004 1 4 0   -0.4057    1.3540    1.4135 
2004 1 5 0   -0.6106    1.4167    1.5427 
2004 1 6 0   -0.8384    1.4696    1.6920 
2004 1 7 0   -1.0392    1.5000    1.8249 
2004 1 8 0   -1.2203    1.4707    1.9110 
2004 1 9 0   -1.4008    1.3414    1.9395 
2004 1 10 0   -1.5287    1.1181    1.8939 
2004 1 11 0   -1.6161    0.8279    1.8158 
2004 1 12 0   -1.6593    0.5027    1.7338 
2004 1 13 0   -1.6732    0.1873    1.6836 
2004 1 14 0   -1.6361   -0.0507    1.6369 
2004 1 15 0   -1.6124   -0.2357    1.6296 
2004 1 16 0   -1.5472   -0.3427    1.5847 
2004 1 17 0   -1.4934   -0.3933    1.5443 
2004 1 18 0   -1.4801   -0.4645    1.5513 
2004 1 19 0   -1.4548   -0.5908    1.5702 
2004 1 20 0   -1.3591   -0.7473    1.5510 
2004 1 21 0   -1.2287   -0.9561    1.5569 
2004 1 22 0   -1.0471   -1.2138    1.6030 
2004 1 23 0   -0.8224   -1.4389    1.6574 
2004 1 24 0   -0.5819   -1.6141    1.7157 
2004 1 25 0   -0.3434   -1.7217    1.7556 
2004 1 26 0   -0.0949   -1.7510    1.7535 
2004 1 27 0    0.1027   -1.7025    1.7056 
2004 1 28 0    0.3132   -1.6201    1.6501 
2004 1 29 0    0.5453   -1.5395    1.6332 
2004 1 30 0    0.7573   -1.4640    1.6483 
2004 1 31 0    0.9041   -1.3212    1.6009 
2004 2 1 0    1.0692   -1.1489    1.5695 
2004 2 2 0    1.2436   -0.9674    1.5755 
2004 2 3 0    1.3877   -0.7497    1.5772 
2004 2 4 0    1.4745   -0.4902    1.5538 
2004 2 5 0    1.5619   -0.2425    1.5806 
2004 2 6 0    1.6214   -0.0486    1.6221 
2004 2 7 0    1.5528    0.1122    1.5569 
2004 2 8 0    1.3819    0.2757    1.4091 
2004 2 9 0    1.1862    0.4126    1.2559 
2004 2 10 0    0.9633    0.4752    1.0741 
2004 2 11 0    0.7373    0.5449    0.9168 
2004 2 12 0    0.5547    0.6208    0.8325 
2004 2 13 0    0.4330    0.6394    0.7722 
2004 2 14 0    0.3904    0.6253    0.7371 
2004 2 15 0    0.3737    0.6043    0.7105 
2004 2 16 0    0.3003    0.5410    0.6187 
2004 2 17 0    0.1916    0.4768    0.5139 
2004 2 18 0    0.0118    0.4171    0.4172 
2004 2 19 0   -0.2191    0.3361    0.4012 
2004 2 20 0   -0.4399    0.2900    0.5269 
2004 2 21 0   -0.5896    0.2807    0.6530 
2004 2 22 0   -0.6144    0.2902    0.6795 
2004 2 23 0   -0.5136    0.3155    0.6028 
2004 2 24 0   -0.3196    0.3723    0.4906 
2004 2 25 0   -0.0756    0.3911    0.3984 
2004 2 26 0    0.1717    0.4004    0.4356 
2004 2 27 0    0.3803    0.3982    0.5507 
2004 2 28 0    0.5660    0.3978    0.6918 
2004 2 29 0    0.6895    0.3480    0.7723 
2004 3 1 0    0.7330    0.2891    0.7879 
2004 3 2 0    0.6854    0.2100    0.7168 
2004 3 3 0    0.5857    0.0913    0.5927 
2004 3 4 0    0.5084   -0.0577    0.5117 
2004 3 5 0    0.4458   -0.1751    0.4789 
2004 3 6 0    0.4414   -0.2797    0.5225 
2004 3 7 0    0.4915   -0.3594    0.6089 
2004 3 8 0    0.6200   -0.3770    0.7256 
2004 3 9 0    0.7614   -0.3520    0.8388 
2004 3 10 0    0.9034   -0.2872    0.9479 
2004 3 11 0    1.0558   -0.1890    1.0726 
2004 3 12 0    1.2768   -0.0885    1.2799 
2004 3 13 0    1.4634    0.0238    1.4636 
2004 3 14 0    1.5592    0.1547    1.5668 
2004 3 15 0    1.6523    0.3315    1.6852 
2004 3 16 0    1.7187    0.5085    1.7924 
2004 3 17 0    1.7077    0.7219    1.8540 
2004 3 18 0    1.6295    0.9129    1.8678 
2004 3 19 0    1.5237    1.0944    1.8760 
2004 3 20 0    1.3308    1.2050    1.7953 
2004 3 21 0    1.0767    1.3331    1.7136 
2004 3 22 0    0.7753    1.4275    1.6244 
2004 3 23 0    0.4465    1.4957    1.5609 
2004 3 24 0    0.0902    1.5184    1.5211 
2004 3 25 0   -0.3063    1.5019    1.5328 
2004 3 26 0   -0.6886    1.3806    1.5428 
2004 3 27 0   -0.9959    1.2023    1.5612 
2004 3 28 0   -1.2274    1.0260    1.5997 
2004 3 29 0   -1.3622    0.8286    1.5944 
2004 3 30 0   -1.3543    0.6103    1.4855 
2004 3 31 0   -1.2803    0.4063    1.3432 
2004 4 1 0   -1.1829    0.2657    1.2124 
2004 4 2 0   -1.0537    0.1737    1.0679 
2004 4 3 0   -0.9023    0.1446    0.9138 
2004 4 4 0   -0.7649    0.1387    0.7774 
2004 4 5 0   -0.6408    0.1731    0.6637 
2004 4 6 0   -0.5051    0.2109    0.5474 
2004 4 7 0   -0.4077    0.2493    0.4779 
2004 4 8 0   -0.3910    0.3250    0.5084 
2004 4 9 0   -0.4413    0.4590    0.6368 
2004 4 10 0   -0.4996    0.5604    0.7507 
2004 4 11 0   -0.5821    0.6507    0.8731 
2004 4 12 0   -0.6487    0.7319    0.9780 
2004 4 13 0   -0.6555    0.7545    0.9995 
2004 4 14 0   -0.6288    0.7300    0.9635 
2004 4 15 0   -0.6160    0.7264    0.9524 
2004 4 16 0   -0.6263    0.6694    0.9167 
2004 4 17 0   -0.6722    0.5146    0.8466 
2004 4 18 0   -0.7479    0.3219    0.8142 
2004 4 19 0   -0.7485    0.0848    0.7533 
2004 4 20 0   -0.7627   -0.1785    0.7833 
2004 4 21 0   -0.7880   -0.3850    0.8770 
2004 4 22 0   -0.7813   -0.5540    0.9578 
2004 4 23 0   -0.7055   -0.6950    0.9903 
2004 4 24 0   -0.6513   -0.8177    1.0454 
2004 4 25 0   -0.5298   -0.8772    1.0248 
2004 4 26 0   -0.3018   -0.9630    1.0092 
2004 4 27 0   -0.0314   -1.0487    1.0492 
2004 4 28 0    0.2120   -1.1469    1.1663 
2004 4 29 0    0.4030   -1.2098    1.2751 
2004 4 30 0    0.5282   -1.2847    1.3890 
2004 5 1 0  -99.0000  -99.0000  -99.0000 
2004 5 2 0  -99.0000  -99.0000  -99.0000 
2004 5 3 0  -99.0000  -99.0000  -99.0000 
2004 5 4 0  -99.0000  -99.0000  -99.0000 
2004 5 5 0  -99.0000  -99.0000  -99.0000 
2004 5 6 0  -99.0000  -99.0000  -99.0000 
2004 5 7 0  -99.0000  -99.0000  -99.0000 
2004 5 8 0  -99.0000  -99.0000  -99.0000 
2004 5 9 0  -99.0000  -99.0000  -99.0000 
2004 5 10 0  -99.0000  -99.0000  -99.0000 
2004 5 11 0  -99.0000  -99.0000  -99.0000 
2004 5 12 0  -99.0000  -99.0000  -99.0000 
2004 5 13 0  -99.0000  -99.0000  -99.0000 
2004 5 14 0  -99.0000  -99.0000  -99.0000 
2004 5 15 0  -99.0000  -99.0000  -99.0000 
2004 5 16 0  -99.0000  -99.0000  -99.0000 
2004 5 17 0  -99.0000  -99.0000  -99.0000 
2004 5 18 0  -99.0000  -99.0000  -99.0000 
2004 5 19 0  -99.0000  -99.0000  -99.0000 
2004 5 20 0  -99.0000  -99.0000  -99.0000 
2004 5 21 0  -99.0000  -99.0000  -99.0000 
2004 5 22 0  -99.0000  -99.0000  -99.0000 
2004 5 23 0  -99.0000  -99.0000  -99.0000 
2004 5 24 0  -99.0000  -99.0000  -99.0000 
2004 5 25 0  -99.0000  -99.0000  -99.0000 
2004 5 26 0  -99.0000  -99.0000  -99.0000 
2004 5 27 0  -99.0000  -99.0000  -99.0000 
2004 5 28 0  -99.0000  -99.0000  -99.0000 
2004 5 29 0  -99.0000  -99.0000  -99.0000 
2004 5 30 0  -99.0000  -99.0000  -99.0000 
2004 5 31 0  -99.0000  -99.0000  -99.0000 
2004 6 1 0  -99.0000  -99.0000  -99.0000 
2004 6 2 0  -99.0000  -99.0000  -99.0000 
2004 6 3 0  -99.0000  -99.0000  -99.0000 
2004 6 4 0  -99.0000  -99.0000  -99.0000 
2004 6 5 0  -99.0000  -99.0000  -99.0000 
2004 6 6 0  -99.0000  -99.0000  -99.0000 
2004 6 7 0  -99.0000  -99.0000  -99.0000 
2004 6 8 0  -99.0000  -99.0000  -99.0000 
2004 6 9 0  -99.0000  -99.0000  -99.0000 
2004 6 10 0  -99.0000  -99.0000  -99.0000 
2004 6 11 0  -99.0000  -99.0000  -99.0000 
2004 6 12 0  -99.0000  -99.0000  -99.0000 
2004 6 13 0  -99.0000  -99.0000  -99.0000 
2004 6 14 0  -99.0000  -99.0000  -99.0000 
2004 6 15 0  -99.0000  -99.0000  -99.0000 
2004 6 16 0  -99.0000  -99.0000  -99.0000 
2004 6 17 0  -99.0000  -99.0000  -99.0000 
2004 6 18 0  -99.0000  -99.0000  -99.0000 
2004 6 19 0  -99.0000  -99.0000  -99.0000 
2004 6 20 0  -99.0000  -99.0000  -99.0000 
2004 6 21 0  -99.0000  -99.0000  -99.0000 
2004 6 22 0  -99.0000  -99.0000  -99.0000 
2004 6 23 0  -99.0000  -99.0000  -99.0000 
2004 6 24 0  -99.0000  -99.0000  -99.0000 
2004 6 25 0  -99.0000  -99.0000  -99.0000 
2004 6 26 0  -99.0000  -99.0000  -99.0000 
2004 6 27 0  -99.0000  -99.0000  -99.0000 
2004 6 28 0  -99.0000  -99.0000  -99.0000 
2004 6 29 0  -99.0000  -99.0000  -99.0000 
2004 6 30 0  -99.0000  -99.0000  -99.0000 
2004 7 1 0  -99.0000  -99.0000  -99.0000 
2004 7 2 0  -99.0000  -99.0000  -99.0000 
2004 7 3 0  -99.0000  -99.0000  -99.0000 
2004 7 4 0  -99.0000  -99.0000  -99.0000 
2004 7 5 0  -99.0000  -99.0000  -99.0000 
2004 7 6 0  -99.0000  -99.0000  -99.0000 
2004 7 7 0  -99.0000  -99.0000  -99.0000 
2004 7 8 0  -99.0000  -99.0000  -99.0000 
2004 7 9 0  -99.0000  -99.0000  -99.0000 
2004 7 10 0  -99.0000  -99.0000  -99.0000 
2004 7 11 0  -99.0000  -99.0000  -99.0000 
2004 7 12 0  -99.0000  -99.0000  -99.0000 
2004 7 13 0  -99.0000  -99.0000  -99.0000 
2004 7 14 0  -99.0000  -99.0000  -99.0000 
2004 7 15 0  -99.0000  -99.0000  -99.0000 
2004 7 16 0  -99.0000  -99.0000  -99.0000 
2004 7 17 0  -99.0000  -99.0000  -99.0000 
2004 7 18 0  -99.0000  -99.0000  -99.0000 
2004 7 19 0  -99.0000  -99.0000  -99.0000 
2004 7 20 0  -99.0000  -99.0000  -99.0000 
2004 7 21 0  -99.0000  -99.0000  -99.0000 
2004 7 22 0  -99.0000  -99.0000  -99.0000 
2004 7 23 0  -99.0000  -99.0000  -99.0000 
2004 7 24 0  -99.0000  -99.0000  -99.0000 
2004 7 25 0  -99.0000  -99.0000  -99.0000 
2004 7 26 0  -99.0000  -99.0000  -99.0000 
2004 7 27 0  -99.0000  -99.0000  -99.0000 
2004 7 28 0  -99.0000  -99.0000  -99.0000 
2004 7 29 0  -99.0000  -99.0000  -99.0000 
2004 7 30 0  -99.0000  -99.0000  -99.0000 
2004 7 31 0  -99.0000  -99.0000  -99.0000 
2004 8 1 0  -99.0000  -99.0000  -99.0000 
2004 8 2 0  -99.0000  -99.0000  -99.0000 
2004 8 3 0  -99.0000  -99.0000  -99.0000 
2004 8 4 0  -99.0000  -99.0000  -99.0000 
2004 8 5 0  -99.0000  -99.0000  -99.0000 
2004 8 6 0  -99.0000  -99.0000  -99.0000 
2004 8 7 0  -99.0000  -99.0000  -99.0000 
2004 8 8 0  -99.0000  -99.0000  -99.0000 
2004 8 9 0  -99.0000  -99.0000  -99.0000 
2004 8 10 0  -99.0000  -99.0000  -99.0000 
2004 8 11 0  -99.0000  -99.0000  -99.0000 
2004 8 12 0  -99.0000  -99.0000  -99.0000 
2004 8 13 0  -99.0000  -99.0000  -99.0000 
2004 8 14 0  -99.0000  -99.0000  -99.0000 
2004 8 15 0  -99.0000  -99.0000  -99.0000 
2004 8 16 0  -99.0000  -99.0000  -99.0000 
2004 8 17 0  -99.0000  -99.0000  -99.0000 
2004 8 18 0  -99.0000  -99.0000  -99.0000 
2004 8 19 0  -99.0000  -99.0000  -99.0000 
2004 8 20 0  -99.0000  -99.0000  -99.0000 
2004 8 21 0  -99.0000  -99.0000  -99.0000 
2004 8 22 0  -99.0000  -99.0000  -99.0000 
2004 8 23 0  -99.0000  -99.0000  -99.0000 
2004 8 24 0  -99.0000  -99.0000  -99.0000 
2004 8 25 0  -99.0000  -99.0000  -99.0000 
2004 8 26 0  -99.0000  -99.0000  -99.0000 
2004 8 27 0  -99.0000  -99.0000  -99.0000 
2004 8 28 0  -99.0000  -99.0000  -99.0000 
2004 8 29 0  -99.0000  -99.0000  -99.0000 
2004 8 30 0  -99.0000  -99.0000  -99.0000 
2004 8 31 0  -99.0000  -99.0000  -99.0000 
2004 9 1 0  -99.0000  -99.0000  -99.0000 
2004 9 2 0  -99.0000  -99.0000  -99.0000 
2004 9 3 0  -99.0000  -99.0000  -99.0000 
2004 9 4 0  -99.0000  -99.0000  -99.0000 
2004 9 5 0  -99.0000  -99.0000  -99.0000 
2004 9 6 0  -99.0000  -99.0000  -99.0000 
2004 9 7 0  -99.0000  -99.0000  -99.0000 
2004 9 8 0  -99.0000  -99.0000  -99.0000 
2004 9 9 0  -99.0000  -99.0000  -99.0000 
2004 9 10 0  -99.0000  -99.0000  -99.0000 
2004 9 11 0  -99.0000  -99.0000  -99.0000 
2004 9 12 0  -99.0000  -99.0000  -99.0000 
2004 9 13 0  -99.0000  -99.0000  -99.0000 
2004 9 14 0  -99.0000  -99.0000  -99.0000 
2004 9 15 0  -99.0000  -99.0000  -99.0000 
2004 9 16 0  -99.0000  -99.0000  -99.0000 
2004 9 17 0  -99.0000  -99.0000  -99.0000 
2004 9 18 0  -99.0000  -99.0000  -99.0000 
2004 9 19 0  -99.0000  -99.0000  -99.0000 
2004 9 20 0  -99.0000  -99.0000  -99.0000 
2004 9 21 0  -99.0000  -99.0000  -99.0000 
2004 9 22 0  -99.0000  -99.0000  -99.0000 
2004 9 23 0  -99.0000  -99.0000  -99.0000 
2004 9 24 0  -99.0000  -99.0000  -99.0000 
2004 9 25 0  -99.0000  -99.0000  -99.0000 
2004 9 26 0  -99.0000  -99.0000  -99.0000 
2004 9 27 0  -99.0000  -99.0000  -99.0000 
2004 9 28 0  -99.0000  -99.0000  -99.0000 
2004 9 29 0  -99.0000  -99.0000  -99.0000 
2004 9 30 0  -99.0000  -99.0000  -99.0000 
2004 10 1 0  -99.0000  -99.0000  -99.0000 
2004 10 2 0  -99.0000  -99.0000  -99.0000 
2004 10 3 0  -99.0000  -99.0000  -99.0000 
2004 10 4 0  -99.0000  -99.0000  -99.0000 
2004 10 5 0  -99.0000  -99.0000  -99.0000 
2004 10 6 0  -99.0000  -99.0000  -99.0000 
2004 10 7 0  -99.0000  -99.0000  -99.0000 
2004 10 8 0  -99.0000  -99.0000  -99.0000 
2004 10 9 0  -99.0000  -99.0000  -99.0000 
2004 10 10 0  -99.0000  -99.0000  -99.0000 
2004 10 11 0  -99.0000  -99.0000  -99.0000 
2004 10 12 0  -99.0000  -99.0000  -99.0000 
2004 10 13 0  -99.0000  -99.0000  -99.0000 
2004 10 14 0  -99.0000  -99.0000  -99.0000 
2004 10 15 0  -99.0000  -99.0000  -99.0000 
2004 10 16 0  -99.0000  -99.0000  -99.0000 
2004 10 17 0  -99.0000  -99.0000  -99.0000 
2004 10 18 0  -99.0000  -99.0000  -99.0000 
2004 10 19 0  -99.0000  -99.0000  -99.0000 
2004 10 20 0  -99.0000  -99.0000  -99.0000 
2004 10 21 0  -99.0000  -99.0000  -99.0000 
2004 10 22 0  -99.0000  -99.0000  -99.0000 
2004 10 23 0  -99.0000  -99.0000  -99.0000 
2004 10 24 0  -99.0000  -99.0000  -99.0000 
2004 10 25 0  -99.0000  -99.0000  -99.0000 
2004 10 26 0  -99.0000  -99.0000  -99.0000 
2004 10 27 0  -99.0000  -99.0000  -99.0000 
2004 10 28 0  -99.0000  -99.0000  -99.0000 
2004 10 29 0  -99.0000  -99.0000  -99.0000 
2004 10 30 0  -99.0000  -99.0000  -99.0000 
2004 10 31 0  -99.0000  -99.0000  -99.0000 
2004 11 1 0   -0.1070   -0.9538    0.9598 
2004 11 2 0   -0.0765   -0.8472    0.8506 
2004 11 3 0   -0.0906   -0.7487    0.7542 
2004 11 4 0   -0.1219   -0.6540    0.6653 
2004 11 5 0   -0.1767   -0.5405    0.5686 
2004 11 6 0   -0.2765   -0.4389    0.5188 
2004 11 7 0   -0.3673   -0.3550    0.5108 
2004 11 8 0   -0.4046   -0.2726    0.4879 
2004 11 9 0   -0.3855   -0.1848    0.4276 
2004 11 10 0   -0.3646   -0.1436    0.3919 
2004 11 11 0   -0.3272   -0.1493    0.3597 
2004 11 12 0   -0.2538   -0.1699    0.3054 
2004 11 13 0   -0.1586   -0.2222    0.2730 
2004 11 14 0   -0.0725   -0.3051    0.3136 
2004 11 15 0    0.0001   -0.3745    0.3745 
2004 11 16 0    0.0323   -0.4014    0.4027 
2004 11 17 0   -0.0123   -0.4339    0.4340 
2004 11 18 0   -0.0769   -0.4814    0.4875 
2004 11 19 0   -0.1567   -0.5158    0.5391 
2004 11 20 0   -0.2304   -0.5179    0.5669 
2004 11 21 0   -0.3024   -0.5124    0.5950 
2004 11 22 0   -0.3260   -0.4897    0.5883 
2004 11 23 0   -0.3467   -0.4568    0.5735 
2004 11 24 0   -0.3281   -0.4366    0.5461 
2004 11 25 0   -0.2339   -0.4573    0.5136 
2004 11 26 0   -0.1050   -0.4900    0.5011 
2004 11 27 0    0.0398   -0.5224    0.5239 
2004 11 28 0    0.1916   -0.5317    0.5652 
2004 11 29 0    0.3017   -0.4966    0.5811 
2004 11 30 0    0.3579   -0.4034    0.5392 
2004 12 1 0    0.3619   -0.2653    0.4487 
2004 12 2 0    0.2903   -0.1003    0.3072 
2004 12 3 0    0.2080    0.0533    0.2147 
2004 12 4 0    0.1455    0.1613    0.2172 
2004 12 5 0    0.0108    0.2271    0.2273 
2004 12 6 0   -0.0909    0.2413    0.2578 
2004 12 7 0   -0.1578    0.1783    0.2381 
2004 12 8 0   -0.2788    0.0762    0.2890 
2004 12 9 0   -0.4301   -0.0231    0.4307 
2004 12 10 0   -0.4989   -0.1120    0.5113 
2004 12 11 0   -0.5233   -0.1951    0.5585 
2004 12 12 0   -0.5281   -0.2236    0.5735 
2004 12 13 0   -0.4917   -0.2384    0.5464 
2004 12 14 0   -0.4667   -0.2699    0.5391 
2004 12 15 0   -0.4265   -0.3707    0.5650 
2004 12 16 0   -0.3932   -0.4732    0.6152 
2004 12 17 0   -0.3521   -0.5441    0.6480 
2004 12 18 0   -0.3093   -0.5749    0.6528 
2004 12 19 0   -0.2701   -0.6222    0.6783 
2004 12 20 0   -0.2957   -0.6442    0.7089 
2004 12 21 0   -0.3877   -0.6871    0.7889 
2004 12 22 0   -0.5022   -0.7832    0.9304 
2004 12 23 0   -0.5982   -0.9176    1.0954 
2004 12 24 0   -0.5989   -1.0263    1.1883 
2004 12 25 0   -0.5561   -1.0680    1.2041 
2004 12 26 0   -0.4625   -1.0746    1.1699 
2004 12 27 0   -0.3214   -1.0578    1.1055 
2004 12 28 0   -0.1745   -1.0021    1.0172 
2004 12 29 0   -0.0497   -0.9143    0.9156 
2004 12 30 0    0.1313   -0.8574    0.8674 
2004 12 31 0    0.3288   -0.8187    0.8822 
2005 1 1 0    0.5103   -0.7647    0.9193 
2005 1 2 0    0.7075   -0.7285    1.0155 
2005 1 3 0    0.8476   -0.7074    1.1040 
2005 1 4 0    0.9087   -0.6322    1.1070 
2005 1 5 0    0.9269   -0.5013    1.0538 
2005 1 6 0    0.9053   -0.3455    0.9690 
2005 1 7 0    0.8290   -0.1282    0.8388 
2005 1 8 0    0.7324    0.1144    0.7413 
2005 1 9 0    0.6023    0.2811    0.6647 
2005 1 10 0    0.4602    0.3700    0.5906 
2005 1 11 0    0.3007    0.3874    0.4904 
2005 1 12 0    0.1296    0.3577    0.3804 
2005 1 13 0    0.0174    0.3002    0.3007 
2005 1 14 0   -0.0351    0.2974    0.2995 
2005 1 15 0   -0.0586    0.3314    0.3365 
2005 1 16 0   -0.0719    0.3789    0.3856 
2005 1 17 0   -0.0638    0.4097    0.4147 
2005 1 18 0   -0.1108    0.4321    0.4461 
2005 1 19 0   -0.2448    0.3445    0.4226 
2005 1 20 0   -0.4045    0.2476    0.4743 
2005 1 21 0   -0.5109    0.1608    0.5356 
2005 1 22 0   -0.5597    0.0878    0.5665 
2005 1 23 0   -0.5161   -0.0126    0.5162 
2005 1 24 0   -0.3816   -0.0826    0.3904 
2005 1 25 0   -0.2194   -0.1392    0.2598 
2005 1 26 0   -0.0735   -0.1723    0.1873 
2005 1 27 0   -0.0073   -0.2067    0.2068 
2005 1 28 0    0.0628   -0.2001    0.2097 
2005 1 29 0    0.1330   -0.0944    0.1631 
2005 1 30 0    0.1752    0.0611    0.1855 
2005 1 31 0    0.1657    0.2383    0.2902 
2005 2 1 0    0.1534    0.4245    0.4514 
2005 2 2 0    0.0594    0.6300    0.6328 
2005 2 3 0   -0.0607    0.7827    0.7851 
2005 2 4 0   -0.1723    0.8869    0.9034 
2005 2 5 0   -0.3141    0.9705    1.0201 
2005 2 6 0   -0.4825    1.0058    1.1156 
2005 2 7 0   -0.6361    0.9932    1.1794 
2005 2 8 0   -0.7921    0.9362    1.2263 
2005 2 9 0   -0.9402    0.8721    1.2824 
2005 2 10 0   -1.0463    0.7795    1.3048 
2005 2 11 0   -1.1053    0.6966    1.3065 
2005 2 12 0   -1.1409    0.6100    1.2937 
2005 2 13 0   -1.1228    0.5176    1.2363 
2005 2 14 0   -1.0690    0.4105    1.1451 
2005 2 15 0   -0.9445    0.2823    0.9858 
2005 2 16 0   -0.7935    0.2040    0.8193 
2005 2 17 0   -0.6431    0.1798    0.6677 
2005 2 18 0   -0.5480    0.1444    0.5667 
2005 2 19 0   -0.4711    0.0887    0.4794 
2005 2 20 0   -0.4764    0.0864    0.4842 
2005 2 21 0   -0.5082    0.0856    0.5154 
2005 2 22 0   -0.5776    0.0570    0.5804 
2005 2 23 0   -0.6831    0.0421    0.6844 
2005 2 24 0   -0.8039    0.0621    0.8063 
2005 2 25 0   -0.9078    0.0795    0.9113 
2005 2 26 0   -1.0143    0.0760    1.0171 
2005 2 27 0   -1.0736    0.1134    1.0796 
2005 2 28 0   -1.0517    0.2088    1.0722 
2005 3 1 0   -1.0311    0.3393    1.0854 
2005 3 2 0   -1.0263    0.5033    1.1431 
2005 3 3 0   -1.0445    0.6881    1.2508 
2005 3 4 0   -1.0541    0.8400    1.3478 
2005 3 5 0   -1.0952    0.9509    1.4504 
2005 3 6 0   -1.1166    0.9763    1.4833 
2005 3 7 0   -1.0813    0.8958    1.4042 
2005 3 8 0   -0.9683    0.7940    1.2522 
2005 3 9 0   -0.8855    0.7020    1.1300 
2005 3 10 0   -0.8131    0.6156    1.0198 
2005 3 11 0   -0.7169    0.5174    0.8841 
2005 3 12 0   -0.6330    0.3900    0.7435 
2005 3 13 0   -0.6089    0.2552    0.6602 
2005 3 14 0   -0.6398    0.0854    0.6455 
2005 3 15 0   -0.6167   -0.0879    0.6229 
2005 3 16 0   -0.5692   -0.2485    0.6210 
2005 3 17 0   -0.5014   -0.4235    0.6563 
2005 3 18 0   -0.3914   -0.6107    0.7254 
2005 3 19 0   -0.2081   -0.7653    0.7931 
2005 3 20 0   -0.0559   -0.9048    0.9065 
2005 3 21 0    0.0821   -1.0077    1.0111 
2005 3 22 0    0.1880   -0.9997    1.0172 
2005 3 23 0    0.2873   -0.9995    1.0400 
2005 3 24 0    0.4175   -1.0557    1.1352 
2005 3 25 0    0.5702   -1.1457    1.2798 
2005 3 26 0    0.7357   -1.2408    1.4425 
2005 3 27 0    0.9708   -1.3534    1.6656 
2005 3 28 0    1.1911   -1.4896    1.9073 
2005 3 29 0    1.3993   -1.5888    2.1172 
2005 3 30 0    1.5906   -1.6351    2.2811 
2005 3 31 0    1.7429   -1.6149    2.3761 
2005 4 1 0    1.8382   -1.5764    2.4215 
2005 4 2 0    1.9264   -1.4911    2.4360 
2005 4 3 0    1.9496   -1.3275    2.3586 
2005 4 4 0    1.9913   -1.1129    2.2812 
2005 4 5 0    2.0674   -0.8919    2.2515 
2005 4 6 0    2.1215   -0.6371    2.2151 
2005 4 7 0    2.1247   -0.2846    2.1437 
2005 4 8 0    2.1195    0.0903    2.1214 
2005 4 9 0    2.0369    0.4660    2.0896 
2005 4 10 0    1.8417    0.8321    2.0210 
2005 4 11 0    1.6136    1.1694    1.9928 
2005 4 12 0    1.3799    1.4425    1.9962 
2005 4 13 0    1.0910    1.6474    1.9759 
2005 4 14 0    0.7215    1.7875    1.9276 
2005 4 15 0    0.2994    1.8716    1.8954 
2005 4 16 0   -0.1674    1.8543    1.8618 
2005 4 17 0   -0.6266    1.7470    1.8560 
2005 4 18 0   -1.0199    1.5709    1.8729 
2005 4 19 0   -1.2951    1.3852    1.8963 
2005 4 20 0   -1.4436    1.1702    1.8583 
2005 4 21 0   -1.5005    1.0368    1.8238 
2005 4 22 0   -1.4876    0.9325    1.7557 
2005 4 23 0   -1.4383    0.7976    1.6446 
2005 4 24 0   -1.4003    0.5927    1.5206 
2005 4 25 0   -1.3759    0.3934    1.4310 
2005 4 26 0   -1.3321    0.1774    1.3439 
2005 4 27 0   -1.3119   -0.0807    1.3144 
2005 4 28 0   -1.2548   -0.3078    1.2920 
2005 4 29 0   -1.0892   -0.5031    1.1997 
2005 4 30 0   -0.8673   -0.7007    1.1149 
2005 5 1 0  -99.0000  -99.0000  -99.0000 
2005 5 2 0  -99.0000  -99.0000  -99.0000 
2005 5 3 0  -99.0000  -99.0000  -99.0000 
2005 5 4 0  -99.0000  -99.0000  -99.0000 
2005 5 5 0  -99.0000  -99.0000  -99.0000 
2005 5 6 0  -99.0000  -99.0000  -99.0000 
2005 5 7 0  -99.0000  -99.0000  -99.0000 
2005 5 8 0  -99.0000  -99.0000  -99.0000 
2005 5 9 0  -99.0000  -99.0000  -99.0000 
2005 5 10 0  -99.0000  -99.0000  -99.0000 
2005 5 11 0  -99.0000  -99.0000  -99.0000 
2005 5 12 0  -99.0000  -99.0000  -99.0000 
2005 5 13 0  -99.0000  -99.0000  -99.0000 
2005 5 14 0  -99.0000  -99.0000  -99.0000 
2005 5 15 0  -99.0000  -99.0000  -99.0000 
2005 5 16 0  -99.0000  -99.0000  -99.0000 
2005 5 17 0  -99.0000  -99.0000  -99.0000 
2005 5 18 0  -99.0000  -99.0000  -99.0000 
2005 5 19 0  -99.0000  -99.0000  -99.0000 
2005 5 20 0  -99.0000  -99.0000  -99.0000 
2005 5 21 0  -99.0000  -99.0000  -99.0000 
2005 5 22 0  -99.0000  -99.0000  -99.0000 
2005 5 23 0  -99.0000  -99.0000  -99.0000 
2005 5 24 0  -99.0000  -99.0000  -99.0000 
2005 5 25 0  -99.0000  -99.0000  -99.0000 
2005 5 26 0  -99.0000  -99.0000  -99.0000 
2005 5 27 0  -99.0000  -99.0000  -99.0000 
2005 5 28 0  -99.0000  -99.0000  -99.0000 
2005 5 29 0  -99.0000  -99.0000  -99.0000 
2005 5 30 0  -99.0000  -99.0000  -99.0000 
2005 5 31 0  -99.0000  -99.0000  -99.0000 
2005 6 1 0  -99.0000  -99.0000  -99.0000 
2005 6 2 0  -99.0000  -99.0000  -99.0000 
2005 6 3 0  -99.0000  -99.0000  -99.0000 
2005 6 4 0  -99.0000  -99.0000  -99.0000 
2005 6 5 0  -99.0000  -99.0000  -99.0000 
2005 6 6 0  -99.0000  -99.0000  -99.0000 
2005 6 7 0  -99.0000  -99.0000  -99.0000 
2005 6 8 0  -99.0000  -99.0000  -99.0000 
2005 6 9 0  -99.0000  -99.0000  -99.0000 
2005 6 10 0  -99.0000  -99.0000  -99.0000 
2005 6 11 0  -99.0000  -99.0000  -99.0000 
2005 6 12 0  -99.0000  -99.0000  -99.0000 
2005 6 13 0  -99.0000  -99.0000  -99.0000 
2005 6 14 0  -99.0000  -99.0000  -99.0000 
2005 6 15 0  -99.0000  -99.0000  -99.0000 
2005 6 16 0  -99.0000  -99.0000  -99.0000 
2005 6 17 0  -99.0000  -99.0000  -99.0000 
2005 6 18 0  -99.0000  -99.0000  -99.0000 
2005 6 19 0  -99.0000  -99.0000  -99.0000 
2005 6 20 0  -99.0000  -99.0000  -99.0000 
2005 6 21 0  -99.0000  -99.0000  -99.0000 
2005 6 22 0  -99.0000  -99.0000  -99.0000 
2005 6 23 0  -99.0000  -99.0000  -99.0000 
2005 6 24 0  -99.0000  -99.0000  -99.0000 
2005 6 25 0  -99.0000  -99.0000  -99.0000 
2005 6 26 0  -99.0000  -99.0000  -99.0000 
2005 6 27 0  -99.0000  -99.0000  -99.0000 
2005 6 28 0  -99.0000  -99.0000  -99.0000 
2005 6 29 0  -99.0000  -99.0000  -99.0000 
2005 6 30 0  -99.0000  -99.0000  -99.0000 
2005 7 1 0  -99.0000  -99.0000  -99.0000 
2005 7 2 0  -99.0000  -99.0000  -99.0000 
2005 7 3 0  -99.0000  -99.0000  -99.0000 
2005 7 4 0  -99.0000  -99.0000  -99.0000 
2005 7 5 0  -99.0000  -99.0000  -99.0000 
2005 7 6 0  -99.0000  -99.0000  -99.0000 
2005 7 7 0  -99.0000  -99.0000  -99.0000 
2005 7 8 0  -99.0000  -99.0000  -99.0000 
2005 7 9 0  -99.0000  -99.0000  -99.0000 
2005 7 10 0  -99.0000  -99.0000  -99.0000 
2005 7 11 0  -99.0000  -99.0000  -99.0000 
2005 7 12 0  -99.0000  -99.0000  -99.0000 
2005 7 13 0  -99.0000  -99.0000  -99.0000 
2005 7 14 0  -99.0000  -99.0000  -99.0000 
2005 7 15 0  -99.0000  -99.0000  -99.0000 
2005 7 16 0  -99.0000  -99.0000  -99.0000 
2005 7 17 0  -99.0000  -99.0000  -99.0000 
2005 7 18 0  -99.0000  -99.0000  -99.0000 
2005 7 19 0  -99.0000  -99.0000  -99.0000 
2005 7 20 0  -99.0000  -99.0000  -99.0000 
2005 7 21 0  -99.0000  -99.0000  -99.0000 
2005 7 22 0  -99.0000  -99.0000  -99.0000 
2005 7 23 0  -99.0000  -99.0000  -99.0000 
2005 7 24 0  -99.0000  -99.0000  -99.0000 
2005 7 25 0  -99.0000  -99.0000  -99.0000 
2005 7 26 0  -99.0000  -99.0000  -99.0000 
2005 7 27 0  -99.0000  -99.0000  -99.0000 
2005 7 28 0  -99.0000  -99.0000  -99.0000 
2005 7 29 0  -99.0000  -99.0000  -99.0000 
2005 7 30 0  -99.0000  -99.0000  -99.0000 
2005 7 31 0  -99.0000  -99.0000  -99.0000 
2005 8 1 0  -99.0000  -99.0000  -99.0000 
2005 8 2 0  -99.0000  -99.0000  -99.0000 
2005 8 3 0  -99.0000  -99.0000  -99.0000 
2005 8 4 0  -99.0000  -99.0000  -99.0000 
2005 8 5 0  -99.0000  -99.0000  -99.0000 
2005 8 6 0  -99.0000  -99.0000  -99.0000 
2005 8 7 0  -99.0000  -99.0000  -99.0000 
2005 8 8 0  -99.0000  -99.0000  -99.0000 
2005 8 9 0  -99.0000  -99.0000  -99.0000 
2005 8 10 0  -99.0000  -99.0000  -99.0000 
2005 8 11 0  -99.0000  -99.0000  -99.0000 
2005 8 12 0  -99.0000  -99.0000  -99.0000 
2005 8 13 0  -99.0000  -99.0000  -99.0000 
2005 8 14 0  -99.0000  -99.0000  -99.0000 
2005 8 15 0  -99.0000  -99.0000  -99.0000 
2005 8 16 0  -99.0000  -99.0000  -99.0000 
2005 8 17 0  -99.0000  -99.0000  -99.0000 
2005 8 18 0  -99.0000  -99.0000  -99.0000 
2005 8 19 0  -99.0000  -99.0000  -99.0000 
2005 8 20 0  -99.0000  -99.0000  -99.0000 
2005 8 21 0  -99.0000  -99.0000  -99.0000 
2005 8 22 0  -99.0000  -99.0000  -99.0000 
2005 8 23 0  -99.0000  -99.0000  -99.0000 
2005 8 24 0  -99.0000  -99.0000  -99.0000 
2005 8 25 0  -99.0000  -99.0000  -99.0000 
2005 8 26 0  -99.0000  -99.0000  -99.0000 
2005 8 27 0  -99.0000  -99.0000  -99.0000 
2005 8 28 0  -99.0000  -99.0000  -99.0000 
2005 8 29 0  -99.0000  -99.0000  -99.0000 
2005 8 30 0  -99.0000  -99.0000  -99.0000 
2005 8 31 0  -99.0000  -99.0000  -99.0000 
2005 9 1 0  -99.0000  -99.0000  -99.0000 
2005 9 2 0  -99.0000  -99.0000  -99.0000 
2005 9 3 0  -99.0000  -99.0000  -99.0000 
2005 9 4 0  -99.0000  -99.0000  -99.0000 
2005 9 5 0  -99.0000  -99.0000  -99.0000 
2005 9 6 0  -99.0000  -99.0000  -99.0000 
2005 9 7 0  -99.0000  -99.0000  -99.0000 
2005 9 8 0  -99.0000  -99.0000  -99.0000 
2005 9 9 0  -99.0000  -99.0000  -99.0000 
2005 9 10 0  -99.0000  -99.0000  -99.0000 
2005 9 11 0  -99.0000  -99.0000  -99.0000 
2005 9 12 0  -99.0000  -99.0000  -99.0000 
2005 9 13 0  -99.0000  -99.0000  -99.0000 
2005 9 14 0  -99.0000  -99.0000  -99.0000 
2005 9 15 0  -99.0000  -99.0000  -99.0000 
2005 9 16 0  -99.0000  -99.0000  -99.0000 
2005 9 17 0  -99.0000  -99.0000  -99.0000 
2005 9 18 0  -99.0000  -99.0000  -99.0000 
2005 9 19 0  -99.0000  -99.0000  -99.0000 
2005 9 20 0  -99.0000  -99.0000  -99.0000 
2005 9 21 0  -99.0000  -99.0000  -99.0000 
2005 9 22 0  -99.0000  -99.0000  -99.0000 
2005 9 23 0  -99.0000  -99.0000  -99.0000 
2005 9 24 0  -99.0000  -99.0000  -99.0000 
2005 9 25 0  -99.0000  -99.0000  -99.0000 
2005 9 26 0  -99.0000  -99.0000  -99.0000 
2005 9 27 0  -99.0000  -99.0000  -99.0000 
2005 9 28 0  -99.0000  -99.0000  -99.0000 
2005 9 29 0  -99.0000  -99.0000  -99.0000 
2005 9 30 0  -99.0000  -99.0000  -99.0000 
2005 10 1 0  -99.0000  -99.0000  -99.0000 
2005 10 2 0  -99.0000  -99.0000  -99.0000 
2005 10 3 0  -99.0000  -99.0000  -99.0000 
2005 10 4 0  -99.0000  -99.0000  -99.0000 
2005 10 5 0  -99.0000  -99.0000  -99.0000 
2005 10 6 0  -99.0000  -99.0000  -99.0000 
2005 10 7 0  -99.0000  -99.0000  -99.0000 
2005 10 8 0  -99.0000  -99.0000  -99.0000 
2005 10 9 0  -99.0000  -99.0000  -99.0000 
2005 10 10 0  -99.0000  -99.0000  -99.0000 
2005 10 11 0  -99.0000  -99.0000  -99.0000 
2005 10 12 0  -99.0000  -99.0000  -99.0000 
2005 10 13 0  -99.0000  -99.0000  -99.0000 
2005 10 14 0  -99.0000  -99.0000  -99.0000 
2005 10 15 0  -99.0000  -99.0000  -99.0000 
2005 10 16 0  -99.0000  -99.0000  -99.0000 
2005 10 17 0  -99.0000  -99.0000  -99.0000 
2005 10 18 0  -99.0000  -99.0000  -99.0000 
2005 10 19 0  -99.0000  -99.0000  -99.0000 
2005 10 20 0  -99.0000  -99.0000  -99.0000 
2005 10 21 0  -99.0000  -99.0000  -99.0000 
2005 10 22 0  -99.0000  -99.0000  -99.0000 
2005 10 23 0  -99.0000  -99.0000  -99.0000 
2005 10 24 0  -99.0000  -99.0000  -99.0000 
2005 10 25 0  -99.0000  -99.0000  -99.0000 
2005 10 26 0  -99.0000  -99.0000  -99.0000 
2005 10 27 0  -99.0000  -99.0000  -99.0000 
2005 10 28 0  -99.0000  -99.0000  -99.0000 
2005 10 29 0  -99.0000  -99.0000  -99.0000 
2005 10 30 0  -99.0000  -99.0000  -99.0000 
2005 10 31 0  -99.0000  -99.0000  -99.0000 
2005 11 1 0    0.8936   -0.7207    1.1481 
2005 11 2 0    0.9054   -0.6527    1.1161 
2005 11 3 0    0.8630   -0.5317    1.0137 
2005 11 4 0    0.7732   -0.4349    0.8871 
2005 11 5 0    0.7031   -0.2700    0.7532 
2005 11 6 0    0.6150   -0.0627    0.6182 
2005 11 7 0    0.5034    0.1385    0.5221 
2005 11 8 0    0.4292    0.2736    0.5090 
2005 11 9 0    0.3817    0.4071    0.5580 
2005 11 10 0    0.3245    0.4825    0.5815 
2005 11 11 0    0.2826    0.5083    0.5815 
2005 11 12 0    0.3045    0.4956    0.5816 
2005 11 13 0    0.2899    0.4595    0.5433 
2005 11 14 0    0.2013    0.4194    0.4652 
2005 11 15 0    0.0903    0.3766    0.3873 
2005 11 16 0   -0.0754    0.3432    0.3513 
2005 11 17 0   -0.2885    0.2840    0.4048 
2005 11 18 0   -0.4583    0.2149    0.5062 
2005 11 19 0   -0.5173    0.1155    0.5300 
2005 11 20 0   -0.5580    0.0126    0.5582 
2005 11 21 0   -0.5178   -0.1055    0.5284 
2005 11 22 0   -0.4249   -0.2098    0.4739 
2005 11 23 0   -0.3174   -0.3044    0.4397 
2005 11 24 0   -0.2568   -0.3707    0.4510 
2005 11 25 0   -0.1743   -0.3897    0.4269 
2005 11 26 0   -0.1023   -0.3731    0.3869 
2005 11 27 0   -0.0495   -0.3421    0.3457 
2005 11 28 0   -0.0317   -0.3088    0.3105 
2005 11 29 0   -0.0680   -0.3182    0.3254 
2005 11 30 0   -0.1371   -0.3716    0.3961 
2005 12 1 0   -0.2397   -0.4563    0.5154 
2005 12 2 0   -0.3266   -0.5702    0.6571 
2005 12 3 0   -0.3653   -0.6614    0.7556 
2005 12 4 0   -0.3262   -0.6686    0.7440 
2005 12 5 0   -0.2301   -0.6850    0.7226 
2005 12 6 0   -0.1122   -0.6941    0.7031 
2005 12 7 0    0.0249   -0.6822    0.6827 
2005 12 8 0    0.1410   -0.6631    0.6779 
2005 12 9 0    0.2180   -0.6929    0.7263 
2005 12 10 0    0.2399   -0.6721    0.7137 
2005 12 11 0    0.2720   -0.6001    0.6589 
2005 12 12 0    0.2003   -0.5330    0.5694 
2005 12 13 0    0.0704   -0.4877    0.4927 
2005 12 14 0   -0.0381   -0.4428    0.4445 
2005 12 15 0   -0.0838   -0.4074    0.4160 
2005 12 16 0   -0.0952   -0.4493    0.4593 
2005 12 17 0    0.0229   -0.5038    0.5043 
2005 12 18 0    0.2339   -0.5110    0.5620 
2005 12 19 0    0.4550   -0.4435    0.6354 
2005 12 20 0    0.6054   -0.4020    0.7267 
2005 12 21 0    0.6454   -0.3660    0.7420 
2005 12 22 0    0.5315   -0.3144    0.6175 
2005 12 23 0    0.3301   -0.2639    0.4226 
2005 12 24 0    0.1345   -0.2895    0.3192 
2005 12 25 0   -0.0318   -0.3140    0.3156 
2005 12 26 0   -0.1352   -0.2624    0.2952 
2005 12 27 0   -0.1630   -0.1345    0.2113 
2005 12 28 0   -0.1855   -0.0259    0.1873 
2005 12 29 0   -0.2789    0.0643    0.2862 
2005 12 30 0   -0.3999    0.1283    0.4200 
2005 12 31 0   -0.5110    0.0943    0.5196 
2006 1 1 0   -0.6042   -0.0776    0.6091 
2006 1 2 0   -0.6683   -0.2984    0.7319 
2006 1 3 0   -0.6301   -0.4662    0.7838 
2006 1 4 0   -0.5274   -0.6394    0.8289 
2006 1 5 0   -0.4156   -0.7529    0.8600 
2006 1 6 0   -0.3368   -0.8572    0.9210 
2006 1 7 0   -0.2669   -0.9020    0.9407 
2006 1 8 0   -0.2190   -0.9892    1.0131 
2006 1 9 0   -0.2311   -1.0541    1.0792 
2006 1 10 0   -0.2508   -1.1269    1.1545 
2006 1 11 0   -0.2152   -1.1027    1.1235 
2006 1 12 0   -0.1355   -1.0390    1.0478 
2006 1 13 0   -0.0254   -0.9258    0.9261 
2006 1 14 0    0.1259   -0.7852    0.7952 
2006 1 15 0    0.2930   -0.5975    0.6655 
2006 1 16 0    0.4961   -0.4020    0.6385 
2006 1 17 0    0.7285   -0.2067    0.7572 
2006 1 18 0    0.9461    0.0144    0.9462 
2006 1 19 0    1.1632    0.2676    1.1936 
2006 1 20 0    1.3260    0.5203    1.4245 
2006 1 21 0    1.3795    0.7206    1.5564 
2006 1 22 0    1.3085    0.8620    1.5669 
2006 1 23 0    1.0958    0.9402    1.4439 
2006 1 24 0    0.8154    1.0390    1.3207 
2006 1 25 0    0.5739    1.1446    1.2804 
2006 1 26 0    0.3540    1.2457    1.2950 
2006 1 27 0    0.1352    1.3377    1.3445 
2006 1 28 0   -0.0320    1.4320    1.4324 
2006 1 29 0   -0.1931    1.4943    1.5067 
2006 1 30 0   -0.3774    1.4992    1.5459 
2006 1 31 0   -0.5774    1.4605    1.5705 
2006 2 1 0   -0.7644    1.3987    1.5939 
2006 2 2 0   -0.9158    1.3377    1.6211 
2006 2 3 0   -1.0262    1.2520    1.6188 
2006 2 4 0   -1.1472    1.1530    1.6264 
2006 2 5 0   -1.2361    1.0597    1.6281 
2006 2 6 0   -1.2532    0.9452    1.5697 
2006 2 7 0   -1.2427    0.8245    1.4913 
2006 2 8 0   -1.2084    0.7013    1.3972 
2006 2 9 0   -1.1431    0.5589    1.2724 
2006 2 10 0   -1.0727    0.4737    1.1726 
2006 2 11 0   -1.0082    0.4175    1.0912 
2006 2 12 0   -0.9912    0.3371    1.0469 
2006 2 13 0   -0.9774    0.2239    1.0027 
2006 2 14 0   -0.9614    0.1632    0.9752 
2006 2 15 0   -0.9217    0.1089    0.9281 
2006 2 16 0   -0.8840    0.0476    0.8852 
2006 2 17 0   -0.7843   -0.0438    0.7855 
2006 2 18 0   -0.7070   -0.1515    0.7230 
2006 2 19 0   -0.6161   -0.2913    0.6815 
2006 2 20 0   -0.5293   -0.4966    0.7258 
2006 2 21 0   -0.4148   -0.6923    0.8070 
2006 2 22 0   -0.3017   -0.8628    0.9140 
2006 2 23 0   -0.1454   -1.0202    1.0305 
2006 2 24 0    0.0063   -1.1064    1.1064 
2006 2 25 0    0.2158   -1.0491    1.0711 
2006 2 26 0    0.3931   -0.9116    0.9927 
2006 2 27 0    0.5379   -0.6851    0.8710 
2006 2 28 0    0.6508   -0.4235    0.7764 
2006 3 1 0    0.7344   -0.1656    0.7529 
2006 3 2 0    0.6739    0.0361    0.6749 
2006 3 3 0    0.5872    0.2284    0.6301 
2006 3 4 0    0.4732    0.3409    0.5832 
2006 3 5 0    0.2858    0.4120    0.5014 
2006 3 6 0    0.0521    0.4245    0.4276 
2006 3 7 0   -0.0997    0.3972    0.4096 
2006 3 8 0   -0.2048    0.3071    0.3691 
2006 3 9 0   -0.2610    0.2655    0.3723 
2006 3 10 0   -0.2147    0.2415    0.3231 
2006 3 11 0   -0.1324    0.2325    0.2675 
2006 3 12 0   -0.0591    0.2012    0.2096 
2006 3 13 0   -0.0084    0.1564    0.1566 
2006 3 14 0    0.0255    0.0604    0.0656 
2006 3 15 0    0.0090   -0.0195    0.0215 
2006 3 16 0    0.0244   -0.1110    0.1137 
2006 3 17 0    0.0374   -0.2397    0.2426 
2006 3 18 0    0.1095   -0.3386    0.3558 
2006 3 19 0    0.1648   -0.4214    0.4525 
2006 3 20 0    0.2291   -0.4705    0.5233 
2006 3 21 0    0.2699   -0.4886    0.5582 
2006 3 22 0    0.3202   -0.4206    0.5286 
2006 3 23 0    0.3315   -0.3181    0.4594 
2006 3 24 0    0.3941   -0.1513    0.4221 
2006 3 25 0    0.4700   -0.0041    0.4700 
2006 3 26 0    0.5769    0.1269    0.5907 
2006 3 27 0    0.7202    0.1916    0.7453 
2006 3 28 0    0.8530    0.2532    0.8898 
2006 3 29 0    0.9583    0.2622    0.9936 
2006 3 30 0    1.0100    0.2712    1.0457 
2006 3 31 0    1.0466    0.3162    1.0933 
2006 4 1 0    1.0096    0.3954    1.0842 
2006 4 2 0    0.9410    0.4602    1.0475 
2006 4 3 0    0.7909    0.5201    0.9465 
2006 4 4 0    0.6287    0.5498    0.8352 
2006 4 5 0    0.4617    0.5155    0.6921 
2006 4 6 0    0.3233    0.4557    0.5588 
2006 4 7 0    0.1736    0.3857    0.4229 
2006 4 8 0    0.0829    0.3572    0.3667 
2006 4 9 0    0.0371    0.3062    0.3085 
2006 4 10 0   -0.0236    0.2567    0.2578 
2006 4 11 0   -0.0804    0.2078    0.2228 
2006 4 12 0   -0.0784    0.1126    0.1372 
2006 4 13 0   -0.0385   -0.0679    0.0781 
2006 4 14 0    0.0356   -0.2585    0.2610 
2006 4 15 0    0.1314   -0.3947    0.4160 
2006 4 16 0    0.2563   -0.4998    0.5617 
2006 4 17 0    0.3863   -0.5073    0.6377 
2006 4 18 0    0.4868   -0.4592    0.6692 
2006 4 19 0    0.5358   -0.3239    0.6261 
2006 4 20 0    0.5464   -0.1743    0.5735 
2006 4 21 0    0.5187   -0.0240    0.5192 
2006 4 22 0    0.4424    0.0568    0.4460 
2006 4 23 0    0.3892    0.1122    0.4051 
2006 4 24 0    0.3433    0.1761    0.3858 
2006 4 25 0    0.3467    0.2442    0.4241 
2006 4 26 0    0.4014    0.3346    0.5225 
2006 4 27 0    0.4887    0.4308    0.6514 
2006 4 28 0    0.4914    0.5591    0.7444 
2006 4 29 0    0.4745    0.6496    0.8044 
2006 4 30 0    0.4168    0.7347    0.8447 
2006 5 1 0  -99.0000  -99.0000  -99.0000 
2006 5 2 0  -99.0000  -99.0000  -99.0000 
2006 5 3 0  -99.0000  -99.0000  -99.0000 
2006 5 4 0  -99.0000  -99.0000  -99.0000 
2006 5 5 0  -99.0000  -99.0000  -99.0000 
2006 5 6 0  -99.0000  -99.0000  -99.0000 
2006 5 7 0  -99.0000  -99.0000  -99.0000 
2006 5 8 0  -99.0000  -99.0000  -99.0000 
2006 5 9 0  -99.0000  -99.0000  -99.0000 
2006 5 10 0  -99.0000  -99.0000  -99.0000 
2006 5 11 0  -99.0000  -99.0000  -99.0000 
2006 5 12 0  -99.0000  -99.0000  -99.0000 
2006 5 13 0  -99.0000  -99.0000  -99.0000 
2006 5 14 0  -99.0000  -99.0000  -99.0000 
2006 5 15 0  -99.0000  -99.0000  -99.0000 
2006 5 16 0  -99.0000  -99.0000  -99.0000 
2006 5 17 0  -99.0000  -99.0000  -99.0000 
2006 5 18 0  -99.0000  -99.0000  -99.0000 
2006 5 19 0  -99.0000  -99.0000  -99.0000 
2006 5 20 0  -99.0000  -99.0000  -99.0000 
2006 5 21 0  -99.0000  -99.0000  -99.0000 
2006 5 22 0  -99.0000  -99.0000  -99.0000 
2006 5 23 0  -99.0000  -99.0000  -99.0000 
2006 5 24 0  -99.0000  -99.0000  -99.0000 
2006 5 25 0  -99.0000  -99.0000  -99.0000 
2006 5 26 0  -99.0000  -99.0000  -99.0000 
2006 5 27 0  -99.0000  -99.0000  -99.0000 
2006 5 28 0  -99.0000  -99.0000  -99.0000 
2006 5 29 0  -99.0000  -99.0000  -99.0000 
2006 5 30 0  -99.0000  -99.0000  -99.0000 
2006 5 31 0  -99.0000  -99.0000  -99.0000 
2006 6 1 0  -99.0000  -99.0000  -99.0000 
2006 6 2 0  -99.0000  -99.0000  -99.0000 
2006 6 3 0  -99.0000  -99.0000  -99.0000 
2006 6 4 0  -99.0000  -99.0000  -99.0000 
2006 6 5 0  -99.0000  -99.0000  -99.0000 
2006 6 6 0  -99.0000  -99.0000  -99.0000 
2006 6 7 0  -99.0000  -99.0000  -99.0000 
2006 6 8 0  -99.0000  -99.0000  -99.0000 
2006 6 9 0  -99.0000  -99.0000  -99.0000 
2006 6 10 0  -99.0000  -99.0000  -99.0000 
2006 6 11 0  -99.0000  -99.0000  -99.0000 
2006 6 12 0  -99.0000  -99.0000  -99.0000 
2006 6 13 0  -99.0000  -99.0000  -99.0000 
2006 6 14 0  -99.0000  -99.0000  -99.0000 
2006 6 15 0  -99.0000  -99.0000  -99.0000 
2006 6 16 0  -99.0000  -99.0000  -99.0000 
2006 6 17 0  -99.0000  -99.0000  -99.0000 
2006 6 18 0  -99.0000  -99.0000  -99.0000 
2006 6 19 0  -99.0000  -99.0000  -99.0000 
2006 6 20 0  -99.0000  -99.0000  -99.0000 
2006 6 21 0  -99.0000  -99.0000  -99.0000 
2006 6 22 0  -99.0000  -99.0000  -99.0000 
2006 6 23 0  -99.0000  -99.0000  -99.0000 
2006 6 24 0  -99.0000  -99.0000  -99.0000 
2006 6 25 0  -99.0000  -99.0000  -99.0000 
2006 6 26 0  -99.0000  -99.0000  -99.0000 
2006 6 27 0  -99.0000  -99.0000  -99.0000 
2006 6 28 0  -99.0000  -99.0000  -99.0000 
2006 6 29 0  -99.0000  -99.0000  -99.0000 
2006 6 30 0  -99.0000  -99.0000  -99.0000 
2006 7 1 0  -99.0000  -99.0000  -99.0000 
2006 7 2 0  -99.0000  -99.0000  -99.0000 
2006 7 3 0  -99.0000  -99.0000  -99.0000 
2006 7 4 0  -99.0000  -99.0000  -99.0000 
2006 7 5 0  -99.0000  -99.0000  -99.0000 
2006 7 6 0  -99.0000  -99.0000  -99.0000 
2006 7 7 0  -99.0000  -99.0000  -99.0000 
2006 7 8 0  -99.0000  -99.0000  -99.0000 
2006 7 9 0  -99.0000  -99.0000  -99.0000 
2006 7 10 0  -99.0000  -99.0000  -99.0000 
2006 7 11 0  -99.0000  -99.0000  -99.0000 
2006 7 12 0  -99.0000  -99.0000  -99.0000 
2006 7 13 0  -99.0000  -99.0000  -99.0000 
2006 7 14 0  -99.0000  -99.0000  -99.0000 
2006 7 15 0  -99.0000  -99.0000  -99.0000 
2006 7 16 0  -99.0000  -99.0000  -99.0000 
2006 7 17 0  -99.0000  -99.0000  -99.0000 
2006 7 18 0  -99.0000  -99.0000  -99.0000 
2006 7 19 0  -99.0000  -99.0000  -99.0000 
2006 7 20 0  -99.0000  -99.0000  -99.0000 
2006 7 21 0  -99.0000  -99.0000  -99.0000 
2006 7 22 0  -99.0000  -99.0000  -99.0000 
2006 7 23 0  -99.0000  -99.0000  -99.0000 
2006 7 24 0  -99.0000  -99.0000  -99.0000 
2006 7 25 0  -99.0000  -99.0000  -99.0000 
2006 7 26 0  -99.0000  -99.0000  -99.0000 
2006 7 27 0  -99.0000  -99.0000  -99.0000 
2006 7 28 0  -99.0000  -99.0000  -99.0000 
2006 7 29 0  -99.0000  -99.0000  -99.0000 
2006 7 30 0  -99.0000  -99.0000  -99.0000 
2006 7 31 0  -99.0000  -99.0000  -99.0000 
2006 8 1 0  -99.0000  -99.0000  -99.0000 
2006 8 2 0  -99.0000  -99.0000  -99.0000 
2006 8 3 0  -99.0000  -99.0000  -99.0000 
2006 8 4 0  -99.0000  -99.0000  -99.0000 
2006 8 5 0  -99.0000  -99.0000  -99.0000 
2006 8 6 0  -99.0000  -99.0000  -99.0000 
2006 8 7 0  -99.0000  -99.0000  -99.0000 
2006 8 8 0  -99.0000  -99.0000  -99.0000 
2006 8 9 0  -99.0000  -99.0000  -99.0000 
2006 8 10 0  -99.0000  -99.0000  -99.0000 
2006 8 11 0  -99.0000  -99.0000  -99.0000 
2006 8 12 0  -99.0000  -99.0000  -99.0000 
2006 8 13 0  -99.0000  -99.0000  -99.0000 
2006 8 14 0  -99.0000  -99.0000  -99.0000 
2006 8 15 0  -99.0000  -99.0000  -99.0000 
2006 8 16 0  -99.0000  -99.0000  -99.0000 
2006 8 17 0  -99.0000  -99.0000  -99.0000 
2006 8 18 0  -99.0000  -99.0000  -99.0000 
2006 8 19 0  -99.0000  -99.0000  -99.0000 
2006 8 20 0  -99.0000  -99.0000  -99.0000 
2006 8 21 0  -99.0000  -99.0000  -99.0000 
2006 8 22 0  -99.0000  -99.0000  -99.0000 
2006 8 23 0  -99.0000  -99.0000  -99.0000 
2006 8 24 0  -99.0000  -99.0000  -99.0000 
2006 8 25 0  -99.0000  -99.0000  -99.0000 
2006 8 26 0  -99.0000  -99.0000  -99.0000 
2006 8 27 0  -99.0000  -99.0000  -99.0000 
2006 8 28 0  -99.0000  -99.0000  -99.0000 
2006 8 29 0  -99.0000  -99.0000  -99.0000 
2006 8 30 0  -99.0000  -99.0000  -99.0000 
2006 8 31 0  -99.0000  -99.0000  -99.0000 
2006 9 1 0  -99.0000  -99.0000  -99.0000 
2006 9 2 0  -99.0000  -99.0000  -99.0000 
2006 9 3 0  -99.0000  -99.0000  -99.0000 
2006 9 4 0  -99.0000  -99.0000  -99.0000 
2006 9 5 0  -99.0000  -99.0000  -99.0000 
2006 9 6 0  -99.0000  -99.0000  -99.0000 
2006 9 7 0  -99.0000  -99.0000  -99.0000 
2006 9 8 0  -99.0000  -99.0000  -99.0000 
2006 9 9 0  -99.0000  -99.0000  -99.0000 
2006 9 10 0  -99.0000  -99.0000  -99.0000 
2006 9 11 0  -99.0000  -99.0000  -99.0000 
2006 9 12 0  -99.0000  -99.0000  -99.0000 
2006 9 13 0  -99.0000  -99.0000  -99.0000 
2006 9 14 0  -99.0000  -99.0000  -99.0000 
2006 9 15 0  -99.0000  -99.0000  -99.0000 
2006 9 16 0  -99.0000  -99.0000  -99.0000 
2006 9 17 0  -99.0000  -99.0000  -99.0000 
2006 9 18 0  -99.0000  -99.0000  -99.0000 
2006 9 19 0  -99.0000  -99.0000  -99.0000 
2006 9 20 0  -99.0000  -99.0000  -99.0000 
2006 9 21 0  -99.0000  -99.0000  -99.0000 
2006 9 22 0  -99.0000  -99.0000  -99.0000 
2006 9 23 0  -99.0000  -99.0000  -99.0000 
2006 9 24 0  -99.0000  -99.0000  -99.0000 
2006 9 25 0  -99.0000  -99.0000  -99.0000 
2006 9 26 0  -99.0000  -99.0000  -99.0000 
2006 9 27 0  -99.0000  -99.0000  -99.0000 
2006 9 28 0  -99.0000  -99.0000  -99.0000 
2006 9 29 0  -99.0000  -99.0000  -99.0000 
2006 9 30 0  -99.0000  -99.0000  -99.0000 
2006 10 1 0  -99.0000  -99.0000  -99.0000 
2006 10 2 0  -99.0000  -99.0000  -99.0000 
2006 10 3 0  -99.0000  -99.0000  -99.0000 
2006 10 4 0  -99.0000  -99.0000  -99.0000 
2006 10 5 0  -99.0000  -99.0000  -99.0000 
2006 10 6 0  -99.0000  -99.0000  -99.0000 
2006 10 7 0  -99.0000  -99.0000  -99.0000 
2006 10 8 0  -99.0000  -99.0000  -99.0000 
2006 10 9 0  -99.0000  -99.0000  -99.0000 
2006 10 10 0  -99.0000  -99.0000  -99.0000 
2006 10 11 0  -99.0000  -99.0000  -99.0000 
2006 10 12 0  -99.0000  -99.0000  -99.0000 
2006 10 13 0  -99.0000  -99.0000  -99.0000 
2006 10 14 0  -99.0000  -99.0000  -99.0000 
2006 10 15 0  -99.0000  -99.0000  -99.0000 
2006 10 16 0  -99.0000  -99.0000  -99.0000 
2006 10 17 0  -99.0000  -99.0000  -99.0000 
2006 10 18 0  -99.0000  -99.0000  -99.0000 
2006 10 19 0  -99.0000  -99.0000  -99.0000 
2006 10 20 0  -99.0000  -99.0000  -99.0000 
2006 10 21 0  -99.0000  -99.0000  -99.0000 
2006 10 22 0  -99.0000  -99.0000  -99.0000 
2006 10 23 0  -99.0000  -99.0000  -99.0000 
2006 10 24 0  -99.0000  -99.0000  -99.0000 
2006 10 25 0  -99.0000  -99.0000  -99.0000 
2006 10 26 0  -99.0000  -99.0000  -99.0000 
2006 10 27 0  -99.0000  -99.0000  -99.0000 
2006 10 28 0  -99.0000  -99.0000  -99.0000 
2006 10 29 0  -99.0000  -99.0000  -99.0000 
2006 10 30 0  -99.0000  -99.0000  -99.0000 
2006 10 31 0  -99.0000  -99.0000  -99.0000 
2006 11 1 0   -0.3006    0.2261    0.3761 
2006 11 2 0   -0.3560    0.2953    0.4625 
2006 11 3 0   -0.3803    0.3656    0.5275 
2006 11 4 0   -0.4333    0.3880    0.5816 
2006 11 5 0   -0.5350    0.3142    0.6204 
2006 11 6 0   -0.6879    0.1743    0.7097 
2006 11 7 0   -0.8709    0.0434    0.8720 
2006 11 8 0   -1.0739   -0.0721    1.0763 
2006 11 9 0   -1.2317   -0.1635    1.2425 
2006 11 10 0   -1.2814   -0.2213    1.3003 
2006 11 11 0   -1.3187   -0.2691    1.3458 
2006 11 12 0   -1.3423   -0.3183    1.3795 
2006 11 13 0   -1.3216   -0.4122    1.3844 
2006 11 14 0   -1.3024   -0.5162    1.4010 
2006 11 15 0   -1.3278   -0.6226    1.4665 
2006 11 16 0   -1.2992   -0.6806    1.4667 
2006 11 17 0   -1.2507   -0.7817    1.4749 
2006 11 18 0   -1.1918   -0.8565    1.4677 
2006 11 19 0   -1.0803   -0.8705    1.3873 
2006 11 20 0   -0.9012   -0.8858    1.2636 
2006 11 21 0   -0.7007   -0.8850    1.1288 
2006 11 22 0   -0.4918   -0.8300    0.9648 
2006 11 23 0   -0.3031   -0.7114    0.7733 
2006 11 24 0   -0.1623   -0.5999    0.6215 
2006 11 25 0   -0.0168   -0.4883    0.4886 
2006 11 26 0    0.0771   -0.4216    0.4286 
2006 11 27 0    0.1311   -0.3256    0.3510 
2006 11 28 0    0.1259   -0.2910    0.3171 
2006 11 29 0    0.1075   -0.2854    0.3050 
2006 11 30 0    0.0349   -0.2601    0.2624 
2006 12 1 0   -0.0297   -0.1776    0.1801 
2006 12 2 0   -0.0709   -0.1051    0.1267 
2006 12 3 0   -0.1078   -0.0497    0.1187 
2006 12 4 0   -0.1735   -0.0064    0.1736 
2006 12 5 0   -0.2700    0.0114    0.2702 
2006 12 6 0   -0.3791   -0.0272    0.3801 
2006 12 7 0   -0.4729   -0.1288    0.4901 
2006 12 8 0   -0.5373   -0.2395    0.5882 
2006 12 9 0   -0.5967   -0.4114    0.7248 
2006 12 10 0   -0.6393   -0.5729    0.8584 
2006 12 11 0   -0.6410   -0.7463    0.9838 
2006 12 12 0   -0.6438   -0.8461    1.0632 
2006 12 13 0   -0.6046   -0.9150    1.0967 
2006 12 14 0   -0.5158   -0.9142    1.0497 
2006 12 15 0   -0.3877   -0.9359    1.0130 
2006 12 16 0   -0.3253   -1.0003    1.0519 
2006 12 17 0   -0.3113   -1.1386    1.1804 
2006 12 18 0   -0.3245   -1.2928    1.3329 
2006 12 19 0   -0.3396   -1.4622    1.5011 
2006 12 20 0   -0.3610   -1.5993    1.6396 
2006 12 21 0   -0.3288   -1.6961    1.7277 
2006 12 22 0   -0.2394   -1.7527    1.7689 
2006 12 23 0   -0.1580   -1.7941    1.8010 
2006 12 24 0   -0.0602   -1.7908    1.7918 
2006 12 25 0    0.0837   -1.7918    1.7937 
2006 12 26 0    0.2892   -1.7202    1.7444 
2006 12 27 0    0.5421   -1.5821    1.6724 
2006 12 28 0    0.8358   -1.3939    1.6253 
2006 12 29 0    1.1252   -1.1412    1.6026 
2006 12 30 0    1.3923   -0.8669    1.6401 
2006 12 31 0    1.5958   -0.5661    1.6932 
2007 1 1 0    1.7264   -0.2982    1.7520 
2007 1 2 0    1.7813   -0.0573    1.7822 
2007 1 3 0    1.7176    0.0634    1.7188 
2007 1 4 0    1.5758    0.2100    1.5897 
2007 1 5 0    1.3915    0.2819    1.4198 
2007 1 6 0    1.1695    0.3172    1.2118 
2007 1 7 0    0.9479    0.3592    1.0137 
2007 1 8 0    0.7584    0.4579    0.8859 
2007 1 9 0    0.5938    0.4907    0.7703 
2007 1 10 0    0.4587    0.5347    0.7045 
2007 1 11 0    0.3320    0.5996    0.6854 
2007 1 12 0    0.2156    0.6163    0.6529 
2007 1 13 0    0.1022    0.5655    0.5746 
2007 1 14 0   -0.0503    0.5144    0.5168 
2007 1 15 0   -0.2019    0.4543    0.4972 
2007 1 16 0   -0.3284    0.3873    0.5078 
2007 1 17 0   -0.4038    0.3621    0.5424 
2007 1 18 0   -0.4200    0.3509    0.5473 
2007 1 19 0   -0.3763    0.3363    0.5047 
2007 1 20 0   -0.3559    0.2963    0.4631 
2007 1 21 0   -0.3233    0.2344    0.3994 
2007 1 22 0   -0.2780    0.2249    0.3576 
2007 1 23 0   -0.2729    0.2801    0.3910 
2007 1 24 0   -0.2719    0.3882    0.4739 
2007 1 25 0   -0.2922    0.5054    0.5837 
2007 1 26 0   -0.3283    0.6540    0.7318 
2007 1 27 0   -0.3815    0.7545    0.8455 
2007 1 28 0   -0.4199    0.8072    0.9099 
2007 1 29 0   -0.4314    0.8112    0.9188 
2007 1 30 0   -0.3816    0.7920    0.8792 
2007 1 31 0   -0.2826    0.7410    0.7931 
2007 2 1 0   -0.2166    0.6493    0.6845 
2007 2 2 0   -0.1290    0.5612    0.5759 
2007 2 3 0   -0.0533    0.4877    0.4906 
2007 2 4 0   -0.0057    0.4489    0.4490 
2007 2 5 0   -0.0473    0.3990    0.4018 
2007 2 6 0   -0.1109    0.3199    0.3386 
2007 2 7 0   -0.2144    0.2545    0.3327 
2007 2 8 0   -0.3562    0.1755    0.3970 
2007 2 9 0   -0.5223    0.0892    0.5298 
2007 2 10 0   -0.6753    0.0082    0.6754 
2007 2 11 0   -0.8360   -0.0820    0.8400 
2007 2 12 0   -0.9645   -0.2288    0.9913 
2007 2 13 0   -0.9867   -0.4146    1.0703 
2007 2 14 0   -0.9012   -0.6136    1.0903 
2007 2 15 0   -0.7375   -0.8215    1.1040 
2007 2 16 0   -0.5175   -1.0023    1.1280 
2007 2 17 0   -0.3094   -1.1703    1.2105 
2007 2 18 0   -0.1485   -1.2735    1.2821 
2007 2 19 0   -0.0525   -1.3446    1.3456 
2007 2 20 0    0.0311   -1.3558    1.3562 
2007 2 21 0    0.1206   -1.3006    1.3062 
2007 2 22 0    0.2243   -1.2008    1.2216 
2007 2 23 0    0.3379   -1.0667    1.1189 
2007 2 24 0    0.4605   -0.9118    1.0215 
2007 2 25 0    0.5729   -0.7467    0.9411 
2007 2 26 0    0.6901   -0.5746    0.8980 
2007 2 27 0    0.8247   -0.3854    0.9103 
2007 2 28 0    0.9222   -0.1987    0.9433 
2007 3 1 0    0.9713    0.0029    0.9713 
2007 3 2 0    0.9784    0.1852    0.9958 
2007 3 3 0    0.9223    0.3651    0.9919 
2007 3 4 0    0.8273    0.5011    0.9672 
2007 3 5 0    0.6611    0.5214    0.8420 
2007 3 6 0    0.4295    0.4663    0.6339 
2007 3 7 0    0.1960    0.3820    0.4293 
2007 3 8 0    0.0024    0.2272    0.2272 
2007 3 9 0   -0.1330    0.0954    0.1637 
2007 3 10 0   -0.1824    0.0336    0.1854 
2007 3 11 0   -0.1723   -0.0079    0.1725 
2007 3 12 0   -0.1341   -0.0689    0.1508 
2007 3 13 0   -0.0829   -0.1291    0.1534 
2007 3 14 0   -0.0671   -0.1952    0.2064 
2007 3 15 0   -0.0192   -0.2231    0.2239 
2007 3 16 0    0.0735   -0.2239    0.2357 
2007 3 17 0    0.1553   -0.1938    0.2484 
2007 3 18 0    0.2726   -0.0940    0.2884 
2007 3 19 0    0.3712    0.0042    0.3712 
2007 3 20 0    0.4290    0.0772    0.4359 
2007 3 21 0    0.4455    0.1372    0.4662 
2007 3 22 0    0.4696    0.2330    0.5243 
2007 3 23 0    0.4560    0.3332    0.5648 
2007 3 24 0    0.4279    0.4698    0.6355 
2007 3 25 0    0.3681    0.6092    0.7118 
2007 3 26 0    0.3397    0.7439    0.8178 
2007 3 27 0    0.3076    0.8153    0.8714 
2007 3 28 0    0.2257    0.8329    0.8629 
2007 3 29 0    0.1335    0.7976    0.8087 
2007 3 30 0    0.0402    0.7237    0.7248 
2007 3 31 0   -0.0833    0.6425    0.6479 
2007 4 1 0   -0.2360    0.5754    0.6219 
2007 4 2 0   -0.4055    0.4796    0.6280 
2007 4 3 0   -0.5247    0.3650    0.6392 
2007 4 4 0   -0.6147    0.2360    0.6584 
2007 4 5 0   -0.6694    0.0969    0.6764 
2007 4 6 0   -0.7086   -0.0437    0.7100 
2007 4 7 0   -0.6607   -0.1438    0.6762 
2007 4 8 0   -0.5853   -0.1889    0.6150 
2007 4 9 0   -0.4774   -0.1884    0.5132 
2007 4 10 0   -0.3591   -0.1476    0.3882 
2007 4 11 0   -0.2105   -0.0918    0.2296 
2007 4 12 0   -0.0924   -0.0119    0.0931 
2007 4 13 0   -0.0075    0.0604    0.0608 
2007 4 14 0    0.0465    0.1376    0.1452 
2007 4 15 0    0.0548    0.2041    0.2113 
2007 4 16 0    0.0078    0.2685    0.2686 
2007 4 17 0   -0.0563    0.2838    0.2893 
2007 4 18 0   -0.1254    0.2999    0.3251 
2007 4 19 0   -0.1822    0.2891    0.3417 
2007 4 20 0   -0.2083    0.2325    0.3122 
2007 4 21 0   -0.1821    0.1367    0.2277 
2007 4 22 0   -0.1412    0.0467    0.1487 
2007 4 23 0   -0.1403   -0.0573    0.1516 
2007 4 24 0   -0.1609   -0.1545    0.2231 
2007 4 25 0   -0.1636   -0.2260    0.2789 
2007 4 26 0   -0.1238   -0.2719    0.2987 
2007 4 27 0   -0.0498   -0.3013    0.3054 
2007 4 28 0    0.0797   -0.3026    0.3129 
2007 4 29 0    0.2488   -0.2279    0.3374 
2007 4 30 0    0.4232   -0.1132    0.4380 
2007 5 1 0  -99.0000  -99.0000  -99.0000 
2007 5 2 0  -99.0000  -99.0000  -99.0000 
2007 5 3 0  -99.0000  -99.0000  -99.0000 
2007 5 4 0  -99.0000  -99.0000  -99.0000 
2007 5 5 0  -99.0000  -99.0000  -99.0000 
2007 5 6 0  -99.0000  -99.0000  -99.0000 
2007 5 7 0  -99.0000  -99.0000  -99.0000 
2007 5 8 0  -99.0000  -99.0000  -99.0000 
2007 5 9 0  -99.0000  -99.0000  -99.0000 
2007 5 10 0  -99.0000  -99.0000  -99.0000 
2007 5 11 0  -99.0000  -99.0000  -99.0000 
2007 5 12 0  -99.0000  -99.0000  -99.0000 
2007 5 13 0  -99.0000  -99.0000  -99.0000 
2007 5 14 0  -99.0000  -99.0000  -99.0000 
2007 5 15 0  -99.0000  -99.0000  -99.0000 
2007 5 16 0  -99.0000  -99.0000  -99.0000 
2007 5 17 0  -99.0000  -99.0000  -99.0000 
2007 5 18 0  -99.0000  -99.0000  -99.0000 
2007 5 19 0  -99.0000  -99.0000  -99.0000 
2007 5 20 0  -99.0000  -99.0000  -99.0000 
2007 5 21 0  -99.0000  -99.0000  -99.0000 
2007 5 22 0  -99.0000  -99.0000  -99.0000 
2007 5 23 0  -99.0000  -99.0000  -99.0000 
2007 5 24 0  -99.0000  -99.0000  -99.0000 
2007 5 25 0  -99.0000  -99.0000  -99.0000 
2007 5 26 0  -99.0000  -99.0000  -99.0000 
2007 5 27 0  -99.0000  -99.0000  -99.0000 
2007 5 28 0  -99.0000  -99.0000  -99.0000 
2007 5 29 0  -99.0000  -99.0000  -99.0000 
2007 5 30 0  -99.0000  -99.0000  -99.0000 
2007 5 31 0  -99.0000  -99.0000  -99.0000 
2007 6 1 0  -99.0000  -99.0000  -99.0000 
2007 6 2 0  -99.0000  -99.0000  -99.0000 
2007 6 3 0  -99.0000  -99.0000  -99.0000 
2007 6 4 0  -99.0000  -99.0000  -99.0000 
2007 6 5 0  -99.0000  -99.0000  -99.0000 
2007 6 6 0  -99.0000  -99.0000  -99.0000 
2007 6 7 0  -99.0000  -99.0000  -99.0000 
2007 6 8 0  -99.0000  -99.0000  -99.0000 
2007 6 9 0  -99.0000  -99.0000  -99.0000 
2007 6 10 0  -99.0000  -99.0000  -99.0000 
2007 6 11 0  -99.0000  -99.0000  -99.0000 
2007 6 12 0  -99.0000  -99.0000  -99.0000 
2007 6 13 0  -99.0000  -99.0000  -99.0000 
2007 6 14 0  -99.0000  -99.0000  -99.0000 
2007 6 15 0  -99.0000  -99.0000  -99.0000 
2007 6 16 0  -99.0000  -99.0000  -99.0000 
2007 6 17 0  -99.0000  -99.0000  -99.0000 
2007 6 18 0  -99.0000  -99.0000  -99.0000 
2007 6 19 0  -99.0000  -99.0000  -99.0000 
2007 6 20 0  -99.0000  -99.0000  -99.0000 
2007 6 21 0  -99.0000  -99.0000  -99.0000 
2007 6 22 0  -99.0000  -99.0000  -99.0000 
2007 6 23 0  -99.0000  -99.0000  -99.0000 
2007 6 24 0  -99.0000  -99.0000  -99.0000 
2007 6 25 0  -99.0000  -99.0000  -99.0000 
2007 6 26 0  -99.0000  -99.0000  -99.0000 
2007 6 27 0  -99.0000  -99.0000  -99.0000 
2007 6 28 0  -99.0000  -99.0000  -99.0000 
2007 6 29 0  -99.0000  -99.0000  -99.0000 
2007 6 30 0  -99.0000  -99.0000  -99.0000 
2007 7 1 0  -99.0000  -99.0000  -99.0000 
2007 7 2 0  -99.0000  -99.0000  -99.0000 
2007 7 3 0  -99.0000  -99.0000  -99.0000 
2007 7 4 0  -99.0000  -99.0000  -99.0000 
2007 7 5 0  -99.0000  -99.0000  -99.0000 
2007 7 6 0  -99.0000  -99.0000  -99.0000 
2007 7 7 0  -99.0000  -99.0000  -99.0000 
2007 7 8 0  -99.0000  -99.0000  -99.0000 
2007 7 9 0  -99.0000  -99.0000  -99.0000 
2007 7 10 0  -99.0000  -99.0000  -99.0000 
2007 7 11 0  -99.0000  -99.0000  -99.0000 
2007 7 12 0  -99.0000  -99.0000  -99.0000 
2007 7 13 0  -99.0000  -99.0000  -99.0000 
2007 7 14 0  -99.0000  -99.0000  -99.0000 
2007 7 15 0  -99.0000  -99.0000  -99.0000 
2007 7 16 0  -99.0000  -99.0000  -99.0000 
2007 7 17 0  -99.0000  -99.0000  -99.0000 
2007 7 18 0  -99.0000  -99.0000  -99.0000 
2007 7 19 0  -99.0000  -99.0000  -99.0000 
2007 7 20 0  -99.0000  -99.0000  -99.0000 
2007 7 21 0  -99.0000  -99.0000  -99.0000 
2007 7 22 0  -99.0000  -99.0000  -99.0000 
2007 7 23 0  -99.0000  -99.0000  -99.0000 
2007 7 24 0  -99.0000  -99.0000  -99.0000 
2007 7 25 0  -99.0000  -99.0000  -99.0000 
2007 7 26 0  -99.0000  -99.0000  -99.0000 
2007 7 27 0  -99.0000  -99.0000  -99.0000 
2007 7 28 0  -99.0000  -99.0000  -99.0000 
2007 7 29 0  -99.0000  -99.0000  -99.0000 
2007 7 30 0  -99.0000  -99.0000  -99.0000 
2007 7 31 0  -99.0000  -99.0000  -99.0000 
2007 8 1 0  -99.0000  -99.0000  -99.0000 
2007 8 2 0  -99.0000  -99.0000  -99.0000 
2007 8 3 0  -99.0000  -99.0000  -99.0000 
2007 8 4 0  -99.0000  -99.0000  -99.0000 
2007 8 5 0  -99.0000  -99.0000  -99.0000 
2007 8 6 0  -99.0000  -99.0000  -99.0000 
2007 8 7 0  -99.0000  -99.0000  -99.0000 
2007 8 8 0  -99.0000  -99.0000  -99.0000 
2007 8 9 0  -99.0000  -99.0000  -99.0000 
2007 8 10 0  -99.0000  -99.0000  -99.0000 
2007 8 11 0  -99.0000  -99.0000  -99.0000 
2007 8 12 0  -99.0000  -99.0000  -99.0000 
2007 8 13 0  -99.0000  -99.0000  -99.0000 
2007 8 14 0  -99.0000  -99.0000  -99.0000 
2007 8 15 0  -99.0000  -99.0000  -99.0000 
2007 8 16 0  -99.0000  -99.0000  -99.0000 
2007 8 17 0  -99.0000  -99.0000  -99.0000 
2007 8 18 0  -99.0000  -99.0000  -99.0000 
2007 8 19 0  -99.0000  -99.0000  -99.0000 
2007 8 20 0  -99.0000  -99.0000  -99.0000 
2007 8 21 0  -99.0000  -99.0000  -99.0000 
2007 8 22 0  -99.0000  -99.0000  -99.0000 
2007 8 23 0  -99.0000  -99.0000  -99.0000 
2007 8 24 0  -99.0000  -99.0000  -99.0000 
2007 8 25 0  -99.0000  -99.0000  -99.0000 
2007 8 26 0  -99.0000  -99.0000  -99.0000 
2007 8 27 0  -99.0000  -99.0000  -99.0000 
2007 8 28 0  -99.0000  -99.0000  -99.0000 
2007 8 29 0  -99.0000  -99.0000  -99.0000 
2007 8 30 0  -99.0000  -99.0000  -99.0000 
2007 8 31 0  -99.0000  -99.0000  -99.0000 
2007 9 1 0  -99.0000  -99.0000  -99.0000 
2007 9 2 0  -99.0000  -99.0000  -99.0000 
2007 9 3 0  -99.0000  -99.0000  -99.0000 
2007 9 4 0  -99.0000  -99.0000  -99.0000 
2007 9 5 0  -99.0000  -99.0000  -99.0000 
2007 9 6 0  -99.0000  -99.0000  -99.0000 
2007 9 7 0  -99.0000  -99.0000  -99.0000 
2007 9 8 0  -99.0000  -99.0000  -99.0000 
2007 9 9 0  -99.0000  -99.0000  -99.0000 
2007 9 10 0  -99.0000  -99.0000  -99.0000 
2007 9 11 0  -99.0000  -99.0000  -99.0000 
2007 9 12 0  -99.0000  -99.0000  -99.0000 
2007 9 13 0  -99.0000  -99.0000  -99.0000 
2007 9 14 0  -99.0000  -99.0000  -99.0000 
2007 9 15 0  -99.0000  -99.0000  -99.0000 
2007 9 16 0  -99.0000  -99.0000  -99.0000 
2007 9 17 0  -99.0000  -99.0000  -99.0000 
2007 9 18 0  -99.0000  -99.0000  -99.0000 
2007 9 19 0  -99.0000  -99.0000  -99.0000 
2007 9 20 0  -99.0000  -99.0000  -99.0000 
2007 9 21 0  -99.0000  -99.0000  -99.0000 
2007 9 22 0  -99.0000  -99.0000  -99.0000 
2007 9 23 0  -99.0000  -99.0000  -99.0000 
2007 9 24 0  -99.0000  -99.0000  -99.0000 
2007 9 25 0  -99.0000  -99.0000  -99.0000 
2007 9 26 0  -99.0000  -99.0000  -99.0000 
2007 9 27 0  -99.0000  -99.0000  -99.0000 
2007 9 28 0  -99.0000  -99.0000  -99.0000 
2007 9 29 0  -99.0000  -99.0000  -99.0000 
2007 9 30 0  -99.0000  -99.0000  -99.0000 
2007 10 1 0  -99.0000  -99.0000  -99.0000 
2007 10 2 0  -99.0000  -99.0000  -99.0000 
2007 10 3 0  -99.0000  -99.0000  -99.0000 
2007 10 4 0  -99.0000  -99.0000  -99.0000 
2007 10 5 0  -99.0000  -99.0000  -99.0000 
2007 10 6 0  -99.0000  -99.0000  -99.0000 
2007 10 7 0  -99.0000  -99.0000  -99.0000 
2007 10 8 0  -99.0000  -99.0000  -99.0000 
2007 10 9 0  -99.0000  -99.0000  -99.0000 
2007 10 10 0  -99.0000  -99.0000  -99.0000 
2007 10 11 0  -99.0000  -99.0000  -99.0000 
2007 10 12 0  -99.0000  -99.0000  -99.0000 
2007 10 13 0  -99.0000  -99.0000  -99.0000 
2007 10 14 0  -99.0000  -99.0000  -99.0000 
2007 10 15 0  -99.0000  -99.0000  -99.0000 
2007 10 16 0  -99.0000  -99.0000  -99.0000 
2007 10 17 0  -99.0000  -99.0000  -99.0000 
2007 10 18 0  -99.0000  -99.0000  -99.0000 
2007 10 19 0  -99.0000  -99.0000  -99.0000 
2007 10 20 0  -99.0000  -99.0000  -99.0000 
2007 10 21 0  -99.0000  -99.0000  -99.0000 
2007 10 22 0  -99.0000  -99.0000  -99.0000 
2007 10 23 0  -99.0000  -99.0000  -99.0000 
2007 10 24 0  -99.0000  -99.0000  -99.0000 
2007 10 25 0  -99.0000  -99.0000  -99.0000 
2007 10 26 0  -99.0000  -99.0000  -99.0000 
2007 10 27 0  -99.0000  -99.0000  -99.0000 
2007 10 28 0  -99.0000  -99.0000  -99.0000 
2007 10 29 0  -99.0000  -99.0000  -99.0000 
2007 10 30 0  -99.0000  -99.0000  -99.0000 
2007 10 31 0  -99.0000  -99.0000  -99.0000 
2007 11 1 0    0.4192   -0.2594    0.4929 
2007 11 2 0    0.3550   -0.2149    0.4150 
2007 11 3 0    0.3003   -0.1474    0.3345 
2007 11 4 0    0.2484   -0.0720    0.2586 
2007 11 5 0    0.2011    0.0158    0.2018 
2007 11 6 0    0.1521    0.1348    0.2033 
2007 11 7 0    0.1475    0.2229    0.2673 
2007 11 8 0    0.1455    0.2890    0.3236 
2007 11 9 0    0.1417    0.3619    0.3886 
2007 11 10 0    0.1704    0.4177    0.4511 
2007 11 11 0    0.3058    0.4726    0.5629 
2007 11 12 0    0.4712    0.5214    0.7027 
2007 11 13 0    0.5785    0.6224    0.8497 
2007 11 14 0    0.6836    0.7163    0.9902 
2007 11 15 0    0.7772    0.8369    1.1421 
2007 11 16 0    0.7844    0.9252    1.2129 
2007 11 17 0    0.7449    0.9926    1.2410 
2007 11 18 0    0.6722    1.0156    1.2180 
2007 11 19 0    0.5173    1.0647    1.1838 
2007 11 20 0    0.3954    1.0943    1.1636 
2007 11 21 0    0.3278    1.1679    1.2130 
2007 11 22 0    0.2710    1.2466    1.2758 
2007 11 23 0    0.2008    1.3258    1.3409 
2007 11 24 0    0.1251    1.4016    1.4072 
2007 11 25 0   -0.0280    1.5101    1.5103 
2007 11 26 0   -0.2848    1.5891    1.6144 
2007 11 27 0   -0.6692    1.6553    1.7854 
2007 11 28 0   -1.0587    1.6434    1.9549 
2007 11 29 0   -1.4100    1.5041    2.0617 
2007 11 30 0   -1.7607    1.2690    2.1704 
2007 12 1 0   -2.0233    0.9775    2.2470 
2007 12 2 0   -2.0669    0.6209    2.1582 
2007 12 3 0   -2.0154    0.2551    2.0315 
2007 12 4 0   -1.8722   -0.0651    1.8733 
2007 12 5 0   -1.5894   -0.3763    1.6333 
2007 12 6 0   -1.2528   -0.6738    1.4224 
2007 12 7 0   -0.9837   -0.9068    1.3379 
2007 12 8 0   -0.7096   -1.0682    1.2824 
2007 12 9 0   -0.4588   -1.2142    1.2979 
2007 12 10 0   -0.2849   -1.3116    1.3422 
2007 12 11 0   -0.2059   -1.3651    1.3806 
2007 12 12 0   -0.1625   -1.4551    1.4642 
2007 12 13 0   -0.1509   -1.5357    1.5431 
2007 12 14 0   -0.1627   -1.5648    1.5733 
2007 12 15 0   -0.1621   -1.5888    1.5970 
2007 12 16 0   -0.1109   -1.5701    1.5740 
2007 12 17 0   -0.0133   -1.4415    1.4416 
2007 12 18 0    0.1042   -1.3268    1.3309 
2007 12 19 0    0.2737   -1.2060    1.2367 
2007 12 20 0    0.4480   -1.0456    1.1376 
2007 12 21 0    0.6384   -0.8834    1.0899 
2007 12 22 0    0.8444   -0.7499    1.1293 
2007 12 23 0    0.9959   -0.5965    1.1609 
2007 12 24 0    1.0843   -0.4250    1.1646 
2007 12 25 0    1.1592   -0.2544    1.1868 
2007 12 26 0    1.1870   -0.0821    1.1899 
2007 12 27 0    1.1791    0.0858    1.1822 
2007 12 28 0    1.1684    0.2633    1.1977 
2007 12 29 0    1.1360    0.4170    1.2101 
2007 12 30 0    1.0846    0.5309    1.2076 
2007 12 31 0    1.0560    0.6348    1.2321 
2008 1 1 0    1.0013    0.7742    1.2658 
2008 1 2 0    0.9613    0.9628    1.3605 
2008 1 3 0    0.8749    1.1717    1.4623 
2008 1 4 0    0.6870    1.3990    1.5586 
2008 1 5 0    0.4287    1.5973    1.6538 
2008 1 6 0    0.1621    1.7246    1.7322 
2008 1 7 0   -0.1301    1.7375    1.7423 
2008 1 8 0   -0.4153    1.6939    1.7441 
2008 1 9 0   -0.6333    1.6051    1.7255 
2008 1 10 0   -0.7685    1.5243    1.7071 
2008 1 11 0   -0.8438    1.4527    1.6800 
2008 1 12 0   -0.8838    1.4240    1.6760 
2008 1 13 0   -0.8678    1.4275    1.6706 
2008 1 14 0   -0.8295    1.4500    1.6705 
2008 1 15 0   -0.7914    1.4483    1.6504 
2008 1 16 0   -0.7778    1.4178    1.6172 
2008 1 17 0   -0.7638    1.4012    1.5959 
2008 1 18 0   -0.8059    1.3308    1.5558 
2008 1 19 0   -0.8440    1.1682    1.4412 
2008 1 20 0   -0.8947    0.8958    1.2661 
2008 1 21 0   -0.9748    0.6162    1.1532 
2008 1 22 0   -1.0182    0.2524    1.0490 
2008 1 23 0   -0.9683   -0.1370    0.9780 
2008 1 24 0   -0.8890   -0.4765    1.0087 
2008 1 25 0   -0.7863   -0.6896    1.0459 
2008 1 26 0   -0.6212   -0.8630    1.0633 
2008 1 27 0   -0.4402   -1.0037    1.0960 
2008 1 28 0   -0.2860   -1.1036    1.1400 
2008 1 29 0   -0.1366   -1.1623    1.1703 
2008 1 30 0    0.0276   -1.1977    1.1980 
2008 1 31 0    0.2334   -1.2001    1.2226 
2008 2 1 0    0.3878   -1.1150    1.1806 
2008 2 2 0    0.5121   -1.0159    1.1377 
2008 2 3 0    0.6372   -0.8928    1.0968 
2008 2 4 0    0.7435   -0.7926    1.0868 
2008 2 5 0    0.8407   -0.7160    1.1042 
2008 2 6 0    0.9896   -0.6651    1.1923 
2008 2 7 0    1.1847   -0.5733    1.3162 
2008 2 8 0    1.3376   -0.4978    1.4272 
2008 2 9 0    1.4010   -0.4186    1.4622 
2008 2 10 0    1.3328   -0.3016    1.3665 
2008 2 11 0    1.1946   -0.1834    1.2086 
2008 2 12 0    0.9732   -0.0440    0.9742 
2008 2 13 0    0.7436    0.1318    0.7552 
2008 2 14 0    0.5039    0.3051    0.5891 
2008 2 15 0    0.2839    0.4234    0.5098 
2008 2 16 0    0.0964    0.4794    0.4890 
2008 2 17 0   -0.0192    0.4379    0.4383 
2008 2 18 0   -0.0914    0.3155    0.3285 
2008 2 19 0   -0.0818    0.1986    0.2148 
2008 2 20 0   -0.0249    0.0769    0.0809 
2008 2 21 0    0.0463   -0.0004    0.0463 
2008 2 22 0    0.1163   -0.0525    0.1276 
2008 2 23 0    0.1682   -0.1342    0.2152 
2008 2 24 0    0.1625   -0.2745    0.3190 
2008 2 25 0    0.1657   -0.3797    0.4143 
2008 2 26 0    0.1839   -0.4256    0.4636 
2008 2 27 0    0.1881   -0.4510    0.4886 
2008 2 28 0    0.1509   -0.4297    0.4555 
2008 2 29 0    0.0947   -0.4049    0.4158 
2008 3 1 0   -0.0342   -0.4261    0.4275 
2008 3 2 0   -0.1907   -0.5109    0.5453 
2008 3 3 0   -0.3435   -0.6065    0.6970 
2008 3 4 0   -0.4714   -0.7098    0.8521 
2008 3 5 0   -0.5392   -0.7672    0.9377 
2008 3 6 0   -0.5664   -0.8060    0.9852 
2008 3 7 0   -0.6423   -0.8612    1.0743 
2008 3 8 0   -0.7237   -0.9615    1.2034 
2008 3 9 0   -0.7366   -1.0655    1.2953 
2008 3 10 0   -0.7303   -1.2189    1.4209 
2008 3 11 0   -0.6885   -1.3487    1.5142 
2008 3 12 0   -0.5913   -1.4469    1.5631 
2008 3 13 0   -0.4651   -1.5050    1.5752 
2008 3 14 0   -0.3111   -1.5178    1.5494 
2008 3 15 0   -0.1098   -1.5193    1.5232 
2008 3 16 0    0.0872   -1.5480    1.5505 
2008 3 17 0    0.3066   -1.5632    1.5930 
2008 3 18 0    0.5126   -1.5241    1.6080 
2008 3 19 0    0.7053   -1.4366    1.6004 
2008 3 20 0    0.8662   -1.2464    1.5178 
2008 3 21 0    0.9584   -0.9835    1.3732 
2008 3 22 0    1.0382   -0.7234    1.2653 
2008 3 23 0    1.0817   -0.4714    1.1800 
2008 3 24 0    1.0358   -0.2616    1.0683 
2008 3 25 0    0.8821   -0.0775    0.8855 
2008 3 26 0    0.7149    0.0512    0.7167 
2008 3 27 0    0.5286    0.1660    0.5540 
2008 3 28 0    0.3648    0.2320    0.4324 
2008 3 29 0    0.1859    0.2968    0.3502 
2008 3 30 0    0.0273    0.3418    0.3429 
2008 3 31 0   -0.1296    0.4018    0.4222 
2008 4 1 0   -0.2752    0.4641    0.5396 
2008 4 2 0   -0.4541    0.4813    0.6618 
2008 4 3 0   -0.6287    0.4370    0.7657 
2008 4 4 0   -0.7504    0.3433    0.8252 
2008 4 5 0   -0.7881    0.2039    0.8140 
2008 4 6 0   -0.8009    0.0526    0.8026 
2008 4 7 0   -0.7788   -0.0503    0.7805 
2008 4 8 0   -0.6810   -0.1480    0.6969 
2008 4 9 0   -0.5865   -0.2299    0.6299 
2008 4 10 0   -0.4870   -0.2822    0.5628 
2008 4 11 0   -0.3606   -0.3447    0.4988 
2008 4 12 0   -0.2119   -0.4469    0.4946 
2008 4 13 0   -0.0799   -0.4790    0.4856 
2008 4 14 0    0.0554   -0.4702    0.4734 
2008 4 15 0    0.1477   -0.4862    0.5081 
2008 4 16 0    0.1729   -0.5155    0.5437 
2008 4 17 0    0.1803   -0.4706    0.5039 
2008 4 18 0    0.2030   -0.3928    0.4422 
2008 4 19 0    0.2321   -0.3368    0.4090 
2008 4 20 0    0.2674   -0.2718    0.3813 
2008 4 21 0    0.3174   -0.1754    0.3626 
2008 4 22 0    0.3663   -0.0826    0.3755 
2008 4 23 0    0.3474    0.0175    0.3478 
2008 4 24 0    0.3136    0.1585    0.3514 
2008 4 25 0    0.3080    0.2963    0.4274 
2008 4 26 0    0.2753    0.3615    0.4544 
2008 4 27 0    0.1923    0.4214    0.4632 
2008 4 28 0    0.1506    0.4059    0.4329 
2008 4 29 0    0.1760    0.3482    0.3901 
2008 4 30 0    0.2181    0.3299    0.3955 
2008 5 1 0  -99.0000  -99.0000  -99.0000 
2008 5 2 0  -99.0000  -99.0000  -99.0000 
2008 5 3 0  -99.0000  -99.0000  -99.0000 
2008 5 4 0  -99.0000  -99.0000  -99.0000 
2008 5 5 0  -99.0000  -99.0000  -99.0000 
2008 5 6 0  -99.0000  -99.0000  -99.0000 
2008 5 7 0  -99.0000  -99.0000  -99.0000 
2008 5 8 0  -99.0000  -99.0000  -99.0000 
2008 5 9 0  -99.0000  -99.0000  -99.0000 
2008 5 10 0  -99.0000  -99.0000  -99.0000 
2008 5 11 0  -99.0000  -99.0000  -99.0000 
2008 5 12 0  -99.0000  -99.0000  -99.0000 
2008 5 13 0  -99.0000  -99.0000  -99.0000 
2008 5 14 0  -99.0000  -99.0000  -99.0000 
2008 5 15 0  -99.0000  -99.0000  -99.0000 
2008 5 16 0  -99.0000  -99.0000  -99.0000 
2008 5 17 0  -99.0000  -99.0000  -99.0000 
2008 5 18 0  -99.0000  -99.0000  -99.0000 
2008 5 19 0  -99.0000  -99.0000  -99.0000 
2008 5 20 0  -99.0000  -99.0000  -99.0000 
2008 5 21 0  -99.0000  -99.0000  -99.0000 
2008 5 22 0  -99.0000  -99.0000  -99.0000 
2008 5 23 0  -99.0000  -99.0000  -99.0000 
2008 5 24 0  -99.0000  -99.0000  -99.0000 
2008 5 25 0  -99.0000  -99.0000  -99.0000 
2008 5 26 0  -99.0000  -99.0000  -99.0000 
2008 5 27 0  -99.0000  -99.0000  -99.0000 
2008 5 28 0  -99.0000  -99.0000  -99.0000 
2008 5 29 0  -99.0000  -99.0000  -99.0000 
2008 5 30 0  -99.0000  -99.0000  -99.0000 
2008 5 31 0  -99.0000  -99.0000  -99.0000 
2008 6 1 0  -99.0000  -99.0000  -99.0000 
2008 6 2 0  -99.0000  -99.0000  -99.0000 
2008 6 3 0  -99.0000  -99.0000  -99.0000 
2008 6 4 0  -99.0000  -99.0000  -99.0000 
2008 6 5 0  -99.0000  -99.0000  -99.0000 
2008 6 6 0  -99.0000  -99.0000  -99.0000 
2008 6 7 0  -99.0000  -99.0000  -99.0000 
2008 6 8 0  -99.0000  -99.0000  -99.0000 
2008 6 9 0  -99.0000  -99.0000  -99.0000 
2008 6 10 0  -99.0000  -99.0000  -99.0000 
2008 6 11 0  -99.0000  -99.0000  -99.0000 
2008 6 12 0  -99.0000  -99.0000  -99.0000 
2008 6 13 0  -99.0000  -99.0000  -99.0000 
2008 6 14 0  -99.0000  -99.0000  -99.0000 
2008 6 15 0  -99.0000  -99.0000  -99.0000 
2008 6 16 0  -99.0000  -99.0000  -99.0000 
2008 6 17 0  -99.0000  -99.0000  -99.0000 
2008 6 18 0  -99.0000  -99.0000  -99.0000 
2008 6 19 0  -99.0000  -99.0000  -99.0000 
2008 6 20 0  -99.0000  -99.0000  -99.0000 
2008 6 21 0  -99.0000  -99.0000  -99.0000 
2008 6 22 0  -99.0000  -99.0000  -99.0000 
2008 6 23 0  -99.0000  -99.0000  -99.0000 
2008 6 24 0  -99.0000  -99.0000  -99.0000 
2008 6 25 0  -99.0000  -99.0000  -99.0000 
2008 6 26 0  -99.0000  -99.0000  -99.0000 
2008 6 27 0  -99.0000  -99.0000  -99.0000 
2008 6 28 0  -99.0000  -99.0000  -99.0000 
2008 6 29 0  -99.0000  -99.0000  -99.0000 
2008 6 30 0  -99.0000  -99.0000  -99.0000 
2008 7 1 0  -99.0000  -99.0000  -99.0000 
2008 7 2 0  -99.0000  -99.0000  -99.0000 
2008 7 3 0  -99.0000  -99.0000  -99.0000 
2008 7 4 0  -99.0000  -99.0000  -99.0000 
2008 7 5 0  -99.0000  -99.0000  -99.0000 
2008 7 6 0  -99.0000  -99.0000  -99.0000 
2008 7 7 0  -99.0000  -99.0000  -99.0000 
2008 7 8 0  -99.0000  -99.0000  -99.0000 
2008 7 9 0  -99.0000  -99.0000  -99.0000 
2008 7 10 0  -99.0000  -99.0000  -99.0000 
2008 7 11 0  -99.0000  -99.0000  -99.0000 
2008 7 12 0  -99.0000  -99.0000  -99.0000 
2008 7 13 0  -99.0000  -99.0000  -99.0000 
2008 7 14 0  -99.0000  -99.0000  -99.0000 
2008 7 15 0  -99.0000  -99.0000  -99.0000 
2008 7 16 0  -99.0000  -99.0000  -99.0000 
2008 7 17 0  -99.0000  -99.0000  -99.0000 
2008 7 18 0  -99.0000  -99.0000  -99.0000 
2008 7 19 0  -99.0000  -99.0000  -99.0000 
2008 7 20 0  -99.0000  -99.0000  -99.0000 
2008 7 21 0  -99.0000  -99.0000  -99.0000 
2008 7 22 0  -99.0000  -99.0000  -99.0000 
2008 7 23 0  -99.0000  -99.0000  -99.0000 
2008 7 24 0  -99.0000  -99.0000  -99.0000 
2008 7 25 0  -99.0000  -99.0000  -99.0000 
2008 7 26 0  -99.0000  -99.0000  -99.0000 
2008 7 27 0  -99.0000  -99.0000  -99.0000 
2008 7 28 0  -99.0000  -99.0000  -99.0000 
2008 7 29 0  -99.0000  -99.0000  -99.0000 
2008 7 30 0  -99.0000  -99.0000  -99.0000 
2008 7 31 0  -99.0000  -99.0000  -99.0000 
2008 8 1 0  -99.0000  -99.0000  -99.0000 
2008 8 2 0  -99.0000  -99.0000  -99.0000 
2008 8 3 0  -99.0000  -99.0000  -99.0000 
2008 8 4 0  -99.0000  -99.0000  -99.0000 
2008 8 5 0  -99.0000  -99.0000  -99.0000 
2008 8 6 0  -99.0000  -99.0000  -99.0000 
2008 8 7 0  -99.0000  -99.0000  -99.0000 
2008 8 8 0  -99.0000  -99.0000  -99.0000 
2008 8 9 0  -99.0000  -99.0000  -99.0000 
2008 8 10 0  -99.0000  -99.0000  -99.0000 
2008 8 11 0  -99.0000  -99.0000  -99.0000 
2008 8 12 0  -99.0000  -99.0000  -99.0000 
2008 8 13 0  -99.0000  -99.0000  -99.0000 
2008 8 14 0  -99.0000  -99.0000  -99.0000 
2008 8 15 0  -99.0000  -99.0000  -99.0000 
2008 8 16 0  -99.0000  -99.0000  -99.0000 
2008 8 17 0  -99.0000  -99.0000  -99.0000 
2008 8 18 0  -99.0000  -99.0000  -99.0000 
2008 8 19 0  -99.0000  -99.0000  -99.0000 
2008 8 20 0  -99.0000  -99.0000  -99.0000 
2008 8 21 0  -99.0000  -99.0000  -99.0000 
2008 8 22 0  -99.0000  -99.0000  -99.0000 
2008 8 23 0  -99.0000  -99.0000  -99.0000 
2008 8 24 0  -99.0000  -99.0000  -99.0000 
2008 8 25 0  -99.0000  -99.0000  -99.0000 
2008 8 26 0  -99.0000  -99.0000  -99.0000 
2008 8 27 0  -99.0000  -99.0000  -99.0000 
2008 8 28 0  -99.0000  -99.0000  -99.0000 
2008 8 29 0  -99.0000  -99.0000  -99.0000 
2008 8 30 0  -99.0000  -99.0000  -99.0000 
2008 8 31 0  -99.0000  -99.0000  -99.0000 
2008 9 1 0  -99.0000  -99.0000  -99.0000 
2008 9 2 0  -99.0000  -99.0000  -99.0000 
2008 9 3 0  -99.0000  -99.0000  -99.0000 
2008 9 4 0  -99.0000  -99.0000  -99.0000 
2008 9 5 0  -99.0000  -99.0000  -99.0000 
2008 9 6 0  -99.0000  -99.0000  -99.0000 
2008 9 7 0  -99.0000  -99.0000  -99.0000 
2008 9 8 0  -99.0000  -99.0000  -99.0000 
2008 9 9 0  -99.0000  -99.0000  -99.0000 
2008 9 10 0  -99.0000  -99.0000  -99.0000 
2008 9 11 0  -99.0000  -99.0000  -99.0000 
2008 9 12 0  -99.0000  -99.0000  -99.0000 
2008 9 13 0  -99.0000  -99.0000  -99.0000 
2008 9 14 0  -99.0000  -99.0000  -99.0000 
2008 9 15 0  -99.0000  -99.0000  -99.0000 
2008 9 16 0  -99.0000  -99.0000  -99.0000 
2008 9 17 0  -99.0000  -99.0000  -99.0000 
2008 9 18 0  -99.0000  -99.0000  -99.0000 
2008 9 19 0  -99.0000  -99.0000  -99.0000 
2008 9 20 0  -99.0000  -99.0000  -99.0000 
2008 9 21 0  -99.0000  -99.0000  -99.0000 
2008 9 22 0  -99.0000  -99.0000  -99.0000 
2008 9 23 0  -99.0000  -99.0000  -99.0000 
2008 9 24 0  -99.0000  -99.0000  -99.0000 
2008 9 25 0  -99.0000  -99.0000  -99.0000 
2008 9 26 0  -99.0000  -99.0000  -99.0000 
2008 9 27 0  -99.0000  -99.0000  -99.0000 
2008 9 28 0  -99.0000  -99.0000  -99.0000 
2008 9 29 0  -99.0000  -99.0000  -99.0000 
2008 9 30 0  -99.0000  -99.0000  -99.0000 
2008 10 1 0  -99.0000  -99.0000  -99.0000 
2008 10 2 0  -99.0000  -99.0000  -99.0000 
2008 10 3 0  -99.0000  -99.0000  -99.0000 
2008 10 4 0  -99.0000  -99.0000  -99.0000 
2008 10 5 0  -99.0000  -99.0000  -99.0000 
2008 10 6 0  -99.0000  -99.0000  -99.0000 
2008 10 7 0  -99.0000  -99.0000  -99.0000 
2008 10 8 0  -99.0000  -99.0000  -99.0000 
2008 10 9 0  -99.0000  -99.0000  -99.0000 
2008 10 10 0  -99.0000  -99.0000  -99.0000 
2008 10 11 0  -99.0000  -99.0000  -99.0000 
2008 10 12 0  -99.0000  -99.0000  -99.0000 
2008 10 13 0  -99.0000  -99.0000  -99.0000 
2008 10 14 0  -99.0000  -99.0000  -99.0000 
2008 10 15 0  -99.0000  -99.0000  -99.0000 
2008 10 16 0  -99.0000  -99.0000  -99.0000 
2008 10 17 0  -99.0000  -99.0000  -99.0000 
2008 10 18 0  -99.0000  -99.0000  -99.0000 
2008 10 19 0  -99.0000  -99.0000  -99.0000 
2008 10 20 0  -99.0000  -99.0000  -99.0000 
2008 10 21 0  -99.0000  -99.0000  -99.0000 
2008 10 22 0  -99.0000  -99.0000  -99.0000 
2008 10 23 0  -99.0000  -99.0000  -99.0000 
2008 10 24 0  -99.0000  -99.0000  -99.0000 
2008 10 25 0  -99.0000  -99.0000  -99.0000 
2008 10 26 0  -99.0000  -99.0000  -99.0000 
2008 10 27 0  -99.0000  -99.0000  -99.0000 
2008 10 28 0  -99.0000  -99.0000  -99.0000 
2008 10 29 0  -99.0000  -99.0000  -99.0000 
2008 10 30 0  -99.0000  -99.0000  -99.0000 
2008 10 31 0  -99.0000  -99.0000  -99.0000 
2008 11 1 0    0.0641    0.3033    0.3100 
2008 11 2 0   -0.0743    0.3052    0.3141 
2008 11 3 0   -0.1366    0.2200    0.2589 
2008 11 4 0   -0.1347    0.0995    0.1675 
2008 11 5 0   -0.0695    0.0055    0.0697 
2008 11 6 0    0.0705   -0.0975    0.1203 
2008 11 7 0    0.2192   -0.1845    0.2865 
2008 11 8 0    0.3454   -0.2292    0.4146 
2008 11 9 0    0.4544   -0.2269    0.5079 
2008 11 10 0    0.5070   -0.2543    0.5672 
2008 11 11 0    0.5097   -0.3208    0.6022 
2008 11 12 0    0.5050   -0.3834    0.6340 
2008 11 13 0    0.4889   -0.4464    0.6620 
2008 11 14 0    0.5088   -0.4974    0.7116 
2008 11 15 0    0.5476   -0.5234    0.7575 
2008 11 16 0    0.5802   -0.4870    0.7575 
2008 11 17 0    0.6239   -0.4099    0.7465 
2008 11 18 0    0.6740   -0.3231    0.7474 
2008 11 19 0    0.7212   -0.2368    0.7591 
2008 11 20 0    0.8018   -0.1237    0.8113 
2008 11 21 0    0.8767   -0.0294    0.8772 
2008 11 22 0    0.8814    0.0409    0.8823 
2008 11 23 0    0.8453    0.1812    0.8645 
2008 11 24 0    0.7751    0.3340    0.8440 
2008 11 25 0    0.6069    0.4388    0.7489 
2008 11 26 0    0.4202    0.5292    0.6757 
2008 11 27 0    0.2229    0.5939    0.6344 
2008 11 28 0    0.0418    0.5938    0.5953 
2008 11 29 0   -0.0989    0.5621    0.5707 
2008 11 30 0   -0.1445    0.5390    0.5580 
2008 12 1 0   -0.1559    0.4734    0.4984 
2008 12 2 0   -0.1063    0.3989    0.4128 
2008 12 3 0   -0.0493    0.3323    0.3359 
2008 12 4 0   -0.0357    0.2522    0.2547 
2008 12 5 0   -0.0793    0.1640    0.1822 
2008 12 6 0   -0.1438    0.0935    0.1716 
2008 12 7 0   -0.1949    0.0882    0.2139 
2008 12 8 0   -0.1845    0.1048    0.2122 
2008 12 9 0   -0.1182    0.1324    0.1775 
2008 12 10 0   -0.0622    0.1698    0.1808 
2008 12 11 0   -0.0218    0.2750    0.2758 
2008 12 12 0   -0.0453    0.3415    0.3445 
2008 12 13 0   -0.1379    0.3508    0.3769 
2008 12 14 0   -0.2855    0.3728    0.4696 
2008 12 15 0   -0.4279    0.4341    0.6096 
2008 12 16 0   -0.5366    0.4543    0.7031 
2008 12 17 0   -0.6071    0.4326    0.7454 
2008 12 18 0   -0.5835    0.4115    0.7140 
2008 12 19 0   -0.5184    0.3590    0.6306 
2008 12 20 0   -0.4266    0.2476    0.4933 
2008 12 21 0   -0.3146    0.0878    0.3266 
2008 12 22 0   -0.1347   -0.0375    0.1398 
2008 12 23 0    0.0467   -0.1356    0.1434 
2008 12 24 0    0.2510   -0.1623    0.2989 
2008 12 25 0    0.4588   -0.1089    0.4716 
2008 12 26 0    0.6347   -0.0336    0.6356 
2008 12 27 0    0.7318    0.0753    0.7357 
2008 12 28 0    0.7171    0.2442    0.7575 
2008 12 29 0    0.6654    0.3491    0.7514 
2008 12 30 0    0.5950    0.3930    0.7131 
2008 12 31 0    0.4958    0.4555    0.6732 
2009 1 1 0    0.3522    0.5162    0.6249 
2009 1 2 0    0.2194    0.5334    0.5768 
2009 1 3 0    0.0895    0.5487    0.5560 
2009 1 4 0   -0.0245    0.5404    0.5410 
2009 1 5 0   -0.1214    0.5451    0.5584 
2009 1 6 0   -0.1658    0.5357    0.5608 
2009 1 7 0   -0.1660    0.5526    0.5770 
2009 1 8 0   -0.1566    0.6108    0.6306 
2009 1 9 0   -0.1470    0.7195    0.7343 
2009 1 10 0   -0.1424    0.8796    0.8910 
2009 1 11 0   -0.1679    1.1105    1.1231 
2009 1 12 0   -0.2125    1.3148    1.3319 
2009 1 13 0   -0.3140    1.4126    1.4471 
2009 1 14 0   -0.5410    1.4105    1.5107 
2009 1 15 0   -0.8051    1.2833    1.5150 
2009 1 16 0   -1.0346    1.0467    1.4717 
2009 1 17 0   -1.2500    0.7469    1.4561 
2009 1 18 0   -1.3474    0.4479    1.4199 
2009 1 19 0   -1.3094    0.1533    1.3183 
2009 1 20 0   -1.1818   -0.1348    1.1895 
2009 1 21 0   -1.0326   -0.3927    1.1048 
2009 1 22 0   -0.8718   -0.6014    1.0591 
2009 1 23 0   -0.7274   -0.7551    1.0485 
2009 1 24 0   -0.5619   -0.8193    0.9935 
2009 1 25 0   -0.4060   -0.8537    0.9454 
2009 1 26 0   -0.2362   -0.8691    0.9006 
2009 1 27 0   -0.0651   -0.8357    0.8383 
2009 1 28 0    0.0527   -0.7380    0.7399 
2009 1 29 0    0.1891   -0.6035    0.6324 
2009 1 30 0    0.3507   -0.3943    0.5277 
2009 1 31 0    0.4972   -0.2100    0.5397 
2009 2 1 0    0.6786   -0.0114    0.6787 
2009 2 2 0    0.9235    0.1822    0.9413 
2009 2 3 0    1.1470    0.3525    1.2000 
2009 2 4 0    1.2946    0.4321    1.3648 
2009 2 5 0    1.3530    0.5269    1.4519 
2009 2 6 0    1.2961    0.5706    1.4162 
2009 2 7 0    1.1227    0.6133    1.2793 
2009 2 8 0    0.9114    0.6105    1.0969 
2009 2 9 0    0.6984    0.6314    0.9415 
2009 2 10 0    0.5695    0.6147    0.8379 
2009 2 11 0    0.4267    0.5556    0.7006 
2009 2 12 0    0.2586    0.4378    0.5085 
2009 2 13 0    0.0778    0.3199    0.3292 
2009 2 14 0   -0.0570    0.2450    0.2516 
2009 2 15 0   -0.1626    0.2032    0.2603 
2009 2 16 0   -0.1959    0.1808    0.2666 
2009 2 17 0   -0.2058    0.1744    0.2697 
2009 2 18 0   -0.1774    0.1883    0.2587 
2009 2 19 0   -0.1224    0.1434    0.1885 
2009 2 20 0   -0.1044    0.0232    0.1069 
2009 2 21 0   -0.0670   -0.0875    0.1102 
2009 2 22 0    0.0494   -0.2220    0.2274 
2009 2 23 0    0.1554   -0.3718    0.4030 
2009 2 24 0    0.2508   -0.4860    0.5469 
2009 2 25 0    0.3715   -0.4796    0.6067 
2009 2 26 0    0.4637   -0.4495    0.6458 
2009 2 27 0    0.5264   -0.3530    0.6338 
2009 2 28 0    0.6086   -0.2199    0.6471 
2009 3 1 0    0.6358   -0.0631    0.6389 
2009 3 2 0    0.6158    0.0535    0.6181 
2009 3 3 0    0.5735    0.1373    0.5897 
2009 3 4 0    0.5388    0.1689    0.5647 
2009 3 5 0    0.4435    0.1472    0.4672 
2009 3 6 0    0.3435    0.1132    0.3617 
2009 3 7 0    0.2233    0.0528    0.2295 
2009 3 8 0    0.0712    0.0011    0.0712 
2009 3 9 0   -0.1483   -0.0282    0.1510 
2009 3 10 0   -0.3609   -0.0274    0.3619 
2009 3 11 0   -0.5453   -0.0112    0.5454 
2009 3 12 0   -0.6431    0.0157    0.6433 
2009 3 13 0   -0.6194    0.0727    0.6237 
2009 3 14 0   -0.5235    0.1345    0.5405 
2009 3 15 0   -0.3629    0.2300    0.4297 
2009 3 16 0   -0.1725    0.2979    0.3442 
2009 3 17 0    0.0120    0.3574    0.3576 
2009 3 18 0    0.1284    0.4137    0.4332 
2009 3 19 0    0.2480    0.4908    0.5499 
2009 3 20 0    0.3007    0.5319    0.6110 
2009 3 21 0    0.2464    0.5680    0.6191 
2009 3 22 0    0.1053    0.6193    0.6282 
2009 3 23 0   -0.0946    0.6310    0.6380 
2009 3 24 0   -0.3813    0.5595    0.6771 
2009 3 25 0   -0.7162    0.4874    0.8663 
2009 3 26 0   -0.9938    0.3864    1.0663 
2009 3 27 0   -1.2569    0.2410    1.2798 
2009 3 28 0   -1.4589    0.1004    1.4623 
2009 3 29 0   -1.6201    0.0069    1.6201 
2009 3 30 0   -1.7104   -0.1412    1.7162 
2009 3 31 0   -1.7509   -0.3367    1.7830 
2009 4 1 0   -1.6760   -0.4933    1.7471 
2009 4 2 0   -1.5153   -0.6515    1.6495 
2009 4 3 0   -1.3082   -0.8082    1.5377 
2009 4 4 0   -1.0702   -0.9384    1.4234 
2009 4 5 0   -0.8589   -1.0414    1.3499 
2009 4 6 0   -0.6864   -1.1525    1.3414 
2009 4 7 0   -0.5797   -1.2577    1.3848 
2009 4 8 0   -0.4917   -1.3603    1.4464 
2009 4 9 0   -0.3734   -1.4498    1.4971 
2009 4 10 0   -0.1640   -1.4884    1.4975 
2009 4 11 0    0.0566   -1.5278    1.5288 
2009 4 12 0    0.3346   -1.5073    1.5440 
2009 4 13 0    0.6452   -1.4097    1.5503 
2009 4 14 0    0.9000   -1.1841    1.4873 
2009 4 15 0    1.0469   -0.8847    1.3707 
2009 4 16 0    1.1426   -0.5083    1.2506 
2009 4 17 0    1.1392   -0.1339    1.1470 
2009 4 18 0    1.1062    0.1710    1.1193 
2009 4 19 0    1.0690    0.3648    1.1295 
2009 4 20 0    1.0463    0.5209    1.1688 
2009 4 21 0    1.0267    0.6556    1.2181 
2009 4 22 0    0.9869    0.7676    1.2502 
2009 4 23 0    0.8939    0.8995    1.2681 
2009 4 24 0    0.7408    1.0148    1.2564 
2009 4 25 0    0.4594    1.0984    1.1906 
2009 4 26 0    0.1116    1.1117    1.1173 
2009 4 27 0   -0.2025    1.0978    1.1164 
2009 4 28 0   -0.4747    1.0618    1.1631 
2009 4 29 0   -0.6831    1.0226    1.2298 
2009 4 30 0   -0.7469    0.9237    1.1879 
2009 5 1 0  -99.0000  -99.0000  -99.0000 
2009 5 2 0  -99.0000  -99.0000  -99.0000 
2009 5 3 0  -99.0000  -99.0000  -99.0000 
2009 5 4 0  -99.0000  -99.0000  -99.0000 
2009 5 5 0  -99.0000  -99.0000  -99.0000 
2009 5 6 0  -99.0000  -99.0000  -99.0000 
2009 5 7 0  -99.0000  -99.0000  -99.0000 
2009 5 8 0  -99.0000  -99.0000  -99.0000 
2009 5 9 0  -99.0000  -99.0000  -99.0000 
2009 5 10 0  -99.0000  -99.0000  -99.0000 
2009 5 11 0  -99.0000  -99.0000  -99.0000 
2009 5 12 0  -99.0000  -99.0000  -99.0000 
2009 5 13 0  -99.0000  -99.0000  -99.0000 
2009 5 14 0  -99.0000  -99.0000  -99.0000 
2009 5 15 0  -99.0000  -99.0000  -99.0000 
2009 5 16 0  -99.0000  -99.0000  -99.0000 
2009 5 17 0  -99.0000  -99.0000  -99.0000 
2009 5 18 0  -99.0000  -99.0000  -99.0000 
2009 5 19 0  -99.0000  -99.0000  -99.0000 
2009 5 20 0  -99.0000  -99.0000  -99.0000 
2009 5 21 0  -99.0000  -99.0000  -99.0000 
2009 5 22 0  -99.0000  -99.0000  -99.0000 
2009 5 23 0  -99.0000  -99.0000  -99.0000 
2009 5 24 0  -99.0000  -99.0000  -99.0000 
2009 5 25 0  -99.0000  -99.0000  -99.0000 
2009 5 26 0  -99.0000  -99.0000  -99.0000 
2009 5 27 0  -99.0000  -99.0000  -99.0000 
2009 5 28 0  -99.0000  -99.0000  -99.0000 
2009 5 29 0  -99.0000  -99.0000  -99.0000 
2009 5 30 0  -99.0000  -99.0000  -99.0000 
2009 5 31 0  -99.0000  -99.0000  -99.0000 
2009 6 1 0  -99.0000  -99.0000  -99.0000 
2009 6 2 0  -99.0000  -99.0000  -99.0000 
2009 6 3 0  -99.0000  -99.0000  -99.0000 
2009 6 4 0  -99.0000  -99.0000  -99.0000 
2009 6 5 0  -99.0000  -99.0000  -99.0000 
2009 6 6 0  -99.0000  -99.0000  -99.0000 
2009 6 7 0  -99.0000  -99.0000  -99.0000 
2009 6 8 0  -99.0000  -99.0000  -99.0000 
2009 6 9 0  -99.0000  -99.0000  -99.0000 
2009 6 10 0  -99.0000  -99.0000  -99.0000 
2009 6 11 0  -99.0000  -99.0000  -99.0000 
2009 6 12 0  -99.0000  -99.0000  -99.0000 
2009 6 13 0  -99.0000  -99.0000  -99.0000 
2009 6 14 0  -99.0000  -99.0000  -99.0000 
2009 6 15 0  -99.0000  -99.0000  -99.0000 
2009 6 16 0  -99.0000  -99.0000  -99.0000 
2009 6 17 0  -99.0000  -99.0000  -99.0000 
2009 6 18 0  -99.0000  -99.0000  -99.0000 
2009 6 19 0  -99.0000  -99.0000  -99.0000 
2009 6 20 0  -99.0000  -99.0000  -99.0000 
2009 6 21 0  -99.0000  -99.0000  -99.0000 
2009 6 22 0  -99.0000  -99.0000  -99.0000 
2009 6 23 0  -99.0000  -99.0000  -99.0000 
2009 6 24 0  -99.0000  -99.0000  -99.0000 
2009 6 25 0  -99.0000  -99.0000  -99.0000 
2009 6 26 0  -99.0000  -99.0000  -99.0000 
2009 6 27 0  -99.0000  -99.0000  -99.0000 
2009 6 28 0  -99.0000  -99.0000  -99.0000 
2009 6 29 0  -99.0000  -99.0000  -99.0000 
2009 6 30 0  -99.0000  -99.0000  -99.0000 
2009 7 1 0  -99.0000  -99.0000  -99.0000 
2009 7 2 0  -99.0000  -99.0000  -99.0000 
2009 7 3 0  -99.0000  -99.0000  -99.0000 
2009 7 4 0  -99.0000  -99.0000  -99.0000 
2009 7 5 0  -99.0000  -99.0000  -99.0000 
2009 7 6 0  -99.0000  -99.0000  -99.0000 
2009 7 7 0  -99.0000  -99.0000  -99.0000 
2009 7 8 0  -99.0000  -99.0000  -99.0000 
2009 7 9 0  -99.0000  -99.0000  -99.0000 
2009 7 10 0  -99.0000  -99.0000  -99.0000 
2009 7 11 0  -99.0000  -99.0000  -99.0000 
2009 7 12 0  -99.0000  -99.0000  -99.0000 
2009 7 13 0  -99.0000  -99.0000  -99.0000 
2009 7 14 0  -99.0000  -99.0000  -99.0000 
2009 7 15 0  -99.0000  -99.0000  -99.0000 
2009 7 16 0  -99.0000  -99.0000  -99.0000 
2009 7 17 0  -99.0000  -99.0000  -99.0000 
2009 7 18 0  -99.0000  -99.0000  -99.0000 
2009 7 19 0  -99.0000  -99.0000  -99.0000 
2009 7 20 0  -99.0000  -99.0000  -99.0000 
2009 7 21 0  -99.0000  -99.0000  -99.0000 
2009 7 22 0  -99.0000  -99.0000  -99.0000 
2009 7 23 0  -99.0000  -99.0000  -99.0000 
2009 7 24 0  -99.0000  -99.0000  -99.0000 
2009 7 25 0  -99.0000  -99.0000  -99.0000 
2009 7 26 0  -99.0000  -99.0000  -99.0000 
2009 7 27 0  -99.0000  -99.0000  -99.0000 
2009 7 28 0  -99.0000  -99.0000  -99.0000 
2009 7 29 0  -99.0000  -99.0000  -99.0000 
2009 7 30 0  -99.0000  -99.0000  -99.0000 
2009 7 31 0  -99.0000  -99.0000  -99.0000 
2009 8 1 0  -99.0000  -99.0000  -99.0000 
2009 8 2 0  -99.0000  -99.0000  -99.0000 
2009 8 3 0  -99.0000  -99.0000  -99.0000 
2009 8 4 0  -99.0000  -99.0000  -99.0000 
2009 8 5 0  -99.0000  -99.0000  -99.0000 
2009 8 6 0  -99.0000  -99.0000  -99.0000 
2009 8 7 0  -99.0000  -99.0000  -99.0000 
2009 8 8 0  -99.0000  -99.0000  -99.0000 
2009 8 9 0  -99.0000  -99.0000  -99.0000 
2009 8 10 0  -99.0000  -99.0000  -99.0000 
2009 8 11 0  -99.0000  -99.0000  -99.0000 
2009 8 12 0  -99.0000  -99.0000  -99.0000 
2009 8 13 0  -99.0000  -99.0000  -99.0000 
2009 8 14 0  -99.0000  -99.0000  -99.0000 
2009 8 15 0  -99.0000  -99.0000  -99.0000 
2009 8 16 0  -99.0000  -99.0000  -99.0000 
2009 8 17 0  -99.0000  -99.0000  -99.0000 
2009 8 18 0  -99.0000  -99.0000  -99.0000 
2009 8 19 0  -99.0000  -99.0000  -99.0000 
2009 8 20 0  -99.0000  -99.0000  -99.0000 
2009 8 21 0  -99.0000  -99.0000  -99.0000 
2009 8 22 0  -99.0000  -99.0000  -99.0000 
2009 8 23 0  -99.0000  -99.0000  -99.0000 
2009 8 24 0  -99.0000  -99.0000  -99.0000 
2009 8 25 0  -99.0000  -99.0000  -99.0000 
2009 8 26 0  -99.0000  -99.0000  -99.0000 
2009 8 27 0  -99.0000  -99.0000  -99.0000 
2009 8 28 0  -99.0000  -99.0000  -99.0000 
2009 8 29 0  -99.0000  -99.0000  -99.0000 
2009 8 30 0  -99.0000  -99.0000  -99.0000 
2009 8 31 0  -99.0000  -99.0000  -99.0000 
2009 9 1 0  -99.0000  -99.0000  -99.0000 
2009 9 2 0  -99.0000  -99.0000  -99.0000 
2009 9 3 0  -99.0000  -99.0000  -99.0000 
2009 9 4 0  -99.0000  -99.0000  -99.0000 
2009 9 5 0  -99.0000  -99.0000  -99.0000 
2009 9 6 0  -99.0000  -99.0000  -99.0000 
2009 9 7 0  -99.0000  -99.0000  -99.0000 
2009 9 8 0  -99.0000  -99.0000  -99.0000 
2009 9 9 0  -99.0000  -99.0000  -99.0000 
2009 9 10 0  -99.0000  -99.0000  -99.0000 
2009 9 11 0  -99.0000  -99.0000  -99.0000 
2009 9 12 0  -99.0000  -99.0000  -99.0000 
2009 9 13 0  -99.0000  -99.0000  -99.0000 
2009 9 14 0  -99.0000  -99.0000  -99.0000 
2009 9 15 0  -99.0000  -99.0000  -99.0000 
2009 9 16 0  -99.0000  -99.0000  -99.0000 
2009 9 17 0  -99.0000  -99.0000  -99.0000 
2009 9 18 0  -99.0000  -99.0000  -99.0000 
2009 9 19 0  -99.0000  -99.0000  -99.0000 
2009 9 20 0  -99.0000  -99.0000  -99.0000 
2009 9 21 0  -99.0000  -99.0000  -99.0000 
2009 9 22 0  -99.0000  -99.0000  -99.0000 
2009 9 23 0  -99.0000  -99.0000  -99.0000 
2009 9 24 0  -99.0000  -99.0000  -99.0000 
2009 9 25 0  -99.0000  -99.0000  -99.0000 
2009 9 26 0  -99.0000  -99.0000  -99.0000 
2009 9 27 0  -99.0000  -99.0000  -99.0000 
2009 9 28 0  -99.0000  -99.0000  -99.0000 
2009 9 29 0  -99.0000  -99.0000  -99.0000 
2009 9 30 0  -99.0000  -99.0000  -99.0000 
2009 10 1 0  -99.0000  -99.0000  -99.0000 
2009 10 2 0  -99.0000  -99.0000  -99.0000 
2009 10 3 0  -99.0000  -99.0000  -99.0000 
2009 10 4 0  -99.0000  -99.0000  -99.0000 
2009 10 5 0  -99.0000  -99.0000  -99.0000 
2009 10 6 0  -99.0000  -99.0000  -99.0000 
2009 10 7 0  -99.0000  -99.0000  -99.0000 
2009 10 8 0  -99.0000  -99.0000  -99.0000 
2009 10 9 0  -99.0000  -99.0000  -99.0000 
2009 10 10 0  -99.0000  -99.0000  -99.0000 
2009 10 11 0  -99.0000  -99.0000  -99.0000 
2009 10 12 0  -99.0000  -99.0000  -99.0000 
2009 10 13 0  -99.0000  -99.0000  -99.0000 
2009 10 14 0  -99.0000  -99.0000  -99.0000 
2009 10 15 0  -99.0000  -99.0000  -99.0000 
2009 10 16 0  -99.0000  -99.0000  -99.0000 
2009 10 17 0  -99.0000  -99.0000  -99.0000 
2009 10 18 0  -99.0000  -99.0000  -99.0000 
2009 10 19 0  -99.0000  -99.0000  -99.0000 
2009 10 20 0  -99.0000  -99.0000  -99.0000 
2009 10 21 0  -99.0000  -99.0000  -99.0000 
2009 10 22 0  -99.0000  -99.0000  -99.0000 
2009 10 23 0  -99.0000  -99.0000  -99.0000 
2009 10 24 0  -99.0000  -99.0000  -99.0000 
2009 10 25 0  -99.0000  -99.0000  -99.0000 
2009 10 26 0  -99.0000  -99.0000  -99.0000 
2009 10 27 0  -99.0000  -99.0000  -99.0000 
2009 10 28 0  -99.0000  -99.0000  -99.0000 
2009 10 29 0  -99.0000  -99.0000  -99.0000 
2009 10 30 0  -99.0000  -99.0000  -99.0000 
2009 10 31 0  -99.0000  -99.0000  -99.0000 
2009 11 1 0   -1.1821   -0.6402    1.3443 
2009 11 2 0   -1.0629   -0.8717    1.3747 
2009 11 3 0   -0.8854   -1.0909    1.4050 
2009 11 4 0   -0.6286   -1.2718    1.4187 
2009 11 5 0   -0.3413   -1.3929    1.4342 
2009 11 6 0   -0.0791   -1.4787    1.4808 
2009 11 7 0    0.1388   -1.5020    1.5084 
2009 11 8 0    0.3532   -1.4604    1.5025 
2009 11 9 0    0.4718   -1.4614    1.5356 
2009 11 10 0    0.5253   -1.4546    1.5465 
2009 11 11 0    0.5862   -1.4124    1.5292 
2009 11 12 0    0.6592   -1.3349    1.4888 
2009 11 13 0    0.6983   -1.2570    1.4380 
2009 11 14 0    0.7593   -1.1045    1.3403 
2009 11 15 0    0.8986   -0.9285    1.2921 
2009 11 16 0    1.0454   -0.7702    1.2985 
2009 11 17 0    1.1436   -0.5871    1.2855 
2009 11 18 0    1.2356   -0.3850    1.2942 
2009 11 19 0    1.3300   -0.2266    1.3491 
2009 11 20 0    1.3181   -0.0830    1.3207 
2009 11 21 0    1.1655    0.1277    1.1725 
2009 11 22 0    0.9849    0.3218    1.0362 
2009 11 23 0    0.8328    0.4886    0.9656 
2009 11 24 0    0.6696    0.6779    0.9528 
2009 11 25 0    0.5196    0.8621    1.0066 
2009 11 26 0    0.4652    0.9811    1.0858 
2009 11 27 0    0.4697    1.0416    1.1426 
2009 11 28 0    0.4395    1.0436    1.1324 
2009 11 29 0    0.3622    1.0043    1.0676 
2009 11 30 0    0.2555    0.9408    0.9748 
2009 12 1 0    0.1262    0.8785    0.8875 
2009 12 2 0   -0.0414    0.8131    0.8141 
2009 12 3 0   -0.2029    0.7199    0.7480 
2009 12 4 0   -0.3192    0.6365    0.7120 
2009 12 5 0   -0.4012    0.5337    0.6677 
2009 12 6 0   -0.4408    0.4136    0.6045 
2009 12 7 0   -0.4567    0.3023    0.5477 
2009 12 8 0   -0.4326    0.2485    0.4989 
2009 12 9 0   -0.3604    0.2035    0.4139 
2009 12 10 0   -0.1900    0.1412    0.2367 
2009 12 11 0    0.0012    0.0788    0.0788 
2009 12 12 0    0.1868    0.0766    0.2019 
2009 12 13 0    0.3182    0.0836    0.3290 
2009 12 14 0    0.4031    0.1523    0.4309 
2009 12 15 0    0.4178    0.2656    0.4950 
2009 12 16 0    0.3259    0.3566    0.4831 
2009 12 17 0    0.1897    0.4322    0.4720 
2009 12 18 0    0.0334    0.4790    0.4802 
2009 12 19 0   -0.1464    0.4173    0.4423 
2009 12 20 0   -0.3559    0.2793    0.4524 
2009 12 21 0   -0.5054    0.1053    0.5163 
2009 12 22 0   -0.5683   -0.1492    0.5876 
2009 12 23 0   -0.5084   -0.4096    0.6529 
2009 12 24 0   -0.3319   -0.6945    0.7697 
2009 12 25 0   -0.0654   -0.9506    0.9528 
2009 12 26 0    0.2455   -1.1519    1.1778 
2009 12 27 0    0.5444   -1.2683    1.3802 
2009 12 28 0    0.7766   -1.3346    1.5442 
2009 12 29 0    0.9169   -1.3472    1.6296 
2009 12 30 0    1.0121   -1.2961    1.6445 
2009 12 31 0    1.1049   -1.1528    1.5968 
2010 1 1 0    1.1580   -0.9769    1.5150 
2010 1 2 0    1.1896   -0.8209    1.4454 
2010 1 3 0    1.2292   -0.6758    1.4027 
2010 1 4 0    1.2742   -0.5627    1.3929 
2010 1 5 0    1.2639   -0.5119    1.3637 
2010 1 6 0    1.2267   -0.4976    1.3238 
2010 1 7 0    1.1656   -0.4573    1.2521 
2010 1 8 0    1.1203   -0.3544    1.1750 
2010 1 9 0    1.0885   -0.1977    1.1063 
2010 1 10 0    1.1282   -0.0463    1.1292 
2010 1 11 0    1.1621    0.0540    1.1634 
2010 1 12 0    1.1331    0.1430    1.1421 
2010 1 13 0    1.0814    0.1882    1.0977 
2010 1 14 0    0.9998    0.1897    1.0176 
2010 1 15 0    0.9253    0.1755    0.9418 
2010 1 16 0    0.9306    0.2018    0.9522 
2010 1 17 0    0.9798    0.2406    1.0089 
2010 1 18 0    0.9767    0.3277    1.0302 
2010 1 19 0    0.8940    0.4322    0.9930 
2010 1 20 0    0.6898    0.5402    0.8761 
2010 1 21 0    0.4280    0.6091    0.7445 
2010 1 22 0    0.1634    0.6739    0.6934 
2010 1 23 0   -0.0569    0.7231    0.7253 
2010 1 24 0   -0.1646    0.8214    0.8378 
2010 1 25 0   -0.1740    0.9214    0.9377 
2010 1 26 0   -0.1538    1.0542    1.0653 
2010 1 27 0   -0.1076    1.1251    1.1303 
2010 1 28 0   -0.0408    1.1531    1.1538 
2010 1 29 0    0.0143    1.1404    1.1405 
2010 1 30 0    0.0433    1.1025    1.1033 
2010 1 31 0   -0.0056    1.0396    1.0396 
2010 2 1 0   -0.0717    1.0305    1.0330 
2010 2 2 0   -0.2030    1.0165    1.0365 
2010 2 3 0   -0.3734    0.9475    1.0185 
2010 2 4 0   -0.5713    0.9195    1.0825 
2010 2 5 0   -0.7474    0.8962    1.1669 
2010 2 6 0   -0.8920    0.7860    1.1889 
2010 2 7 0   -1.0143    0.5937    1.1752 
2010 2 8 0   -1.1020    0.3927    1.1698 
2010 2 9 0   -1.1246    0.1658    1.1368 
2010 2 10 0   -1.0903   -0.0470    1.0913 
2010 2 11 0   -0.9957   -0.1933    1.0143 
2010 2 12 0   -0.8557   -0.2173    0.8828 
2010 2 13 0   -0.7200   -0.1657    0.7388 
2010 2 14 0   -0.5783   -0.1031    0.5874 
2010 2 15 0   -0.3818   -0.0659    0.3874 
2010 2 16 0   -0.1473   -0.0265    0.1496 
2010 2 17 0    0.0820   -0.0222    0.0849 
2010 2 18 0    0.2708   -0.0007    0.2708 
2010 2 19 0    0.3703    0.0617    0.3754 
2010 2 20 0    0.3455    0.1144    0.3639 
2010 2 21 0    0.1791    0.1705    0.2473 
2010 2 22 0    0.0146    0.2686    0.2690 
2010 2 23 0   -0.1243    0.3535    0.3747 
2010 2 24 0   -0.2374    0.3838    0.4512 
2010 2 25 0   -0.3254    0.3617    0.4865 
2010 2 26 0   -0.3698    0.2850    0.4669 
2010 2 27 0   -0.4081    0.1986    0.4539 
2010 2 28 0   -0.4227    0.0982    0.4340 
2010 3 1 0   -0.3977    0.0135    0.3980 
2010 3 2 0   -0.3798    0.0399    0.3818 
2010 3 3 0   -0.3676    0.0858    0.3775 
2010 3 4 0   -0.3529    0.1321    0.3768 
2010 3 5 0   -0.3099    0.1815    0.3591 
2010 3 6 0   -0.2813    0.1697    0.3285 
2010 3 7 0   -0.2825    0.1365    0.3137 
2010 3 8 0   -0.3255    0.1421    0.3552 
2010 3 9 0   -0.4228    0.1284    0.4419 
2010 3 10 0   -0.5843    0.1392    0.6006 
2010 3 11 0   -0.6951    0.2361    0.7341 
2010 3 12 0   -0.7080    0.2859    0.7636 
2010 3 13 0   -0.6732    0.2800    0.7291 
2010 3 14 0   -0.5700    0.2442    0.6201 
2010 3 15 0   -0.4293    0.0865    0.4379 
2010 3 16 0   -0.3050   -0.1013    0.3214 
2010 3 17 0   -0.1794   -0.2454    0.3040 
2010 3 18 0   -0.0241   -0.3534    0.3542 
2010 3 19 0    0.1670   -0.4282    0.4596 
2010 3 20 0    0.3791   -0.4008    0.5517 
2010 3 21 0    0.5419   -0.3924    0.6690 
2010 3 22 0    0.6496   -0.3916    0.7585 
2010 3 23 0    0.7550   -0.4096    0.8590 
2010 3 24 0    0.8051   -0.4093    0.9031 
2010 3 25 0    0.7910   -0.3988    0.8858 
2010 3 26 0    0.8350   -0.3330    0.8989 
2010 3 27 0    0.9488   -0.1947    0.9686 
2010 3 28 0    1.0377   -0.0315    1.0382 
2010 3 29 0    1.1424    0.1389    1.1508 
2010 3 30 0    1.2292    0.2849    1.2618 
2010 3 31 0    1.2224    0.4350    1.2975 
2010 4 1 0    1.1367    0.5246    1.2520 
2010 4 2 0    1.0073    0.6552    1.2016 
2010 4 3 0    0.8347    0.7748    1.1389 
2010 4 4 0    0.6598    0.8511    1.0769 
2010 4 5 0    0.5156    0.8823    1.0220 
2010 4 6 0    0.3796    0.8934    0.9707 
2010 4 7 0    0.2912    0.8705    0.9179 
2010 4 8 0    0.2112    0.7828    0.8108 
2010 4 9 0    0.1415    0.7057    0.7197 
2010 4 10 0    0.0849    0.6240    0.6297 
2010 4 11 0    0.0749    0.5172    0.5226 
2010 4 12 0    0.0873    0.3829    0.3927 
2010 4 13 0    0.1561    0.3017    0.3397 
2010 4 14 0    0.2819    0.2387    0.3694 
2010 4 15 0    0.4352    0.1577    0.4629 
2010 4 16 0    0.5622    0.1370    0.5786 
2010 4 17 0    0.7179    0.1716    0.7381 
2010 4 18 0    0.8231    0.1602    0.8385 
2010 4 19 0    0.8387    0.1513    0.8522 
2010 4 20 0    0.7859    0.2193    0.8159 
2010 4 21 0    0.6730    0.2528    0.7189 
2010 4 22 0    0.4851    0.2243    0.5345 
2010 4 23 0    0.2493    0.2055    0.3231 
2010 4 24 0    0.0030    0.1721    0.1721 
2010 4 25 0   -0.2536    0.0717    0.2636 
2010 4 26 0   -0.4900   -0.0106    0.4901 
2010 4 27 0   -0.7109   -0.0583    0.7133 
2010 4 28 0   -0.9005   -0.1159    0.9079 
2010 4 29 0   -1.0167   -0.2045    1.0371 
2010 4 30 0   -1.0373   -0.3396    1.0915 
2010 5 1 0  -99.0000  -99.0000  -99.0000 
2010 5 2 0  -99.0000  -99.0000  -99.0000 
2010 5 3 0  -99.0000  -99.0000  -99.0000 
2010 5 4 0  -99.0000  -99.0000  -99.0000 
2010 5 5 0  -99.0000  -99.0000  -99.0000 
2010 5 6 0  -99.0000  -99.0000  -99.0000 
2010 5 7 0  -99.0000  -99.0000  -99.0000 
2010 5 8 0  -99.0000  -99.0000  -99.0000 
2010 5 9 0  -99.0000  -99.0000  -99.0000 
2010 5 10 0  -99.0000  -99.0000  -99.0000 
2010 5 11 0  -99.0000  -99.0000  -99.0000 
2010 5 12 0  -99.0000  -99.0000  -99.0000 
2010 5 13 0  -99.0000  -99.0000  -99.0000 
2010 5 14 0  -99.0000  -99.0000  -99.0000 
2010 5 15 0  -99.0000  -99.0000  -99.0000 
2010 5 16 0  -99.0000  -99.0000  -99.0000 
2010 5 17 0  -99.0000  -99.0000  -99.0000 
2010 5 18 0  -99.0000  -99.0000  -99.0000 
2010 5 19 0  -99.0000  -99.0000  -99.0000 
2010 5 20 0  -99.0000  -99.0000  -99.0000 
2010 5 21 0  -99.0000  -99.0000  -99.0000 
2010 5 22 0  -99.0000  -99.0000  -99.0000 
2010 5 23 0  -99.0000  -99.0000  -99.0000 
2010 5 24 0  -99.0000  -99.0000  -99.0000 
2010 5 25 0  -99.0000  -99.0000  -99.0000 
2010 5 26 0  -99.0000  -99.0000  -99.0000 
2010 5 27 0  -99.0000  -99.0000  -99.0000 
2010 5 28 0  -99.0000  -99.0000  -99.0000 
2010 5 29 0  -99.0000  -99.0000  -99.0000 
2010 5 30 0  -99.0000  -99.0000  -99.0000 
2010 5 31 0  -99.0000  -99.0000  -99.0000 
2010 6 1 0  -99.0000  -99.0000  -99.0000 
2010 6 2 0  -99.0000  -99.0000  -99.0000 
2010 6 3 0  -99.0000  -99.0000  -99.0000 
2010 6 4 0  -99.0000  -99.0000  -99.0000 
2010 6 5 0  -99.0000  -99.0000  -99.0000 
2010 6 6 0  -99.0000  -99.0000  -99.0000 
2010 6 7 0  -99.0000  -99.0000  -99.0000 
2010 6 8 0  -99.0000  -99.0000  -99.0000 
2010 6 9 0  -99.0000  -99.0000  -99.0000 
2010 6 10 0  -99.0000  -99.0000  -99.0000 
2010 6 11 0  -99.0000  -99.0000  -99.0000 
2010 6 12 0  -99.0000  -99.0000  -99.0000 
2010 6 13 0  -99.0000  -99.0000  -99.0000 
2010 6 14 0  -99.0000  -99.0000  -99.0000 
2010 6 15 0  -99.0000  -99.0000  -99.0000 
2010 6 16 0  -99.0000  -99.0000  -99.0000 
2010 6 17 0  -99.0000  -99.0000  -99.0000 
2010 6 18 0  -99.0000  -99.0000  -99.0000 
2010 6 19 0  -99.0000  -99.0000  -99.0000 
2010 6 20 0  -99.0000  -99.0000  -99.0000 
2010 6 21 0  -99.0000  -99.0000  -99.0000 
2010 6 22 0  -99.0000  -99.0000  -99.0000 
2010 6 23 0  -99.0000  -99.0000  -99.0000 
2010 6 24 0  -99.0000  -99.0000  -99.0000 
2010 6 25 0  -99.0000  -99.0000  -99.0000 
2010 6 26 0  -99.0000  -99.0000  -99.0000 
2010 6 27 0  -99.0000  -99.0000  -99.0000 
2010 6 28 0  -99.0000  -99.0000  -99.0000 
2010 6 29 0  -99.0000  -99.0000  -99.0000 
2010 6 30 0  -99.0000  -99.0000  -99.0000 
2010 7 1 0  -99.0000  -99.0000  -99.0000 
2010 7 2 0  -99.0000  -99.0000  -99.0000 
2010 7 3 0  -99.0000  -99.0000  -99.0000 
2010 7 4 0  -99.0000  -99.0000  -99.0000 
2010 7 5 0  -99.0000  -99.0000  -99.0000 
2010 7 6 0  -99.0000  -99.0000  -99.0000 
2010 7 7 0  -99.0000  -99.0000  -99.0000 
2010 7 8 0  -99.0000  -99.0000  -99.0000 
2010 7 9 0  -99.0000  -99.0000  -99.0000 
2010 7 10 0  -99.0000  -99.0000  -99.0000 
2010 7 11 0  -99.0000  -99.0000  -99.0000 
2010 7 12 0  -99.0000  -99.0000  -99.0000 
2010 7 13 0  -99.0000  -99.0000  -99.0000 
2010 7 14 0  -99.0000  -99.0000  -99.0000 
2010 7 15 0  -99.0000  -99.0000  -99.0000 
2010 7 16 0  -99.0000  -99.0000  -99.0000 
2010 7 17 0  -99.0000  -99.0000  -99.0000 
2010 7 18 0  -99.0000  -99.0000  -99.0000 
2010 7 19 0  -99.0000  -99.0000  -99.0000 
2010 7 20 0  -99.0000  -99.0000  -99.0000 
2010 7 21 0  -99.0000  -99.0000  -99.0000 
2010 7 22 0  -99.0000  -99.0000  -99.0000 
2010 7 23 0  -99.0000  -99.0000  -99.0000 
2010 7 24 0  -99.0000  -99.0000  -99.0000 
2010 7 25 0  -99.0000  -99.0000  -99.0000 
2010 7 26 0  -99.0000  -99.0000  -99.0000 
2010 7 27 0  -99.0000  -99.0000  -99.0000 
2010 7 28 0  -99.0000  -99.0000  -99.0000 
2010 7 29 0  -99.0000  -99.0000  -99.0000 
2010 7 30 0  -99.0000  -99.0000  -99.0000 
2010 7 31 0  -99.0000  -99.0000  -99.0000 
2010 8 1 0  -99.0000  -99.0000  -99.0000 
2010 8 2 0  -99.0000  -99.0000  -99.0000 
2010 8 3 0  -99.0000  -99.0000  -99.0000 
2010 8 4 0  -99.0000  -99.0000  -99.0000 
2010 8 5 0  -99.0000  -99.0000  -99.0000 
2010 8 6 0  -99.0000  -99.0000  -99.0000 
2010 8 7 0  -99.0000  -99.0000  -99.0000 
2010 8 8 0  -99.0000  -99.0000  -99.0000 
2010 8 9 0  -99.0000  -99.0000  -99.0000 
2010 8 10 0  -99.0000  -99.0000  -99.0000 
2010 8 11 0  -99.0000  -99.0000  -99.0000 
2010 8 12 0  -99.0000  -99.0000  -99.0000 
2010 8 13 0  -99.0000  -99.0000  -99.0000 
2010 8 14 0  -99.0000  -99.0000  -99.0000 
2010 8 15 0  -99.0000  -99.0000  -99.0000 
2010 8 16 0  -99.0000  -99.0000  -99.0000 
2010 8 17 0  -99.0000  -99.0000  -99.0000 
2010 8 18 0  -99.0000  -99.0000  -99.0000 
2010 8 19 0  -99.0000  -99.0000  -99.0000 
2010 8 20 0  -99.0000  -99.0000  -99.0000 
2010 8 21 0  -99.0000  -99.0000  -99.0000 
2010 8 22 0  -99.0000  -99.0000  -99.0000 
2010 8 23 0  -99.0000  -99.0000  -99.0000 
2010 8 24 0  -99.0000  -99.0000  -99.0000 
2010 8 25 0  -99.0000  -99.0000  -99.0000 
2010 8 26 0  -99.0000  -99.0000  -99.0000 
2010 8 27 0  -99.0000  -99.0000  -99.0000 
2010 8 28 0  -99.0000  -99.0000  -99.0000 
2010 8 29 0  -99.0000  -99.0000  -99.0000 
2010 8 30 0  -99.0000  -99.0000  -99.0000 
2010 8 31 0  -99.0000  -99.0000  -99.0000 
2010 9 1 0  -99.0000  -99.0000  -99.0000 
2010 9 2 0  -99.0000  -99.0000  -99.0000 
2010 9 3 0  -99.0000  -99.0000  -99.0000 
2010 9 4 0  -99.0000  -99.0000  -99.0000 
2010 9 5 0  -99.0000  -99.0000  -99.0000 
2010 9 6 0  -99.0000  -99.0000  -99.0000 
2010 9 7 0  -99.0000  -99.0000  -99.0000 
2010 9 8 0  -99.0000  -99.0000  -99.0000 
2010 9 9 0  -99.0000  -99.0000  -99.0000 
2010 9 10 0  -99.0000  -99.0000  -99.0000 
2010 9 11 0  -99.0000  -99.0000  -99.0000 
2010 9 12 0  -99.0000  -99.0000  -99.0000 
2010 9 13 0  -99.0000  -99.0000  -99.0000 
2010 9 14 0  -99.0000  -99.0000  -99.0000 
2010 9 15 0  -99.0000  -99.0000  -99.0000 
2010 9 16 0  -99.0000  -99.0000  -99.0000 
2010 9 17 0  -99.0000  -99.0000  -99.0000 
2010 9 18 0  -99.0000  -99.0000  -99.0000 
2010 9 19 0  -99.0000  -99.0000  -99.0000 
2010 9 20 0  -99.0000  -99.0000  -99.0000 
2010 9 21 0  -99.0000  -99.0000  -99.0000 
2010 9 22 0  -99.0000  -99.0000  -99.0000 
2010 9 23 0  -99.0000  -99.0000  -99.0000 
2010 9 24 0  -99.0000  -99.0000  -99.0000 
2010 9 25 0  -99.0000  -99.0000  -99.0000 
2010 9 26 0  -99.0000  -99.0000  -99.0000 
2010 9 27 0  -99.0000  -99.0000  -99.0000 
2010 9 28 0  -99.0000  -99.0000  -99.0000 
2010 9 29 0  -99.0000  -99.0000  -99.0000 
2010 9 30 0  -99.0000  -99.0000  -99.0000 
2010 10 1 0  -99.0000  -99.0000  -99.0000 
2010 10 2 0  -99.0000  -99.0000  -99.0000 
2010 10 3 0  -99.0000  -99.0000  -99.0000 
2010 10 4 0  -99.0000  -99.0000  -99.0000 
2010 10 5 0  -99.0000  -99.0000  -99.0000 
2010 10 6 0  -99.0000  -99.0000  -99.0000 
2010 10 7 0  -99.0000  -99.0000  -99.0000 
2010 10 8 0  -99.0000  -99.0000  -99.0000 
2010 10 9 0  -99.0000  -99.0000  -99.0000 
2010 10 10 0  -99.0000  -99.0000  -99.0000 
2010 10 11 0  -99.0000  -99.0000  -99.0000 
2010 10 12 0  -99.0000  -99.0000  -99.0000 
2010 10 13 0  -99.0000  -99.0000  -99.0000 
2010 10 14 0  -99.0000  -99.0000  -99.0000 
2010 10 15 0  -99.0000  -99.0000  -99.0000 
2010 10 16 0  -99.0000  -99.0000  -99.0000 
2010 10 17 0  -99.0000  -99.0000  -99.0000 
2010 10 18 0  -99.0000  -99.0000  -99.0000 
2010 10 19 0  -99.0000  -99.0000  -99.0000 
2010 10 20 0  -99.0000  -99.0000  -99.0000 
2010 10 21 0  -99.0000  -99.0000  -99.0000 
2010 10 22 0  -99.0000  -99.0000  -99.0000 
2010 10 23 0  -99.0000  -99.0000  -99.0000 
2010 10 24 0  -99.0000  -99.0000  -99.0000 
2010 10 25 0  -99.0000  -99.0000  -99.0000 
2010 10 26 0  -99.0000  -99.0000  -99.0000 
2010 10 27 0  -99.0000  -99.0000  -99.0000 
2010 10 28 0  -99.0000  -99.0000  -99.0000 
2010 10 29 0  -99.0000  -99.0000  -99.0000 
2010 10 30 0  -99.0000  -99.0000  -99.0000 
2010 10 31 0  -99.0000  -99.0000  -99.0000 
2010 11 1 0    0.0862   -0.6138    0.6199 
2010 11 2 0    0.1050   -0.5449    0.5549 
2010 11 3 0    0.1264   -0.4079    0.4271 
2010 11 4 0    0.1937   -0.2485    0.3151 
2010 11 5 0    0.2571   -0.1070    0.2785 
2010 11 6 0    0.2623    0.0191    0.2630 
2010 11 7 0    0.1720    0.1444    0.2246 
2010 11 8 0    0.0217    0.2251    0.2261 
2010 11 9 0   -0.1029    0.2973    0.3146 
2010 11 10 0   -0.2530    0.3038    0.3954 
2010 11 11 0   -0.4476    0.2840    0.5301 
2010 11 12 0   -0.6212    0.2333    0.6636 
2010 11 13 0   -0.6807    0.1437    0.6957 
2010 11 14 0   -0.7438   -0.0075    0.7439 
2010 11 15 0   -0.7552   -0.1308    0.7665 
2010 11 16 0   -0.6833   -0.2053    0.7135 
2010 11 17 0   -0.5354   -0.2348    0.5846 
2010 11 18 0   -0.4526   -0.2840    0.5344 
2010 11 19 0   -0.3899   -0.2919    0.4870 
2010 11 20 0   -0.3398   -0.3427    0.4826 
2010 11 21 0   -0.2800   -0.4375    0.5194 
2010 11 22 0   -0.2572   -0.5605    0.6167 
2010 11 23 0   -0.2262   -0.6451    0.6836 
2010 11 24 0   -0.2025   -0.7294    0.7570 
2010 11 25 0   -0.1624   -0.7729    0.7898 
2010 11 26 0   -0.1226   -0.8376    0.8465 
2010 11 27 0   -0.0755   -0.8947    0.8978 
2010 11 28 0   -0.0431   -0.9591    0.9601 
2010 11 29 0   -0.0126   -1.0064    1.0065 
2010 11 30 0    0.0765   -1.0295    1.0323 
2010 12 1 0    0.2053   -1.0052    1.0260 
2010 12 2 0    0.3347   -0.9733    1.0292 
2010 12 3 0    0.4643   -0.8950    1.0082 
2010 12 4 0    0.5813   -0.7997    0.9887 
2010 12 5 0    0.6362   -0.6751    0.9276 
2010 12 6 0    0.6590   -0.5416    0.8530 
2010 12 7 0    0.6675   -0.3686    0.7625 
2010 12 8 0    0.6871   -0.2055    0.7172 
2010 12 9 0    0.7159   -0.0800    0.7204 
2010 12 10 0    0.6800   -0.0217    0.6803 
2010 12 11 0    0.6121    0.0347    0.6131 
2010 12 12 0    0.5516    0.0775    0.5570 
2010 12 13 0    0.4337    0.1063    0.4465 
2010 12 14 0    0.2505    0.1191    0.2773 
2010 12 15 0    0.0981    0.1230    0.1573 
2010 12 16 0   -0.0526    0.0871    0.1017 
2010 12 17 0   -0.2087    0.0383    0.2122 
2010 12 18 0   -0.3168   -0.0392    0.3193 
2010 12 19 0   -0.3108   -0.0706    0.3187 
2010 12 20 0   -0.1972   -0.1279    0.2351 
2010 12 21 0   -0.0150   -0.1720    0.1727 
2010 12 22 0    0.2059   -0.2186    0.3002 
2010 12 23 0    0.4473   -0.2298    0.5029 
2010 12 24 0    0.6465   -0.2555    0.6951 
2010 12 25 0    0.7432   -0.2409    0.7813 
2010 12 26 0    0.7799   -0.2387    0.8156 
2010 12 27 0    0.7390   -0.2707    0.7870 
2010 12 28 0    0.6581   -0.3451    0.7431 
2010 12 29 0    0.5871   -0.4090    0.7155 
2010 12 30 0    0.5321   -0.4204    0.6781 
2010 12 31 0    0.4734   -0.3853    0.6104 
2011 1 1 0    0.4164   -0.3202    0.5253 
2011 1 2 0    0.3526   -0.2734    0.4462 
2011 1 3 0    0.2278   -0.2679    0.3517 
2011 1 4 0    0.0922   -0.2533    0.2696 
2011 1 5 0    0.0258   -0.2454    0.2467 
2011 1 6 0    0.0311   -0.2556    0.2575 
2011 1 7 0    0.1132   -0.2348    0.2607 
2011 1 8 0    0.2929   -0.1639    0.3356 
2011 1 9 0    0.5062   -0.1021    0.5164 
2011 1 10 0    0.6849   -0.0206    0.6852 
2011 1 11 0    0.8098    0.1191    0.8185 
2011 1 12 0    0.8768    0.2736    0.9185 
2011 1 13 0    0.8888    0.4540    0.9980 
2011 1 14 0    0.8707    0.5825    1.0476 
2011 1 15 0    0.7758    0.6585    1.0175 
2011 1 16 0    0.5343    0.7271    0.9023 
2011 1 17 0    0.2399    0.8146    0.8492 
2011 1 18 0   -0.0601    0.8394    0.8416 
2011 1 19 0   -0.3793    0.8687    0.9479 
2011 1 20 0   -0.6665    0.8949    1.1158 
2011 1 21 0   -0.7847    0.8590    1.1635 
2011 1 22 0   -0.8053    0.7305    1.0873 
2011 1 23 0   -0.8375    0.5650    1.0103 
2011 1 24 0   -0.8395    0.3497    0.9095 
2011 1 25 0   -0.7727    0.0863    0.7775 
2011 1 26 0   -0.6293   -0.1882    0.6568 
2011 1 27 0   -0.4806   -0.4210    0.6390 
2011 1 28 0   -0.3071   -0.6174    0.6896 
2011 1 29 0   -0.0891   -0.7394    0.7448 
2011 1 30 0    0.1375   -0.7906    0.8025 
2011 1 31 0    0.2728   -0.7533    0.8012 
2011 2 1 0    0.4143   -0.6633    0.7821 
2011 2 2 0    0.5364   -0.5524    0.7700 
2011 2 3 0    0.5622   -0.4850    0.7424 
2011 2 4 0    0.5448   -0.4217    0.6889 
2011 2 5 0    0.5445   -0.4282    0.6927 
2011 2 6 0    0.4860   -0.4814    0.6840 
2011 2 7 0    0.4051   -0.5662    0.6962 
2011 2 8 0    0.3145   -0.6667    0.7372 
2011 2 9 0    0.2478   -0.7594    0.7988 
2011 2 10 0    0.1829   -0.7702    0.7916 
2011 2 11 0    0.1098   -0.7658    0.7736 
2011 2 12 0    0.0845   -0.7064    0.7114 
2011 2 13 0    0.1177   -0.5642    0.5764 
2011 2 14 0    0.0959   -0.3911    0.4027 
2011 2 15 0    0.0675   -0.2752    0.2834 
2011 2 16 0    0.0776   -0.1631    0.1806 
2011 2 17 0    0.0615   -0.0499    0.0792 
2011 2 18 0    0.0737    0.0582    0.0939 
2011 2 19 0    0.1243    0.1002    0.1597 
2011 2 20 0    0.1753    0.1361    0.2219 
2011 2 21 0    0.2160    0.1492    0.2625 
2011 2 22 0    0.2625    0.0795    0.2743 
2011 2 23 0    0.2549   -0.0440    0.2586 
2011 2 24 0    0.2352   -0.1424    0.2750 
2011 2 25 0    0.1906   -0.2705    0.3309 
2011 2 26 0    0.1093   -0.3669    0.3828 
2011 2 27 0    0.0329   -0.3560    0.3575 
2011 2 28 0    0.0363   -0.2675    0.2700 
2011 3 1 0    0.0319   -0.2012    0.2037 
2011 3 2 0    0.0191   -0.0855    0.0876 
2011 3 3 0    0.0026   -0.0124    0.0126 
2011 3 4 0   -0.0501    0.0139    0.0520 
2011 3 5 0   -0.1487   -0.0139    0.1493 
2011 3 6 0   -0.2654   -0.0843    0.2785 
2011 3 7 0   -0.3736   -0.1689    0.4100 
2011 3 8 0   -0.4007   -0.2326    0.4633 
2011 3 9 0   -0.3384   -0.3261    0.4700 
2011 3 10 0   -0.2746   -0.4562    0.5325 
2011 3 11 0   -0.1668   -0.5460    0.5709 
2011 3 12 0    0.0242   -0.6413    0.6417 
2011 3 13 0    0.2085   -0.6763    0.7077 
2011 3 14 0    0.3537   -0.6906    0.7759 
2011 3 15 0    0.4694   -0.6821    0.8280 
2011 3 16 0    0.5703   -0.6554    0.8688 
2011 3 17 0    0.5846   -0.6054    0.8416 
2011 3 18 0    0.5745   -0.5834    0.8188 
2011 3 19 0    0.6441   -0.5370    0.8386 
2011 3 20 0    0.7654   -0.4830    0.9051 
2011 3 21 0    0.9091   -0.4330    1.0069 
2011 3 22 0    1.0921   -0.3955    1.1615 
2011 3 23 0    1.2317   -0.3379    1.2772 
2011 3 24 0    1.2671   -0.2661    1.2947 
2011 3 25 0    1.2928   -0.1951    1.3074 
2011 3 26 0    1.2775   -0.1167    1.2828 
2011 3 27 0    1.2599    0.0260    1.2602 
2011 3 28 0    1.2473    0.1827    1.2606 
2011 3 29 0    1.2379    0.3667    1.2911 
2011 3 30 0    1.1807    0.6022    1.3254 
2011 3 31 0    1.0943    0.8351    1.3765 
2011 4 1 0    0.9551    0.9852    1.3722 
2011 4 2 0    0.7758    1.0586    1.3124 
2011 4 3 0    0.5742    1.0709    1.2151 
2011 4 4 0    0.3728    1.0467    1.1111 
2011 4 5 0    0.1981    0.9830    1.0027 
2011 4 6 0    0.0363    0.8677    0.8685 
2011 4 7 0   -0.0559    0.7378    0.7399 
2011 4 8 0   -0.1109    0.6138    0.6237 
2011 4 9 0   -0.1377    0.4795    0.4988 
2011 4 10 0   -0.1742    0.3748    0.4133 
2011 4 11 0   -0.1674    0.3387    0.3778 
2011 4 12 0   -0.1304    0.3413    0.3654 
2011 4 13 0   -0.0967    0.3081    0.3229 
2011 4 14 0   -0.0720    0.2974    0.3060 
2011 4 15 0    0.0074    0.3069    0.3070 
2011 4 16 0    0.0185    0.2527    0.2534 
2011 4 17 0    0.0065    0.2311    0.2312 
2011 4 18 0    0.0226    0.2613    0.2623 
2011 4 19 0    0.0251    0.2771    0.2783 
2011 4 20 0   -0.0077    0.2220    0.2221 
2011 4 21 0   -0.0407    0.1601    0.1652 
2011 4 22 0   -0.0862    0.0361    0.0934 
2011 4 23 0   -0.1317   -0.1239    0.1808 
2011 4 24 0   -0.1400   -0.2973    0.3286 
2011 4 25 0   -0.1043   -0.4456    0.4576 
2011 4 26 0    0.0340   -0.5237    0.5248 
2011 4 27 0    0.2486   -0.5819    0.6328 
2011 4 28 0    0.4802   -0.5817    0.7543 
2011 4 29 0    0.7135   -0.5033    0.8732 
2011 4 30 0    0.9438   -0.3581    1.0095 
2011 5 1 0  -99.0000  -99.0000  -99.0000 
2011 5 2 0  -99.0000  -99.0000  -99.0000 
2011 5 3 0  -99.0000  -99.0000  -99.0000 
2011 5 4 0  -99.0000  -99.0000  -99.0000 
2011 5 5 0  -99.0000  -99.0000  -99.0000 
2011 5 6 0  -99.0000  -99.0000  -99.0000 
2011 5 7 0  -99.0000  -99.0000  -99.0000 
2011 5 8 0  -99.0000  -99.0000  -99.0000 
2011 5 9 0  -99.0000  -99.0000  -99.0000 
2011 5 10 0  -99.0000  -99.0000  -99.0000 
2011 5 11 0  -99.0000  -99.0000  -99.0000 
2011 5 12 0  -99.0000  -99.0000  -99.0000 
2011 5 13 0  -99.0000  -99.0000  -99.0000 
2011 5 14 0  -99.0000  -99.0000  -99.0000 
2011 5 15 0  -99.0000  -99.0000  -99.0000 
2011 5 16 0  -99.0000  -99.0000  -99.0000 
2011 5 17 0  -99.0000  -99.0000  -99.0000 
2011 5 18 0  -99.0000  -99.0000  -99.0000 
2011 5 19 0  -99.0000  -99.0000  -99.0000 
2011 5 20 0  -99.0000  -99.0000  -99.0000 
2011 5 21 0  -99.0000  -99.0000  -99.0000 
2011 5 22 0  -99.0000  -99.0000  -99.0000 
2011 5 23 0  -99.0000  -99.0000  -99.0000 
2011 5 24 0  -99.0000  -99.0000  -99.0000 
2011 5 25 0  -99.0000  -99.0000  -99.0000 
2011 5 26 0  -99.0000  -99.0000  -99.0000 
2011 5 27 0  -99.0000  -99.0000  -99.0000 
2011 5 28 0  -99.0000  -99.0000  -99.0000 
2011 5 29 0  -99.0000  -99.0000  -99.0000 
2011 5 30 0  -99.0000  -99.0000  -99.0000 
2011 5 31 0  -99.0000  -99.0000  -99.0000 
2011 6 1 0  -99.0000  -99.0000  -99.0000 
2011 6 2 0  -99.0000  -99.0000  -99.0000 
2011 6 3 0  -99.0000  -99.0000  -99.0000 
2011 6 4 0  -99.0000  -99.0000  -99.0000 
2011 6 5 0  -99.0000  -99.0000  -99.0000 
2011 6 6 0  -99.0000  -99.0000  -99.0000 
2011 6 7 0  -99.0000  -99.0000  -99.0000 
2011 6 8 0  -99.0000  -99.0000  -99.0000 
2011 6 9 0  -99.0000  -99.0000  -99.0000 
2011 6 10 0  -99.0000  -99.0000  -99.0000 
2011 6 11 0  -99.0000  -99.0000  -99.0000 
2011 6 12 0  -99.0000  -99.0000  -99.0000 
2011 6 13 0  -99.0000  -99.0000  -99.0000 
2011 6 14 0  -99.0000  -99.0000  -99.0000 
2011 6 15 0  -99.0000  -99.0000  -99.0000 
2011 6 16 0  -99.0000  -99.0000  -99.0000 
2011 6 17 0  -99.0000  -99.0000  -99.0000 
2011 6 18 0  -99.0000  -99.0000  -99.0000 
2011 6 19 0  -99.0000  -99.0000  -99.0000 
2011 6 20 0  -99.0000  -99.0000  -99.0000 
2011 6 21 0  -99.0000  -99.0000  -99.0000 
2011 6 22 0  -99.0000  -99.0000  -99.0000 
2011 6 23 0  -99.0000  -99.0000  -99.0000 
2011 6 24 0  -99.0000  -99.0000  -99.0000 
2011 6 25 0  -99.0000  -99.0000  -99.0000 
2011 6 26 0  -99.0000  -99.0000  -99.0000 
2011 6 27 0  -99.0000  -99.0000  -99.0000 
2011 6 28 0  -99.0000  -99.0000  -99.0000 
2011 6 29 0  -99.0000  -99.0000  -99.0000 
2011 6 30 0  -99.0000  -99.0000  -99.0000 
2011 7 1 0  -99.0000  -99.0000  -99.0000 
2011 7 2 0  -99.0000  -99.0000  -99.0000 
2011 7 3 0  -99.0000  -99.0000  -99.0000 
2011 7 4 0  -99.0000  -99.0000  -99.0000 
2011 7 5 0  -99.0000  -99.0000  -99.0000 
2011 7 6 0  -99.0000  -99.0000  -99.0000 
2011 7 7 0  -99.0000  -99.0000  -99.0000 
2011 7 8 0  -99.0000  -99.0000  -99.0000 
2011 7 9 0  -99.0000  -99.0000  -99.0000 
2011 7 10 0  -99.0000  -99.0000  -99.0000 
2011 7 11 0  -99.0000  -99.0000  -99.0000 
2011 7 12 0  -99.0000  -99.0000  -99.0000 
2011 7 13 0  -99.0000  -99.0000  -99.0000 
2011 7 14 0  -99.0000  -99.0000  -99.0000 
2011 7 15 0  -99.0000  -99.0000  -99.0000 
2011 7 16 0  -99.0000  -99.0000  -99.0000 
2011 7 17 0  -99.0000  -99.0000  -99.0000 
2011 7 18 0  -99.0000  -99.0000  -99.0000 
2011 7 19 0  -99.0000  -99.0000  -99.0000 
2011 7 20 0  -99.0000  -99.0000  -99.0000 
2011 7 21 0  -99.0000  -99.0000  -99.0000 
2011 7 22 0  -99.0000  -99.0000  -99.0000 
2011 7 23 0  -99.0000  -99.0000  -99.0000 
2011 7 24 0  -99.0000  -99.0000  -99.0000 
2011 7 25 0  -99.0000  -99.0000  -99.0000 
2011 7 26 0  -99.0000  -99.0000  -99.0000 
2011 7 27 0  -99.0000  -99.0000  -99.0000 
2011 7 28 0  -99.0000  -99.0000  -99.0000 
2011 7 29 0  -99.0000  -99.0000  -99.0000 
2011 7 30 0  -99.0000  -99.0000  -99.0000 
2011 7 31 0  -99.0000  -99.0000  -99.0000 
2011 8 1 0  -99.0000  -99.0000  -99.0000 
2011 8 2 0  -99.0000  -99.0000  -99.0000 
2011 8 3 0  -99.0000  -99.0000  -99.0000 
2011 8 4 0  -99.0000  -99.0000  -99.0000 
2011 8 5 0  -99.0000  -99.0000  -99.0000 
2011 8 6 0  -99.0000  -99.0000  -99.0000 
2011 8 7 0  -99.0000  -99.0000  -99.0000 
2011 8 8 0  -99.0000  -99.0000  -99.0000 
2011 8 9 0  -99.0000  -99.0000  -99.0000 
2011 8 10 0  -99.0000  -99.0000  -99.0000 
2011 8 11 0  -99.0000  -99.0000  -99.0000 
2011 8 12 0  -99.0000  -99.0000  -99.0000 
2011 8 13 0  -99.0000  -99.0000  -99.0000 
2011 8 14 0  -99.0000  -99.0000  -99.0000 
2011 8 15 0  -99.0000  -99.0000  -99.0000 
2011 8 16 0  -99.0000  -99.0000  -99.0000 
2011 8 17 0  -99.0000  -99.0000  -99.0000 
2011 8 18 0  -99.0000  -99.0000  -99.0000 
2011 8 19 0  -99.0000  -99.0000  -99.0000 
2011 8 20 0  -99.0000  -99.0000  -99.0000 
2011 8 21 0  -99.0000  -99.0000  -99.0000 
2011 8 22 0  -99.0000  -99.0000  -99.0000 
2011 8 23 0  -99.0000  -99.0000  -99.0000 
2011 8 24 0  -99.0000  -99.0000  -99.0000 
2011 8 25 0  -99.0000  -99.0000  -99.0000 
2011 8 26 0  -99.0000  -99.0000  -99.0000 
2011 8 27 0  -99.0000  -99.0000  -99.0000 
2011 8 28 0  -99.0000  -99.0000  -99.0000 
2011 8 29 0  -99.0000  -99.0000  -99.0000 
2011 8 30 0  -99.0000  -99.0000  -99.0000 
2011 8 31 0  -99.0000  -99.0000  -99.0000 
2011 9 1 0  -99.0000  -99.0000  -99.0000 
2011 9 2 0  -99.0000  -99.0000  -99.0000 
2011 9 3 0  -99.0000  -99.0000  -99.0000 
2011 9 4 0  -99.0000  -99.0000  -99.0000 
2011 9 5 0  -99.0000  -99.0000  -99.0000 
2011 9 6 0  -99.0000  -99.0000  -99.0000 
2011 9 7 0  -99.0000  -99.0000  -99.0000 
2011 9 8 0  -99.0000  -99.0000  -99.0000 
2011 9 9 0  -99.0000  -99.0000  -99.0000 
2011 9 10 0  -99.0000  -99.0000  -99.0000 
2011 9 11 0  -99.0000  -99.0000  -99.0000 
2011 9 12 0  -99.0000  -99.0000  -99.0000 
2011 9 13 0  -99.0000  -99.0000  -99.0000 
2011 9 14 0  -99.0000  -99.0000  -99.0000 
2011 9 15 0  -99.0000  -99.0000  -99.0000 
2011 9 16 0  -99.0000  -99.0000  -99.0000 
2011 9 17 0  -99.0000  -99.0000  -99.0000 
2011 9 18 0  -99.0000  -99.0000  -99.0000 
2011 9 19 0  -99.0000  -99.0000  -99.0000 
2011 9 20 0  -99.0000  -99.0000  -99.0000 
2011 9 21 0  -99.0000  -99.0000  -99.0000 
2011 9 22 0  -99.0000  -99.0000  -99.0000 
2011 9 23 0  -99.0000  -99.0000  -99.0000 
2011 9 24 0  -99.0000  -99.0000  -99.0000 
2011 9 25 0  -99.0000  -99.0000  -99.0000 
2011 9 26 0  -99.0000  -99.0000  -99.0000 
2011 9 27 0  -99.0000  -99.0000  -99.0000 
2011 9 28 0  -99.0000  -99.0000  -99.0000 
2011 9 29 0  -99.0000  -99.0000  -99.0000 
2011 9 30 0  -99.0000  -99.0000  -99.0000 
2011 10 1 0  -99.0000  -99.0000  -99.0000 
2011 10 2 0  -99.0000  -99.0000  -99.0000 
2011 10 3 0  -99.0000  -99.0000  -99.0000 
2011 10 4 0  -99.0000  -99.0000  -99.0000 
2011 10 5 0  -99.0000  -99.0000  -99.0000 
2011 10 6 0  -99.0000  -99.0000  -99.0000 
2011 10 7 0  -99.0000  -99.0000  -99.0000 
2011 10 8 0  -99.0000  -99.0000  -99.0000 
2011 10 9 0  -99.0000  -99.0000  -99.0000 
2011 10 10 0  -99.0000  -99.0000  -99.0000 
2011 10 11 0  -99.0000  -99.0000  -99.0000 
2011 10 12 0  -99.0000  -99.0000  -99.0000 
2011 10 13 0  -99.0000  -99.0000  -99.0000 
2011 10 14 0  -99.0000  -99.0000  -99.0000 
2011 10 15 0  -99.0000  -99.0000  -99.0000 
2011 10 16 0  -99.0000  -99.0000  -99.0000 
2011 10 17 0  -99.0000  -99.0000  -99.0000 
2011 10 18 0  -99.0000  -99.0000  -99.0000 
2011 10 19 0  -99.0000  -99.0000  -99.0000 
2011 10 20 0  -99.0000  -99.0000  -99.0000 
2011 10 21 0  -99.0000  -99.0000  -99.0000 
2011 10 22 0  -99.0000  -99.0000  -99.0000 
2011 10 23 0  -99.0000  -99.0000  -99.0000 
2011 10 24 0  -99.0000  -99.0000  -99.0000 
2011 10 25 0  -99.0000  -99.0000  -99.0000 
2011 10 26 0  -99.0000  -99.0000  -99.0000 
2011 10 27 0  -99.0000  -99.0000  -99.0000 
2011 10 28 0  -99.0000  -99.0000  -99.0000 
2011 10 29 0  -99.0000  -99.0000  -99.0000 
2011 10 30 0  -99.0000  -99.0000  -99.0000 
2011 10 31 0  -99.0000  -99.0000  -99.0000 
2011 11 1 0   -0.1675   -0.4044    0.4378 
2011 11 2 0   -0.0398   -0.3602    0.3624 
2011 11 3 0    0.0945   -0.2712    0.2872 
2011 11 4 0    0.1958   -0.1398    0.2406 
2011 11 5 0    0.2264    0.0633    0.2351 
2011 11 6 0    0.2071    0.2652    0.3365 
2011 11 7 0    0.0847    0.4739    0.4814 
2011 11 8 0   -0.0980    0.6627    0.6700 
2011 11 9 0   -0.3151    0.7790    0.8403 
2011 11 10 0   -0.5167    0.8175    0.9672 
2011 11 11 0   -0.7321    0.8273    1.1048 
2011 11 12 0   -0.8808    0.7468    1.1548 
2011 11 13 0   -1.0138    0.5956    1.1759 
2011 11 14 0   -1.1300    0.4472    1.2152 
2011 11 15 0   -1.2207    0.2663    1.2494 
2011 11 16 0   -1.2682    0.0782    1.2707 
2011 11 17 0   -1.3048   -0.0787    1.3072 
2011 11 18 0   -1.2732   -0.1872    1.2869 
2011 11 19 0   -1.1854   -0.2976    1.2222 
2011 11 20 0   -1.1019   -0.4254    1.1811 
2011 11 21 0   -1.0414   -0.5940    1.1989 
2011 11 22 0   -0.9346   -0.7569    1.2026 
2011 11 23 0   -0.8112   -0.9471    1.2470 
2011 11 24 0   -0.7006   -1.1196    1.3207 
2011 11 25 0   -0.5749   -1.2558    1.3811 
2011 11 26 0   -0.3972   -1.3355    1.3933 
2011 11 27 0   -0.2254   -1.3844    1.4027 
2011 11 28 0   -0.0811   -1.3940    1.3963 
2011 11 29 0    0.0703   -1.3381    1.3400 
2011 11 30 0    0.2337   -1.2051    1.2276 
2011 12 1 0    0.3883   -1.0091    1.0813 
2011 12 2 0    0.5411   -0.7724    0.9430 
2011 12 3 0    0.6917   -0.5268    0.8695 
2011 12 4 0    0.7571   -0.3236    0.8234 
2011 12 5 0    0.7786   -0.1513    0.7932 
2011 12 6 0    0.7747   -0.0026    0.7747 
2011 12 7 0    0.6910    0.1203    0.7014 
2011 12 8 0    0.5852    0.2095    0.6216 
2011 12 9 0    0.4339    0.2908    0.5224 
2011 12 10 0    0.2597    0.3631    0.4464 
2011 12 11 0    0.1046    0.3971    0.4107 
2011 12 12 0    0.0361    0.3766    0.3783 
2011 12 13 0    0.0188    0.3115    0.3121 
2011 12 14 0    0.0965    0.2120    0.2329 
2011 12 15 0    0.2224    0.0945    0.2416 
2011 12 16 0    0.3327    0.0156    0.3330 
2011 12 17 0    0.4199   -0.0637    0.4247 
2011 12 18 0    0.4773   -0.1446    0.4987 
2011 12 19 0    0.5429   -0.1920    0.5758 
2011 12 20 0    0.6092   -0.2260    0.6498 
2011 12 21 0    0.7122   -0.2637    0.7595 
2011 12 22 0    0.8403   -0.2874    0.8881 
2011 12 23 0    0.9522   -0.2090    0.9748 
2011 12 24 0    0.9994   -0.1287    1.0076 
2011 12 25 0    0.9814   -0.0496    0.9827 
2011 12 26 0    0.8899    0.0442    0.8910 
2011 12 27 0    0.7193    0.1650    0.7379 
2011 12 28 0    0.4922    0.2659    0.5594 
2011 12 29 0    0.3003    0.3601    0.4688 
2011 12 30 0    0.1193    0.4477    0.4634 
2011 12 31 0   -0.0545    0.4943    0.4973 
2012 1 1 0   -0.2019    0.4989    0.5382 
2012 1 2 0   -0.2794    0.4907    0.5646 
2012 1 3 0   -0.3300    0.4575    0.5641 
2012 1 4 0   -0.3378    0.4110    0.5320 
2012 1 5 0   -0.3470    0.3984    0.5283 
2012 1 6 0   -0.4071    0.3744    0.5531 
2012 1 7 0   -0.4876    0.3074    0.5764 
2012 1 8 0   -0.5395    0.2562    0.5972 
2012 1 9 0   -0.5661    0.2206    0.6076 
2012 1 10 0   -0.5545    0.1304    0.5696 
2012 1 11 0   -0.4649    0.0334    0.4660 
2012 1 12 0   -0.3937   -0.0303    0.3949 
2012 1 13 0   -0.3456   -0.0425    0.3482 
2012 1 14 0   -0.3346   -0.0648    0.3409 
2012 1 15 0   -0.3123   -0.0886    0.3246 
2012 1 16 0   -0.3125   -0.0911    0.3255 
2012 1 17 0   -0.2372   -0.0776    0.2496 
2012 1 18 0   -0.0934   -0.0992    0.1363 
2012 1 19 0    0.0887   -0.1908    0.2104 
2012 1 20 0    0.2846   -0.2312    0.3666 
2012 1 21 0    0.4968   -0.2336    0.5490 
2012 1 22 0    0.6618   -0.2233    0.6984 
2012 1 23 0    0.7177   -0.2071    0.7470 
2012 1 24 0    0.6879   -0.1081    0.6963 
2012 1 25 0    0.6048    0.0076    0.6049 
2012 1 26 0    0.5458    0.1039    0.5556 
2012 1 27 0    0.4969    0.2330    0.5489 
2012 1 28 0    0.4640    0.3440    0.5776 
2012 1 29 0    0.4442    0.4732    0.6490 
2012 1 30 0    0.4335    0.5637    0.7112 
2012 1 31 0    0.3699    0.6866    0.7799 
2012 2 1 0    0.2402    0.7683    0.8049 
2012 2 2 0    0.0498    0.9017    0.9031 
2012 2 3 0   -0.1626    1.0566    1.0691 
2012 2 4 0   -0.4165    1.2409    1.3089 
2012 2 5 0   -0.6468    1.3285    1.4776 
2012 2 6 0   -0.8344    1.3159    1.5581 
2012 2 7 0   -0.9678    1.1765    1.5234 
2012 2 8 0   -1.0691    0.9501    1.4303 
2012 2 9 0   -1.0850    0.6470    1.2633 
2012 2 10 0   -1.0975    0.3425    1.1497 
2012 2 11 0   -1.0902    0.0349    1.0908 
2012 2 12 0   -1.0710   -0.2207    1.0934 
2012 2 13 0   -0.9894   -0.4677    1.0944 
2012 2 14 0   -0.9180   -0.6924    1.1499 
2012 2 15 0   -0.8199   -0.8620    1.1896 
2012 2 16 0   -0.7314   -0.9416    1.1923 
2012 2 17 0   -0.6213   -0.9809    1.1612 
2012 2 18 0   -0.5657   -1.0460    1.1891 
2012 2 19 0   -0.5310   -1.1032    1.2243 
2012 2 20 0   -0.5304   -1.1778    1.2918 
2012 2 21 0   -0.5243   -1.2589    1.3637 
2012 2 22 0   -0.5237   -1.3689    1.4656 
2012 2 23 0   -0.4675   -1.4326    1.5069 
2012 2 24 0   -0.3857   -1.4781    1.5276 
2012 2 25 0   -0.2649   -1.5078    1.5309 
2012 2 26 0   -0.0858   -1.5415    1.5439 
2012 2 27 0    0.0673   -1.5503    1.5518 
2012 2 28 0    0.1744   -1.5340    1.5439 
2012 2 29 0    0.2953   -1.5565    1.5842 
2012 3 1 0    0.4497   -1.6180    1.6794 
2012 3 2 0    0.5981   -1.6377    1.7435 
2012 3 3 0    0.8013   -1.6326    1.8186 
2012 3 4 0    1.0362   -1.5994    1.9057 
2012 3 5 0    1.2301   -1.5330    1.9655 
2012 3 6 0    1.3521   -1.4106    1.9540 
2012 3 7 0    1.4064   -1.3173    1.9270 
2012 3 8 0    1.4394   -1.2231    1.8889 
2012 3 9 0    1.4423   -1.1232    1.8281 
2012 3 10 0    1.4780   -0.9647    1.7650 
2012 3 11 0    1.4654   -0.7760    1.6582 
2012 3 12 0    1.4636   -0.5391    1.5598 
2012 3 13 0    1.4051   -0.3113    1.4392 
2012 3 14 0    1.3640   -0.0038    1.3640 
2012 3 15 0    1.2882    0.3193    1.3272 
2012 3 16 0    1.2587    0.6376    1.4110 
2012 3 17 0    1.2165    0.9654    1.5530 
2012 3 18 0    1.1089    1.2951    1.7050 
2012 3 19 0    0.9003    1.5157    1.7629 
2012 3 20 0    0.6368    1.6533    1.7717 
2012 3 21 0    0.3354    1.7397    1.7718 
2012 3 22 0    0.0385    1.7237    1.7241 
2012 3 23 0   -0.1274    1.6585    1.6634 
2012 3 24 0   -0.1924    1.5465    1.5584 
2012 3 25 0   -0.1825    1.4759    1.4871 
2012 3 26 0   -0.1192    1.4042    1.4093 
2012 3 27 0   -0.0401    1.3287    1.3293 
2012 3 28 0   -0.0080    1.2384    1.2384 
2012 3 29 0   -0.0174    1.2026    1.2028 
2012 3 30 0   -0.0617    1.1435    1.1452 
2012 3 31 0   -0.1632    1.0877    1.0998 
2012 4 1 0   -0.2893    1.1064    1.1436 
2012 4 2 0   -0.4428    1.1447    1.2274 
2012 4 3 0   -0.6200    1.1661    1.3207 
2012 4 4 0   -0.8587    1.1282    1.4178 
2012 4 5 0   -1.0563    1.0530    1.4915 
2012 4 6 0   -1.2175    0.8938    1.5103 
2012 4 7 0   -1.3279    0.7037    1.5029 
2012 4 8 0   -1.3444    0.4801    1.4275 
2012 4 9 0   -1.2727    0.3017    1.3080 
2012 4 10 0   -1.2074    0.0976    1.2113 
2012 4 11 0   -1.1338   -0.0971    1.1380 
2012 4 12 0   -1.0179   -0.2451    1.0470 
2012 4 13 0   -0.9296   -0.3569    0.9958 
2012 4 14 0   -0.7917   -0.4790    0.9253 
2012 4 15 0   -0.6030   -0.5534    0.8185 
2012 4 16 0   -0.4142   -0.5744    0.7082 
2012 4 17 0   -0.2402   -0.6021    0.6482 
2012 4 18 0   -0.0638   -0.6314    0.6346 
2012 4 19 0    0.1035   -0.6100    0.6187 
2012 4 20 0    0.2375   -0.5334    0.5839 
2012 4 21 0    0.3582   -0.4552    0.5792 
2012 4 22 0    0.4505   -0.3591    0.5761 
2012 4 23 0    0.5712   -0.2538    0.6251 
2012 4 24 0    0.6274   -0.1363    0.6420 
2012 4 25 0    0.6163   -0.0425    0.6177 
2012 4 26 0    0.5477   -0.0120    0.5479 
2012 4 27 0    0.4412    0.0182    0.4415 
2012 4 28 0    0.2991    0.0590    0.3049 
2012 4 29 0    0.1711    0.0943    0.1953 
2012 4 30 0    0.0861    0.0968    0.1295 
2012 5 1 0  -99.0000  -99.0000  -99.0000 
2012 5 2 0  -99.0000  -99.0000  -99.0000 
2012 5 3 0  -99.0000  -99.0000  -99.0000 
2012 5 4 0  -99.0000  -99.0000  -99.0000 
2012 5 5 0  -99.0000  -99.0000  -99.0000 
2012 5 6 0  -99.0000  -99.0000  -99.0000 
2012 5 7 0  -99.0000  -99.0000  -99.0000 
2012 5 8 0  -99.0000  -99.0000  -99.0000 
2012 5 9 0  -99.0000  -99.0000  -99.0000 
2012 5 10 0  -99.0000  -99.0000  -99.0000 
2012 5 11 0  -99.0000  -99.0000  -99.0000 
2012 5 12 0  -99.0000  -99.0000  -99.0000 
2012 5 13 0  -99.0000  -99.0000  -99.0000 
2012 5 14 0  -99.0000  -99.0000  -99.0000 
2012 5 15 0  -99.0000  -99.0000  -99.0000 
2012 5 16 0  -99.0000  -99.0000  -99.0000 
2012 5 17 0  -99.0000  -99.0000  -99.0000 
2012 5 18 0  -99.0000  -99.0000  -99.0000 
2012 5 19 0  -99.0000  -99.0000  -99.0000 
2012 5 20 0  -99.0000  -99.0000  -99.0000 
2012 5 21 0  -99.0000  -99.0000  -99.0000 
2012 5 22 0  -99.0000  -99.0000  -99.0000 
2012 5 23 0  -99.0000  -99.0000  -99.0000 
2012 5 24 0  -99.0000  -99.0000  -99.0000 
2012 5 25 0  -99.0000  -99.0000  -99.0000 
2012 5 26 0  -99.0000  -99.0000  -99.0000 
2012 5 27 0  -99.0000  -99.0000  -99.0000 
2012 5 28 0  -99.0000  -99.0000  -99.0000 
2012 5 29 0  -99.0000  -99.0000  -99.0000 
2012 5 30 0  -99.0000  -99.0000  -99.0000 
2012 5 31 0  -99.0000  -99.0000  -99.0000 
2012 6 1 0  -99.0000  -99.0000  -99.0000 
2012 6 2 0  -99.0000  -99.0000  -99.0000 
2012 6 3 0  -99.0000  -99.0000  -99.0000 
2012 6 4 0  -99.0000  -99.0000  -99.0000 
2012 6 5 0  -99.0000  -99.0000  -99.0000 
2012 6 6 0  -99.0000  -99.0000  -99.0000 
2012 6 7 0  -99.0000  -99.0000  -99.0000 
2012 6 8 0  -99.0000  -99.0000  -99.0000 
2012 6 9 0  -99.0000  -99.0000  -99.0000 
2012 6 10 0  -99.0000  -99.0000  -99.0000 
2012 6 11 0  -99.0000  -99.0000  -99.0000 
2012 6 12 0  -99.0000  -99.0000  -99.0000 
2012 6 13 0  -99.0000  -99.0000  -99.0000 
2012 6 14 0  -99.0000  -99.0000  -99.0000 
2012 6 15 0  -99.0000  -99.0000  -99.0000 
2012 6 16 0  -99.0000  -99.0000  -99.0000 
2012 6 17 0  -99.0000  -99.0000  -99.0000 
2012 6 18 0  -99.0000  -99.0000  -99.0000 
2012 6 19 0  -99.0000  -99.0000  -99.0000 
2012 6 20 0  -99.0000  -99.0000  -99.0000 
2012 6 21 0  -99.0000  -99.0000  -99.0000 
2012 6 22 0  -99.0000  -99.0000  -99.0000 
2012 6 23 0  -99.0000  -99.0000  -99.0000 
2012 6 24 0  -99.0000  -99.0000  -99.0000 
2012 6 25 0  -99.0000  -99.0000  -99.0000 
2012 6 26 0  -99.0000  -99.0000  -99.0000 
2012 6 27 0  -99.0000  -99.0000  -99.0000 
2012 6 28 0  -99.0000  -99.0000  -99.0000 
2012 6 29 0  -99.0000  -99.0000  -99.0000 
2012 6 30 0  -99.0000  -99.0000  -99.0000 
2012 7 1 0  -99.0000  -99.0000  -99.0000 
2012 7 2 0  -99.0000  -99.0000  -99.0000 
2012 7 3 0  -99.0000  -99.0000  -99.0000 
2012 7 4 0  -99.0000  -99.0000  -99.0000 
2012 7 5 0  -99.0000  -99.0000  -99.0000 
2012 7 6 0  -99.0000  -99.0000  -99.0000 
2012 7 7 0  -99.0000  -99.0000  -99.0000 
2012 7 8 0  -99.0000  -99.0000  -99.0000 
2012 7 9 0  -99.0000  -99.0000  -99.0000 
2012 7 10 0  -99.0000  -99.0000  -99.0000 
2012 7 11 0  -99.0000  -99.0000  -99.0000 
2012 7 12 0  -99.0000  -99.0000  -99.0000 
2012 7 13 0  -99.0000  -99.0000  -99.0000 
2012 7 14 0  -99.0000  -99.0000  -99.0000 
2012 7 15 0  -99.0000  -99.0000  -99.0000 
2012 7 16 0  -99.0000  -99.0000  -99.0000 
2012 7 17 0  -99.0000  -99.0000  -99.0000 
2012 7 18 0  -99.0000  -99.0000  -99.0000 
2012 7 19 0  -99.0000  -99.0000  -99.0000 
2012 7 20 0  -99.0000  -99.0000  -99.0000 
2012 7 21 0  -99.0000  -99.0000  -99.0000 
2012 7 22 0  -99.0000  -99.0000  -99.0000 
2012 7 23 0  -99.0000  -99.0000  -99.0000 
2012 7 24 0  -99.0000  -99.0000  -99.0000 
2012 7 25 0  -99.0000  -99.0000  -99.0000 
2012 7 26 0  -99.0000  -99.0000  -99.0000 
2012 7 27 0  -99.0000  -99.0000  -99.0000 
2012 7 28 0  -99.0000  -99.0000  -99.0000 
2012 7 29 0  -99.0000  -99.0000  -99.0000 
2012 7 30 0  -99.0000  -99.0000  -99.0000 
2012 7 31 0  -99.0000  -99.0000  -99.0000 
2012 8 1 0  -99.0000  -99.0000  -99.0000 
2012 8 2 0  -99.0000  -99.0000  -99.0000 
2012 8 3 0  -99.0000  -99.0000  -99.0000 
2012 8 4 0  -99.0000  -99.0000  -99.0000 
2012 8 5 0  -99.0000  -99.0000  -99.0000 
2012 8 6 0  -99.0000  -99.0000  -99.0000 
2012 8 7 0  -99.0000  -99.0000  -99.0000 
2012 8 8 0  -99.0000  -99.0000  -99.0000 
2012 8 9 0  -99.0000  -99.0000  -99.0000 
2012 8 10 0  -99.0000  -99.0000  -99.0000 
2012 8 11 0  -99.0000  -99.0000  -99.0000 
2012 8 12 0  -99.0000  -99.0000  -99.0000 
2012 8 13 0  -99.0000  -99.0000  -99.0000 
2012 8 14 0  -99.0000  -99.0000  -99.0000 
2012 8 15 0  -99.0000  -99.0000  -99.0000 
2012 8 16 0  -99.0000  -99.0000  -99.0000 
2012 8 17 0  -99.0000  -99.0000  -99.0000 
2012 8 18 0  -99.0000  -99.0000  -99.0000 
2012 8 19 0  -99.0000  -99.0000  -99.0000 
2012 8 20 0  -99.0000  -99.0000  -99.0000 
2012 8 21 0  -99.0000  -99.0000  -99.0000 
2012 8 22 0  -99.0000  -99.0000  -99.0000 
2012 8 23 0  -99.0000  -99.0000  -99.0000 
2012 8 24 0  -99.0000  -99.0000  -99.0000 
2012 8 25 0  -99.0000  -99.0000  -99.0000 
2012 8 26 0  -99.0000  -99.0000  -99.0000 
2012 8 27 0  -99.0000  -99.0000  -99.0000 
2012 8 28 0  -99.0000  -99.0000  -99.0000 
2012 8 29 0  -99.0000  -99.0000  -99.0000 
2012 8 30 0  -99.0000  -99.0000  -99.0000 
2012 8 31 0  -99.0000  -99.0000  -99.0000 
2012 9 1 0  -99.0000  -99.0000  -99.0000 
2012 9 2 0  -99.0000  -99.0000  -99.0000 
2012 9 3 0  -99.0000  -99.0000  -99.0000 
2012 9 4 0  -99.0000  -99.0000  -99.0000 
2012 9 5 0  -99.0000  -99.0000  -99.0000 
2012 9 6 0  -99.0000  -99.0000  -99.0000 
2012 9 7 0  -99.0000  -99.0000  -99.0000 
2012 9 8 0  -99.0000  -99.0000  -99.0000 
2012 9 9 0  -99.0000  -99.0000  -99.0000 
2012 9 10 0  -99.0000  -99.0000  -99.0000 
2012 9 11 0  -99.0000  -99.0000  -99.0000 
2012 9 12 0  -99.0000  -99.0000  -99.0000 
2012 9 13 0  -99.0000  -99.0000  -99.0000 
2012 9 14 0  -99.0000  -99.0000  -99.0000 
2012 9 15 0  -99.0000  -99.0000  -99.0000 
2012 9 16 0  -99.0000  -99.0000  -99.0000 
2012 9 17 0  -99.0000  -99.0000  -99.0000 
2012 9 18 0  -99.0000  -99.0000  -99.0000 
2012 9 19 0  -99.0000  -99.0000  -99.0000 
2012 9 20 0  -99.0000  -99.0000  -99.0000 
2012 9 21 0  -99.0000  -99.0000  -99.0000 
2012 9 22 0  -99.0000  -99.0000  -99.0000 
2012 9 23 0  -99.0000  -99.0000  -99.0000 
2012 9 24 0  -99.0000  -99.0000  -99.0000 
2012 9 25 0  -99.0000  -99.0000  -99.0000 
2012 9 26 0  -99.0000  -99.0000  -99.0000 
2012 9 27 0  -99.0000  -99.0000  -99.0000 
2012 9 28 0  -99.0000  -99.0000  -99.0000 
2012 9 29 0  -99.0000  -99.0000  -99.0000 
2012 9 30 0  -99.0000  -99.0000  -99.0000 
2012 10 1 0  -99.0000  -99.0000  -99.0000 
2012 10 2 0  -99.0000  -99.0000  -99.0000 
2012 10 3 0  -99.0000  -99.0000  -99.0000 
2012 10 4 0  -99.0000  -99.0000  -99.0000 
2012 10 5 0  -99.0000  -99.0000  -99.0000 
2012 10 6 0  -99.0000  -99.0000  -99.0000 
2012 10 7 0  -99.0000  -99.0000  -99.0000 
2012 10 8 0  -99.0000  -99.0000  -99.0000 
2012 10 9 0  -99.0000  -99.0000  -99.0000 
2012 10 10 0  -99.0000  -99.0000  -99.0000 
2012 10 11 0  -99.0000  -99.0000  -99.0000 
2012 10 12 0  -99.0000  -99.0000  -99.0000 
2012 10 13 0  -99.0000  -99.0000  -99.0000 
2012 10 14 0  -99.0000  -99.0000  -99.0000 
2012 10 15 0  -99.0000  -99.0000  -99.0000 
2012 10 16 0  -99.0000  -99.0000  -99.0000 
2012 10 17 0  -99.0000  -99.0000  -99.0000 
2012 10 18 0  -99.0000  -99.0000  -99.0000 
2012 10 19 0  -99.0000  -99.0000  -99.0000 
2012 10 20 0  -99.0000  -99.0000  -99.0000 
2012 10 21 0  -99.0000  -99.0000  -99.0000 
2012 10 22 0  -99.0000  -99.0000  -99.0000 
2012 10 23 0  -99.0000  -99.0000  -99.0000 
2012 10 24 0  -99.0000  -99.0000  -99.0000 
2012 10 25 0  -99.0000  -99.0000  -99.0000 
2012 10 26 0  -99.0000  -99.0000  -99.0000 
2012 10 27 0  -99.0000  -99.0000  -99.0000 
2012 10 28 0  -99.0000  -99.0000  -99.0000 
2012 10 29 0  -99.0000  -99.0000  -99.0000 
2012 10 30 0  -99.0000  -99.0000  -99.0000 
2012 10 31 0  -99.0000  -99.0000  -99.0000 
2012 11 1 0   -0.2201   -1.0767    1.0990 
2012 11 2 0   -0.1464   -1.1089    1.1185 
2012 11 3 0   -0.0168   -1.1076    1.1077 
2012 11 4 0    0.0885   -1.0740    1.0777 
2012 11 5 0    0.2009   -0.9070    0.9290 
2012 11 6 0    0.2787   -0.6991    0.7526 
2012 11 7 0    0.3563   -0.5109    0.6228 
2012 11 8 0    0.4176   -0.4072    0.5832 
2012 11 9 0    0.4238   -0.3568    0.5540 
2012 11 10 0    0.3771   -0.3201    0.4947 
2012 11 11 0    0.3355   -0.2499    0.4184 
2012 11 12 0    0.2600   -0.1789    0.3156 
2012 11 13 0    0.1778   -0.1063    0.2071 
2012 11 14 0    0.1415   -0.0111    0.1419 
2012 11 15 0    0.1424    0.0696    0.1585 
2012 11 16 0    0.1589    0.1097    0.1931 
2012 11 17 0    0.1872    0.1691    0.2522 
2012 11 18 0    0.1876    0.2353    0.3009 
2012 11 19 0    0.2025    0.2767    0.3429 
2012 11 20 0    0.1989    0.2870    0.3492 
2012 11 21 0    0.1436    0.2753    0.3106 
2012 11 22 0    0.0789    0.2150    0.2291 
2012 11 23 0    0.0023    0.1019    0.1019 
2012 11 24 0   -0.1426   -0.0555    0.1530 
2012 11 25 0   -0.2960   -0.2005    0.3575 
2012 11 26 0   -0.3918   -0.3422    0.5203 
2012 11 27 0   -0.4873   -0.4673    0.6752 
2012 11 28 0   -0.5198   -0.5836    0.7815 
2012 11 29 0   -0.4840   -0.6818    0.8362 
2012 11 30 0   -0.4272   -0.7810    0.8902 
2012 12 1 0   -0.4070   -0.8434    0.9365 
2012 12 2 0   -0.3559   -0.8898    0.9584 
2012 12 3 0   -0.3039   -0.8568    0.9091 
2012 12 4 0   -0.2031   -0.7818    0.8077 
2012 12 5 0   -0.1185   -0.7065    0.7164 
2012 12 6 0   -0.0360   -0.6623    0.6633 
2012 12 7 0    0.0064   -0.6149    0.6149 
2012 12 8 0   -0.0117   -0.6087    0.6088 
2012 12 9 0   -0.1416   -0.6123    0.6285 
2012 12 10 0   -0.3316   -0.6193    0.7025 
2012 12 11 0   -0.5375   -0.6258    0.8250 
2012 12 12 0   -0.7310   -0.6239    0.9610 
2012 12 13 0   -0.9141   -0.6175    1.1031 
2012 12 14 0   -1.0749   -0.5679    1.2157 
2012 12 15 0   -1.0998   -0.5271    1.2196 
2012 12 16 0   -1.0455   -0.4633    1.1435 
2012 12 17 0   -0.9327   -0.4119    1.0196 
2012 12 18 0   -0.7520   -0.4081    0.8556 
2012 12 19 0   -0.5070   -0.4559    0.6818 
2012 12 20 0   -0.2925   -0.4792    0.5614 
2012 12 21 0   -0.1309   -0.5583    0.5735 
2012 12 22 0   -0.0108   -0.6643    0.6644 
2012 12 23 0    0.0883   -0.7303    0.7356 
2012 12 24 0    0.1797   -0.7742    0.7948 
2012 12 25 0    0.2261   -0.8188    0.8495 
2012 12 26 0    0.2866   -0.8212    0.8697 
2012 12 27 0    0.3128   -0.8088    0.8672 
2012 12 28 0    0.3643   -0.7655    0.8477 
2012 12 29 0    0.4290   -0.7758    0.8865 
2012 12 30 0    0.5324   -0.7990    0.9601 
2012 12 31 0    0.6430   -0.7876    1.0168 
2013 1 1 0    0.7791   -0.7348    1.0709 
2013 1 2 0    0.9281   -0.7016    1.1635 
2013 1 3 0    1.1229   -0.6123    1.2790 
2013 1 4 0    1.2853   -0.5065    1.3815 
2013 1 5 0    1.4299   -0.3828    1.4802 
2013 1 6 0    1.5455   -0.2210    1.5612 
2013 1 7 0    1.5894   -0.0138    1.5895 
2013 1 8 0    1.4930    0.2316    1.5108 
2013 1 9 0    1.3395    0.5218    1.4375 
2013 1 10 0    1.1040    0.8172    1.3735 
2013 1 11 0    0.7921    1.0782    1.3379 
2013 1 12 0    0.4528    1.2782    1.3560 
2013 1 13 0    0.1111    1.3834    1.3878 
2013 1 14 0   -0.1817    1.4120    1.4237 
2013 1 15 0   -0.4024    1.3739    1.4316 
2013 1 16 0   -0.5199    1.2585    1.3617 
2013 1 17 0   -0.6131    1.1218    1.2784 
2013 1 18 0   -0.6427    1.0084    1.1958 
2013 1 19 0   -0.6483    0.9093    1.1167 
2013 1 20 0   -0.5854    0.8330    1.0182 
2013 1 21 0   -0.4862    0.8045    0.9400 
2013 1 22 0   -0.3850    0.8241    0.9096 
2013 1 23 0   -0.2744    0.8821    0.9238 
2013 1 24 0   -0.2199    0.9585    0.9834 
2013 1 25 0   -0.2735    1.0187    1.0548 
2013 1 26 0   -0.4126    1.0160    1.0966 
2013 1 27 0   -0.5482    0.9428    1.0906 
2013 1 28 0   -0.7702    0.8177    1.1233 
2013 1 29 0   -1.0242    0.6452    1.2105 
2013 1 30 0   -1.2348    0.4227    1.3052 
2013 1 31 0   -1.3706    0.2135    1.3872 
2013 2 1 0   -1.4797    0.0198    1.4799 
2013 2 2 0   -1.4719   -0.1638    1.4809 
2013 2 3 0   -1.3592   -0.3340    1.3996 
2013 2 4 0   -1.2117   -0.4637    1.2974 
2013 2 5 0   -1.1099   -0.5683    1.2469 
2013 2 6 0   -1.0742   -0.6424    1.2516 
2013 2 7 0   -1.0979   -0.6960    1.2999 
2013 2 8 0   -1.1529   -0.7812    1.3927 
2013 2 9 0   -1.1864   -0.8837    1.4794 
2013 2 10 0   -1.1342   -0.9605    1.4863 
2013 2 11 0   -0.9745   -1.0817    1.4559 
2013 2 12 0   -0.7176   -1.2014    1.3994 
2013 2 13 0   -0.3447   -1.1789    1.2282 
2013 2 14 0    0.0676   -1.0656    1.0678 
2013 2 15 0    0.4255   -0.9547    1.0453 
2013 2 16 0    0.7192   -0.7701    1.0537 
2013 2 17 0    0.9300   -0.5556    1.0833 
2013 2 18 0    1.0359   -0.3879    1.1062 
2013 2 19 0    1.0881   -0.2520    1.1169 
2013 2 20 0    1.1159   -0.0850    1.1191 
2013 2 21 0    1.1290    0.0561    1.1304 
2013 2 22 0    1.1010    0.1998    1.1190 
2013 2 23 0    1.0345    0.3660    1.0973 
2013 2 24 0    0.9374    0.5574    1.0906 
2013 2 25 0    0.8452    0.7348    1.1200 
2013 2 26 0    0.7446    0.9028    1.1702 
2013 2 27 0    0.6745    1.0233    1.2256 
2013 2 28 0    0.6512    1.1037    1.2815 
2013 3 1 0    0.6231    1.1284    1.2890 
2013 3 2 0    0.5380    1.1335    1.2547 
2013 3 3 0    0.4166    1.1355    1.2095 
2013 3 4 0    0.2655    1.1758    1.2054 
2013 3 5 0    0.0882    1.2088    1.2120 
2013 3 6 0   -0.0094    1.2499    1.2500 
2013 3 7 0   -0.0227    1.2734    1.2736 
2013 3 8 0    0.0114    1.2944    1.2945 
2013 3 9 0    0.0860    1.2818    1.2846 
2013 3 10 0    0.1556    1.2437    1.2534 
2013 3 11 0    0.1408    1.2327    1.2407 
2013 3 12 0    0.0899    1.2424    1.2457 
2013 3 13 0   -0.0198    1.2304    1.2305 
2013 3 14 0   -0.1971    1.1610    1.1777 
2013 3 15 0   -0.4343    1.0508    1.1370 
2013 3 16 0   -0.6769    0.8605    1.0948 
2013 3 17 0   -0.9186    0.6078    1.1015 
2013 3 18 0   -1.0397    0.4136    1.1190 
2013 3 19 0   -1.0889    0.2575    1.1189 
2013 3 20 0   -1.0504    0.1188    1.0571 
2013 3 21 0   -0.9743    0.0507    0.9756 
2013 3 22 0   -0.8567    0.0198    0.8570 
2013 3 23 0   -0.7005   -0.0204    0.7008 
2013 3 24 0   -0.5078   -0.0290    0.5086 
2013 3 25 0   -0.3143    0.0008    0.3143 
2013 3 26 0   -0.1210   -0.0211    0.1228 
2013 3 27 0    0.0400   -0.0604    0.0725 
2013 3 28 0    0.1137   -0.1745    0.2083 
2013 3 29 0    0.1378   -0.3352    0.3624 
2013 3 30 0    0.1658   -0.5365    0.5615 
2013 3 31 0    0.1872   -0.7713    0.7937 
2013 4 1 0    0.2228   -0.9572    0.9828 
2013 4 2 0    0.3213   -1.0522    1.1002 
2013 4 3 0    0.4396   -1.0852    1.1709 
2013 4 4 0    0.5640   -1.0414    1.1843 
2013 4 5 0    0.6620   -0.9245    1.1371 
2013 4 6 0    0.7411   -0.7983    1.0893 
2013 4 7 0    0.7562   -0.6851    1.0204 
2013 4 8 0    0.7685   -0.5390    0.9386 
2013 4 9 0    0.7557   -0.3964    0.8533 
2013 4 10 0    0.7211   -0.2639    0.7679 
2013 4 11 0    0.6514   -0.1337    0.6650 
2013 4 12 0    0.5570   -0.0138    0.5572 
2013 4 13 0    0.4406    0.0585    0.4445 
2013 4 14 0    0.2862    0.0866    0.2990 
2013 4 15 0    0.1035    0.1104    0.1513 
2013 4 16 0   -0.0874    0.1158    0.1451 
2013 4 17 0   -0.2510    0.1016    0.2708 
2013 4 18 0   -0.3846    0.0940    0.3959 
2013 4 19 0   -0.4601    0.0690    0.4652 
2013 4 20 0   -0.4460    0.0631    0.4505 
2013 4 21 0   -0.3767    0.0789    0.3849 
2013 4 22 0   -0.2789    0.0773    0.2894 
2013 4 23 0   -0.2155    0.0398    0.2191 
2013 4 24 0   -0.1890    0.0367    0.1925 
2013 4 25 0   -0.2062    0.0201    0.2072 
2013 4 26 0   -0.2596   -0.0320    0.2615 
2013 4 27 0   -0.3558   -0.0344    0.3574 
2013 4 28 0   -0.4668   -0.0235    0.4674 
2013 4 29 0   -0.6049   -0.0741    0.6094 
2013 4 30 0   -0.7191   -0.1582    0.7363 
2013 5 1 0  -99.0000  -99.0000  -99.0000 
2013 5 2 0  -99.0000  -99.0000  -99.0000 
2013 5 3 0  -99.0000  -99.0000  -99.0000 
2013 5 4 0  -99.0000  -99.0000  -99.0000 
2013 5 5 0  -99.0000  -99.0000  -99.0000 
2013 5 6 0  -99.0000  -99.0000  -99.0000 
2013 5 7 0  -99.0000  -99.0000  -99.0000 
2013 5 8 0  -99.0000  -99.0000  -99.0000 
2013 5 9 0  -99.0000  -99.0000  -99.0000 
2013 5 10 0  -99.0000  -99.0000  -99.0000 
2013 5 11 0  -99.0000  -99.0000  -99.0000 
2013 5 12 0  -99.0000  -99.0000  -99.0000 
2013 5 13 0  -99.0000  -99.0000  -99.0000 
2013 5 14 0  -99.0000  -99.0000  -99.0000 
2013 5 15 0  -99.0000  -99.0000  -99.0000 
2013 5 16 0  -99.0000  -99.0000  -99.0000 
2013 5 17 0  -99.0000  -99.0000  -99.0000 
2013 5 18 0  -99.0000  -99.0000  -99.0000 
2013 5 19 0  -99.0000  -99.0000  -99.0000 
2013 5 20 0  -99.0000  -99.0000  -99.0000 
2013 5 21 0  -99.0000  -99.0000  -99.0000 
2013 5 22 0  -99.0000  -99.0000  -99.0000 
2013 5 23 0  -99.0000  -99.0000  -99.0000 
2013 5 24 0  -99.0000  -99.0000  -99.0000 
2013 5 25 0  -99.0000  -99.0000  -99.0000 
2013 5 26 0  -99.0000  -99.0000  -99.0000 
2013 5 27 0  -99.0000  -99.0000  -99.0000 
2013 5 28 0  -99.0000  -99.0000  -99.0000 
2013 5 29 0  -99.0000  -99.0000  -99.0000 
2013 5 30 0  -99.0000  -99.0000  -99.0000 
2013 5 31 0  -99.0000  -99.0000  -99.0000 
2013 6 1 0  -99.0000  -99.0000  -99.0000 
2013 6 2 0  -99.0000  -99.0000  -99.0000 
2013 6 3 0  -99.0000  -99.0000  -99.0000 
2013 6 4 0  -99.0000  -99.0000  -99.0000 
2013 6 5 0  -99.0000  -99.0000  -99.0000 
2013 6 6 0  -99.0000  -99.0000  -99.0000 
2013 6 7 0  -99.0000  -99.0000  -99.0000 
2013 6 8 0  -99.0000  -99.0000  -99.0000 
2013 6 9 0  -99.0000  -99.0000  -99.0000 
2013 6 10 0  -99.0000  -99.0000  -99.0000 
2013 6 11 0  -99.0000  -99.0000  -99.0000 
2013 6 12 0  -99.0000  -99.0000  -99.0000 
2013 6 13 0  -99.0000  -99.0000  -99.0000 
2013 6 14 0  -99.0000  -99.0000  -99.0000 
2013 6 15 0  -99.0000  -99.0000  -99.0000 
2013 6 16 0  -99.0000  -99.0000  -99.0000 
2013 6 17 0  -99.0000  -99.0000  -99.0000 
2013 6 18 0  -99.0000  -99.0000  -99.0000 
2013 6 19 0  -99.0000  -99.0000  -99.0000 
2013 6 20 0  -99.0000  -99.0000  -99.0000 
2013 6 21 0  -99.0000  -99.0000  -99.0000 
2013 6 22 0  -99.0000  -99.0000  -99.0000 
2013 6 23 0  -99.0000  -99.0000  -99.0000 
2013 6 24 0  -99.0000  -99.0000  -99.0000 
2013 6 25 0  -99.0000  -99.0000  -99.0000 
2013 6 26 0  -99.0000  -99.0000  -99.0000 
2013 6 27 0  -99.0000  -99.0000  -99.0000 
2013 6 28 0  -99.0000  -99.0000  -99.0000 
2013 6 29 0  -99.0000  -99.0000  -99.0000 
2013 6 30 0  -99.0000  -99.0000  -99.0000 
2013 7 1 0  -99.0000  -99.0000  -99.0000 
2013 7 2 0  -99.0000  -99.0000  -99.0000 
2013 7 3 0  -99.0000  -99.0000  -99.0000 
2013 7 4 0  -99.0000  -99.0000  -99.0000 
2013 7 5 0  -99.0000  -99.0000  -99.0000 
2013 7 6 0  -99.0000  -99.0000  -99.0000 
2013 7 7 0  -99.0000  -99.0000  -99.0000 
2013 7 8 0  -99.0000  -99.0000  -99.0000 
2013 7 9 0  -99.0000  -99.0000  -99.0000 
2013 7 10 0  -99.0000  -99.0000  -99.0000 
2013 7 11 0  -99.0000  -99.0000  -99.0000 
2013 7 12 0  -99.0000  -99.0000  -99.0000 
2013 7 13 0  -99.0000  -99.0000  -99.0000 
2013 7 14 0  -99.0000  -99.0000  -99.0000 
2013 7 15 0  -99.0000  -99.0000  -99.0000 
2013 7 16 0  -99.0000  -99.0000  -99.0000 
2013 7 17 0  -99.0000  -99.0000  -99.0000 
2013 7 18 0  -99.0000  -99.0000  -99.0000 
2013 7 19 0  -99.0000  -99.0000  -99.0000 
2013 7 20 0  -99.0000  -99.0000  -99.0000 
2013 7 21 0  -99.0000  -99.0000  -99.0000 
2013 7 22 0  -99.0000  -99.0000  -99.0000 
2013 7 23 0  -99.0000  -99.0000  -99.0000 
2013 7 24 0  -99.0000  -99.0000  -99.0000 
2013 7 25 0  -99.0000  -99.0000  -99.0000 
2013 7 26 0  -99.0000  -99.0000  -99.0000 
2013 7 27 0  -99.0000  -99.0000  -99.0000 
2013 7 28 0  -99.0000  -99.0000  -99.0000 
2013 7 29 0  -99.0000  -99.0000  -99.0000 
2013 7 30 0  -99.0000  -99.0000  -99.0000 
2013 7 31 0  -99.0000  -99.0000  -99.0000 
2013 8 1 0  -99.0000  -99.0000  -99.0000 
2013 8 2 0  -99.0000  -99.0000  -99.0000 
2013 8 3 0  -99.0000  -99.0000  -99.0000 
2013 8 4 0  -99.0000  -99.0000  -99.0000 
2013 8 5 0  -99.0000  -99.0000  -99.0000 
2013 8 6 0  -99.0000  -99.0000  -99.0000 
2013 8 7 0  -99.0000  -99.0000  -99.0000 
2013 8 8 0  -99.0000  -99.0000  -99.0000 
2013 8 9 0  -99.0000  -99.0000  -99.0000 
2013 8 10 0  -99.0000  -99.0000  -99.0000 
2013 8 11 0  -99.0000  -99.0000  -99.0000 
2013 8 12 0  -99.0000  -99.0000  -99.0000 
2013 8 13 0  -99.0000  -99.0000  -99.0000 
2013 8 14 0  -99.0000  -99.0000  -99.0000 
2013 8 15 0  -99.0000  -99.0000  -99.0000 
2013 8 16 0  -99.0000  -99.0000  -99.0000 
2013 8 17 0  -99.0000  -99.0000  -99.0000 
2013 8 18 0  -99.0000  -99.0000  -99.0000 
2013 8 19 0  -99.0000  -99.0000  -99.0000 
2013 8 20 0  -99.0000  -99.0000  -99.0000 
2013 8 21 0  -99.0000  -99.0000  -99.0000 
2013 8 22 0  -99.0000  -99.0000  -99.0000 
2013 8 23 0  -99.0000  -99.0000  -99.0000 
2013 8 24 0  -99.0000  -99.0000  -99.0000 
2013 8 25 0  -99.0000  -99.0000  -99.0000 
2013 8 26 0  -99.0000  -99.0000  -99.0000 
2013 8 27 0  -99.0000  -99.0000  -99.0000 
2013 8 28 0  -99.0000  -99.0000  -99.0000 
2013 8 29 0  -99.0000  -99.0000  -99.0000 
2013 8 30 0  -99.0000  -99.0000  -99.0000 
2013 8 31 0  -99.0000  -99.0000  -99.0000 
2013 9 1 0  -99.0000  -99.0000  -99.0000 
2013 9 2 0  -99.0000  -99.0000  -99.0000 
2013 9 3 0  -99.0000  -99.0000  -99.0000 
2013 9 4 0  -99.0000  -99.0000  -99.0000 
2013 9 5 0  -99.0000  -99.0000  -99.0000 
2013 9 6 0  -99.0000  -99.0000  -99.0000 
2013 9 7 0  -99.0000  -99.0000  -99.0000 
2013 9 8 0  -99.0000  -99.0000  -99.0000 
2013 9 9 0  -99.0000  -99.0000  -99.0000 
2013 9 10 0  -99.0000  -99.0000  -99.0000 
2013 9 11 0  -99.0000  -99.0000  -99.0000 
2013 9 12 0  -99.0000  -99.0000  -99.0000 
2013 9 13 0  -99.0000  -99.0000  -99.0000 
2013 9 14 0  -99.0000  -99.0000  -99.0000 
2013 9 15 0  -99.0000  -99.0000  -99.0000 
2013 9 16 0  -99.0000  -99.0000  -99.0000 
2013 9 17 0  -99.0000  -99.0000  -99.0000 
2013 9 18 0  -99.0000  -99.0000  -99.0000 
2013 9 19 0  -99.0000  -99.0000  -99.0000 
2013 9 20 0  -99.0000  -99.0000  -99.0000 
2013 9 21 0  -99.0000  -99.0000  -99.0000 
2013 9 22 0  -99.0000  -99.0000  -99.0000 
2013 9 23 0  -99.0000  -99.0000  -99.0000 
2013 9 24 0  -99.0000  -99.0000  -99.0000 
2013 9 25 0  -99.0000  -99.0000  -99.0000 
2013 9 26 0  -99.0000  -99.0000  -99.0000 
2013 9 27 0  -99.0000  -99.0000  -99.0000 
2013 9 28 0  -99.0000  -99.0000  -99.0000 
2013 9 29 0  -99.0000  -99.0000  -99.0000 
2013 9 30 0  -99.0000  -99.0000  -99.0000 
2013 10 1 0  -99.0000  -99.0000  -99.0000 
2013 10 2 0  -99.0000  -99.0000  -99.0000 
2013 10 3 0  -99.0000  -99.0000  -99.0000 
2013 10 4 0  -99.0000  -99.0000  -99.0000 
2013 10 5 0  -99.0000  -99.0000  -99.0000 
2013 10 6 0  -99.0000  -99.0000  -99.0000 
2013 10 7 0  -99.0000  -99.0000  -99.0000 
2013 10 8 0  -99.0000  -99.0000  -99.0000 
2013 10 9 0  -99.0000  -99.0000  -99.0000 
2013 10 10 0  -99.0000  -99.0000  -99.0000 
2013 10 11 0  -99.0000  -99.0000  -99.0000 
2013 10 12 0  -99.0000  -99.0000  -99.0000 
2013 10 13 0  -99.0000  -99.0000  -99.0000 
2013 10 14 0  -99.0000  -99.0000  -99.0000 
2013 10 15 0  -99.0000  -99.0000  -99.0000 
2013 10 16 0  -99.0000  -99.0000  -99.0000 
2013 10 17 0  -99.0000  -99.0000  -99.0000 
2013 10 18 0  -99.0000  -99.0000  -99.0000 
2013 10 19 0  -99.0000  -99.0000  -99.0000 
2013 10 20 0  -99.0000  -99.0000  -99.0000 
2013 10 21 0  -99.0000  -99.0000  -99.0000 
2013 10 22 0  -99.0000  -99.0000  -99.0000 
2013 10 23 0  -99.0000  -99.0000  -99.0000 
2013 10 24 0  -99.0000  -99.0000  -99.0000 
2013 10 25 0  -99.0000  -99.0000  -99.0000 
2013 10 26 0  -99.0000  -99.0000  -99.0000 
2013 10 27 0  -99.0000  -99.0000  -99.0000 
2013 10 28 0  -99.0000  -99.0000  -99.0000 
2013 10 29 0  -99.0000  -99.0000  -99.0000 
2013 10 30 0  -99.0000  -99.0000  -99.0000 
2013 10 31 0  -99.0000  -99.0000  -99.0000 
2013 11 1 0   -0.7910    0.0202    0.7912 
2013 11 2 0   -0.7784   -0.0644    0.7810 
2013 11 3 0   -0.7256   -0.1154    0.7347 
2013 11 4 0   -0.6347   -0.1471    0.6515 
2013 11 5 0   -0.4903   -0.1898    0.5257 
2013 11 6 0   -0.3211   -0.2550    0.4100 
2013 11 7 0   -0.1629   -0.3127    0.3525 
2013 11 8 0   -0.0402   -0.3833    0.3854 
2013 11 9 0    0.0498   -0.4853    0.4878 
2013 11 10 0    0.0751   -0.5809    0.5858 
2013 11 11 0    0.0989   -0.5677    0.5762 
2013 11 12 0    0.1309   -0.5579    0.5731 
2013 11 13 0    0.1374   -0.5526    0.5694 
2013 11 14 0    0.1088   -0.4994    0.5112 
2013 11 15 0    0.0563   -0.4436    0.4472 
2013 11 16 0   -0.0072   -0.3960    0.3960 
2013 11 17 0   -0.0628   -0.3235    0.3295 
2013 11 18 0   -0.1116   -0.2035    0.2321 
2013 11 19 0   -0.1445   -0.1105    0.1819 
2013 11 20 0   -0.1590   -0.0542    0.1680 
2013 11 21 0   -0.1742   -0.0548    0.1826 
2013 11 22 0   -0.1822   -0.0145    0.1828 
2013 11 23 0   -0.1160    0.0065    0.1162 
2013 11 24 0   -0.0626    0.0334    0.0710 
2013 11 25 0    0.0067    0.1044    0.1046 
2013 11 26 0    0.0934    0.1584    0.1839 
2013 11 27 0    0.1342    0.1457    0.1981 
2013 11 28 0    0.0616    0.0477    0.0779 
2013 11 29 0   -0.0431   -0.0515    0.0671 
2013 11 30 0   -0.1610   -0.1810    0.2423 
2013 12 1 0   -0.2876   -0.3152    0.4267 
2013 12 2 0   -0.3351   -0.4237    0.5402 
2013 12 3 0   -0.2771   -0.4484    0.5271 
2013 12 4 0   -0.1992   -0.5028    0.5408 
2013 12 5 0   -0.0919   -0.5757    0.5830 
2013 12 6 0   -0.0048   -0.6290    0.6290 
2013 12 7 0    0.0894   -0.7044    0.7101 
2013 12 8 0    0.1214   -0.7902    0.7995 
2013 12 9 0    0.1895   -0.8371    0.8583 
2013 12 10 0    0.2357   -0.8647    0.8963 
2013 12 11 0    0.3035   -0.8897    0.9401 
2013 12 12 0    0.2994   -0.9111    0.9590 
2013 12 13 0    0.3572   -0.8920    0.9608 
2013 12 14 0    0.4294   -0.8332    0.9374 
2013 12 15 0    0.4956   -0.7044    0.8613 
2013 12 16 0    0.5552   -0.5318    0.7688 
2013 12 17 0    0.6423   -0.3472    0.7301 
2013 12 18 0    0.6741   -0.1856    0.6992 
2013 12 19 0    0.6597   -0.0872    0.6654 
2013 12 20 0    0.6037   -0.0700    0.6078 
2013 12 21 0    0.4893   -0.0883    0.4972 
2013 12 22 0    0.3600   -0.0785    0.3685 
2013 12 23 0    0.2425   -0.0795    0.2553 
2013 12 24 0    0.1691   -0.0290    0.1715 
2013 12 25 0    0.1749    0.0586    0.1844 
2013 12 26 0    0.2653    0.1717    0.3160 
2013 12 27 0    0.3147    0.2264    0.3877 
2013 12 28 0    0.3094    0.3028    0.4329 
2013 12 29 0    0.3129    0.3448    0.4656 
2013 12 30 0    0.2863    0.3756    0.4723 
2013 12 31 0    0.1837    0.3665    0.4100 
2014 1 1 0    0.1068    0.3907    0.4051 
2014 1 2 0    0.0380    0.3768    0.3788 
2014 1 3 0   -0.0683    0.3311    0.3381 
2014 1 4 0   -0.1952    0.2386    0.3083 
2014 1 5 0   -0.2685    0.1681    0.3168 
2014 1 6 0   -0.2862    0.0937    0.3012 
2014 1 7 0   -0.2358    0.0013    0.2358 
2014 1 8 0   -0.1488   -0.0924    0.1751 
2014 1 9 0   -0.0301   -0.1217    0.1253 
2014 1 10 0    0.1336   -0.1346    0.1896 
2014 1 11 0    0.2801   -0.1669    0.3261 
2014 1 12 0    0.3842   -0.1330    0.4066 
2014 1 13 0    0.4637   -0.0070    0.4638 
2014 1 14 0    0.5288    0.1318    0.5449 
2014 1 15 0    0.5100    0.2742    0.5791 
2014 1 16 0    0.4478    0.4261    0.6182 
2014 1 17 0    0.4315    0.6053    0.7433 
2014 1 18 0    0.4629    0.7592    0.8892 
2014 1 19 0    0.4815    0.9270    1.0446 
2014 1 20 0    0.4949    1.0912    1.1982 
2014 1 21 0    0.4895    1.2723    1.3632 
2014 1 22 0    0.3842    1.3801    1.4326 
2014 1 23 0    0.1790    1.4507    1.4617 
2014 1 24 0   -0.0105    1.4440    1.4440 
2014 1 25 0   -0.1630    1.3287    1.3387 
2014 1 26 0   -0.2413    1.1587    1.1836 
2014 1 27 0   -0.2212    1.0150    1.0389 
2014 1 28 0   -0.1556    0.8549    0.8690 
2014 1 29 0   -0.1178    0.7081    0.7179 
2014 1 30 0   -0.1279    0.6362    0.6489 
2014 1 31 0   -0.1953    0.5734    0.6057 
2014 2 1 0   -0.2863    0.4694    0.5498 
2014 2 2 0   -0.3083    0.3410    0.4598 
2014 2 3 0   -0.2806    0.1464    0.3165 
2014 2 4 0   -0.1892   -0.0715    0.2022 
2014 2 5 0   -0.0300   -0.2844    0.2859 
2014 2 6 0    0.1424   -0.4489    0.4710 
2014 2 7 0    0.2706   -0.5730    0.6337 
2014 2 8 0    0.4106   -0.6134    0.7382 
2014 2 9 0    0.4862   -0.6370    0.8013 
2014 2 10 0    0.5079   -0.6482    0.8235 
2014 2 11 0    0.5270   -0.5952    0.7950 
2014 2 12 0    0.5565   -0.4970    0.7461 
2014 2 13 0    0.5230   -0.3626    0.6364 
2014 2 14 0    0.5036   -0.1339    0.5211 
2014 2 15 0    0.5059    0.1687    0.5333 
2014 2 16 0    0.4944    0.3715    0.6184 
2014 2 17 0    0.4411    0.5430    0.6996 
2014 2 18 0    0.3930    0.6933    0.7969 
2014 2 19 0    0.3251    0.7661    0.8322 
2014 2 20 0    0.1728    0.7476    0.7673 
2014 2 21 0   -0.0409    0.7495    0.7506 
2014 2 22 0   -0.2787    0.7878    0.8357 
2014 2 23 0   -0.5194    0.8239    0.9740 
2014 2 24 0   -0.7664    0.8397    1.1368 
2014 2 25 0   -0.9490    0.8737    1.2899 
2014 2 26 0   -1.0407    0.9065    1.3801 
2014 2 27 0   -1.0501    0.8562    1.3549 
2014 2 28 0   -1.0282    0.7934    1.2988 
2014 3 1 0   -0.9633    0.7341    1.2111 
2014 3 2 0   -0.8833    0.7111    1.1340 
2014 3 3 0   -0.8145    0.6722    1.0561 
2014 3 4 0   -0.7968    0.6477    1.0269 
2014 3 5 0   -0.8348    0.6272    1.0442 
2014 3 6 0   -0.9255    0.5817    1.0931 
2014 3 7 0   -0.9987    0.4609    1.0999 
2014 3 8 0   -1.1055    0.3204    1.1510 
2014 3 9 0   -1.2083    0.1853    1.2225 
2014 3 10 0   -1.2587    0.0086    1.2588 
2014 3 11 0   -1.1980   -0.1540    1.2079 
2014 3 12 0   -1.1046   -0.2337    1.1290 
2014 3 13 0   -0.9091   -0.3015    0.9578 
2014 3 14 0   -0.6986   -0.3715    0.7912 
2014 3 15 0   -0.4788   -0.4122    0.6318 
2014 3 16 0   -0.3043   -0.4102    0.5108 
2014 3 17 0   -0.2101   -0.4032    0.4547 
2014 3 18 0   -0.2019   -0.3447    0.3995 
2014 3 19 0   -0.1926   -0.2973    0.3543 
2014 3 20 0   -0.2210   -0.2405    0.3266 
2014 3 21 0   -0.3046   -0.2344    0.3844 
2014 3 22 0   -0.3393   -0.2925    0.4480 
2014 3 23 0   -0.3853   -0.3962    0.5527 
2014 3 24 0   -0.4823   -0.4841    0.6834 
2014 3 25 0   -0.5358   -0.5948    0.8005 
2014 3 26 0   -0.5071   -0.7017    0.8658 
2014 3 27 0   -0.4809   -0.7804    0.9167 
2014 3 28 0   -0.4038   -0.8336    0.9262 
2014 3 29 0   -0.2312   -0.8938    0.9233 
2014 3 30 0   -0.0292   -0.9431    0.9436 
2014 3 31 0    0.1569   -0.9872    0.9996 
2014 4 1 0    0.3619   -1.0086    1.0715 
2014 4 2 0    0.5946   -0.9890    1.1539 
2014 4 3 0    0.8310   -0.8922    1.2193 
2014 4 4 0    1.0325   -0.7220    1.2599 
2014 4 5 0    1.2358   -0.4574    1.3178 
2014 4 6 0    1.3933   -0.1810    1.4050 
2014 4 7 0    1.4991    0.1086    1.5031 
2014 4 8 0    1.4797    0.3386    1.5180 
2014 4 9 0    1.4290    0.5035    1.5151 
2014 4 10 0    1.3145    0.5927    1.4420 
2014 4 11 0    1.1680    0.6468    1.3351 
2014 4 12 0    0.9696    0.6721    1.1797 
2014 4 13 0    0.8100    0.7707    1.1181 
2014 4 14 0    0.6642    0.8986    1.1175 
2014 4 15 0    0.5485    1.0219    1.1598 
2014 4 16 0    0.4566    1.0865    1.1785 
2014 4 17 0    0.4243    1.0864    1.1663 
2014 4 18 0    0.4179    1.0142    1.0969 
2014 4 19 0    0.4028    0.8918    0.9785 
2014 4 20 0    0.3850    0.7959    0.8841 
2014 4 21 0    0.3770    0.7627    0.8508 
2014 4 22 0    0.3485    0.7360    0.8143 
2014 4 23 0    0.2980    0.7117    0.7715 
2014 4 24 0    0.2603    0.6863    0.7340 
2014 4 25 0    0.2095    0.6087    0.6437 
2014 4 26 0    0.0984    0.5495    0.5582 
2014 4 27 0   -0.0408    0.5288    0.5304 
2014 4 28 0   -0.1848    0.4729    0.5077 
2014 4 29 0   -0.3765    0.4147    0.5602 
2014 4 30 0   -0.5636    0.3528    0.6649 
2014 5 1 0  -99.0000  -99.0000  -99.0000 
2014 5 2 0  -99.0000  -99.0000  -99.0000 
2014 5 3 0  -99.0000  -99.0000  -99.0000 
2014 5 4 0  -99.0000  -99.0000  -99.0000 
2014 5 5 0  -99.0000  -99.0000  -99.0000 
2014 5 6 0  -99.0000  -99.0000  -99.0000 
2014 5 7 0  -99.0000  -99.0000  -99.0000 
2014 5 8 0  -99.0000  -99.0000  -99.0000 
2014 5 9 0  -99.0000  -99.0000  -99.0000 
2014 5 10 0  -99.0000  -99.0000  -99.0000 
2014 5 11 0  -99.0000  -99.0000  -99.0000 
2014 5 12 0  -99.0000  -99.0000  -99.0000 
2014 5 13 0  -99.0000  -99.0000  -99.0000 
2014 5 14 0  -99.0000  -99.0000  -99.0000 
2014 5 15 0  -99.0000  -99.0000  -99.0000 
2014 5 16 0  -99.0000  -99.0000  -99.0000 
2014 5 17 0  -99.0000  -99.0000  -99.0000 
2014 5 18 0  -99.0000  -99.0000  -99.0000 
2014 5 19 0  -99.0000  -99.0000  -99.0000 
2014 5 20 0  -99.0000  -99.0000  -99.0000 
2014 5 21 0  -99.0000  -99.0000  -99.0000 
2014 5 22 0  -99.0000  -99.0000  -99.0000 
2014 5 23 0  -99.0000  -99.0000  -99.0000 
2014 5 24 0  -99.0000  -99.0000  -99.0000 
2014 5 25 0  -99.0000  -99.0000  -99.0000 
2014 5 26 0  -99.0000  -99.0000  -99.0000 
2014 5 27 0  -99.0000  -99.0000  -99.0000 
2014 5 28 0  -99.0000  -99.0000  -99.0000 
2014 5 29 0  -99.0000  -99.0000  -99.0000 
2014 5 30 0  -99.0000  -99.0000  -99.0000 
2014 5 31 0  -99.0000  -99.0000  -99.0000 
2014 6 1 0  -99.0000  -99.0000  -99.0000 
2014 6 2 0  -99.0000  -99.0000  -99.0000 
2014 6 3 0  -99.0000  -99.0000  -99.0000 
2014 6 4 0  -99.0000  -99.0000  -99.0000 
2014 6 5 0  -99.0000  -99.0000  -99.0000 
2014 6 6 0  -99.0000  -99.0000  -99.0000 
2014 6 7 0  -99.0000  -99.0000  -99.0000 
2014 6 8 0  -99.0000  -99.0000  -99.0000 
2014 6 9 0  -99.0000  -99.0000  -99.0000 
2014 6 10 0  -99.0000  -99.0000  -99.0000 
2014 6 11 0  -99.0000  -99.0000  -99.0000 
2014 6 12 0  -99.0000  -99.0000  -99.0000 
2014 6 13 0  -99.0000  -99.0000  -99.0000 
2014 6 14 0  -99.0000  -99.0000  -99.0000 
2014 6 15 0  -99.0000  -99.0000  -99.0000 
2014 6 16 0  -99.0000  -99.0000  -99.0000 
2014 6 17 0  -99.0000  -99.0000  -99.0000 
2014 6 18 0  -99.0000  -99.0000  -99.0000 
2014 6 19 0  -99.0000  -99.0000  -99.0000 
2014 6 20 0  -99.0000  -99.0000  -99.0000 
2014 6 21 0  -99.0000  -99.0000  -99.0000 
2014 6 22 0  -99.0000  -99.0000  -99.0000 
2014 6 23 0  -99.0000  -99.0000  -99.0000 
2014 6 24 0  -99.0000  -99.0000  -99.0000 
2014 6 25 0  -99.0000  -99.0000  -99.0000 
2014 6 26 0  -99.0000  -99.0000  -99.0000 
2014 6 27 0  -99.0000  -99.0000  -99.0000 
2014 6 28 0  -99.0000  -99.0000  -99.0000 
2014 6 29 0  -99.0000  -99.0000  -99.0000 
2014 6 30 0  -99.0000  -99.0000  -99.0000 
2014 7 1 0  -99.0000  -99.0000  -99.0000 
2014 7 2 0  -99.0000  -99.0000  -99.0000 
2014 7 3 0  -99.0000  -99.0000  -99.0000 
2014 7 4 0  -99.0000  -99.0000  -99.0000 
2014 7 5 0  -99.0000  -99.0000  -99.0000 
2014 7 6 0  -99.0000  -99.0000  -99.0000 
2014 7 7 0  -99.0000  -99.0000  -99.0000 
2014 7 8 0  -99.0000  -99.0000  -99.0000 
2014 7 9 0  -99.0000  -99.0000  -99.0000 
2014 7 10 0  -99.0000  -99.0000  -99.0000 
2014 7 11 0  -99.0000  -99.0000  -99.0000 
2014 7 12 0  -99.0000  -99.0000  -99.0000 
2014 7 13 0  -99.0000  -99.0000  -99.0000 
2014 7 14 0  -99.0000  -99.0000  -99.0000 
2014 7 15 0  -99.0000  -99.0000  -99.0000 
2014 7 16 0  -99.0000  -99.0000  -99.0000 
2014 7 17 0  -99.0000  -99.0000  -99.0000 
2014 7 18 0  -99.0000  -99.0000  -99.0000 
2014 7 19 0  -99.0000  -99.0000  -99.0000 
2014 7 20 0  -99.0000  -99.0000  -99.0000 
2014 7 21 0  -99.0000  -99.0000  -99.0000 
2014 7 22 0  -99.0000  -99.0000  -99.0000 
2014 7 23 0  -99.0000  -99.0000  -99.0000 
2014 7 24 0  -99.0000  -99.0000  -99.0000 
2014 7 25 0  -99.0000  -99.0000  -99.0000 
2014 7 26 0  -99.0000  -99.0000  -99.0000 
2014 7 27 0  -99.0000  -99.0000  -99.0000 
2014 7 28 0  -99.0000  -99.0000  -99.0000 
2014 7 29 0  -99.0000  -99.0000  -99.0000 
2014 7 30 0  -99.0000  -99.0000  -99.0000 
2014 7 31 0  -99.0000  -99.0000  -99.0000 
2014 8 1 0  -99.0000  -99.0000  -99.0000 
2014 8 2 0  -99.0000  -99.0000  -99.0000 
2014 8 3 0  -99.0000  -99.0000  -99.0000 
2014 8 4 0  -99.0000  -99.0000  -99.0000 
2014 8 5 0  -99.0000  -99.0000  -99.0000 
2014 8 6 0  -99.0000  -99.0000  -99.0000 
2014 8 7 0  -99.0000  -99.0000  -99.0000 
2014 8 8 0  -99.0000  -99.0000  -99.0000 
2014 8 9 0  -99.0000  -99.0000  -99.0000 
2014 8 10 0  -99.0000  -99.0000  -99.0000 
2014 8 11 0  -99.0000  -99.0000  -99.0000 
2014 8 12 0  -99.0000  -99.0000  -99.0000 
2014 8 13 0  -99.0000  -99.0000  -99.0000 
2014 8 14 0  -99.0000  -99.0000  -99.0000 
2014 8 15 0  -99.0000  -99.0000  -99.0000 
2014 8 16 0  -99.0000  -99.0000  -99.0000 
2014 8 17 0  -99.0000  -99.0000  -99.0000 
2014 8 18 0  -99.0000  -99.0000  -99.0000 
2014 8 19 0  -99.0000  -99.0000  -99.0000 
2014 8 20 0  -99.0000  -99.0000  -99.0000 
2014 8 21 0  -99.0000  -99.0000  -99.0000 
2014 8 22 0  -99.0000  -99.0000  -99.0000 
2014 8 23 0  -99.0000  -99.0000  -99.0000 
2014 8 24 0  -99.0000  -99.0000  -99.0000 
2014 8 25 0  -99.0000  -99.0000  -99.0000 
2014 8 26 0  -99.0000  -99.0000  -99.0000 
2014 8 27 0  -99.0000  -99.0000  -99.0000 
2014 8 28 0  -99.0000  -99.0000  -99.0000 
2014 8 29 0  -99.0000  -99.0000  -99.0000 
2014 8 30 0  -99.0000  -99.0000  -99.0000 
2014 8 31 0  -99.0000  -99.0000  -99.0000 
2014 9 1 0  -99.0000  -99.0000  -99.0000 
2014 9 2 0  -99.0000  -99.0000  -99.0000 
2014 9 3 0  -99.0000  -99.0000  -99.0000 
2014 9 4 0  -99.0000  -99.0000  -99.0000 
2014 9 5 0  -99.0000  -99.0000  -99.0000 
2014 9 6 0  -99.0000  -99.0000  -99.0000 
2014 9 7 0  -99.0000  -99.0000  -99.0000 
2014 9 8 0  -99.0000  -99.0000  -99.0000 
2014 9 9 0  -99.0000  -99.0000  -99.0000 
2014 9 10 0  -99.0000  -99.0000  -99.0000 
2014 9 11 0  -99.0000  -99.0000  -99.0000 
2014 9 12 0  -99.0000  -99.0000  -99.0000 
2014 9 13 0  -99.0000  -99.0000  -99.0000 
2014 9 14 0  -99.0000  -99.0000  -99.0000 
2014 9 15 0  -99.0000  -99.0000  -99.0000 
2014 9 16 0  -99.0000  -99.0000  -99.0000 
2014 9 17 0  -99.0000  -99.0000  -99.0000 
2014 9 18 0  -99.0000  -99.0000  -99.0000 
2014 9 19 0  -99.0000  -99.0000  -99.0000 
2014 9 20 0  -99.0000  -99.0000  -99.0000 
2014 9 21 0  -99.0000  -99.0000  -99.0000 
2014 9 22 0  -99.0000  -99.0000  -99.0000 
2014 9 23 0  -99.0000  -99.0000  -99.0000 
2014 9 24 0  -99.0000  -99.0000  -99.0000 
2014 9 25 0  -99.0000  -99.0000  -99.0000 
2014 9 26 0  -99.0000  -99.0000  -99.0000 
2014 9 27 0  -99.0000  -99.0000  -99.0000 
2014 9 28 0  -99.0000  -99.0000  -99.0000 
2014 9 29 0  -99.0000  -99.0000  -99.0000 
2014 9 30 0  -99.0000  -99.0000  -99.0000 
2014 10 1 0  -99.0000  -99.0000  -99.0000 
2014 10 2 0  -99.0000  -99.0000  -99.0000 
2014 10 3 0  -99.0000  -99.0000  -99.0000 
2014 10 4 0  -99.0000  -99.0000  -99.0000 
2014 10 5 0  -99.0000  -99.0000  -99.0000 
2014 10 6 0  -99.0000  -99.0000  -99.0000 
2014 10 7 0  -99.0000  -99.0000  -99.0000 
2014 10 8 0  -99.0000  -99.0000  -99.0000 
2014 10 9 0  -99.0000  -99.0000  -99.0000 
2014 10 10 0  -99.0000  -99.0000  -99.0000 
2014 10 11 0  -99.0000  -99.0000  -99.0000 
2014 10 12 0  -99.0000  -99.0000  -99.0000 
2014 10 13 0  -99.0000  -99.0000  -99.0000 
2014 10 14 0  -99.0000  -99.0000  -99.0000 
2014 10 15 0  -99.0000  -99.0000  -99.0000 
2014 10 16 0  -99.0000  -99.0000  -99.0000 
2014 10 17 0  -99.0000  -99.0000  -99.0000 
2014 10 18 0  -99.0000  -99.0000  -99.0000 
2014 10 19 0  -99.0000  -99.0000  -99.0000 
2014 10 20 0  -99.0000  -99.0000  -99.0000 
2014 10 21 0  -99.0000  -99.0000  -99.0000 
2014 10 22 0  -99.0000  -99.0000  -99.0000 
2014 10 23 0  -99.0000  -99.0000  -99.0000 
2014 10 24 0  -99.0000  -99.0000  -99.0000 
2014 10 25 0  -99.0000  -99.0000  -99.0000 
2014 10 26 0  -99.0000  -99.0000  -99.0000 
2014 10 27 0  -99.0000  -99.0000  -99.0000 
2014 10 28 0  -99.0000  -99.0000  -99.0000 
2014 10 29 0  -99.0000  -99.0000  -99.0000 
2014 10 30 0  -99.0000  -99.0000  -99.0000 
2014 10 31 0  -99.0000  -99.0000  -99.0000 
2014 11 1 0    0.2118   -0.0958    0.2324 
2014 11 2 0    0.2779   -0.0610    0.2845 
2014 11 3 0    0.2986   -0.0110    0.2988 
2014 11 4 0    0.2717    0.0679    0.2801 
2014 11 5 0    0.2038    0.1288    0.2411 
2014 11 6 0    0.0472    0.1766    0.1828 
2014 11 7 0   -0.1877    0.2219    0.2907 
2014 11 8 0   -0.3962    0.2288    0.4575 
2014 11 9 0   -0.5874    0.1629    0.6095 
2014 11 10 0   -0.7438    0.0668    0.7468 
2014 11 11 0   -0.8430   -0.0519    0.8446 
2014 11 12 0   -0.8495   -0.1685    0.8661 
2014 11 13 0   -0.8391   -0.2744    0.8828 
2014 11 14 0   -0.8012   -0.3691    0.8821 
2014 11 15 0   -0.7481   -0.5067    0.9036 
2014 11 16 0   -0.6182   -0.6574    0.9024 
2014 11 17 0   -0.5008   -0.8205    0.9613 
2014 11 18 0   -0.4042   -0.9662    1.0474 
2014 11 19 0   -0.2854   -1.0932    1.1298 
2014 11 20 0   -0.1762   -1.1766    1.1898 
2014 11 21 0   -0.1172   -1.2307    1.2363 
2014 11 22 0   -0.0854   -1.2663    1.2691 
2014 11 23 0    0.0142   -1.2999    1.3000 
2014 11 24 0    0.1207   -1.3337    1.3392 
2014 11 25 0    0.2478   -1.3120    1.3352 
2014 11 26 0    0.4235   -1.2292    1.3001 
2014 11 27 0    0.6869   -1.0765    1.2770 
2014 11 28 0    0.9381   -0.8788    1.2854 
2014 11 29 0    1.0953   -0.6292    1.2631 
2014 11 30 0    1.1991   -0.3850    1.2594 
2014 12 1 0    1.2397   -0.1392    1.2475 
2014 12 2 0    1.1577    0.0832    1.1607 
2014 12 3 0    1.0010    0.2728    1.0376 
2014 12 4 0    0.8737    0.4219    0.9702 
2014 12 5 0    0.7182    0.5234    0.8886 
2014 12 6 0    0.4799    0.5569    0.7352 
2014 12 7 0    0.2579    0.5519    0.6092 
2014 12 8 0    0.0450    0.4952    0.4973 
2014 12 9 0   -0.1607    0.4346    0.4634 
2014 12 10 0   -0.2962    0.3826    0.4839 
2014 12 11 0   -0.3101    0.3097    0.4383 
2014 12 12 0   -0.2613    0.1767    0.3154 
2014 12 13 0   -0.1684    0.0396    0.1730 
2014 12 14 0   -0.0577   -0.0903    0.1071 
2014 12 15 0    0.0406   -0.2608    0.2639 
2014 12 16 0    0.1355   -0.4473    0.4674 
2014 12 17 0    0.2533   -0.5993    0.6506 
2014 12 18 0    0.3658   -0.6962    0.7865 
2014 12 19 0    0.4908   -0.8160    0.9523 
2014 12 20 0    0.5891   -0.9087    1.0829 
2014 12 21 0    0.6433   -0.9764    1.1692 
2014 12 22 0    0.6800   -1.0000    1.2093 
2014 12 23 0    0.7679   -0.9986    1.2597 
2014 12 24 0    0.8593   -0.9510    1.2817 
2014 12 25 0    0.9669   -0.8642    1.2968 
2014 12 26 0    1.0853   -0.7227    1.3039 
2014 12 27 0    1.1419   -0.5955    1.2878 
2014 12 28 0    1.1571   -0.4663    1.2475 
2014 12 29 0    1.1491   -0.3430    1.1992 
2014 12 30 0    1.1522   -0.1986    1.1692 
2014 12 31 0    1.1549   -0.0824    1.1579 
2015 1 1 0    1.1634    0.0605    1.1650 
2015 1 2 0    1.1711    0.2005    1.1881 
2015 1 3 0    1.1979    0.3679    1.2531 
2015 1 4 0    1.2471    0.5291    1.3547 
2015 1 5 0    1.3376    0.7203    1.5192 
2015 1 6 0    1.4412    0.9304    1.7155 
2015 1 7 0    1.4632    1.1156    1.8400 
2015 1 8 0    1.4262    1.2288    1.8825 
2015 1 9 0    1.3156    1.2824    1.8372 
2015 1 10 0    1.0990    1.2344    1.6527 
2015 1 11 0    0.8140    1.1175    1.3825 
2015 1 12 0    0.5313    0.9777    1.1127 
2015 1 13 0    0.2615    0.8129    0.8539 
2015 1 14 0    0.0159    0.6060    0.6062 
2015 1 15 0   -0.1737    0.4180    0.4526 
2015 1 16 0   -0.3194    0.2462    0.4033 
2015 1 17 0   -0.3880    0.0894    0.3981 
2015 1 18 0   -0.4374   -0.0030    0.4374 
2015 1 19 0   -0.4710   -0.0077    0.4711 
2015 1 20 0   -0.4833    0.0260    0.4840 
2015 1 21 0   -0.4582    0.0237    0.4588 
2015 1 22 0   -0.4648   -0.0144    0.4650 
2015 1 23 0   -0.4844   -0.0500    0.4870 
2015 1 24 0   -0.4421   -0.1126    0.4562 
2015 1 25 0   -0.3563   -0.1540    0.3882 
2015 1 26 0   -0.2453   -0.1529    0.2890 
2015 1 27 0   -0.1203   -0.0960    0.1539 
2015 1 28 0    0.0292   -0.0074    0.0302 
2015 1 29 0    0.1542    0.1080    0.1882 
2015 1 30 0    0.2233    0.1798    0.2867 
2015 1 31 0    0.2043    0.2716    0.3398 
2015 2 1 0    0.1561    0.3802    0.4110 
2015 2 2 0    0.0905    0.3859    0.3963 
2015 2 3 0   -0.0753    0.3115    0.3205 
2015 2 4 0   -0.2486    0.2500    0.3526 
2015 2 5 0   -0.3825    0.1013    0.3957 
2015 2 6 0   -0.4914   -0.1124    0.5041 
2015 2 7 0   -0.5677   -0.2313    0.6130 
2015 2 8 0   -0.5275   -0.2601    0.5881 
2015 2 9 0   -0.4176   -0.2744    0.4997 
2015 2 10 0   -0.2359   -0.2597    0.3509 
2015 2 11 0   -0.0421   -0.2033    0.2076 
2015 2 12 0    0.1029   -0.1867    0.2132 
2015 2 13 0    0.2169   -0.2251    0.3126 
2015 2 14 0    0.2838   -0.2907    0.4063 
2015 2 15 0    0.3192   -0.3778    0.4946 
2015 2 16 0    0.3078   -0.4664    0.5588 
2015 2 17 0    0.3060   -0.5166    0.6005 
2015 2 18 0    0.2445   -0.5058    0.5618 
2015 2 19 0    0.1185   -0.4292    0.4453 
2015 2 20 0   -0.0257   -0.2731    0.2743 
2015 2 21 0   -0.1216   -0.1788    0.2163 
2015 2 22 0   -0.1822   -0.1426    0.2314 
2015 2 23 0   -0.1812   -0.1711    0.2492 
2015 2 24 0   -0.1235   -0.2353    0.2657 
2015 2 25 0   -0.0426   -0.3717    0.3741 
2015 2 26 0    0.0449   -0.4460    0.4483 
2015 2 27 0    0.1542   -0.4752    0.4996 
2015 2 28 0    0.3125   -0.4573    0.5539 
2015 3 1 0    0.4909   -0.4072    0.6378 
2015 3 2 0    0.6331   -0.3177    0.7083 
2015 3 3 0    0.7385   -0.2325    0.7742 
2015 3 4 0    0.8388   -0.1619    0.8542 
2015 3 5 0    0.9022   -0.0694    0.9049 
2015 3 6 0    0.9151    0.0758    0.9182 
2015 3 7 0    0.9153    0.3198    0.9696 
2015 3 8 0    0.8870    0.5857    1.0629 
2015 3 9 0    0.8116    0.9020    1.2134 
2015 3 10 0    0.6758    1.2158    1.3910 
2015 3 11 0    0.5259    1.4318    1.5253 
2015 3 12 0    0.2875    1.5503    1.5767 
2015 3 13 0   -0.0396    1.6395    1.6400 
2015 3 14 0   -0.4151    1.7080    1.7577 
2015 3 15 0   -0.8029    1.6940    1.8747 
2015 3 16 0   -1.1786    1.6194    2.0029 
2015 3 17 0   -1.4471    1.4652    2.0593 
2015 3 18 0   -1.5864    1.2797    2.0382 
2015 3 19 0   -1.6162    0.9989    1.9000 
2015 3 20 0   -1.5936    0.7315    1.7535 
2015 3 21 0   -1.5086    0.5304    1.5991 
2015 3 22 0   -1.4378    0.3511    1.4800 
2015 3 23 0   -1.3531    0.1166    1.3581 
2015 3 24 0   -1.2443   -0.0777    1.2467 
2015 3 25 0   -1.0911   -0.2829    1.1272 
2015 3 26 0   -0.9231   -0.4849    1.0427 
2015 3 27 0   -0.7455   -0.6743    1.0052 
2015 3 28 0   -0.5136   -0.8171    0.9651 
2015 3 29 0   -0.2801   -0.9500    0.9904 
2015 3 30 0   -0.0659   -1.0282    1.0303 
2015 3 31 0    0.1317   -1.0576    1.0658 
2015 4 1 0    0.3568   -1.0400    1.0995 
2015 4 2 0    0.5523   -0.9484    1.0975 
2015 4 3 0    0.6772   -0.8708    1.1031 
2015 4 4 0    0.7441   -0.7861    1.0824 
2015 4 5 0    0.7459   -0.7244    1.0397 
2015 4 6 0    0.6907   -0.6636    0.9579 
2015 4 7 0    0.5707   -0.6475    0.8632 
2015 4 8 0    0.4260   -0.5994    0.7354 
2015 4 9 0    0.3076   -0.5672    0.6453 
2015 4 10 0    0.2247   -0.5590    0.6025 
2015 4 11 0    0.2388   -0.5358    0.5866 
2015 4 12 0    0.2669   -0.5463    0.6080 
2015 4 13 0    0.2820   -0.5602    0.6271 
2015 4 14 0    0.3084   -0.5635    0.6424 
2015 4 15 0    0.3970   -0.5960    0.7162 
2015 4 16 0    0.4238   -0.6491    0.7752 
2015 4 17 0    0.4666   -0.6420    0.7937 
2015 4 18 0    0.5280   -0.5879    0.7902 
2015 4 19 0    0.5802   -0.5078    0.7710 
2015 4 20 0    0.5624   -0.3866    0.6825 
2015 4 21 0    0.5232   -0.2567    0.5827 
2015 4 22 0    0.4810   -0.1360    0.4999 
2015 4 23 0    0.4747   -0.0632    0.4789 
2015 4 24 0    0.4230   -0.0346    0.4244 
2015 4 25 0    0.3589    0.0106    0.3590 
2015 4 26 0    0.2962    0.0826    0.3075 
2015 4 27 0    0.2793    0.1374    0.3113 
2015 4 28 0    0.2327    0.1953    0.3038 
2015 4 29 0    0.2330    0.2559    0.3460 
2015 4 30 0    0.2653    0.3062    0.4052 
2015 5 1 0  -99.0000  -99.0000  -99.0000 
2015 5 2 0  -99.0000  -99.0000  -99.0000 
2015 5 3 0  -99.0000  -99.0000  -99.0000 
2015 5 4 0  -99.0000  -99.0000  -99.0000 
2015 5 5 0  -99.0000  -99.0000  -99.0000 
2015 5 6 0  -99.0000  -99.0000  -99.0000 
2015 5 7 0  -99.0000  -99.0000  -99.0000 
2015 5 8 0  -99.0000  -99.0000  -99.0000 
2015 5 9 0  -99.0000  -99.0000  -99.0000 
2015 5 10 0  -99.0000  -99.0000  -99.0000 
2015 5 11 0  -99.0000  -99.0000  -99.0000 
2015 5 12 0  -99.0000  -99.0000  -99.0000 
2015 5 13 0  -99.0000  -99.0000  -99.0000 
2015 5 14 0  -99.0000  -99.0000  -99.0000 
2015 5 15 0  -99.0000  -99.0000  -99.0000 
2015 5 16 0  -99.0000  -99.0000  -99.0000 
2015 5 17 0  -99.0000  -99.0000  -99.0000 
2015 5 18 0  -99.0000  -99.0000  -99.0000 
2015 5 19 0  -99.0000  -99.0000  -99.0000 
2015 5 20 0  -99.0000  -99.0000  -99.0000 
2015 5 21 0  -99.0000  -99.0000  -99.0000 
2015 5 22 0  -99.0000  -99.0000  -99.0000 
2015 5 23 0  -99.0000  -99.0000  -99.0000 
2015 5 24 0  -99.0000  -99.0000  -99.0000 
2015 5 25 0  -99.0000  -99.0000  -99.0000 
2015 5 26 0  -99.0000  -99.0000  -99.0000 
2015 5 27 0  -99.0000  -99.0000  -99.0000 
2015 5 28 0  -99.0000  -99.0000  -99.0000 
2015 5 29 0  -99.0000  -99.0000  -99.0000 
2015 5 30 0  -99.0000  -99.0000  -99.0000 
2015 5 31 0  -99.0000  -99.0000  -99.0000 
2015 6 1 0  -99.0000  -99.0000  -99.0000 
2015 6 2 0  -99.0000  -99.0000  -99.0000 
2015 6 3 0  -99.0000  -99.0000  -99.0000 
2015 6 4 0  -99.0000  -99.0000  -99.0000 
2015 6 5 0  -99.0000  -99.0000  -99.0000 
2015 6 6 0  -99.0000  -99.0000  -99.0000 
2015 6 7 0  -99.0000  -99.0000  -99.0000 
2015 6 8 0  -99.0000  -99.0000  -99.0000 
2015 6 9 0  -99.0000  -99.0000  -99.0000 
2015 6 10 0  -99.0000  -99.0000  -99.0000 
2015 6 11 0  -99.0000  -99.0000  -99.0000 
2015 6 12 0  -99.0000  -99.0000  -99.0000 
2015 6 13 0  -99.0000  -99.0000  -99.0000 
2015 6 14 0  -99.0000  -99.0000  -99.0000 
2015 6 15 0  -99.0000  -99.0000  -99.0000 
2015 6 16 0  -99.0000  -99.0000  -99.0000 
2015 6 17 0  -99.0000  -99.0000  -99.0000 
2015 6 18 0  -99.0000  -99.0000  -99.0000 
2015 6 19 0  -99.0000  -99.0000  -99.0000 
2015 6 20 0  -99.0000  -99.0000  -99.0000 
2015 6 21 0  -99.0000  -99.0000  -99.0000 
2015 6 22 0  -99.0000  -99.0000  -99.0000 
2015 6 23 0  -99.0000  -99.0000  -99.0000 
2015 6 24 0  -99.0000  -99.0000  -99.0000 
2015 6 25 0  -99.0000  -99.0000  -99.0000 
2015 6 26 0  -99.0000  -99.0000  -99.0000 
2015 6 27 0  -99.0000  -99.0000  -99.0000 
2015 6 28 0  -99.0000  -99.0000  -99.0000 
2015 6 29 0  -99.0000  -99.0000  -99.0000 
2015 6 30 0  -99.0000  -99.0000  -99.0000 
2015 7 1 0  -99.0000  -99.0000  -99.0000 
2015 7 2 0  -99.0000  -99.0000  -99.0000 
2015 7 3 0  -99.0000  -99.0000  -99.0000 
2015 7 4 0  -99.0000  -99.0000  -99.0000 
2015 7 5 0  -99.0000  -99.0000  -99.0000 
2015 7 6 0  -99.0000  -99.0000  -99.0000 
2015 7 7 0  -99.0000  -99.0000  -99.0000 
2015 7 8 0  -99.0000  -99.0000  -99.0000 
2015 7 9 0  -99.0000  -99.0000  -99.0000 
2015 7 10 0  -99.0000  -99.0000  -99.0000 
2015 7 11 0  -99.0000  -99.0000  -99.0000 
2015 7 12 0  -99.0000  -99.0000  -99.0000 
2015 7 13 0  -99.0000  -99.0000  -99.0000 
2015 7 14 0  -99.0000  -99.0000  -99.0000 
2015 7 15 0  -99.0000  -99.0000  -99.0000 
2015 7 16 0  -99.0000  -99.0000  -99.0000 
2015 7 17 0  -99.0000  -99.0000  -99.0000 
2015 7 18 0  -99.0000  -99.0000  -99.0000 
2015 7 19 0  -99.0000  -99.0000  -99.0000 
2015 7 20 0  -99.0000  -99.0000  -99.0000 
2015 7 21 0  -99.0000  -99.0000  -99.0000 
2015 7 22 0  -99.0000  -99.0000  -99.0000 
2015 7 23 0  -99.0000  -99.0000  -99.0000 
2015 7 24 0  -99.0000  -99.0000  -99.0000 
2015 7 25 0  -99.0000  -99.0000  -99.0000 
2015 7 26 0  -99.0000  -99.0000  -99.0000 
2015 7 27 0  -99.0000  -99.0000  -99.0000 
2015 7 28 0  -99.0000  -99.0000  -99.0000 
2015 7 29 0  -99.0000  -99.0000  -99.0000 
2015 7 30 0  -99.0000  -99.0000  -99.0000 
2015 7 31 0  -99.0000  -99.0000  -99.0000 
2015 8 1 0  -99.0000  -99.0000  -99.0000 
2015 8 2 0  -99.0000  -99.0000  -99.0000 
2015 8 3 0  -99.0000  -99.0000  -99.0000 
2015 8 4 0  -99.0000  -99.0000  -99.0000 
2015 8 5 0  -99.0000  -99.0000  -99.0000 
2015 8 6 0  -99.0000  -99.0000  -99.0000 
2015 8 7 0  -99.0000  -99.0000  -99.0000 
2015 8 8 0  -99.0000  -99.0000  -99.0000 
2015 8 9 0  -99.0000  -99.0000  -99.0000 
2015 8 10 0  -99.0000  -99.0000  -99.0000 
2015 8 11 0  -99.0000  -99.0000  -99.0000 
2015 8 12 0  -99.0000  -99.0000  -99.0000 
2015 8 13 0  -99.0000  -99.0000  -99.0000 
2015 8 14 0  -99.0000  -99.0000  -99.0000 
2015 8 15 0  -99.0000  -99.0000  -99.0000 
2015 8 16 0  -99.0000  -99.0000  -99.0000 
2015 8 17 0  -99.0000  -99.0000  -99.0000 
2015 8 18 0  -99.0000  -99.0000  -99.0000 
2015 8 19 0  -99.0000  -99.0000  -99.0000 
2015 8 20 0  -99.0000  -99.0000  -99.0000 
2015 8 21 0  -99.0000  -99.0000  -99.0000 
2015 8 22 0  -99.0000  -99.0000  -99.0000 
2015 8 23 0  -99.0000  -99.0000  -99.0000 
2015 8 24 0  -99.0000  -99.0000  -99.0000 
2015 8 25 0  -99.0000  -99.0000  -99.0000 
2015 8 26 0  -99.0000  -99.0000  -99.0000 
2015 8 27 0  -99.0000  -99.0000  -99.0000 
2015 8 28 0  -99.0000  -99.0000  -99.0000 
2015 8 29 0  -99.0000  -99.0000  -99.0000 
2015 8 30 0  -99.0000  -99.0000  -99.0000 
2015 8 31 0  -99.0000  -99.0000  -99.0000 
2015 9 1 0  -99.0000  -99.0000  -99.0000 
2015 9 2 0  -99.0000  -99.0000  -99.0000 
2015 9 3 0  -99.0000  -99.0000  -99.0000 
2015 9 4 0  -99.0000  -99.0000  -99.0000 
2015 9 5 0  -99.0000  -99.0000  -99.0000 
2015 9 6 0  -99.0000  -99.0000  -99.0000 
2015 9 7 0  -99.0000  -99.0000  -99.0000 
2015 9 8 0  -99.0000  -99.0000  -99.0000 
2015 9 9 0  -99.0000  -99.0000  -99.0000 
2015 9 10 0  -99.0000  -99.0000  -99.0000 
2015 9 11 0  -99.0000  -99.0000  -99.0000 
2015 9 12 0  -99.0000  -99.0000  -99.0000 
2015 9 13 0  -99.0000  -99.0000  -99.0000 
2015 9 14 0  -99.0000  -99.0000  -99.0000 
2015 9 15 0  -99.0000  -99.0000  -99.0000 
2015 9 16 0  -99.0000  -99.0000  -99.0000 
2015 9 17 0  -99.0000  -99.0000  -99.0000 
2015 9 18 0  -99.0000  -99.0000  -99.0000 
2015 9 19 0  -99.0000  -99.0000  -99.0000 
2015 9 20 0  -99.0000  -99.0000  -99.0000 
2015 9 21 0  -99.0000  -99.0000  -99.0000 
2015 9 22 0  -99.0000  -99.0000  -99.0000 
2015 9 23 0  -99.0000  -99.0000  -99.0000 
2015 9 24 0  -99.0000  -99.0000  -99.0000 
2015 9 25 0  -99.0000  -99.0000  -99.0000 
2015 9 26 0  -99.0000  -99.0000  -99.0000 
2015 9 27 0  -99.0000  -99.0000  -99.0000 
2015 9 28 0  -99.0000  -99.0000  -99.0000 
2015 9 29 0  -99.0000  -99.0000  -99.0000 
2015 9 30 0  -99.0000  -99.0000  -99.0000 
2015 10 1 0  -99.0000  -99.0000  -99.0000 
2015 10 2 0  -99.0000  -99.0000  -99.0000 
2015 10 3 0  -99.0000  -99.0000  -99.0000 
2015 10 4 0  -99.0000  -99.0000  -99.0000 
2015 10 5 0  -99.0000  -99.0000  -99.0000 
2015 10 6 0  -99.0000  -99.0000  -99.0000 
2015 10 7 0  -99.0000  -99.0000  -99.0000 
2015 10 8 0  -99.0000  -99.0000  -99.0000 
2015 10 9 0  -99.0000  -99.0000  -99.0000 
2015 10 10 0  -99.0000  -99.0000  -99.0000 
2015 10 11 0  -99.0000  -99.0000  -99.0000 
2015 10 12 0  -99.0000  -99.0000  -99.0000 
2015 10 13 0  -99.0000  -99.0000  -99.0000 
2015 10 14 0  -99.0000  -99.0000  -99.0000 
2015 10 15 0  -99.0000  -99.0000  -99.0000 
2015 10 16 0  -99.0000  -99.0000  -99.0000 
2015 10 17 0  -99.0000  -99.0000  -99.0000 
2015 10 18 0  -99.0000  -99.0000  -99.0000 
2015 10 19 0  -99.0000  -99.0000  -99.0000 
2015 10 20 0  -99.0000  -99.0000  -99.0000 
2015 10 21 0  -99.0000  -99.0000  -99.0000 
2015 10 22 0  -99.0000  -99.0000  -99.0000 
2015 10 23 0  -99.0000  -99.0000  -99.0000 
2015 10 24 0  -99.0000  -99.0000  -99.0000 
2015 10 25 0  -99.0000  -99.0000  -99.0000 
2015 10 26 0  -99.0000  -99.0000  -99.0000 
2015 10 27 0  -99.0000  -99.0000  -99.0000 
2015 10 28 0  -99.0000  -99.0000  -99.0000 
2015 10 29 0  -99.0000  -99.0000  -99.0000 
2015 10 30 0  -99.0000  -99.0000  -99.0000 
2015 10 31 0  -99.0000  -99.0000  -99.0000 
2015 11 1 0   -0.2125   -0.8011    0.8288 
2015 11 2 0   -0.0946   -0.8185    0.8239 
2015 11 3 0    0.0237   -0.7848    0.7852 
2015 11 4 0    0.1681   -0.7759    0.7939 
2015 11 5 0    0.2568   -0.7864    0.8273 
2015 11 6 0    0.3106   -0.7805    0.8400 
2015 11 7 0    0.3987   -0.7495    0.8490 
2015 11 8 0    0.5021   -0.7013    0.8625 
2015 11 9 0    0.5492   -0.6421    0.8449 
2015 11 10 0    0.5741   -0.5979    0.8289 
2015 11 11 0    0.5969   -0.5678    0.8238 
2015 11 12 0    0.5381   -0.5638    0.7794 
2015 11 13 0    0.3930   -0.5413    0.6689 
2015 11 14 0    0.1985   -0.5406    0.5759 
2015 11 15 0    0.0250   -0.5685    0.5690 
2015 11 16 0   -0.1440   -0.6177    0.6343 
2015 11 17 0   -0.2285   -0.6501    0.6891 
2015 11 18 0   -0.2719   -0.7181    0.7679 
2015 11 19 0   -0.2917   -0.7472    0.8021 
2015 11 20 0   -0.2974   -0.7203    0.7793 
2015 11 21 0   -0.2707   -0.6738    0.7261 
2015 11 22 0   -0.2375   -0.6403    0.6829 
2015 11 23 0   -0.1483   -0.5678    0.5868 
2015 11 24 0    0.0131   -0.5019    0.5021 
2015 11 25 0    0.1931   -0.5038    0.5396 
2015 11 26 0    0.3552   -0.5314    0.6392 
2015 11 27 0    0.4541   -0.5060    0.6799 
2015 11 28 0    0.5074   -0.4703    0.6919 
2015 11 29 0    0.4943   -0.4551    0.6719 
2015 11 30 0    0.4117   -0.3742    0.5563 
2015 12 1 0    0.2880   -0.2668    0.3926 
2015 12 2 0    0.1693   -0.2176    0.2757 
2015 12 3 0    0.0634   -0.2369    0.2453 
2015 12 4 0    0.0032   -0.2778    0.2778 
2015 12 5 0    0.0351   -0.3614    0.3631 
2015 12 6 0    0.1231   -0.4871    0.5024 
2015 12 7 0    0.2310   -0.5857    0.6296 
2015 12 8 0    0.3680   -0.6175    0.7188 
2015 12 9 0    0.4924   -0.6431    0.8099 
2015 12 10 0    0.6110   -0.6461    0.8893 
2015 12 11 0    0.7434   -0.6162    0.9656 
2015 12 12 0    0.8760   -0.5524    1.0356 
2015 12 13 0    1.0107   -0.4654    1.1127 
2015 12 14 0    1.1504   -0.3379    1.1990 
2015 12 15 0    1.3006   -0.2266    1.3202 
2015 12 16 0    1.4220   -0.0585    1.4232 
2015 12 17 0    1.5207    0.1250    1.5258 
2015 12 18 0    1.5621    0.2434    1.5809 
2015 12 19 0    1.5328    0.3742    1.5779 
2015 12 20 0    1.4167    0.5648    1.5251 
2015 12 21 0    1.2959    0.7634    1.5040 
2015 12 22 0    1.1555    0.9328    1.4850 
2015 12 23 0    1.0094    1.0886    1.4846 
2015 12 24 0    0.8748    1.2202    1.5014 
2015 12 25 0    0.7418    1.3311    1.5238 
2015 12 26 0    0.5259    1.3960    1.4918 
2015 12 27 0    0.3053    1.4222    1.4546 
2015 12 28 0    0.0680    1.4468    1.4484 
2015 12 29 0   -0.1281    1.4311    1.4369 
2015 12 30 0   -0.3293    1.3591    1.3984 
2015 12 31 0   -0.5047    1.2539    1.3516 
2016 1 1 0   -0.6803    1.1527    1.3385 
2016 1 2 0   -0.8742    1.0550    1.3701 
2016 1 3 0   -1.0887    0.9794    1.4644 
2016 1 4 0   -1.2750    0.9254    1.5755 
2016 1 5 0   -1.4469    0.8225    1.6644 
2016 1 6 0   -1.5806    0.6450    1.7071 
2016 1 7 0   -1.6394    0.4334    1.6957 
2016 1 8 0   -1.6508    0.2546    1.6703 
2016 1 9 0   -1.5605    0.0620    1.5618 
2016 1 10 0   -1.3677   -0.1426    1.3751 
2016 1 11 0   -1.1272   -0.3417    1.1779 
2016 1 12 0   -0.8855   -0.5367    1.0355 
2016 1 13 0   -0.6249   -0.7382    0.9671 
2016 1 14 0   -0.4131   -0.8976    0.9881 
2016 1 15 0   -0.2644   -0.9581    0.9939 
2016 1 16 0   -0.1424   -0.9066    0.9177 
2016 1 17 0   -0.0632   -0.8245    0.8269 
2016 1 18 0   -0.0564   -0.7841    0.7861 
2016 1 19 0   -0.0836   -0.7837    0.7882 
2016 1 20 0   -0.1156   -0.7538    0.7626 
2016 1 21 0   -0.1378   -0.6702    0.6842 
2016 1 22 0   -0.1235   -0.5824    0.5954 
2016 1 23 0   -0.0602   -0.5082    0.5118 
2016 1 24 0    0.0321   -0.4485    0.4496 
2016 1 25 0    0.1229   -0.4159    0.4336 
2016 1 26 0    0.2095   -0.4283    0.4768 
2016 1 27 0    0.3307   -0.4296    0.5421 
2016 1 28 0    0.4692   -0.4397    0.6430 
2016 1 29 0    0.5738   -0.4435    0.7252 
2016 1 30 0    0.6226   -0.4544    0.7708 
2016 1 31 0    0.6337   -0.4979    0.8059 
2016 2 1 0    0.5903   -0.5733    0.8229 
2016 2 2 0    0.5628   -0.5678    0.7994 
2016 2 3 0    0.5758   -0.4976    0.7610 
2016 2 4 0    0.6280   -0.4544    0.7751 
2016 2 5 0    0.7002   -0.3957    0.8043 
2016 2 6 0    0.7774   -0.3213    0.8412 
2016 2 7 0    0.8367   -0.2730    0.8801 
2016 2 8 0    0.8832   -0.2428    0.9159 
2016 2 9 0    0.9629   -0.1813    0.9799 
2016 2 10 0    1.0522   -0.1293    1.0601 
2016 2 11 0    1.1169    0.0052    1.1169 
2016 2 12 0    1.1032    0.1759    1.1172 
2016 2 13 0    1.0203    0.3816    1.0894 
2016 2 14 0    0.8701    0.5983    1.0560 
2016 2 15 0    0.6407    0.7625    0.9959 
2016 2 16 0    0.4025    0.8533    0.9434 
2016 2 17 0    0.1679    0.9157    0.9309 
2016 2 18 0   -0.0831    0.9504    0.9540 
2016 2 19 0   -0.3254    0.9544    1.0083 
2016 2 20 0   -0.5468    1.0121    1.1504 
2016 2 21 0   -0.7566    1.1235    1.3545 
2016 2 22 0   -0.9369    1.2151    1.5343 
2016 2 23 0   -1.0593    1.2097    1.6079 
2016 2 24 0   -1.1202    1.2140    1.6519 
2016 2 25 0   -1.1167    1.1990    1.6385 
2016 2 26 0   -1.0620    1.1134    1.5387 
2016 2 27 0   -1.0152    0.9763    1.4085 
2016 2 28 0   -1.0066    0.8620    1.3253 
2016 2 29 0   -1.0572    0.7208    1.2796 
2016 3 1 0   -1.1133    0.5616    1.2470 
2016 3 2 0   -1.1357    0.4094    1.2073 
2016 3 3 0   -1.1399    0.2429    1.1655 
2016 3 4 0   -1.1008    0.1311    1.1086 
2016 3 5 0   -0.9905    0.0338    0.9910 
2016 3 6 0   -0.8801   -0.1254    0.8890 
2016 3 7 0   -0.8060   -0.2944    0.8580 
2016 3 8 0   -0.6760   -0.3818    0.7763 
2016 3 9 0   -0.5239   -0.4650    0.7005 
2016 3 10 0   -0.3962   -0.5317    0.6631 
2016 3 11 0   -0.2491   -0.5081    0.5659 
2016 3 12 0   -0.0978   -0.4177    0.4290 
2016 3 13 0    0.0752   -0.3290    0.3375 
2016 3 14 0    0.2602   -0.2001    0.3283 
2016 3 15 0    0.4707   -0.0845    0.4782 
2016 3 16 0    0.6102    0.0441    0.6117 
2016 3 17 0    0.7297    0.1791    0.7514 
2016 3 18 0    0.8079    0.3583    0.8838 
2016 3 19 0    0.8406    0.4961    0.9761 
2016 3 20 0    0.8063    0.6343    1.0259 
2016 3 21 0    0.7542    0.7332    1.0518 
2016 3 22 0    0.6220    0.8228    1.0315 
2016 3 23 0    0.3999    0.8634    0.9515 
2016 3 24 0    0.1364    0.8634    0.8741 
2016 3 25 0   -0.1579    0.8302    0.8451 
2016 3 26 0   -0.4326    0.7699    0.8831 
2016 3 27 0   -0.7041    0.6367    0.9492 
2016 3 28 0   -0.9592    0.4922    1.0781 
2016 3 29 0   -1.1572    0.3523    1.2097 
2016 3 30 0   -1.2784    0.2260    1.2983 
2016 3 31 0   -1.2928    0.1444    1.3009 
2016 4 1 0   -1.1402    0.0800    1.1430 
2016 4 2 0   -0.8725   -0.0246    0.8729 
2016 4 3 0   -0.5903   -0.1232    0.6030 
2016 4 4 0   -0.3383   -0.1950    0.3905 
2016 4 5 0   -0.1532   -0.2449    0.2888 
2016 4 6 0   -0.0813   -0.2472    0.2602 
2016 4 7 0   -0.0852   -0.1921    0.2101 
2016 4 8 0   -0.1077   -0.1706    0.2017 
2016 4 9 0   -0.1063   -0.1410    0.1765 
2016 4 10 0   -0.1019   -0.1093    0.1495 
2016 4 11 0   -0.0680   -0.0447    0.0814 
2016 4 12 0   -0.0685    0.0365    0.0777 
2016 4 13 0   -0.0729    0.1678    0.1830 
2016 4 14 0   -0.0908    0.2929    0.3067 
2016 4 15 0   -0.1443    0.3854    0.4115 
2016 4 16 0   -0.2433    0.4053    0.4727 
2016 4 17 0   -0.2879    0.3548    0.4569 
2016 4 18 0   -0.3271    0.2975    0.4422 
2016 4 19 0   -0.3962    0.2253    0.4558 
2016 4 20 0   -0.4633    0.1942    0.5024 
2016 4 21 0   -0.4904    0.1603    0.5160 
2016 4 22 0   -0.5257    0.1707    0.5527 
2016 4 23 0   -0.5977    0.1871    0.6263 
2016 4 24 0   -0.6596    0.2105    0.6924 
2016 4 25 0   -0.7095    0.2189    0.7425 
2016 4 26 0   -0.7569    0.2537    0.7983 
2016 4 27 0   -0.8204    0.3027    0.8744 
2016 4 28 0   -0.8462    0.3192    0.9044 
2016 4 29 0   -0.8325    0.3078    0.8876 
2016 4 30 0   -0.8154    0.2494    0.8526 
2016 5 1 0  -99.0000  -99.0000  -99.0000 
2016 5 2 0  -99.0000  -99.0000  -99.0000 
2016 5 3 0  -99.0000  -99.0000  -99.0000 
2016 5 4 0  -99.0000  -99.0000  -99.0000 
2016 5 5 0  -99.0000  -99.0000  -99.0000 
2016 5 6 0  -99.0000  -99.0000  -99.0000 
2016 5 7 0  -99.0000  -99.0000  -99.0000 
2016 5 8 0  -99.0000  -99.0000  -99.0000 
2016 5 9 0  -99.0000  -99.0000  -99.0000 
2016 5 10 0  -99.0000  -99.0000  -99.0000 
2016 5 11 0  -99.0000  -99.0000  -99.0000 
2016 5 12 0  -99.0000  -99.0000  -99.0000 
2016 5 13 0  -99.0000  -99.0000  -99.0000 
2016 5 14 0  -99.0000  -99.0000  -99.0000 
2016 5 15 0  -99.0000  -99.0000  -99.0000 
2016 5 16 0  -99.0000  -99.0000  -99.0000 
2016 5 17 0  -99.0000  -99.0000  -99.0000 
2016 5 18 0  -99.0000  -99.0000  -99.0000 
2016 5 19 0  -99.0000  -99.0000  -99.0000 
2016 5 20 0  -99.0000  -99.0000  -99.0000 
2016 5 21 0  -99.0000  -99.0000  -99.0000 
2016 5 22 0  -99.0000  -99.0000  -99.0000 
2016 5 23 0  -99.0000  -99.0000  -99.0000 
2016 5 24 0  -99.0000  -99.0000  -99.0000 
2016 5 25 0  -99.0000  -99.0000  -99.0000 
2016 5 26 0  -99.0000  -99.0000  -99.0000 
2016 5 27 0  -99.0000  -99.0000  -99.0000 
2016 5 28 0  -99.0000  -99.0000  -99.0000 
2016 5 29 0  -99.0000  -99.0000  -99.0000 
2016 5 30 0  -99.0000  -99.0000  -99.0000 
2016 5 31 0  -99.0000  -99.0000  -99.0000 
2016 6 1 0  -99.0000  -99.0000  -99.0000 
2016 6 2 0  -99.0000  -99.0000  -99.0000 
2016 6 3 0  -99.0000  -99.0000  -99.0000 
2016 6 4 0  -99.0000  -99.0000  -99.0000 
2016 6 5 0  -99.0000  -99.0000  -99.0000 
2016 6 6 0  -99.0000  -99.0000  -99.0000 
2016 6 7 0  -99.0000  -99.0000  -99.0000 
2016 6 8 0  -99.0000  -99.0000  -99.0000 
2016 6 9 0  -99.0000  -99.0000  -99.0000 
2016 6 10 0  -99.0000  -99.0000  -99.0000 
2016 6 11 0  -99.0000  -99.0000  -99.0000 
2016 6 12 0  -99.0000  -99.0000  -99.0000 
2016 6 13 0  -99.0000  -99.0000  -99.0000 
2016 6 14 0  -99.0000  -99.0000  -99.0000 
2016 6 15 0  -99.0000  -99.0000  -99.0000 
2016 6 16 0  -99.0000  -99.0000  -99.0000 
2016 6 17 0  -99.0000  -99.0000  -99.0000 
2016 6 18 0  -99.0000  -99.0000  -99.0000 
2016 6 19 0  -99.0000  -99.0000  -99.0000 
2016 6 20 0  -99.0000  -99.0000  -99.0000 
2016 6 21 0  -99.0000  -99.0000  -99.0000 
2016 6 22 0  -99.0000  -99.0000  -99.0000 
2016 6 23 0  -99.0000  -99.0000  -99.0000 
2016 6 24 0  -99.0000  -99.0000  -99.0000 
2016 6 25 0  -99.0000  -99.0000  -99.0000 
2016 6 26 0  -99.0000  -99.0000  -99.0000 
2016 6 27 0  -99.0000  -99.0000  -99.0000 
2016 6 28 0  -99.0000  -99.0000  -99.0000 
2016 6 29 0  -99.0000  -99.0000  -99.0000 
2016 6 30 0  -99.0000  -99.0000  -99.0000 
2016 7 1 0  -99.0000  -99.0000  -99.0000 
2016 7 2 0  -99.0000  -99.0000  -99.0000 
2016 7 3 0  -99.0000  -99.0000  -99.0000 
2016 7 4 0  -99.0000  -99.0000  -99.0000 
2016 7 5 0  -99.0000  -99.0000  -99.0000 
2016 7 6 0  -99.0000  -99.0000  -99.0000 
2016 7 7 0  -99.0000  -99.0000  -99.0000 
2016 7 8 0  -99.0000  -99.0000  -99.0000 
2016 7 9 0  -99.0000  -99.0000  -99.0000 
2016 7 10 0  -99.0000  -99.0000  -99.0000 
2016 7 11 0  -99.0000  -99.0000  -99.0000 
2016 7 12 0  -99.0000  -99.0000  -99.0000 
2016 7 13 0  -99.0000  -99.0000  -99.0000 
2016 7 14 0  -99.0000  -99.0000  -99.0000 
2016 7 15 0  -99.0000  -99.0000  -99.0000 
2016 7 16 0  -99.0000  -99.0000  -99.0000 
2016 7 17 0  -99.0000  -99.0000  -99.0000 
2016 7 18 0  -99.0000  -99.0000  -99.0000 
2016 7 19 0  -99.0000  -99.0000  -99.0000 
2016 7 20 0  -99.0000  -99.0000  -99.0000 
2016 7 21 0  -99.0000  -99.0000  -99.0000 
2016 7 22 0  -99.0000  -99.0000  -99.0000 
2016 7 23 0  -99.0000  -99.0000  -99.0000 
2016 7 24 0  -99.0000  -99.0000  -99.0000 
2016 7 25 0  -99.0000  -99.0000  -99.0000 
2016 7 26 0  -99.0000  -99.0000  -99.0000 
2016 7 27 0  -99.0000  -99.0000  -99.0000 
2016 7 28 0  -99.0000  -99.0000  -99.0000 
2016 7 29 0  -99.0000  -99.0000  -99.0000 
2016 7 30 0  -99.0000  -99.0000  -99.0000 
2016 7 31 0  -99.0000  -99.0000  -99.0000 
2016 8 1 0  -99.0000  -99.0000  -99.0000 
2016 8 2 0  -99.0000  -99.0000  -99.0000 
2016 8 3 0  -99.0000  -99.0000  -99.0000 
2016 8 4 0  -99.0000  -99.0000  -99.0000 
2016 8 5 0  -99.0000  -99.0000  -99.0000 
2016 8 6 0  -99.0000  -99.0000  -99.0000 
2016 8 7 0  -99.0000  -99.0000  -99.0000 
2016 8 8 0  -99.0000  -99.0000  -99.0000 
2016 8 9 0  -99.0000  -99.0000  -99.0000 
2016 8 10 0  -99.0000  -99.0000  -99.0000 
2016 8 11 0  -99.0000  -99.0000  -99.0000 
2016 8 12 0  -99.0000  -99.0000  -99.0000 
2016 8 13 0  -99.0000  -99.0000  -99.0000 
2016 8 14 0  -99.0000  -99.0000  -99.0000 
2016 8 15 0  -99.0000  -99.0000  -99.0000 
2016 8 16 0  -99.0000  -99.0000  -99.0000 
2016 8 17 0  -99.0000  -99.0000  -99.0000 
2016 8 18 0  -99.0000  -99.0000  -99.0000 
2016 8 19 0  -99.0000  -99.0000  -99.0000 
2016 8 20 0  -99.0000  -99.0000  -99.0000 
2016 8 21 0  -99.0000  -99.0000  -99.0000 
2016 8 22 0  -99.0000  -99.0000  -99.0000 
2016 8 23 0  -99.0000  -99.0000  -99.0000 
2016 8 24 0  -99.0000  -99.0000  -99.0000 
2016 8 25 0  -99.0000  -99.0000  -99.0000 
2016 8 26 0  -99.0000  -99.0000  -99.0000 
2016 8 27 0  -99.0000  -99.0000  -99.0000 
2016 8 28 0  -99.0000  -99.0000  -99.0000 
2016 8 29 0  -99.0000  -99.0000  -99.0000 
2016 8 30 0  -99.0000  -99.0000  -99.0000 
2016 8 31 0  -99.0000  -99.0000  -99.0000 
2016 9 1 0  -99.0000  -99.0000  -99.0000 
2016 9 2 0  -99.0000  -99.0000  -99.0000 
2016 9 3 0  -99.0000  -99.0000  -99.0000 
2016 9 4 0  -99.0000  -99.0000  -99.0000 
2016 9 5 0  -99.0000  -99.0000  -99.0000 
2016 9 6 0  -99.0000  -99.0000  -99.0000 
2016 9 7 0  -99.0000  -99.0000  -99.0000 
2016 9 8 0  -99.0000  -99.0000  -99.0000 
2016 9 9 0  -99.0000  -99.0000  -99.0000 
2016 9 10 0  -99.0000  -99.0000  -99.0000 
2016 9 11 0  -99.0000  -99.0000  -99.0000 
2016 9 12 0  -99.0000  -99.0000  -99.0000 
2016 9 13 0  -99.0000  -99.0000  -99.0000 
2016 9 14 0  -99.0000  -99.0000  -99.0000 
2016 9 15 0  -99.0000  -99.0000  -99.0000 
2016 9 16 0  -99.0000  -99.0000  -99.0000 
2016 9 17 0  -99.0000  -99.0000  -99.0000 
2016 9 18 0  -99.0000  -99.0000  -99.0000 
2016 9 19 0  -99.0000  -99.0000  -99.0000 
2016 9 20 0  -99.0000  -99.0000  -99.0000 
2016 9 21 0  -99.0000  -99.0000  -99.0000 
2016 9 22 0  -99.0000  -99.0000  -99.0000 
2016 9 23 0  -99.0000  -99.0000  -99.0000 
2016 9 24 0  -99.0000  -99.0000  -99.0000 
2016 9 25 0  -99.0000  -99.0000  -99.0000 
2016 9 26 0  -99.0000  -99.0000  -99.0000 
2016 9 27 0  -99.0000  -99.0000  -99.0000 
2016 9 28 0  -99.0000  -99.0000  -99.0000 
2016 9 29 0  -99.0000  -99.0000  -99.0000 
2016 9 30 0  -99.0000  -99.0000  -99.0000 
2016 10 1 0  -99.0000  -99.0000  -99.0000 
2016 10 2 0  -99.0000  -99.0000  -99.0000 
2016 10 3 0  -99.0000  -99.0000  -99.0000 
2016 10 4 0  -99.0000  -99.0000  -99.0000 
2016 10 5 0  -99.0000  -99.0000  -99.0000 
2016 10 6 0  -99.0000  -99.0000  -99.0000 
2016 10 7 0  -99.0000  -99.0000  -99.0000 
2016 10 8 0  -99.0000  -99.0000  -99.0000 
2016 10 9 0  -99.0000  -99.0000  -99.0000 
2016 10 10 0  -99.0000  -99.0000  -99.0000 
2016 10 11 0  -99.0000  -99.0000  -99.0000 
2016 10 12 0  -99.0000  -99.0000  -99.0000 
2016 10 13 0  -99.0000  -99.0000  -99.0000 
2016 10 14 0  -99.0000  -99.0000  -99.0000 
2016 10 15 0  -99.0000  -99.0000  -99.0000 
2016 10 16 0  -99.0000  -99.0000  -99.0000 
2016 10 17 0  -99.0000  -99.0000  -99.0000 
2016 10 18 0  -99.0000  -99.0000  -99.0000 
2016 10 19 0  -99.0000  -99.0000  -99.0000 
2016 10 20 0  -99.0000  -99.0000  -99.0000 
2016 10 21 0  -99.0000  -99.0000  -99.0000 
2016 10 22 0  -99.0000  -99.0000  -99.0000 
2016 10 23 0  -99.0000  -99.0000  -99.0000 
2016 10 24 0  -99.0000  -99.0000  -99.0000 
2016 10 25 0  -99.0000  -99.0000  -99.0000 
2016 10 26 0  -99.0000  -99.0000  -99.0000 
2016 10 27 0  -99.0000  -99.0000  -99.0000 
2016 10 28 0  -99.0000  -99.0000  -99.0000 
2016 10 29 0  -99.0000  -99.0000  -99.0000 
2016 10 30 0  -99.0000  -99.0000  -99.0000 
2016 10 31 0  -99.0000  -99.0000  -99.0000 
2016 11 1 0    0.5967    0.0521    0.5990 
2016 11 2 0    0.7408    0.0091    0.7408 
2016 11 3 0    0.8237   -0.0164    0.8239 
2016 11 4 0    0.7981    0.0607    0.8004 
2016 11 5 0    0.7090    0.2032    0.7376 
2016 11 6 0    0.5617    0.3713    0.6733 
2016 11 7 0    0.3482    0.5100    0.6175 
2016 11 8 0    0.0937    0.6331    0.6400 
2016 11 9 0   -0.1850    0.7042    0.7281 
2016 11 10 0   -0.4679    0.6635    0.8119 
2016 11 11 0   -0.7354    0.5769    0.9347 
2016 11 12 0   -0.9130    0.4373    1.0123 
2016 11 13 0   -0.9972    0.2596    1.0304 
2016 11 14 0   -1.0109    0.0682    1.0132 
2016 11 15 0   -0.9582   -0.0963    0.9630 
2016 11 16 0   -0.8704   -0.2681    0.9108 
2016 11 17 0   -0.7787   -0.4269    0.8881 
2016 11 18 0   -0.6676   -0.5600    0.8714 
2016 11 19 0   -0.5151   -0.6591    0.8366 
2016 11 20 0   -0.3377   -0.6735    0.7535 
2016 11 21 0   -0.1445   -0.6285    0.6449 
2016 11 22 0    0.0082   -0.5349    0.5350 
2016 11 23 0    0.1345   -0.4576    0.4769 
2016 11 24 0    0.2548   -0.4109    0.4835 
2016 11 25 0    0.3552   -0.3624    0.5074 
2016 11 26 0    0.3665   -0.3017    0.4747 
2016 11 27 0    0.3119   -0.2360    0.3911 
2016 11 28 0    0.1994   -0.1376    0.2423 
2016 11 29 0    0.0385   -0.0048    0.0388 
2016 11 30 0   -0.1341    0.0485    0.1426 
2016 12 1 0   -0.2414    0.0357    0.2440 
2016 12 2 0   -0.2873   -0.0148    0.2877 
2016 12 3 0   -0.2606   -0.0429    0.2641 
2016 12 4 0   -0.2190   -0.1181    0.2488 
2016 12 5 0   -0.1710   -0.1958    0.2600 
2016 12 6 0   -0.0822   -0.2550    0.2679 
2016 12 7 0    0.0341   -0.2654    0.2676 
2016 12 8 0    0.1449   -0.2571    0.2951 
2016 12 9 0    0.2104   -0.1880    0.2822 
2016 12 10 0    0.2479   -0.0563    0.2542 
2016 12 11 0    0.2491    0.0886    0.2644 
2016 12 12 0    0.1944    0.2034    0.2814 
2016 12 13 0    0.0991    0.2951    0.3113 
2016 12 14 0    0.0967    0.3678    0.3803 
2016 12 15 0    0.1424    0.4250    0.4483 
2016 12 16 0    0.1571    0.4546    0.4810 
2016 12 17 0    0.1978    0.5097    0.5467 
2016 12 18 0    0.2427    0.5494    0.6006 
2016 12 19 0    0.2465    0.5986    0.6474 
2016 12 20 0    0.2527    0.6081    0.6585 
2016 12 21 0    0.2946    0.5638    0.6361 
2016 12 22 0    0.2960    0.4716    0.5568 
2016 12 23 0    0.3122    0.3604    0.4768 
2016 12 24 0    0.3451    0.2214    0.4100 
2016 12 25 0    0.3208    0.0963    0.3350 
2016 12 26 0    0.2531    0.0899    0.2685 
2016 12 27 0    0.1794    0.0897    0.2006 
2016 12 28 0    0.1180    0.0599    0.1324 
2016 12 29 0    0.0409   -0.0311    0.0514 
2016 12 30 0    0.0115   -0.1586    0.1590 
2016 12 31 0    0.0299   -0.3265    0.3278 
2017 1 1 0    0.1019   -0.4491    0.4605 
2017 1 2 0    0.1601   -0.5137    0.5381 
2017 1 3 0    0.2222   -0.4512    0.5029 
2017 1 4 0    0.2702   -0.2877    0.3947 
2017 1 5 0    0.2975   -0.1022    0.3146 
2017 1 6 0    0.3541    0.0666    0.3604 
2017 1 7 0    0.4717    0.2269    0.5235 
2017 1 8 0    0.6000    0.3425    0.6908 
2017 1 9 0    0.6827    0.4125    0.7977 
2017 1 10 0    0.6880    0.4517    0.8230 
2017 1 11 0    0.6013    0.4573    0.7555 
2017 1 12 0    0.3848    0.4245    0.5729 
2017 1 13 0    0.1532    0.3813    0.4109 
2017 1 14 0   -0.0835    0.2992    0.3106 
2017 1 15 0   -0.3297    0.1695    0.3707 
2017 1 16 0   -0.5770    0.0105    0.5771 
2017 1 17 0   -0.7539   -0.1232    0.7639 
2017 1 18 0   -0.9271   -0.3038    0.9756 
2017 1 19 0   -1.0231   -0.5032    1.1401 
2017 1 20 0   -0.9596   -0.6429    1.1550 
2017 1 21 0   -0.8186   -0.7442    1.1063 
2017 1 22 0   -0.6703   -0.8312    1.0678 
2017 1 23 0   -0.5137   -0.8813    1.0201 
2017 1 24 0   -0.3334   -0.8607    0.9230 
2017 1 25 0   -0.1797   -0.8600    0.8786 
2017 1 26 0   -0.0420   -0.8570    0.8580 
2017 1 27 0    0.1071   -0.8202    0.8272 
2017 1 28 0    0.2845   -0.7345    0.7877 
2017 1 29 0    0.4582   -0.6386    0.7860 
2017 1 30 0    0.5869   -0.4699    0.7518 
2017 1 31 0    0.7155   -0.2064    0.7447 
2017 2 1 0    0.8574    0.0669    0.8600 
2017 2 2 0    0.9372    0.3238    0.9916 
2017 2 3 0    0.9551    0.6093    1.1329 
2017 2 4 0    0.9506    0.8421    1.2699 
2017 2 5 0    0.8891    0.9866    1.3281 
2017 2 6 0    0.7091    1.1139    1.3205 
2017 2 7 0    0.4928    1.2284    1.3236 
2017 2 8 0    0.2370    1.2548    1.2770 
2017 2 9 0   -0.0800    1.2640    1.2665 
2017 2 10 0   -0.4418    1.2436    1.3198 
2017 2 11 0   -0.8022    1.1378    1.3921 
2017 2 12 0   -1.1730    0.9657    1.5194 
2017 2 13 0   -1.4952    0.7694    1.6816 
2017 2 14 0   -1.7149    0.5452    1.7995 
2017 2 15 0   -1.7878    0.3133    1.8150 
2017 2 16 0   -1.7185    0.0568    1.7194 
2017 2 17 0   -1.5055   -0.1877    1.5171 
2017 2 18 0   -1.2412   -0.4064    1.3060 
2017 2 19 0   -1.0237   -0.6131    1.1932 
2017 2 20 0   -0.8844   -0.8222    1.2075 
2017 2 21 0   -0.8073   -1.0175    1.2988 
2017 2 22 0   -0.7768   -1.1936    1.4241 
2017 2 23 0   -0.7452   -1.3074    1.5048 
2017 2 24 0   -0.6245   -1.3979    1.5311 
2017 2 25 0   -0.4137   -1.4492    1.5071 
2017 2 26 0   -0.1972   -1.4599    1.4732 
2017 2 27 0    0.0200   -1.4223    1.4225 
2017 2 28 0    0.2326   -1.3641    1.3838 
2017 3 1 0    0.3741   -1.2729    1.3268 
2017 3 2 0    0.4781   -1.1593    1.2540 
2017 3 3 0    0.5792   -1.0302    1.1819 
2017 3 4 0    0.6363   -0.9117    1.1117 
2017 3 5 0    0.6117   -0.8439    1.0423 
2017 3 6 0    0.6022   -0.7467    0.9593 
2017 3 7 0    0.5725   -0.6707    0.8818 
2017 3 8 0    0.5119   -0.6208    0.8047 
2017 3 9 0    0.4517   -0.5842    0.7384 
2017 3 10 0    0.4548   -0.5212    0.6917 
2017 3 11 0    0.4255   -0.4806    0.6419 
2017 3 12 0    0.3575   -0.4244    0.5549 
2017 3 13 0    0.3267   -0.3368    0.4692 
2017 3 14 0    0.3167   -0.2511    0.4042 
2017 3 15 0    0.2668   -0.2394    0.3584 
2017 3 16 0    0.2199   -0.2815    0.3572 
2017 3 17 0    0.1773   -0.3514    0.3936 
2017 3 18 0    0.1586   -0.4082    0.4379 
2017 3 19 0    0.1636   -0.4306    0.4606 
2017 3 20 0    0.1999   -0.3888    0.4372 
2017 3 21 0    0.2214   -0.3015    0.3741 
2017 3 22 0    0.2953   -0.1853    0.3487 
2017 3 23 0    0.3242   -0.1336    0.3506 
2017 3 24 0    0.3464   -0.1344    0.3715 
2017 3 25 0    0.3898   -0.1825    0.4305 
2017 3 26 0    0.4381   -0.2474    0.5031 
2017 3 27 0    0.4382   -0.2834    0.5219 
2017 3 28 0    0.4155   -0.2510    0.4855 
2017 3 29 0    0.3733   -0.1828    0.4157 
2017 3 30 0    0.3331   -0.0831    0.3434 
2017 3 31 0    0.3251   -0.0465    0.3284 
2017 4 1 0    0.3329   -0.0147    0.3332 
2017 4 2 0    0.3955    0.0225    0.3961 
2017 4 3 0    0.4369    0.0461    0.4394 
2017 4 4 0    0.3981    0.0465    0.4008 
2017 4 5 0    0.3701    0.1331    0.3933 
2017 4 6 0    0.3752    0.1959    0.4233 
2017 4 7 0    0.3705    0.2260    0.4340 
2017 4 8 0    0.3905    0.2168    0.4467 
2017 4 9 0    0.4405    0.2089    0.4875 
2017 4 10 0    0.4278    0.1740    0.4618 
2017 4 11 0    0.3061    0.1392    0.3363 
2017 4 12 0    0.1529    0.1227    0.1960 
2017 4 13 0   -0.0236    0.1420    0.1440 
2017 4 14 0   -0.1810    0.1399    0.2288 
2017 4 15 0   -0.2385    0.1206    0.2672 
2017 4 16 0   -0.1867    0.0645    0.1975 
2017 4 17 0   -0.1061    0.0205    0.1081 
2017 4 18 0    0.0130   -0.0062    0.0144 
2017 4 19 0    0.1220    0.0247    0.1245 
2017 4 20 0    0.2042    0.0870    0.2219 
2017 4 21 0    0.2511    0.2045    0.3239 
2017 4 22 0    0.2533    0.3126    0.4023 
2017 4 23 0    0.2007    0.3788    0.4287 
2017 4 24 0    0.1455    0.4093    0.4344 
2017 4 25 0    0.0498    0.4157    0.4187 
2017 4 26 0   -0.0787    0.4070    0.4145 
2017 4 27 0   -0.1982    0.3727    0.4221 
2017 4 28 0   -0.3468    0.3518    0.4940 
2017 4 29 0   -0.4907    0.3387    0.5962 
2017 4 30 0   -0.6240    0.3238    0.7030 
2017 5 1 0  -99.0000  -99.0000  -99.0000 
2017 5 2 0  -99.0000  -99.0000  -99.0000 
2017 5 3 0  -99.0000  -99.0000  -99.0000 
2017 5 4 0  -99.0000  -99.0000  -99.0000 
2017 5 5 0  -99.0000  -99.0000  -99.0000 
2017 5 6 0  -99.0000  -99.0000  -99.0000 
2017 5 7 0  -99.0000  -99.0000  -99.0000 
2017 5 8 0  -99.0000  -99.0000  -99.0000 
2017 5 9 0  -99.0000  -99.0000  -99.0000 
2017 5 10 0  -99.0000  -99.0000  -99.0000 
2017 5 11 0  -99.0000  -99.0000  -99.0000 
2017 5 12 0  -99.0000  -99.0000  -99.0000 
2017 5 13 0  -99.0000  -99.0000  -99.0000 
2017 5 14 0  -99.0000  -99.0000  -99.0000 
2017 5 15 0  -99.0000  -99.0000  -99.0000 
2017 5 16 0  -99.0000  -99.0000  -99.0000 
2017 5 17 0  -99.0000  -99.0000  -99.0000 
2017 5 18 0  -99.0000  -99.0000  -99.0000 
2017 5 19 0  -99.0000  -99.0000  -99.0000 
2017 5 20 0  -99.0000  -99.0000  -99.0000 
2017 5 21 0  -99.0000  -99.0000  -99.0000 
2017 5 22 0  -99.0000  -99.0000  -99.0000 
2017 5 23 0  -99.0000  -99.0000  -99.0000 
2017 5 24 0  -99.0000  -99.0000  -99.0000 
2017 5 25 0  -99.0000  -99.0000  -99.0000 
2017 5 26 0  -99.0000  -99.0000  -99.0000 
2017 5 27 0  -99.0000  -99.0000  -99.0000 
2017 5 28 0  -99.0000  -99.0000  -99.0000 
2017 5 29 0  -99.0000  -99.0000  -99.0000 
2017 5 30 0  -99.0000  -99.0000  -99.0000 
2017 5 31 0  -99.0000  -99.0000  -99.0000 
2017 6 1 0  -99.0000  -99.0000  -99.0000 
2017 6 2 0  -99.0000  -99.0000  -99.0000 
2017 6 3 0  -99.0000  -99.0000  -99.0000 
2017 6 4 0  -99.0000  -99.0000  -99.0000 
2017 6 5 0  -99.0000  -99.0000  -99.0000 
2017 6 6 0  -99.0000  -99.0000  -99.0000 
2017 6 7 0  -99.0000  -99.0000  -99.0000 
2017 6 8 0  -99.0000  -99.0000  -99.0000 
2017 6 9 0  -99.0000  -99.0000  -99.0000 
2017 6 10 0  -99.0000  -99.0000  -99.0000 
2017 6 11 0  -99.0000  -99.0000  -99.0000 
2017 6 12 0  -99.0000  -99.0000  -99.0000 
2017 6 13 0  -99.0000  -99.0000  -99.0000 
2017 6 14 0  -99.0000  -99.0000  -99.0000 
2017 6 15 0  -99.0000  -99.0000  -99.0000 
2017 6 16 0  -99.0000  -99.0000  -99.0000 
2017 6 17 0  -99.0000  -99.0000  -99.0000 
2017 6 18 0  -99.0000  -99.0000  -99.0000 
2017 6 19 0  -99.0000  -99.0000  -99.0000 
2017 6 20 0  -99.0000  -99.0000  -99.0000 
2017 6 21 0  -99.0000  -99.0000  -99.0000 
2017 6 22 0  -99.0000  -99.0000  -99.0000 
2017 6 23 0  -99.0000  -99.0000  -99.0000 
2017 6 24 0  -99.0000  -99.0000  -99.0000 
2017 6 25 0  -99.0000  -99.0000  -99.0000 
2017 6 26 0  -99.0000  -99.0000  -99.0000 
2017 6 27 0  -99.0000  -99.0000  -99.0000 
2017 6 28 0  -99.0000  -99.0000  -99.0000 
2017 6 29 0  -99.0000  -99.0000  -99.0000 
2017 6 30 0  -99.0000  -99.0000  -99.0000 
2017 7 1 0  -99.0000  -99.0000  -99.0000 
2017 7 2 0  -99.0000  -99.0000  -99.0000 
2017 7 3 0  -99.0000  -99.0000  -99.0000 
2017 7 4 0  -99.0000  -99.0000  -99.0000 
2017 7 5 0  -99.0000  -99.0000  -99.0000 
2017 7 6 0  -99.0000  -99.0000  -99.0000 
2017 7 7 0  -99.0000  -99.0000  -99.0000 
2017 7 8 0  -99.0000  -99.0000  -99.0000 
2017 7 9 0  -99.0000  -99.0000  -99.0000 
2017 7 10 0  -99.0000  -99.0000  -99.0000 
2017 7 11 0  -99.0000  -99.0000  -99.0000 
2017 7 12 0  -99.0000  -99.0000  -99.0000 
2017 7 13 0  -99.0000  -99.0000  -99.0000 
2017 7 14 0  -99.0000  -99.0000  -99.0000 
2017 7 15 0  -99.0000  -99.0000  -99.0000 
2017 7 16 0  -99.0000  -99.0000  -99.0000 
2017 7 17 0  -99.0000  -99.0000  -99.0000 
2017 7 18 0  -99.0000  -99.0000  -99.0000 
2017 7 19 0  -99.0000  -99.0000  -99.0000 
2017 7 20 0  -99.0000  -99.0000  -99.0000 
2017 7 21 0  -99.0000  -99.0000  -99.0000 
2017 7 22 0  -99.0000  -99.0000  -99.0000 
2017 7 23 0  -99.0000  -99.0000  -99.0000 
2017 7 24 0  -99.0000  -99.0000  -99.0000 
2017 7 25 0  -99.0000  -99.0000  -99.0000 
2017 7 26 0  -99.0000  -99.0000  -99.0000 
2017 7 27 0  -99.0000  -99.0000  -99.0000 
2017 7 28 0  -99.0000  -99.0000  -99.0000 
2017 7 29 0  -99.0000  -99.0000  -99.0000 
2017 7 30 0  -99.0000  -99.0000  -99.0000 
2017 7 31 0  -99.0000  -99.0000  -99.0000 
2017 8 1 0  -99.0000  -99.0000  -99.0000 
2017 8 2 0  -99.0000  -99.0000  -99.0000 
2017 8 3 0  -99.0000  -99.0000  -99.0000 
2017 8 4 0  -99.0000  -99.0000  -99.0000 
2017 8 5 0  -99.0000  -99.0000  -99.0000 
2017 8 6 0  -99.0000  -99.0000  -99.0000 
2017 8 7 0  -99.0000  -99.0000  -99.0000 
2017 8 8 0  -99.0000  -99.0000  -99.0000 
2017 8 9 0  -99.0000  -99.0000  -99.0000 
2017 8 10 0  -99.0000  -99.0000  -99.0000 
2017 8 11 0  -99.0000  -99.0000  -99.0000 
2017 8 12 0  -99.0000  -99.0000  -99.0000 
2017 8 13 0  -99.0000  -99.0000  -99.0000 
2017 8 14 0  -99.0000  -99.0000  -99.0000 
2017 8 15 0  -99.0000  -99.0000  -99.0000 
2017 8 16 0  -99.0000  -99.0000  -99.0000 
2017 8 17 0  -99.0000  -99.0000  -99.0000 
2017 8 18 0  -99.0000  -99.0000  -99.0000 
2017 8 19 0  -99.0000  -99.0000  -99.0000 
2017 8 20 0  -99.0000  -99.0000  -99.0000 
2017 8 21 0  -99.0000  -99.0000  -99.0000 
2017 8 22 0  -99.0000  -99.0000  -99.0000 
2017 8 23 0  -99.0000  -99.0000  -99.0000 
2017 8 24 0  -99.0000  -99.0000  -99.0000 
2017 8 25 0  -99.0000  -99.0000  -99.0000 
2017 8 26 0  -99.0000  -99.0000  -99.0000 
2017 8 27 0  -99.0000  -99.0000  -99.0000 
2017 8 28 0  -99.0000  -99.0000  -99.0000 
2017 8 29 0  -99.0000  -99.0000  -99.0000 
2017 8 30 0  -99.0000  -99.0000  -99.0000 
2017 8 31 0  -99.0000  -99.0000  -99.0000 
2017 9 1 0  -99.0000  -99.0000  -99.0000 
2017 9 2 0  -99.0000  -99.0000  -99.0000 
2017 9 3 0  -99.0000  -99.0000  -99.0000 
2017 9 4 0  -99.0000  -99.0000  -99.0000 
2017 9 5 0  -99.0000  -99.0000  -99.0000 
2017 9 6 0  -99.0000  -99.0000  -99.0000 
2017 9 7 0  -99.0000  -99.0000  -99.0000 
2017 9 8 0  -99.0000  -99.0000  -99.0000 
2017 9 9 0  -99.0000  -99.0000  -99.0000 
2017 9 10 0  -99.0000  -99.0000  -99.0000 
2017 9 11 0  -99.0000  -99.0000  -99.0000 
2017 9 12 0  -99.0000  -99.0000  -99.0000 
2017 9 13 0  -99.0000  -99.0000  -99.0000 
2017 9 14 0  -99.0000  -99.0000  -99.0000 
2017 9 15 0  -99.0000  -99.0000  -99.0000 
2017 9 16 0  -99.0000  -99.0000  -99.0000 
2017 9 17 0  -99.0000  -99.0000  -99.0000 
2017 9 18 0  -99.0000  -99.0000  -99.0000 
2017 9 19 0  -99.0000  -99.0000  -99.0000 
2017 9 20 0  -99.0000  -99.0000  -99.0000 
2017 9 21 0  -99.0000  -99.0000  -99.0000 
2017 9 22 0  -99.0000  -99.0000  -99.0000 
2017 9 23 0  -99.0000  -99.0000  -99.0000 
2017 9 24 0  -99.0000  -99.0000  -99.0000 
2017 9 25 0  -99.0000  -99.0000  -99.0000 
2017 9 26 0  -99.0000  -99.0000  -99.0000 
2017 9 27 0  -99.0000  -99.0000  -99.0000 
2017 9 28 0  -99.0000  -99.0000  -99.0000 
2017 9 29 0  -99.0000  -99.0000  -99.0000 
2017 9 30 0  -99.0000  -99.0000  -99.0000 
2017 10 1 0  -99.0000  -99.0000  -99.0000 
2017 10 2 0  -99.0000  -99.0000  -99.0000 
2017 10 3 0  -99.0000  -99.0000  -99.0000 
2017 10 4 0  -99.0000  -99.0000  -99.0000 
2017 10 5 0  -99.0000  -99.0000  -99.0000 
2017 10 6 0  -99.0000  -99.0000  -99.0000 
2017 10 7 0  -99.0000  -99.0000  -99.0000 
2017 10 8 0  -99.0000  -99.0000  -99.0000 
2017 10 9 0  -99.0000  -99.0000  -99.0000 
2017 10 10 0  -99.0000  -99.0000  -99.0000 
2017 10 11 0  -99.0000  -99.0000  -99.0000 
2017 10 12 0  -99.0000  -99.0000  -99.0000 
2017 10 13 0  -99.0000  -99.0000  -99.0000 
2017 10 14 0  -99.0000  -99.0000  -99.0000 
2017 10 15 0  -99.0000  -99.0000  -99.0000 
2017 10 16 0  -99.0000  -99.0000  -99.0000 
2017 10 17 0  -99.0000  -99.0000  -99.0000 
2017 10 18 0  -99.0000  -99.0000  -99.0000 
2017 10 19 0  -99.0000  -99.0000  -99.0000 
2017 10 20 0  -99.0000  -99.0000  -99.0000 
2017 10 21 0  -99.0000  -99.0000  -99.0000 
2017 10 22 0  -99.0000  -99.0000  -99.0000 
2017 10 23 0  -99.0000  -99.0000  -99.0000 
2017 10 24 0  -99.0000  -99.0000  -99.0000 
2017 10 25 0  -99.0000  -99.0000  -99.0000 
2017 10 26 0  -99.0000  -99.0000  -99.0000 
2017 10 27 0  -99.0000  -99.0000  -99.0000 
2017 10 28 0  -99.0000  -99.0000  -99.0000 
2017 10 29 0  -99.0000  -99.0000  -99.0000 
2017 10 30 0  -99.0000  -99.0000  -99.0000 
2017 10 31 0  -99.0000  -99.0000  -99.0000 
2017 11 1 0   -0.6366   -0.1845    0.6628 
2017 11 2 0   -0.6266   -0.3576    0.7215 
2017 11 3 0   -0.6217   -0.4955    0.7950 
2017 11 4 0   -0.5950   -0.5982    0.8437 
2017 11 5 0   -0.5180   -0.6636    0.8419 
2017 11 6 0   -0.3872   -0.6702    0.7740 
2017 11 7 0   -0.2219   -0.6192    0.6577 
2017 11 8 0   -0.0384   -0.4956    0.4971 
2017 11 9 0    0.1031   -0.2944    0.3119 
2017 11 10 0    0.1837   -0.0912    0.2051 
2017 11 11 0    0.2140    0.0924    0.2331 
2017 11 12 0    0.1908    0.2025    0.2782 
2017 11 13 0    0.1441    0.2586    0.2960 
2017 11 14 0    0.0975    0.2121    0.2335 
2017 11 15 0    0.1054    0.1338    0.1703 
2017 11 16 0    0.0996    0.0699    0.1217 
2017 11 17 0    0.0906   -0.0080    0.0909 
2017 11 18 0    0.0996   -0.1068    0.1460 
2017 11 19 0    0.0869   -0.2201    0.2366 
2017 11 20 0    0.0370   -0.3385    0.3405 
2017 11 21 0    0.0246   -0.4871    0.4877 
2017 11 22 0    0.0808   -0.5738    0.5794 
2017 11 23 0    0.1705   -0.6251    0.6480 
2017 11 24 0    0.3282   -0.6227    0.7039 
2017 11 25 0    0.5285   -0.6112    0.8080 
2017 11 26 0    0.7059   -0.5929    0.9219 
2017 11 27 0    0.8191   -0.5730    0.9996 
2017 11 28 0    0.9179   -0.4945    1.0426 
2017 11 29 0    0.9472   -0.3864    1.0229 
2017 11 30 0    0.9627   -0.1850    0.9803 
2017 12 1 0    0.9676    0.0914    0.9719 
2017 12 2 0    0.9739    0.3383    1.0310 
2017 12 3 0    0.9063    0.4988    1.0345 
2017 12 4 0    0.8299    0.6322    1.0433 
2017 12 5 0    0.6586    0.6692    0.9389 
2017 12 6 0    0.4485    0.6667    0.8035 
2017 12 7 0    0.2258    0.6273    0.6667 
2017 12 8 0    0.0376    0.5748    0.5760 
2017 12 9 0   -0.1243    0.5193    0.5339 
2017 12 10 0   -0.2222    0.5031    0.5500 
2017 12 11 0   -0.2386    0.4997    0.5538 
2017 12 12 0   -0.2262    0.5561    0.6003 
2017 12 13 0   -0.2135    0.6646    0.6981 
2017 12 14 0   -0.2225    0.7642    0.7960 
2017 12 15 0   -0.2594    0.8622    0.9003 
2017 12 16 0   -0.3457    0.9281    0.9904 
2017 12 17 0   -0.4359    0.9406    1.0367 
2017 12 18 0   -0.5377    0.9125    1.0591 
2017 12 19 0   -0.6126    0.8141    1.0188 
2017 12 20 0   -0.6794    0.6243    0.9227 
2017 12 21 0   -0.7171    0.4067    0.8244 
2017 12 22 0   -0.7448    0.1865    0.7678 
2017 12 23 0   -0.7402   -0.0399    0.7412 
2017 12 24 0   -0.7121   -0.1999    0.7396 
2017 12 25 0   -0.6566   -0.2942    0.7195 
2017 12 26 0   -0.6132   -0.3926    0.7281 
2017 12 27 0   -0.5304   -0.4917    0.7233 
2017 12 28 0   -0.4556   -0.6401    0.7857 
2017 12 29 0   -0.4035   -0.8615    0.9513 
2017 12 30 0   -0.3392   -1.0653    1.1180 
2017 12 31 0   -0.2660   -1.2068    1.2358 
2018 1 1 0   -0.2322   -1.3246    1.3448 
2018 1 2 0   -0.1994   -1.4135    1.4275 
2018 1 3 0   -0.1814   -1.4298    1.4412 
2018 1 4 0   -0.1916   -1.4868    1.4991 
2018 1 5 0   -0.2094   -1.5348    1.5490 
2018 1 6 0   -0.2273   -1.5837    1.6000 
2018 1 7 0   -0.1777   -1.5875    1.5974 
2018 1 8 0   -0.0712   -1.5608    1.5624 
2018 1 9 0    0.0286   -1.5127    1.5130 
2018 1 10 0    0.1263   -1.5040    1.5093 
2018 1 11 0    0.2338   -1.4793    1.4977 
2018 1 12 0    0.2976   -1.4831    1.5127 
2018 1 13 0    0.3483   -1.5100    1.5497 
2018 1 14 0    0.5191   -1.4940    1.5816 
2018 1 15 0    0.7398   -1.4100    1.5923 
2018 1 16 0    0.9814   -1.3300    1.6529 
2018 1 17 0    1.1941   -1.1984    1.6918 
2018 1 18 0    1.3858   -1.0796    1.7567 
2018 1 19 0    1.4552   -0.9691    1.7484 
2018 1 20 0    1.4652   -0.8880    1.7133 
2018 1 21 0    1.4361   -0.7446    1.6177 
2018 1 22 0    1.4374   -0.5778    1.5492 
2018 1 23 0    1.4350   -0.3668    1.4811 
2018 1 24 0    1.4827   -0.1318    1.4886 
2018 1 25 0    1.5616    0.1203    1.5663 
2018 1 26 0    1.6227    0.3742    1.6652 
2018 1 27 0    1.5788    0.6758    1.7174 
2018 1 28 0    1.4381    1.0066    1.7554 
2018 1 29 0    1.1792    1.2939    1.7506 
2018 1 30 0    0.8510    1.5414    1.7607 
2018 1 31 0    0.4876    1.6783    1.7477 
2018 2 1 0    0.1139    1.7106    1.7144 
2018 2 2 0   -0.2115    1.6662    1.6796 
2018 2 3 0   -0.4771    1.6238    1.6924 
2018 2 4 0   -0.7186    1.5733    1.7297 
2018 2 5 0   -0.9404    1.5566    1.8186 
2018 2 6 0   -1.0736    1.5448    1.8813 
2018 2 7 0   -1.1483    1.5155    1.9014 
2018 2 8 0   -1.2046    1.4464    1.8824 
2018 2 9 0   -1.2236    1.3895    1.8515 
2018 2 10 0   -1.1456    1.3554    1.7747 
2018 2 11 0   -1.0487    1.3006    1.6708 
2018 2 12 0   -0.9789    1.2664    1.6006 
2018 2 13 0   -0.8884    1.2878    1.5645 
2018 2 14 0   -0.8198    1.3027    1.5392 
2018 2 15 0   -0.8145    1.2506    1.4924 
2018 2 16 0   -0.8487    1.1669    1.4429 
2018 2 17 0   -0.9197    1.0145    1.3693 
2018 2 18 0   -1.0089    0.7480    1.2559 
2018 2 19 0   -1.0884    0.3867    1.1551 
2018 2 20 0   -1.1372    0.0253    1.1375 
2018 2 21 0   -1.1339   -0.3354    1.1824 
2018 2 22 0   -1.0687   -0.6362    1.2437 
2018 2 23 0   -0.9530   -0.8521    1.2784 
2018 2 24 0   -0.7826   -0.9748    1.2501 
2018 2 25 0   -0.6035   -1.0249    1.1894 
2018 2 26 0   -0.4316   -0.9774    1.0685 
2018 2 27 0   -0.2932   -0.9180    0.9637 
2018 2 28 0   -0.1813   -0.8449    0.8641 
2018 3 1 0   -0.0900   -0.7672    0.7724 
2018 3 2 0   -0.0056   -0.7021    0.7021 
2018 3 3 0    0.0644   -0.7042    0.7071 
2018 3 4 0    0.1844   -0.7526    0.7749 
2018 3 5 0    0.3008   -0.8228    0.8761 
2018 3 6 0    0.3971   -0.8918    0.9762 
2018 3 7 0    0.4716   -0.9880    1.0948 
2018 3 8 0    0.5120   -1.0422    1.1612 
2018 3 9 0    0.4611   -1.0334    1.1316 
2018 3 10 0    0.4048   -0.9872    1.0669 
2018 3 11 0    0.3701   -0.9157    0.9877 
2018 3 12 0    0.3657   -0.7753    0.8572 
2018 3 13 0    0.3572   -0.6203    0.7158 
2018 3 14 0    0.3484   -0.4430    0.5635 
2018 3 15 0    0.3002   -0.3257    0.4429 
2018 3 16 0    0.2202   -0.2350    0.3220 
2018 3 17 0    0.1150   -0.1196    0.1659 
2018 3 18 0    0.0654   -0.0234    0.0694 
2018 3 19 0    0.1045    0.0428    0.1130 
2018 3 20 0    0.2087    0.0932    0.2285 
2018 3 21 0    0.3402    0.1282    0.3636 
2018 3 22 0    0.4268    0.0841    0.4350 
2018 3 23 0    0.4455    0.0823    0.4530 
2018 3 24 0    0.4009    0.1033    0.4140 
2018 3 25 0    0.3125    0.2026    0.3724 
2018 3 26 0    0.1444    0.3387    0.3682 
2018 3 27 0   -0.0417    0.5344    0.5360 
2018 3 28 0   -0.1964    0.6370    0.6666 
2018 3 29 0   -0.2806    0.6915    0.7463 
2018 3 30 0   -0.3696    0.7437    0.8305 
2018 3 31 0   -0.4659    0.8138    0.9377 
2018 4 1 0   -0.5930    0.8277    1.0182 
2018 4 2 0   -0.7736    0.8199    1.1272 
2018 4 3 0   -0.9889    0.7598    1.2471 
2018 4 4 0   -1.1872    0.5998    1.3301 
2018 4 5 0   -1.3430    0.3225    1.3811 
2018 4 6 0   -1.4143    0.0209    1.4144 
2018 4 7 0   -1.4018   -0.2544    1.4247 
2018 4 8 0   -1.3396   -0.4747    1.4212 
2018 4 9 0   -1.2182   -0.6420    1.3770 
2018 4 10 0   -1.0283   -0.7964    1.3006 
2018 4 11 0   -0.8129   -0.9623    1.2597 
2018 4 12 0   -0.6172   -1.1288    1.2865 
2018 4 13 0   -0.4602   -1.2655    1.3466 
2018 4 14 0   -0.3368   -1.3801    1.4206 
2018 4 15 0   -0.2402   -1.3805    1.4012 
2018 4 16 0   -0.1183   -1.2577    1.2632 
2018 4 17 0   -0.0165   -1.0958    1.0960 
2018 4 18 0    0.0911   -0.9204    0.9249 
2018 4 19 0    0.1312   -0.7311    0.7428 
2018 4 20 0    0.1446   -0.5611    0.5795 
2018 4 21 0    0.1163   -0.4484    0.4632 
2018 4 22 0    0.1457   -0.3354    0.3657 
2018 4 23 0    0.1765   -0.2133    0.2769 
2018 4 24 0    0.2448   -0.1360    0.2801 
2018 4 25 0    0.2724   -0.0566    0.2782 
2018 4 26 0    0.2719   -0.0268    0.2732 
2018 4 27 0    0.2405    0.0352    0.2431 
2018 4 28 0    0.1848    0.0439    0.1899 
2018 4 29 0    0.1000    0.0940    0.1373 
2018 4 30 0    0.0633    0.1245    0.1397 
2018 5 1 0  -99.0000  -99.0000  -99.0000 
2018 5 2 0  -99.0000  -99.0000  -99.0000 
2018 5 3 0  -99.0000  -99.0000  -99.0000 
2018 5 4 0  -99.0000  -99.0000  -99.0000 
2018 5 5 0  -99.0000  -99.0000  -99.0000 
2018 5 6 0  -99.0000  -99.0000  -99.0000 
2018 5 7 0  -99.0000  -99.0000  -99.0000 
2018 5 8 0  -99.0000  -99.0000  -99.0000 
2018 5 9 0  -99.0000  -99.0000  -99.0000 
2018 5 10 0  -99.0000  -99.0000  -99.0000 
2018 5 11 0  -99.0000  -99.0000  -99.0000 
2018 5 12 0  -99.0000  -99.0000  -99.0000 
2018 5 13 0  -99.0000  -99.0000  -99.0000 
2018 5 14 0  -99.0000  -99.0000  -99.0000 
2018 5 15 0  -99.0000  -99.0000  -99.0000 
2018 5 16 0  -99.0000  -99.0000  -99.0000 
2018 5 17 0  -99.0000  -99.0000  -99.0000 
2018 5 18 0  -99.0000  -99.0000  -99.0000 
2018 5 19 0  -99.0000  -99.0000  -99.0000 
2018 5 20 0  -99.0000  -99.0000  -99.0000 
2018 5 21 0  -99.0000  -99.0000  -99.0000 
2018 5 22 0  -99.0000  -99.0000  -99.0000 
2018 5 23 0  -99.0000  -99.0000  -99.0000 
2018 5 24 0  -99.0000  -99.0000  -99.0000 
2018 5 25 0  -99.0000  -99.0000  -99.0000 
2018 5 26 0  -99.0000  -99.0000  -99.0000 
2018 5 27 0  -99.0000  -99.0000  -99.0000 
2018 5 28 0  -99.0000  -99.0000  -99.0000 
2018 5 29 0  -99.0000  -99.0000  -99.0000 
2018 5 30 0  -99.0000  -99.0000  -99.0000 
2018 5 31 0  -99.0000  -99.0000  -99.0000 
2018 6 1 0  -99.0000  -99.0000  -99.0000 
2018 6 2 0  -99.0000  -99.0000  -99.0000 
2018 6 3 0  -99.0000  -99.0000  -99.0000 
2018 6 4 0  -99.0000  -99.0000  -99.0000 
2018 6 5 0  -99.0000  -99.0000  -99.0000 
2018 6 6 0  -99.0000  -99.0000  -99.0000 
2018 6 7 0  -99.0000  -99.0000  -99.0000 
2018 6 8 0  -99.0000  -99.0000  -99.0000 
2018 6 9 0  -99.0000  -99.0000  -99.0000 
2018 6 10 0  -99.0000  -99.0000  -99.0000 
2018 6 11 0  -99.0000  -99.0000  -99.0000 
2018 6 12 0  -99.0000  -99.0000  -99.0000 
2018 6 13 0  -99.0000  -99.0000  -99.0000 
2018 6 14 0  -99.0000  -99.0000  -99.0000 
2018 6 15 0  -99.0000  -99.0000  -99.0000 
2018 6 16 0  -99.0000  -99.0000  -99.0000 
2018 6 17 0  -99.0000  -99.0000  -99.0000 
2018 6 18 0  -99.0000  -99.0000  -99.0000 
2018 6 19 0  -99.0000  -99.0000  -99.0000 
2018 6 20 0  -99.0000  -99.0000  -99.0000 
2018 6 21 0  -99.0000  -99.0000  -99.0000 
2018 6 22 0  -99.0000  -99.0000  -99.0000 
2018 6 23 0  -99.0000  -99.0000  -99.0000 
2018 6 24 0  -99.0000  -99.0000  -99.0000 
2018 6 25 0  -99.0000  -99.0000  -99.0000 
2018 6 26 0  -99.0000  -99.0000  -99.0000 
2018 6 27 0  -99.0000  -99.0000  -99.0000 
2018 6 28 0  -99.0000  -99.0000  -99.0000 
2018 6 29 0  -99.0000  -99.0000  -99.0000 
2018 6 30 0  -99.0000  -99.0000  -99.0000 
2018 7 1 0  -99.0000  -99.0000  -99.0000 
2018 7 2 0  -99.0000  -99.0000  -99.0000 
2018 7 3 0  -99.0000  -99.0000  -99.0000 
2018 7 4 0  -99.0000  -99.0000  -99.0000 
2018 7 5 0  -99.0000  -99.0000  -99.0000 
2018 7 6 0  -99.0000  -99.0000  -99.0000 
2018 7 7 0  -99.0000  -99.0000  -99.0000 
2018 7 8 0  -99.0000  -99.0000  -99.0000 
2018 7 9 0  -99.0000  -99.0000  -99.0000 
2018 7 10 0  -99.0000  -99.0000  -99.0000 
2018 7 11 0  -99.0000  -99.0000  -99.0000 
2018 7 12 0  -99.0000  -99.0000  -99.0000 
2018 7 13 0  -99.0000  -99.0000  -99.0000 
2018 7 14 0  -99.0000  -99.0000  -99.0000 
2018 7 15 0  -99.0000  -99.0000  -99.0000 
2018 7 16 0  -99.0000  -99.0000  -99.0000 
2018 7 17 0  -99.0000  -99.0000  -99.0000 
2018 7 18 0  -99.0000  -99.0000  -99.0000 
2018 7 19 0  -99.0000  -99.0000  -99.0000 
2018 7 20 0  -99.0000  -99.0000  -99.0000 
2018 7 21 0  -99.0000  -99.0000  -99.0000 
2018 7 22 0  -99.0000  -99.0000  -99.0000 
2018 7 23 0  -99.0000  -99.0000  -99.0000 
2018 7 24 0  -99.0000  -99.0000  -99.0000 
2018 7 25 0  -99.0000  -99.0000  -99.0000 
2018 7 26 0  -99.0000  -99.0000  -99.0000 
2018 7 27 0  -99.0000  -99.0000  -99.0000 
2018 7 28 0  -99.0000  -99.0000  -99.0000 
2018 7 29 0  -99.0000  -99.0000  -99.0000 
2018 7 30 0  -99.0000  -99.0000  -99.0000 
2018 7 31 0  -99.0000  -99.0000  -99.0000 
2018 8 1 0  -99.0000  -99.0000  -99.0000 
2018 8 2 0  -99.0000  -99.0000  -99.0000 
2018 8 3 0  -99.0000  -99.0000  -99.0000 
2018 8 4 0  -99.0000  -99.0000  -99.0000 
2018 8 5 0  -99.0000  -99.0000  -99.0000 
2018 8 6 0  -99.0000  -99.0000  -99.0000 
2018 8 7 0  -99.0000  -99.0000  -99.0000 
2018 8 8 0  -99.0000  -99.0000  -99.0000 
2018 8 9 0  -99.0000  -99.0000  -99.0000 
2018 8 10 0  -99.0000  -99.0000  -99.0000 
2018 8 11 0  -99.0000  -99.0000  -99.0000 
2018 8 12 0  -99.0000  -99.0000  -99.0000 
2018 8 13 0  -99.0000  -99.0000  -99.0000 
2018 8 14 0  -99.0000  -99.0000  -99.0000 
2018 8 15 0  -99.0000  -99.0000  -99.0000 
2018 8 16 0  -99.0000  -99.0000  -99.0000 
2018 8 17 0  -99.0000  -99.0000  -99.0000 
2018 8 18 0  -99.0000  -99.0000  -99.0000 
2018 8 19 0  -99.0000  -99.0000  -99.0000 
2018 8 20 0  -99.0000  -99.0000  -99.0000 
2018 8 21 0  -99.0000  -99.0000  -99.0000 
2018 8 22 0  -99.0000  -99.0000  -99.0000 
2018 8 23 0  -99.0000  -99.0000  -99.0000 
2018 8 24 0  -99.0000  -99.0000  -99.0000 
2018 8 25 0  -99.0000  -99.0000  -99.0000 
2018 8 26 0  -99.0000  -99.0000  -99.0000 
2018 8 27 0  -99.0000  -99.0000  -99.0000 
2018 8 28 0  -99.0000  -99.0000  -99.0000 
2018 8 29 0  -99.0000  -99.0000  -99.0000 
2018 8 30 0  -99.0000  -99.0000  -99.0000 
2018 8 31 0  -99.0000  -99.0000  -99.0000 
2018 9 1 0  -99.0000  -99.0000  -99.0000 
2018 9 2 0  -99.0000  -99.0000  -99.0000 
2018 9 3 0  -99.0000  -99.0000  -99.0000 
2018 9 4 0  -99.0000  -99.0000  -99.0000 
2018 9 5 0  -99.0000  -99.0000  -99.0000 
2018 9 6 0  -99.0000  -99.0000  -99.0000 
2018 9 7 0  -99.0000  -99.0000  -99.0000 
2018 9 8 0  -99.0000  -99.0000  -99.0000 
2018 9 9 0  -99.0000  -99.0000  -99.0000 
2018 9 10 0  -99.0000  -99.0000  -99.0000 
2018 9 11 0  -99.0000  -99.0000  -99.0000 
2018 9 12 0  -99.0000  -99.0000  -99.0000 
2018 9 13 0  -99.0000  -99.0000  -99.0000 
2018 9 14 0  -99.0000  -99.0000  -99.0000 
2018 9 15 0  -99.0000  -99.0000  -99.0000 
2018 9 16 0  -99.0000  -99.0000  -99.0000 
2018 9 17 0  -99.0000  -99.0000  -99.0000 
2018 9 18 0  -99.0000  -99.0000  -99.0000 
2018 9 19 0  -99.0000  -99.0000  -99.0000 
2018 9 20 0  -99.0000  -99.0000  -99.0000 
2018 9 21 0  -99.0000  -99.0000  -99.0000 
2018 9 22 0  -99.0000  -99.0000  -99.0000 
2018 9 23 0  -99.0000  -99.0000  -99.0000 
2018 9 24 0  -99.0000  -99.0000  -99.0000 
2018 9 25 0  -99.0000  -99.0000  -99.0000 
2018 9 26 0  -99.0000  -99.0000  -99.0000 
2018 9 27 0  -99.0000  -99.0000  -99.0000 
2018 9 28 0  -99.0000  -99.0000  -99.0000 
2018 9 29 0  -99.0000  -99.0000  -99.0000 
2018 9 30 0  -99.0000  -99.0000  -99.0000 
2018 10 1 0  -99.0000  -99.0000  -99.0000 
2018 10 2 0  -99.0000  -99.0000  -99.0000 
2018 10 3 0  -99.0000  -99.0000  -99.0000 
2018 10 4 0  -99.0000  -99.0000  -99.0000 
2018 10 5 0  -99.0000  -99.0000  -99.0000 
2018 10 6 0  -99.0000  -99.0000  -99.0000 
2018 10 7 0  -99.0000  -99.0000  -99.0000 
2018 10 8 0  -99.0000  -99.0000  -99.0000 
2018 10 9 0  -99.0000  -99.0000  -99.0000 
2018 10 10 0  -99.0000  -99.0000  -99.0000 
2018 10 11 0  -99.0000  -99.0000  -99.0000 
2018 10 12 0  -99.0000  -99.0000  -99.0000 
2018 10 13 0  -99.0000  -99.0000  -99.0000 
2018 10 14 0  -99.0000  -99.0000  -99.0000 
2018 10 15 0  -99.0000  -99.0000  -99.0000 
2018 10 16 0  -99.0000  -99.0000  -99.0000 
2018 10 17 0  -99.0000  -99.0000  -99.0000 
2018 10 18 0  -99.0000  -99.0000  -99.0000 
2018 10 19 0  -99.0000  -99.0000  -99.0000 
2018 10 20 0  -99.0000  -99.0000  -99.0000 
2018 10 21 0  -99.0000  -99.0000  -99.0000 
2018 10 22 0  -99.0000  -99.0000  -99.0000 
2018 10 23 0  -99.0000  -99.0000  -99.0000 
2018 10 24 0  -99.0000  -99.0000  -99.0000 
2018 10 25 0  -99.0000  -99.0000  -99.0000 
2018 10 26 0  -99.0000  -99.0000  -99.0000 
2018 10 27 0  -99.0000  -99.0000  -99.0000 
2018 10 28 0  -99.0000  -99.0000  -99.0000 
2018 10 29 0  -99.0000  -99.0000  -99.0000 
2018 10 30 0  -99.0000  -99.0000  -99.0000 
2018 10 31 0  -99.0000  -99.0000  -99.0000 
2018 11 1 0   -0.6574   -0.4850    0.8170 
2018 11 2 0   -0.6148   -0.6358    0.8844 
2018 11 3 0   -0.5216   -0.7073    0.8788 
2018 11 4 0   -0.4018   -0.7583    0.8582 
2018 11 5 0   -0.2379   -0.7446    0.7817 
2018 11 6 0   -0.0520   -0.7211    0.7230 
2018 11 7 0    0.1686   -0.6907    0.7110 
2018 11 8 0    0.3713   -0.6521    0.7504 
2018 11 9 0    0.5715   -0.5168    0.7705 
2018 11 10 0    0.7404   -0.3837    0.8339 
2018 11 11 0    0.8172   -0.2651    0.8591 
2018 11 12 0    0.8175   -0.1094    0.8248 
2018 11 13 0    0.7427    0.0503    0.7444 
2018 11 14 0    0.6340    0.2025    0.6656 
2018 11 15 0    0.5262    0.3400    0.6265 
2018 11 16 0    0.4770    0.4501    0.6559 
2018 11 17 0    0.4128    0.5222    0.6657 
2018 11 18 0    0.3938    0.5617    0.6860 
2018 11 19 0    0.3609    0.5698    0.6745 
2018 11 20 0    0.2663    0.6103    0.6659 
2018 11 21 0    0.0948    0.7086    0.7149 
2018 11 22 0   -0.0519    0.8049    0.8066 
2018 11 23 0   -0.2505    0.8886    0.9232 
2018 11 24 0   -0.4768    0.9133    1.0302 
2018 11 25 0   -0.6484    0.9005    1.1096 
2018 11 26 0   -0.7698    0.8113    1.1184 
2018 11 27 0   -0.8778    0.6726    1.1059 
2018 11 28 0   -0.9555    0.5077    1.0820 
2018 11 29 0   -1.0167    0.3469    1.0743 
2018 11 30 0   -1.1318    0.1117    1.1373 
2018 12 1 0   -1.2718   -0.1722    1.2834 
2018 12 2 0   -1.3563   -0.4460    1.4277 
2018 12 3 0   -1.3109   -0.7182    1.4947 
2018 12 4 0   -1.1834   -0.9778    1.5351 
2018 12 5 0   -1.0006   -1.1575    1.5301 
2018 12 6 0   -0.7703   -1.2614    1.4781 
2018 12 7 0   -0.5376   -1.3173    1.4227 
2018 12 8 0   -0.3552   -1.3470    1.3930 
2018 12 9 0   -0.1452   -1.3099    1.3179 
2018 12 10 0    0.0799   -1.2655    1.2680 
2018 12 11 0    0.3183   -1.2384    1.2787 
2018 12 12 0    0.5462   -1.1922    1.3114 
2018 12 13 0    0.7655   -1.0660    1.3124 
2018 12 14 0    0.9335   -0.8915    1.2908 
2018 12 15 0    1.0476   -0.7248    1.2739 
2018 12 16 0    1.1243   -0.5267    1.2416 
2018 12 17 0    1.1203   -0.3563    1.1756 
2018 12 18 0    1.0996   -0.2222    1.1219 
2018 12 19 0    1.1116   -0.1249    1.1186 
2018 12 20 0    1.1670   -0.0059    1.1670 
2018 12 21 0    1.2124    0.1176    1.2180 
2018 12 22 0    1.3091    0.2459    1.3320 
2018 12 23 0    1.3952    0.4069    1.4533 
2018 12 24 0    1.4154    0.5614    1.5227 
2018 12 25 0    1.4344    0.6733    1.5846 
2018 12 26 0    1.4494    0.7711    1.6418 
2018 12 27 0    1.4170    0.8846    1.6704 
2018 12 28 0    1.3238    0.9883    1.6520 
2018 12 29 0    1.2075    1.0691    1.6128 
2018 12 30 0    1.0628    1.1903    1.5957 
2018 12 31 0    0.8095    1.2446    1.4846 
2019 1 1 0    0.5205    1.2905    1.3916 
2019 1 2 0    0.1806    1.2661    1.2790 
2019 1 3 0   -0.2450    1.2150    1.2395 
2019 1 4 0   -0.7108    1.0974    1.3075 
2019 1 5 0   -1.0806    0.9695    1.4518 
2019 1 6 0   -1.3711    0.8149    1.5950 
2019 1 7 0   -1.5136    0.6468    1.6460 
2019 1 8 0   -1.5150    0.4325    1.5756 
2019 1 9 0   -1.4057    0.2511    1.4280 
2019 1 10 0   -1.2591    0.1436    1.2673 
2019 1 11 0   -1.0542    0.0508    1.0554 
2019 1 12 0   -0.8240   -0.0243    0.8244 
2019 1 13 0   -0.5753   -0.0600    0.5784 
2019 1 14 0   -0.3490   -0.0892    0.3602 
2019 1 15 0   -0.0936   -0.1166    0.1496 
2019 1 16 0    0.1473   -0.1733    0.2274 
2019 1 17 0    0.3400   -0.1847    0.3869 
2019 1 18 0    0.5442   -0.1577    0.5666 
2019 1 19 0    0.7431   -0.0685    0.7463 
2019 1 20 0    0.8980    0.0383    0.8988 
2019 1 21 0    0.9629    0.2314    0.9903 
2019 1 22 0    0.9650    0.4314    1.0571 
2019 1 23 0    0.8869    0.6263    1.0858 
2019 1 24 0    0.7583    0.7518    1.0678 
2019 1 25 0    0.6125    0.8229    1.0258 
2019 1 26 0    0.4861    0.8562    0.9846 
2019 1 27 0    0.3953    0.8145    0.9054 
2019 1 28 0    0.3029    0.7665    0.8242 
2019 1 29 0    0.1633    0.7513    0.7688 
2019 1 30 0   -0.0005    0.7540    0.7540 
2019 1 31 0   -0.1379    0.7196    0.7327 
2019 2 1 0   -0.2671    0.7185    0.7665 
2019 2 2 0   -0.3501    0.7362    0.8152 
2019 2 3 0   -0.3230    0.7665    0.8317 
2019 2 4 0   -0.2402    0.8565    0.8896 
2019 2 5 0   -0.1791    0.9414    0.9583 
2019 2 6 0   -0.1263    1.0079    1.0158 
2019 2 7 0   -0.1032    1.0463    1.0514 
2019 2 8 0   -0.1515    1.0794    1.0899 
2019 2 9 0   -0.2559    1.0720    1.1021 
2019 2 10 0   -0.3846    1.0845    1.1507 
2019 2 11 0   -0.5114    1.0959    1.2093 
2019 2 12 0   -0.6014    1.0903    1.2451 
2019 2 13 0   -0.6938    0.9898    1.2087 
2019 2 14 0   -0.8114    0.8230    1.1557 
2019 2 15 0   -0.8877    0.6864    1.1221 
2019 2 16 0   -0.9657    0.5521    1.1124 
2019 2 17 0   -1.1297    0.4653    1.2218 
2019 2 18 0   -1.3113    0.4388    1.3827 
2019 2 19 0   -1.4114    0.4530    1.4823 
2019 2 20 0   -1.5014    0.4043    1.5548 
2019 2 21 0   -1.5646    0.3501    1.6033 
2019 2 22 0   -1.5447    0.2013    1.5578 
2019 2 23 0   -1.4805    0.0502    1.4813 
2019 2 24 0   -1.3764   -0.1362    1.3831 
2019 2 25 0   -1.2198   -0.3675    1.2739 
2019 2 26 0   -1.0476   -0.6242    1.2194 
2019 2 27 0   -0.8310   -0.8452    1.1853 
2019 2 28 0   -0.5439   -1.0738    1.2037 
2019 3 1 0   -0.2196   -1.2341    1.2535 
2019 3 2 0    0.1074   -1.2943    1.2987 
2019 3 3 0    0.4392   -1.2419    1.3173 
2019 3 4 0    0.7503   -1.0972    1.3292 
2019 3 5 0    1.0127   -0.8917    1.3494 
2019 3 6 0    1.2288   -0.6704    1.3998 
2019 3 7 0    1.3220   -0.4525    1.3973 
2019 3 8 0    1.3477   -0.2662    1.3738 
2019 3 9 0    1.3011   -0.1277    1.3074 
2019 3 10 0    1.2135   -0.0393    1.2142 
2019 3 11 0    1.0386    0.0447    1.0396 
2019 3 12 0    0.8524    0.0697    0.8553 
2019 3 13 0    0.6770    0.0801    0.6817 
2019 3 14 0    0.5187    0.0876    0.5260 
2019 3 15 0    0.4049    0.1392    0.4281 
2019 3 16 0    0.3158    0.1686    0.3580 
2019 3 17 0    0.2989    0.2080    0.3642 
2019 3 18 0    0.2703    0.2377    0.3599 
2019 3 19 0    0.2599    0.2743    0.3779 
2019 3 20 0    0.2459    0.3103    0.3959 
2019 3 21 0    0.2467    0.3722    0.4466 
2019 3 22 0    0.1843    0.4410    0.4780 
2019 3 23 0    0.1168    0.5200    0.5330 
2019 3 24 0    0.0591    0.5972    0.6001 
2019 3 25 0    0.0435    0.6383    0.6398 
2019 3 26 0    0.0644    0.6041    0.6075 
2019 3 27 0    0.1234    0.5920    0.6047 
2019 3 28 0    0.1954    0.5463    0.5802 
2019 3 29 0    0.2464    0.5082    0.5647 
2019 3 30 0    0.2587    0.4913    0.5553 
2019 3 31 0    0.2253    0.4898    0.5392 
2019 4 1 0    0.1986    0.4805    0.5199 
2019 4 2 0    0.1495    0.4991    0.5210 
2019 4 3 0    0.0874    0.5158    0.5231 
2019 4 4 0    0.0423    0.5232    0.5249 
2019 4 5 0    0.0276    0.5358    0.5365 
2019 4 6 0    0.0453    0.5525    0.5543 
2019 4 7 0    0.0963    0.5083    0.5174 
2019 4 8 0    0.1674    0.4304    0.4618 
2019 4 9 0    0.1776    0.3316    0.3762 
2019 4 10 0    0.1581    0.2847    0.3256 
2019 4 11 0    0.0848    0.2451    0.2594 
2019 4 12 0    0.0430    0.2759    0.2792 
2019 4 13 0    0.0219    0.2958    0.2966 
2019 4 14 0    0.0032    0.2802    0.2803 
2019 4 15 0    0.0118    0.2167    0.2170 
2019 4 16 0    0.0269    0.1017    0.1052 
2019 4 17 0    0.0218   -0.0470    0.0518 
2019 4 18 0    0.0086   -0.1708    0.1711 
2019 4 19 0    0.0027   -0.2732    0.2732 
2019 4 20 0   -0.0290   -0.4100    0.4111 
2019 4 21 0    0.0303   -0.5441    0.5449 
2019 4 22 0    0.1389   -0.6843    0.6983 
2019 4 23 0    0.3204   -0.8149    0.8756 
2019 4 24 0    0.5500   -0.9141    1.0669 
2019 4 25 0    0.8344   -0.8991    1.2266 
2019 4 26 0    1.0794   -0.7793    1.3313 
2019 4 27 0    1.2737   -0.5994    1.4077 
2019 4 28 0    1.3981   -0.3726    1.4469 
2019 4 29 0    1.4573   -0.0912    1.4602 
2019 4 30 0    1.3948    0.1721    1.4054 
2019 5 1 0  -99.0000  -99.0000  -99.0000 
2019 5 2 0  -99.0000  -99.0000  -99.0000 
2019 5 3 0  -99.0000  -99.0000  -99.0000 
2019 5 4 0  -99.0000  -99.0000  -99.0000 
2019 5 5 0  -99.0000  -99.0000  -99.0000 
2019 5 6 0  -99.0000  -99.0000  -99.0000 
2019 5 7 0  -99.0000  -99.0000  -99.0000 
2019 5 8 0  -99.0000  -99.0000  -99.0000 
2019 5 9 0  -99.0000  -99.0000  -99.0000 
2019 5 10 0  -99.0000  -99.0000  -99.0000 
2019 5 11 0  -99.0000  -99.0000  -99.0000 
2019 5 12 0  -99.0000  -99.0000  -99.0000 
2019 5 13 0  -99.0000  -99.0000  -99.0000 
2019 5 14 0  -99.0000  -99.0000  -99.0000 
2019 5 15 0  -99.0000  -99.0000  -99.0000 
2019 5 16 0  -99.0000  -99.0000  -99.0000 
2019 5 17 0  -99.0000  -99.0000  -99.0000 
2019 5 18 0  -99.0000  -99.0000  -99.0000 
2019 5 19 0  -99.0000  -99.0000  -99.0000 
2019 5 20 0  -99.0000  -99.0000  -99.0000 
2019 5 21 0  -99.0000  -99.0000  -99.0000 
2019 5 22 0  -99.0000  -99.0000  -99.0000 
2019 5 23 0  -99.0000  -99.0000  -99.0000 
2019 5 24 0  -99.0000  -99.0000  -99.0000 
2019 5 25 0  -99.0000  -99.0000  -99.0000 
2019 5 26 0  -99.0000  -99.0000  -99.0000 
2019 5 27 0  -99.0000  -99.0000  -99.0000 
2019 5 28 0  -99.0000  -99.0000  -99.0000 
2019 5 29 0  -99.0000  -99.0000  -99.0000 
2019 5 30 0  -99.0000  -99.0000  -99.0000 
2019 5 31 0  -99.0000  -99.0000  -99.0000 
2019 6 1 0  -99.0000  -99.0000  -99.0000 
2019 6 2 0  -99.0000  -99.0000  -99.0000 
2019 6 3 0  -99.0000  -99.0000  -99.0000 
2019 6 4 0  -99.0000  -99.0000  -99.0000 
2019 6 5 0  -99.0000  -99.0000  -99.0000 
2019 6 6 0  -99.0000  -99.0000  -99.0000 
2019 6 7 0  -99.0000  -99.0000  -99.0000 
2019 6 8 0  -99.0000  -99.0000  -99.0000 
2019 6 9 0  -99.0000  -99.0000  -99.0000 
2019 6 10 0  -99.0000  -99.0000  -99.0000 
2019 6 11 0  -99.0000  -99.0000  -99.0000 
2019 6 12 0  -99.0000  -99.0000  -99.0000 
2019 6 13 0  -99.0000  -99.0000  -99.0000 
2019 6 14 0  -99.0000  -99.0000  -99.0000 
2019 6 15 0  -99.0000  -99.0000  -99.0000 
2019 6 16 0  -99.0000  -99.0000  -99.0000 
2019 6 17 0  -99.0000  -99.0000  -99.0000 
2019 6 18 0  -99.0000  -99.0000  -99.0000 
2019 6 19 0  -99.0000  -99.0000  -99.0000 
2019 6 20 0  -99.0000  -99.0000  -99.0000 
2019 6 21 0  -99.0000  -99.0000  -99.0000 
2019 6 22 0  -99.0000  -99.0000  -99.0000 
2019 6 23 0  -99.0000  -99.0000  -99.0000 
2019 6 24 0  -99.0000  -99.0000  -99.0000 
2019 6 25 0  -99.0000  -99.0000  -99.0000 
2019 6 26 0  -99.0000  -99.0000  -99.0000 
2019 6 27 0  -99.0000  -99.0000  -99.0000 
2019 6 28 0  -99.0000  -99.0000  -99.0000 
2019 6 29 0  -99.0000  -99.0000  -99.0000 
2019 6 30 0  -99.0000  -99.0000  -99.0000 
2019 7 1 0  -99.0000  -99.0000  -99.0000 
2019 7 2 0  -99.0000  -99.0000  -99.0000 
2019 7 3 0  -99.0000  -99.0000  -99.0000 
2019 7 4 0  -99.0000  -99.0000  -99.0000 
2019 7 5 0  -99.0000  -99.0000  -99.0000 
2019 7 6 0  -99.0000  -99.0000  -99.0000 
2019 7 7 0  -99.0000  -99.0000  -99.0000 
2019 7 8 0  -99.0000  -99.0000  -99.0000 
2019 7 9 0  -99.0000  -99.0000  -99.0000 
2019 7 10 0  -99.0000  -99.0000  -99.0000 
2019 7 11 0  -99.0000  -99.0000  -99.0000 
2019 7 12 0  -99.0000  -99.0000  -99.0000 
2019 7 13 0  -99.0000  -99.0000  -99.0000 
2019 7 14 0  -99.0000  -99.0000  -99.0000 
2019 7 15 0  -99.0000  -99.0000  -99.0000 
2019 7 16 0  -99.0000  -99.0000  -99.0000 
2019 7 17 0  -99.0000  -99.0000  -99.0000 
2019 7 18 0  -99.0000  -99.0000  -99.0000 
2019 7 19 0  -99.0000  -99.0000  -99.0000 
2019 7 20 0  -99.0000  -99.0000  -99.0000 
2019 7 21 0  -99.0000  -99.0000  -99.0000 
2019 7 22 0  -99.0000  -99.0000  -99.0000 
2019 7 23 0  -99.0000  -99.0000  -99.0000 
2019 7 24 0  -99.0000  -99.0000  -99.0000 
2019 7 25 0  -99.0000  -99.0000  -99.0000 
2019 7 26 0  -99.0000  -99.0000  -99.0000 
2019 7 27 0  -99.0000  -99.0000  -99.0000 
2019 7 28 0  -99.0000  -99.0000  -99.0000 
2019 7 29 0  -99.0000  -99.0000  -99.0000 
2019 7 30 0  -99.0000  -99.0000  -99.0000 
2019 7 31 0  -99.0000  -99.0000  -99.0000 
2019 8 1 0  -99.0000  -99.0000  -99.0000 
2019 8 2 0  -99.0000  -99.0000  -99.0000 
2019 8 3 0  -99.0000  -99.0000  -99.0000 
2019 8 4 0  -99.0000  -99.0000  -99.0000 
2019 8 5 0  -99.0000  -99.0000  -99.0000 
2019 8 6 0  -99.0000  -99.0000  -99.0000 
2019 8 7 0  -99.0000  -99.0000  -99.0000 
2019 8 8 0  -99.0000  -99.0000  -99.0000 
2019 8 9 0  -99.0000  -99.0000  -99.0000 
2019 8 10 0  -99.0000  -99.0000  -99.0000 
2019 8 11 0  -99.0000  -99.0000  -99.0000 
2019 8 12 0  -99.0000  -99.0000  -99.0000 
2019 8 13 0  -99.0000  -99.0000  -99.0000 
2019 8 14 0  -99.0000  -99.0000  -99.0000 
2019 8 15 0  -99.0000  -99.0000  -99.0000 
2019 8 16 0  -99.0000  -99.0000  -99.0000 
2019 8 17 0  -99.0000  -99.0000  -99.0000 
2019 8 18 0  -99.0000  -99.0000  -99.0000 
2019 8 19 0  -99.0000  -99.0000  -99.0000 
2019 8 20 0  -99.0000  -99.0000  -99.0000 
2019 8 21 0  -99.0000  -99.0000  -99.0000 
2019 8 22 0  -99.0000  -99.0000  -99.0000 
2019 8 23 0  -99.0000  -99.0000  -99.0000 
2019 8 24 0  -99.0000  -99.0000  -99.0000 
2019 8 25 0  -99.0000  -99.0000  -99.0000 
2019 8 26 0  -99.0000  -99.0000  -99.0000 
2019 8 27 0  -99.0000  -99.0000  -99.0000 
2019 8 28 0  -99.0000  -99.0000  -99.0000 
2019 8 29 0  -99.0000  -99.0000  -99.0000 
2019 8 30 0  -99.0000  -99.0000  -99.0000 
2019 8 31 0  -99.0000  -99.0000  -99.0000 
2019 9 1 0  -99.0000  -99.0000  -99.0000 
2019 9 2 0  -99.0000  -99.0000  -99.0000 
2019 9 3 0  -99.0000  -99.0000  -99.0000 
2019 9 4 0  -99.0000  -99.0000  -99.0000 
2019 9 5 0  -99.0000  -99.0000  -99.0000 
2019 9 6 0  -99.0000  -99.0000  -99.0000 
2019 9 7 0  -99.0000  -99.0000  -99.0000 
2019 9 8 0  -99.0000  -99.0000  -99.0000 
2019 9 9 0  -99.0000  -99.0000  -99.0000 
2019 9 10 0  -99.0000  -99.0000  -99.0000 
2019 9 11 0  -99.0000  -99.0000  -99.0000 
2019 9 12 0  -99.0000  -99.0000  -99.0000 
2019 9 13 0  -99.0000  -99.0000  -99.0000 
2019 9 14 0  -99.0000  -99.0000  -99.0000 
2019 9 15 0  -99.0000  -99.0000  -99.0000 
2019 9 16 0  -99.0000  -99.0000  -99.0000 
2019 9 17 0  -99.0000  -99.0000  -99.0000 
2019 9 18 0  -99.0000  -99.0000  -99.0000 
2019 9 19 0  -99.0000  -99.0000  -99.0000 
2019 9 20 0  -99.0000  -99.0000  -99.0000 
2019 9 21 0  -99.0000  -99.0000  -99.0000 
2019 9 22 0  -99.0000  -99.0000  -99.0000 
2019 9 23 0  -99.0000  -99.0000  -99.0000 
2019 9 24 0  -99.0000  -99.0000  -99.0000 
2019 9 25 0  -99.0000  -99.0000  -99.0000 
2019 9 26 0  -99.0000  -99.0000  -99.0000 
2019 9 27 0  -99.0000  -99.0000  -99.0000 
2019 9 28 0  -99.0000  -99.0000  -99.0000 
2019 9 29 0  -99.0000  -99.0000  -99.0000 
2019 9 30 0  -99.0000  -99.0000  -99.0000 
2019 10 1 0  -99.0000  -99.0000  -99.0000 
2019 10 2 0  -99.0000  -99.0000  -99.0000 
2019 10 3 0  -99.0000  -99.0000  -99.0000 
2019 10 4 0  -99.0000  -99.0000  -99.0000 
2019 10 5 0  -99.0000  -99.0000  -99.0000 
2019 10 6 0  -99.0000  -99.0000  -99.0000 
2019 10 7 0  -99.0000  -99.0000  -99.0000 
2019 10 8 0  -99.0000  -99.0000  -99.0000 
2019 10 9 0  -99.0000  -99.0000  -99.0000 
2019 10 10 0  -99.0000  -99.0000  -99.0000 
2019 10 11 0  -99.0000  -99.0000  -99.0000 
2019 10 12 0  -99.0000  -99.0000  -99.0000 
2019 10 13 0  -99.0000  -99.0000  -99.0000 
2019 10 14 0  -99.0000  -99.0000  -99.0000 
2019 10 15 0  -99.0000  -99.0000  -99.0000 
2019 10 16 0  -99.0000  -99.0000  -99.0000 
2019 10 17 0  -99.0000  -99.0000  -99.0000 
2019 10 18 0  -99.0000  -99.0000  -99.0000 
2019 10 19 0  -99.0000  -99.0000  -99.0000 
2019 10 20 0  -99.0000  -99.0000  -99.0000 
2019 10 21 0  -99.0000  -99.0000  -99.0000 
2019 10 22 0  -99.0000  -99.0000  -99.0000 
2019 10 23 0  -99.0000  -99.0000  -99.0000 
2019 10 24 0  -99.0000  -99.0000  -99.0000 
2019 10 25 0  -99.0000  -99.0000  -99.0000 
2019 10 26 0  -99.0000  -99.0000  -99.0000 
2019 10 27 0  -99.0000  -99.0000  -99.0000 
2019 10 28 0  -99.0000  -99.0000  -99.0000 
2019 10 29 0  -99.0000  -99.0000  -99.0000 
2019 10 30 0  -99.0000  -99.0000  -99.0000 
2019 10 31 0  -99.0000  -99.0000  -99.0000 
2019 11 1 0    0.2711    0.4002    0.4834 
2019 11 2 0    0.4203    0.5792    0.7157 
2019 11 3 0    0.5669    0.7520    0.9418 
2019 11 4 0    0.6278    0.8986    1.0962 
2019 11 5 0    0.6298    1.0455    1.2205 
2019 11 6 0    0.5430    1.1746    1.2941 
2019 11 7 0    0.3320    1.3039    1.3455 
2019 11 8 0    0.0477    1.4126    1.4134 
2019 11 9 0   -0.2542    1.5065    1.5278 
2019 11 10 0   -0.5604    1.5095    1.6102 
2019 11 11 0   -0.8295    1.4429    1.6643 
2019 11 12 0   -1.0258    1.2581    1.6233 
2019 11 13 0   -1.1455    1.0371    1.5453 
2019 11 14 0   -1.2515    0.8412    1.5079 
2019 11 15 0   -1.3413    0.6844    1.5058 
2019 11 16 0   -1.4231    0.6010    1.5448 
2019 11 17 0   -1.4186    0.5740    1.5304 
2019 11 18 0   -1.4164    0.5486    1.5189 
2019 11 19 0   -1.3601    0.4754    1.4408 
2019 11 20 0   -1.2376    0.4142    1.3051 
2019 11 21 0   -1.0452    0.3320    1.0967 
2019 11 22 0   -0.8764    0.2695    0.9169 
2019 11 23 0   -0.7519    0.2376    0.7885 
2019 11 24 0   -0.7009    0.2139    0.7328 
2019 11 25 0   -0.7428    0.1514    0.7581 
2019 11 26 0   -0.8187    0.0761    0.8222 
2019 11 27 0   -0.8955   -0.0262    0.8959 
2019 11 28 0   -0.9453   -0.0990    0.9504 
2019 11 29 0   -0.9600   -0.1424    0.9705 
2019 11 30 0   -0.9480   -0.1885    0.9666 
2019 12 1 0   -0.9097   -0.2452    0.9422 
2019 12 2 0   -0.8953   -0.2557    0.9311 
2019 12 3 0   -0.8690   -0.2694    0.9098 
2019 12 4 0   -0.8695   -0.2815    0.9140 
2019 12 5 0   -0.8216   -0.2730    0.8657 
2019 12 6 0   -0.7886   -0.2173    0.8180 
2019 12 7 0   -0.7676   -0.2103    0.7959 
2019 12 8 0   -0.7567   -0.2247    0.7894 
2019 12 9 0   -0.6986   -0.2403    0.7387 
2019 12 10 0   -0.6516   -0.2797    0.7091 
2019 12 11 0   -0.6335   -0.4007    0.7496 
2019 12 12 0   -0.5965   -0.4892    0.7714 
2019 12 13 0   -0.5332   -0.5659    0.7775 
2019 12 14 0   -0.4723   -0.6365    0.7926 
2019 12 15 0   -0.4220   -0.6651    0.7877 
2019 12 16 0   -0.3522   -0.6006    0.6963 
2019 12 17 0   -0.3179   -0.4868    0.5814 
2019 12 18 0   -0.3070   -0.3434    0.4607 
2019 12 19 0   -0.2924   -0.2063    0.3579 
2019 12 20 0   -0.2839   -0.0546    0.2891 
2019 12 21 0   -0.2990    0.0975    0.3145 
2019 12 22 0   -0.2932    0.2290    0.3721 
2019 12 23 0   -0.3198    0.3647    0.4851 
2019 12 24 0   -0.4050    0.5189    0.6582 
2019 12 25 0   -0.5062    0.6222    0.8021 
2019 12 26 0   -0.6190    0.6257    0.8802 
2019 12 27 0   -0.7720    0.5712    0.9604 
2019 12 28 0   -0.8975    0.4638    1.0102 
2019 12 29 0   -0.9486    0.3125    0.9988 
2019 12 30 0   -0.9838    0.1494    0.9951 
2019 12 31 0   -0.9876    0.0250    0.9879 
2020 1 1 0   -0.8829   -0.1113    0.8899 
2020 1 2 0   -0.7172   -0.2149    0.7487 
2020 1 3 0   -0.5195   -0.3015    0.6006 
2020 1 4 0   -0.2321   -0.3533    0.4227 
2020 1 5 0    0.1140   -0.3651    0.3825 
2020 1 6 0    0.4593   -0.3142    0.5565 
2020 1 7 0    0.8056   -0.2632    0.8475 
2020 1 8 0    1.1170   -0.1639    1.1290 
2020 1 9 0    1.2995    0.0434    1.3002 
2020 1 10 0    1.4090    0.2694    1.4345 
2020 1 11 0    1.4236    0.5332    1.5201 
2020 1 12 0    1.3172    0.8260    1.5548 
2020 1 13 0    1.1135    1.0844    1.5543 
2020 1 14 0    0.8859    1.2671    1.5461 
2020 1 15 0    0.5799    1.4010    1.5163 
2020 1 16 0    0.2460    1.4528    1.4734 
2020 1 17 0   -0.0923    1.4242    1.4271 
2020 1 18 0   -0.3737    1.3400    1.3911 
2020 1 19 0   -0.6118    1.1810    1.3301 
2020 1 20 0   -0.8123    1.0101    1.2962 
2020 1 21 0   -0.9613    0.8277    1.2685 
2020 1 22 0   -1.0086    0.6235    1.1858 
2020 1 23 0   -0.9819    0.4004    1.0604 
2020 1 24 0   -0.8965    0.1787    0.9141 
2020 1 25 0   -0.7128   -0.0354    0.7137 
2020 1 26 0   -0.4858   -0.2191    0.5329 
2020 1 27 0   -0.2888   -0.3272    0.4364 
2020 1 28 0   -0.1766   -0.3236    0.3686 
2020 1 29 0   -0.1178   -0.2966    0.3191 
2020 1 30 0   -0.1260   -0.2459    0.2763 
2020 1 31 0   -0.1343   -0.1832    0.2271 
2020 2 1 0   -0.1282   -0.1544    0.2007 
2020 2 2 0   -0.0802   -0.1951    0.2110 
2020 2 3 0    0.0070   -0.2323    0.2324 
2020 2 4 0    0.1295   -0.2739    0.3030 
2020 2 5 0    0.2557   -0.3304    0.4178 
2020 2 6 0    0.3767   -0.3557    0.5181 
2020 2 7 0    0.4892   -0.3018    0.5748 
2020 2 8 0    0.5319   -0.1972    0.5673 
2020 2 9 0    0.4983   -0.0731    0.5036 
2020 2 10 0    0.3894    0.0799    0.3975 
2020 2 11 0    0.2772    0.2230    0.3558 
2020 2 12 0    0.1686    0.3670    0.4039 
2020 2 13 0    0.1010    0.5014    0.5114 
2020 2 14 0    0.1303    0.6016    0.6155 
2020 2 15 0    0.2412    0.6793    0.7208 
2020 2 16 0    0.3419    0.7659    0.8387 
2020 2 17 0    0.3949    0.8014    0.8934 
2020 2 18 0    0.3536    0.7747    0.8515 
2020 2 19 0    0.1873    0.6963    0.7211 
2020 2 20 0   -0.0588    0.6110    0.6138 
2020 2 21 0   -0.3078    0.5058    0.5921 
2020 2 22 0   -0.5369    0.3562    0.6443 
2020 2 23 0   -0.6721    0.2173    0.7063 
2020 2 24 0   -0.6714    0.1018    0.6791 
2020 2 25 0   -0.5635    0.0058    0.5635 
2020 2 26 0   -0.4391   -0.1255    0.4567 
2020 2 27 0   -0.2839   -0.2557    0.3821 
2020 2 28 0   -0.1498   -0.4103    0.4368 
2020 2 29 0   -0.0543   -0.5088    0.5117 
2020 3 1 0    0.0361   -0.6279    0.6290 
2020 3 2 0    0.1616   -0.6890    0.7077 
2020 3 3 0    0.3086   -0.6559    0.7249 
2020 3 4 0    0.5166   -0.4900    0.7120 
2020 3 5 0    0.7243   -0.2773    0.7756 
2020 3 6 0    0.8103   -0.0574    0.8123 
2020 3 7 0    0.7306    0.1732    0.7509 
2020 3 8 0    0.5690    0.3619    0.6743 
2020 3 9 0    0.3512    0.4608    0.5793 
2020 3 10 0    0.1051    0.4895    0.5006 
2020 3 11 0   -0.1257    0.5402    0.5546 
2020 3 12 0   -0.2328    0.5053    0.5563 
2020 3 13 0   -0.3261    0.3880    0.5068 
2020 3 14 0   -0.4628    0.2372    0.5201 
2020 3 15 0   -0.6473    0.0608    0.6501 
2020 3 16 0   -0.8119   -0.1828    0.8322 
2020 3 17 0   -0.9683   -0.4164    1.0541 
2020 3 18 0   -1.0365   -0.5921    1.1937 
2020 3 19 0   -0.9877   -0.7140    1.2188 
2020 3 20 0   -0.8233   -0.7802    1.1343 
2020 3 21 0   -0.5711   -0.7747    0.9625 
2020 3 22 0   -0.2671   -0.7378    0.7847 
2020 3 23 0   -0.0230   -0.6696    0.6700 
2020 3 24 0    0.1644   -0.6047    0.6267 
2020 3 25 0    0.3458   -0.5555    0.6544 
2020 3 26 0    0.4905   -0.5186    0.7138 
2020 3 27 0    0.5477   -0.4649    0.7184 
2020 3 28 0    0.6199   -0.4190    0.7482 
2020 3 29 0    0.6763   -0.3651    0.7685 
2020 3 30 0    0.6776   -0.3030    0.7423 
2020 3 31 0    0.6304   -0.1861    0.6573 
2020 4 1 0    0.5482   -0.0201    0.5485 
2020 4 2 0    0.4354    0.1303    0.4545 
2020 4 3 0    0.3442    0.2610    0.4320 
2020 4 4 0    0.2233    0.3722    0.4340 
2020 4 5 0    0.1027    0.4522    0.4637 
2020 4 6 0   -0.0193    0.4816    0.4820 
2020 4 7 0   -0.2300    0.5129    0.5622 
2020 4 8 0   -0.5107    0.5345    0.7392 
2020 4 9 0   -0.7844    0.5134    0.9374 
2020 4 10 0   -1.0082    0.3797    1.0774 
2020 4 11 0   -1.1449    0.1995    1.1621 
2020 4 12 0   -1.1460    0.0007    1.1460 
2020 4 13 0   -1.0325   -0.1649    1.0456 
2020 4 14 0   -0.8673   -0.3110    0.9213 
2020 4 15 0   -0.7849   -0.3789    0.8715 
2020 4 16 0   -0.7812   -0.3497    0.8560 
2020 4 17 0   -0.8234   -0.3454    0.8929 
2020 4 18 0   -0.9366   -0.3942    1.0162 
2020 4 19 0   -1.0054   -0.4511    1.1020 
2020 4 20 0   -0.9560   -0.5367    1.0964 
2020 4 21 0   -0.8139   -0.7331    1.0954 
2020 4 22 0   -0.6420   -0.8672    1.0790 
2020 4 23 0   -0.3926   -0.9488    1.0268 
2020 4 24 0   -0.1588   -0.9745    0.9874 
2020 4 25 0    0.0806   -0.9441    0.9475 
2020 4 26 0    0.2842   -0.8913    0.9355 
2020 4 27 0    0.4846   -0.7779    0.9165 
2020 4 28 0    0.6063   -0.6635    0.8988 
2020 4 29 0    0.7103   -0.5171    0.8785 
2020 4 30 0    0.7432   -0.3521    0.8224 
2020 5 1 0  -99.0000  -99.0000  -99.0000 
2020 5 2 0  -99.0000  -99.0000  -99.0000 
2020 5 3 0  -99.0000  -99.0000  -99.0000 
2020 5 4 0  -99.0000  -99.0000  -99.0000 
2020 5 5 0  -99.0000  -99.0000  -99.0000 
2020 5 6 0  -99.0000  -99.0000  -99.0000 
2020 5 7 0  -99.0000  -99.0000  -99.0000 
2020 5 8 0  -99.0000  -99.0000  -99.0000 
2020 5 9 0  -99.0000  -99.0000  -99.0000 
2020 5 10 0  -99.0000  -99.0000  -99.0000 
2020 5 11 0  -99.0000  -99.0000  -99.0000 
2020 5 12 0  -99.0000  -99.0000  -99.0000 
2020 5 13 0  -99.0000  -99.0000  -99.0000 
2020 5 14 0  -99.0000  -99.0000  -99.0000 
2020 5 15 0  -99.0000  -99.0000  -99.0000 
2020 5 16 0  -99.0000  -99.0000  -99.0000 
2020 5 17 0  -99.0000  -99.0000  -99.0000 
2020 5 18 0  -99.0000  -99.0000  -99.0000 
2020 5 19 0  -99.0000  -99.0000  -99.0000 
2020 5 20 0  -99.0000  -99.0000  -99.0000 
2020 5 21 0  -99.0000  -99.0000  -99.0000 
2020 5 22 0  -99.0000  -99.0000  -99.0000 
2020 5 23 0  -99.0000  -99.0000  -99.0000 
2020 5 24 0  -99.0000  -99.0000  -99.0000 
2020 5 25 0  -99.0000  -99.0000  -99.0000 
2020 5 26 0  -99.0000  -99.0000  -99.0000 
2020 5 27 0  -99.0000  -99.0000  -99.0000 
2020 5 28 0  -99.0000  -99.0000  -99.0000 
2020 5 29 0  -99.0000  -99.0000  -99.0000 
2020 5 30 0  -99.0000  -99.0000  -99.0000 
2020 5 31 0  -99.0000  -99.0000  -99.0000 
2020 6 1 0  -99.0000  -99.0000  -99.0000 
2020 6 2 0  -99.0000  -99.0000  -99.0000 
2020 6 3 0  -99.0000  -99.0000  -99.0000 
2020 6 4 0  -99.0000  -99.0000  -99.0000 
2020 6 5 0  -99.0000  -99.0000  -99.0000 
2020 6 6 0  -99.0000  -99.0000  -99.0000 
2020 6 7 0  -99.0000  -99.0000  -99.0000 
2020 6 8 0  -99.0000  -99.0000  -99.0000 
2020 6 9 0  -99.0000  -99.0000  -99.0000 
2020 6 10 0  -99.0000  -99.0000  -99.0000 
2020 6 11 0  -99.0000  -99.0000  -99.0000 
2020 6 12 0  -99.0000  -99.0000  -99.0000 
2020 6 13 0  -99.0000  -99.0000  -99.0000 
2020 6 14 0  -99.0000  -99.0000  -99.0000 
2020 6 15 0  -99.0000  -99.0000  -99.0000 
2020 6 16 0  -99.0000  -99.0000  -99.0000 
2020 6 17 0  -99.0000  -99.0000  -99.0000 
2020 6 18 0  -99.0000  -99.0000  -99.0000 
2020 6 19 0  -99.0000  -99.0000  -99.0000 
2020 6 20 0  -99.0000  -99.0000  -99.0000 
2020 6 21 0  -99.0000  -99.0000  -99.0000 
2020 6 22 0  -99.0000  -99.0000  -99.0000 
2020 6 23 0  -99.0000  -99.0000  -99.0000 
2020 6 24 0  -99.0000  -99.0000  -99.0000 
2020 6 25 0  -99.0000  -99.0000  -99.0000 
2020 6 26 0  -99.0000  -99.0000  -99.0000 
2020 6 27 0  -99.0000  -99.0000  -99.0000 
2020 6 28 0  -99.0000  -99.0000  -99.0000 
2020 6 29 0  -99.0000  -99.0000  -99.0000 
2020 6 30 0  -99.0000  -99.0000  -99.0000 
2020 7 1 0  -99.0000  -99.0000  -99.0000 
2020 7 2 0  -99.0000  -99.0000  -99.0000 
2020 7 3 0  -99.0000  -99.0000  -99.0000 
2020 7 4 0  -99.0000  -99.0000  -99.0000 
2020 7 5 0  -99.0000  -99.0000  -99.0000 
2020 7 6 0  -99.0000  -99.0000  -99.0000 
2020 7 7 0  -99.0000  -99.0000  -99.0000 
2020 7 8 0  -99.0000  -99.0000  -99.0000 
2020 7 9 0  -99.0000  -99.0000  -99.0000 
2020 7 10 0  -99.0000  -99.0000  -99.0000 
2020 7 11 0  -99.0000  -99.0000  -99.0000 
2020 7 12 0  -99.0000  -99.0000  -99.0000 
2020 7 13 0  -99.0000  -99.0000  -99.0000 
2020 7 14 0  -99.0000  -99.0000  -99.0000 
2020 7 15 0  -99.0000  -99.0000  -99.0000 
2020 7 16 0  -99.0000  -99.0000  -99.0000 
2020 7 17 0  -99.0000  -99.0000  -99.0000 
2020 7 18 0  -99.0000  -99.0000  -99.0000 
2020 7 19 0  -99.0000  -99.0000  -99.0000 
2020 7 20 0  -99.0000  -99.0000  -99.0000 
2020 7 21 0  -99.0000  -99.0000  -99.0000 
2020 7 22 0  -99.0000  -99.0000  -99.0000 
2020 7 23 0  -99.0000  -99.0000  -99.0000 
2020 7 24 0  -99.0000  -99.0000  -99.0000 
2020 7 25 0  -99.0000  -99.0000  -99.0000 
2020 7 26 0  -99.0000  -99.0000  -99.0000 
2020 7 27 0  -99.0000  -99.0000  -99.0000 
2020 7 28 0  -99.0000  -99.0000  -99.0000 
2020 7 29 0  -99.0000  -99.0000  -99.0000 
2020 7 30 0  -99.0000  -99.0000  -99.0000 
2020 7 31 0  -99.0000  -99.0000  -99.0000 
2020 8 1 0  -99.0000  -99.0000  -99.0000 
2020 8 2 0  -99.0000  -99.0000  -99.0000 
2020 8 3 0  -99.0000  -99.0000  -99.0000 
2020 8 4 0  -99.0000  -99.0000  -99.0000 
2020 8 5 0  -99.0000  -99.0000  -99.0000 
2020 8 6 0  -99.0000  -99.0000  -99.0000 
2020 8 7 0  -99.0000  -99.0000  -99.0000 
2020 8 8 0  -99.0000  -99.0000  -99.0000 
2020 8 9 0  -99.0000  -99.0000  -99.0000 
2020 8 10 0  -99.0000  -99.0000  -99.0000 
2020 8 11 0  -99.0000  -99.0000  -99.0000 
2020 8 12 0  -99.0000  -99.0000  -99.0000 
2020 8 13 0  -99.0000  -99.0000  -99.0000 
2020 8 14 0  -99.0000  -99.0000  -99.0000 
2020 8 15 0  -99.0000  -99.0000  -99.0000 
2020 8 16 0  -99.0000  -99.0000  -99.0000 
2020 8 17 0  -99.0000  -99.0000  -99.0000 
2020 8 18 0  -99.0000  -99.0000  -99.0000 
2020 8 19 0  -99.0000  -99.0000  -99.0000 
2020 8 20 0  -99.0000  -99.0000  -99.0000 
2020 8 21 0  -99.0000  -99.0000  -99.0000 
2020 8 22 0  -99.0000  -99.0000  -99.0000 
2020 8 23 0  -99.0000  -99.0000  -99.0000 
2020 8 24 0  -99.0000  -99.0000  -99.0000 
2020 8 25 0  -99.0000  -99.0000  -99.0000 
2020 8 26 0  -99.0000  -99.0000  -99.0000 
2020 8 27 0  -99.0000  -99.0000  -99.0000 
2020 8 28 0  -99.0000  -99.0000  -99.0000 
2020 8 29 0  -99.0000  -99.0000  -99.0000 
2020 8 30 0  -99.0000  -99.0000  -99.0000 
2020 8 31 0  -99.0000  -99.0000  -99.0000 
2020 9 1 0  -99.0000  -99.0000  -99.0000 
2020 9 2 0  -99.0000  -99.0000  -99.0000 
2020 9 3 0  -99.0000  -99.0000  -99.0000 
2020 9 4 0  -99.0000  -99.0000  -99.0000 
2020 9 5 0  -99.0000  -99.0000  -99.0000 
2020 9 6 0  -99.0000  -99.0000  -99.0000 
2020 9 7 0  -99.0000  -99.0000  -99.0000 
2020 9 8 0  -99.0000  -99.0000  -99.0000 
2020 9 9 0  -99.0000  -99.0000  -99.0000 
2020 9 10 0  -99.0000  -99.0000  -99.0000 
2020 9 11 0  -99.0000  -99.0000  -99.0000 
2020 9 12 0  -99.0000  -99.0000  -99.0000 
2020 9 13 0  -99.0000  -99.0000  -99.0000 
2020 9 14 0  -99.0000  -99.0000  -99.0000 
2020 9 15 0  -99.0000  -99.0000  -99.0000 
2020 9 16 0  -99.0000  -99.0000  -99.0000 
2020 9 17 0  -99.0000  -99.0000  -99.0000 
2020 9 18 0  -99.0000  -99.0000  -99.0000 
2020 9 19 0  -99.0000  -99.0000  -99.0000 
2020 9 20 0  -99.0000  -99.0000  -99.0000 
2020 9 21 0  -99.0000  -99.0000  -99.0000 
2020 9 22 0  -99.0000  -99.0000  -99.0000 
2020 9 23 0  -99.0000  -99.0000  -99.0000 
2020 9 24 0  -99.0000  -99.0000  -99.0000 
2020 9 25 0  -99.0000  -99.0000  -99.0000 
2020 9 26 0  -99.0000  -99.0000  -99.0000 
2020 9 27 0  -99.0000  -99.0000  -99.0000 
2020 9 28 0  -99.0000  -99.0000  -99.0000 
2020 9 29 0  -99.0000  -99.0000  -99.0000 
2020 9 30 0  -99.0000  -99.0000  -99.0000 
2020 10 1 0  -99.0000  -99.0000  -99.0000 
2020 10 2 0  -99.0000  -99.0000  -99.0000 
2020 10 3 0  -99.0000  -99.0000  -99.0000 
2020 10 4 0  -99.0000  -99.0000  -99.0000 
2020 10 5 0  -99.0000  -99.0000  -99.0000 
2020 10 6 0  -99.0000  -99.0000  -99.0000 
2020 10 7 0  -99.0000  -99.0000  -99.0000 
2020 10 8 0  -99.0000  -99.0000  -99.0000 
2020 10 9 0  -99.0000  -99.0000  -99.0000 
2020 10 10 0  -99.0000  -99.0000  -99.0000 
2020 10 11 0  -99.0000  -99.0000  -99.0000 
2020 10 12 0  -99.0000  -99.0000  -99.0000 
2020 10 13 0  -99.0000  -99.0000  -99.0000 
2020 10 14 0  -99.0000  -99.0000  -99.0000 
2020 10 15 0  -99.0000  -99.0000  -99.0000 
2020 10 16 0  -99.0000  -99.0000  -99.0000 
2020 10 17 0  -99.0000  -99.0000  -99.0000 
2020 10 18 0  -99.0000  -99.0000  -99.0000 
2020 10 19 0  -99.0000  -99.0000  -99.0000 
2020 10 20 0  -99.0000  -99.0000  -99.0000 
2020 10 21 0  -99.0000  -99.0000  -99.0000 
2020 10 22 0  -99.0000  -99.0000  -99.0000 
2020 10 23 0  -99.0000  -99.0000  -99.0000 
2020 10 24 0  -99.0000  -99.0000  -99.0000 
2020 10 25 0  -99.0000  -99.0000  -99.0000 
2020 10 26 0  -99.0000  -99.0000  -99.0000 
2020 10 27 0  -99.0000  -99.0000  -99.0000 
2020 10 28 0  -99.0000  -99.0000  -99.0000 
2020 10 29 0  -99.0000  -99.0000  -99.0000 
2020 10 30 0  -99.0000  -99.0000  -99.0000 
2020 10 31 0  -99.0000  -99.0000  -99.0000 
2020 11 1 0   -0.3945    0.0912    0.4050 
2020 11 2 0   -0.3498    0.0658    0.3559 
2020 11 3 0   -0.3514    0.0610    0.3567 
2020 11 4 0   -0.4548    0.0849    0.4627 
2020 11 5 0   -0.5953    0.0800    0.6006 
2020 11 6 0   -0.7051    0.0608    0.7077 
2020 11 7 0   -0.7782    0.0249    0.7786 
2020 11 8 0   -0.8616   -0.0529    0.8633 
2020 11 9 0   -0.8975   -0.1482    0.9097 
2020 11 10 0   -0.9039   -0.2739    0.9445 
2020 11 11 0   -0.9629   -0.4561    1.0654 
2020 11 12 0   -1.0033   -0.6487    1.1947 
2020 11 13 0   -0.9624   -0.8195    1.2640 
2020 11 14 0   -0.8877   -0.9713    1.3158 
2020 11 15 0   -0.8380   -1.0849    1.3708 
2020 11 16 0   -0.7717   -1.0984    1.3424 
2020 11 17 0   -0.6780   -1.0837    1.2783 
2020 11 18 0   -0.5550   -0.9873    1.1326 
2020 11 19 0   -0.3923   -0.8954    0.9776 
2020 11 20 0   -0.2209   -0.7549    0.7865 
2020 11 21 0   -0.0826   -0.6388    0.6441 
2020 11 22 0    0.0229   -0.5159    0.5164 
2020 11 23 0    0.0862   -0.4657    0.4736 
2020 11 24 0    0.0869   -0.4197    0.4286 
2020 11 25 0    0.0710   -0.3736    0.3803 
2020 11 26 0    0.0705   -0.3285    0.3360 
2020 11 27 0    0.0838   -0.2855    0.2975 
2020 11 28 0    0.1018   -0.2533    0.2730 
2020 11 29 0    0.1383   -0.2185    0.2586 
2020 11 30 0    0.1976   -0.2077    0.2867 
2020 12 1 0    0.2810   -0.1753    0.3312 
2020 12 2 0    0.3364   -0.1814    0.3822 
2020 12 3 0    0.3506   -0.1748    0.3918 
2020 12 4 0    0.3234   -0.1667    0.3638 
2020 12 5 0    0.2702   -0.1651    0.3167 
2020 12 6 0    0.2214   -0.1626    0.2747 
2020 12 7 0    0.1721   -0.1233    0.2117 
2020 12 8 0    0.1449   -0.0395    0.1502 
2020 12 9 0    0.1751    0.0557    0.1838 
2020 12 10 0    0.1982    0.1442    0.2451 
2020 12 11 0    0.1975    0.1967    0.2787 
2020 12 12 0    0.1981    0.1893    0.2740 
2020 12 13 0    0.2063    0.1405    0.2496 
2020 12 14 0    0.1818    0.0766    0.1973 
2020 12 15 0    0.1884    0.0456    0.1938 
2020 12 16 0    0.1913    0.0357    0.1946 
2020 12 17 0    0.2168    0.0948    0.2366 
2020 12 18 0    0.2146    0.1724    0.2753 
2020 12 19 0    0.1805    0.2225    0.2865 
2020 12 20 0    0.1270    0.2163    0.2508 
2020 12 21 0    0.0224    0.1184    0.1205 
2020 12 22 0   -0.1478   -0.0047    0.1479 
2020 12 23 0   -0.2761   -0.1216    0.3017 
2020 12 24 0   -0.3285   -0.2280    0.3999 
2020 12 25 0   -0.3522   -0.2953    0.4596 
2020 12 26 0   -0.3002   -0.2884    0.4163 
2020 12 27 0   -0.1746   -0.2984    0.3457 
2020 12 28 0   -0.0652   -0.3472    0.3533 
2020 12 29 0   -0.0193   -0.4389    0.4394 
2020 12 30 0    0.0023   -0.5737    0.5737 
2020 12 31 0    0.0196   -0.7315    0.7318 
2021 1 1 0   -0.0172   -0.9295    0.9296 
2021 1 2 0   -0.0722   -1.1081    1.1104 
2021 1 3 0   -0.0820   -1.2001    1.2029 
2021 1 4 0   -0.0256   -1.2559    1.2562 
2021 1 5 0    0.0789   -1.3303    1.3326 
2021 1 6 0    0.2221   -1.3461    1.3643 
2021 1 7 0    0.3592   -1.3618    1.4084 
2021 1 8 0    0.4715   -1.3914    1.4691 
2021 1 9 0    0.5295   -1.4052    1.5016 
2021 1 10 0    0.5395   -1.3720    1.4742 
2021 1 11 0    0.5235   -1.3162    1.4165 
2021 1 12 0    0.5413   -1.2287    1.3426 
2021 1 13 0    0.5835   -1.0887    1.2352 
2021 1 14 0    0.6172   -0.9627    1.1436 
2021 1 15 0    0.5995   -0.8565    1.0455 
2021 1 16 0    0.5853   -0.7757    0.9718 
2021 1 17 0    0.5134   -0.6632    0.8387 
2021 1 18 0    0.3590   -0.5666    0.6708 
2021 1 19 0    0.2208   -0.4417    0.4938 
2021 1 20 0    0.1238   -0.2568    0.2851 
2021 1 21 0    0.0561   -0.0239    0.0610 
2021 1 22 0    0.0313    0.1357    0.1393 
2021 1 23 0    0.0457    0.2417    0.2459 
2021 1 24 0    0.0562    0.2748    0.2805 
2021 1 25 0    0.1137    0.3003    0.3211 
2021 1 26 0    0.1950    0.3522    0.4026 
2021 1 27 0    0.3236    0.4628    0.5647 
2021 1 28 0    0.4651    0.5646    0.7315 
2021 1 29 0    0.5692    0.7182    0.9164 
2021 1 30 0    0.5884    0.8634    1.0448 
2021 1 31 0    0.5696    0.9782    1.1320 
2021 2 1 0    0.4979    0.9846    1.1034 
2021 2 2 0    0.3886    0.9986    1.0716 
2021 2 3 0    0.2713    0.9669    1.0042 
2021 2 4 0    0.1778    0.8828    0.9005 
2021 2 5 0    0.0656    0.7873    0.7901 
2021 2 6 0   -0.0709    0.7626    0.7658 
2021 2 7 0   -0.1699    0.7499    0.7689 
2021 2 8 0   -0.2238    0.7243    0.7580 
2021 2 9 0   -0.2455    0.7429    0.7824 
2021 2 10 0   -0.2675    0.7988    0.8424 
2021 2 11 0   -0.2733    0.8711    0.9129 
2021 2 12 0   -0.3003    0.9525    0.9987 
2021 2 13 0   -0.3503    1.0285    1.0865 
2021 2 14 0   -0.3772    1.0621    1.1271 
2021 2 15 0   -0.3668    1.0107    1.0752 
2021 2 16 0   -0.3448    0.8908    0.9552 
2021 2 17 0   -0.2805    0.7196    0.7724 
2021 2 18 0   -0.2073    0.5814    0.6172 
2021 2 19 0   -0.1498    0.4892    0.5116 
2021 2 20 0   -0.0417    0.3945    0.3967 
2021 2 21 0    0.1388    0.3304    0.3583 
2021 2 22 0    0.3143    0.3104    0.4417 
2021 2 23 0    0.4771    0.3399    0.5858 
2021 2 24 0    0.6077    0.3321    0.6926 
2021 2 25 0    0.6402    0.3278    0.7193 
2021 2 26 0    0.5447    0.3182    0.6309 
2021 2 27 0    0.4179    0.3307    0.5329 
2021 2 28 0    0.3129    0.3092    0.4399 
2021 3 1 0    0.2152    0.2312    0.3159 
2021 3 2 0    0.0881    0.1797    0.2001 
2021 3 3 0   -0.0437    0.1272    0.1345 
2021 3 4 0   -0.1570    0.0703    0.1720 
2021 3 5 0   -0.2423    0.0171    0.2429 
2021 3 6 0   -0.3390    0.0109    0.3392 
2021 3 7 0   -0.4183   -0.0237    0.4189 
2021 3 8 0   -0.4322   -0.0395    0.4339 
2021 3 9 0   -0.4775   -0.0827    0.4846 
2021 3 10 0   -0.5627   -0.1354    0.5788 
2021 3 11 0   -0.6585   -0.1487    0.6751 
2021 3 12 0   -0.6951   -0.1380    0.7086 
2021 3 13 0   -0.7404   -0.1003    0.7472 
2021 3 14 0   -0.7378   -0.0745    0.7415 
2021 3 15 0   -0.7486   -0.1059    0.7561 
2021 3 16 0   -0.7278   -0.1716    0.7477 
2021 3 17 0   -0.6556   -0.2626    0.7063 
2021 3 18 0   -0.5434   -0.3948    0.6717 
2021 3 19 0   -0.4174   -0.5016    0.6526 
2021 3 20 0   -0.2722   -0.5746    0.6359 
2021 3 21 0   -0.1444   -0.6836    0.6987 
2021 3 22 0   -0.0946   -0.7754    0.7811 
2021 3 23 0   -0.0316   -0.8329    0.8335 
2021 3 24 0    0.0676   -0.8900    0.8926 
2021 3 25 0    0.2306   -0.9082    0.9370 
2021 3 26 0    0.4155   -0.8691    0.9633 
2021 3 27 0    0.5997   -0.7684    0.9747 
2021 3 28 0    0.7778   -0.6330    1.0028 
2021 3 29 0    0.8677   -0.4875    0.9953 
2021 3 30 0    0.9244   -0.3255    0.9801 
2021 3 31 0    0.9555   -0.0995    0.9606 
2021 4 1 0    0.9921    0.0919    0.9964 
2021 4 2 0    0.9621    0.2800    1.0021 
2021 4 3 0    0.9328    0.4634    1.0416 
2021 4 4 0    0.8350    0.6412    1.0528 
2021 4 5 0    0.7386    0.8385    1.1174 
2021 4 6 0    0.6409    1.0103    1.1964 
2021 4 7 0    0.5342    1.1351    1.2545 
2021 4 8 0    0.4175    1.2247    1.2940 
2021 4 9 0    0.2932    1.2796    1.3127 
2021 4 10 0    0.1626    1.2337    1.2443 
2021 4 11 0    0.0105    1.1669    1.1669 
2021 4 12 0   -0.1439    1.0661    1.0757 
2021 4 13 0   -0.2651    0.9707    1.0062 
2021 4 14 0   -0.3531    0.8752    0.9438 
2021 4 15 0   -0.4376    0.7942    0.9068 
2021 4 16 0   -0.4692    0.7648    0.8972 
2021 4 17 0   -0.4600    0.8049    0.9271 
2021 4 18 0   -0.4570    0.8646    0.9779 
2021 4 19 0   -0.4555    0.9304    1.0359 
2021 4 20 0   -0.4288    0.9900    1.0789 
2021 4 21 0   -0.4617    1.0269    1.1259 
2021 4 22 0   -0.5492    1.0181    1.1568 
2021 4 23 0   -0.6972    1.0242    1.2390 
2021 4 24 0   -0.8827    1.0536    1.3745 
2021 4 25 0   -1.1376    1.0480    1.5467 
2021 4 26 0   -1.3925    0.9655    1.6945 
2021 4 27 0   -1.6327    0.8359    1.8342 
2021 4 28 0   -1.8176    0.6296    1.9236 
2021 4 29 0   -1.9589    0.3773    1.9949 
2021 4 30 0   -2.0472    0.0979    2.0496 
2021 5 1 0  -99.0000  -99.0000  -99.0000 
2021 5 2 0  -99.0000  -99.0000  -99.0000 
2021 5 3 0  -99.0000  -99.0000  -99.0000 
2021 5 4 0  -99.0000  -99.0000  -99.0000 
2021 5 5 0  -99.0000  -99.0000  -99.0000 
2021 5 6 0  -99.0000  -99.0000  -99.0000 
2021 5 7 0  -99.0000  -99.0000  -99.0000 
2021 5 8 0  -99.0000  -99.0000  -99.0000 
2021 5 9 0  -99.0000  -99.0000  -99.0000 
2021 5 10 0  -99.0000  -99.0000  -99.0000 
2021 5 11 0  -99.0000  -99.0000  -99.0000 
2021 5 12 0  -99.0000  -99.0000  -99.0000 
2021 5 13 0  -99.0000  -99.0000  -99.0000 
2021 5 14 0  -99.0000  -99.0000  -99.0000 
2021 5 15 0  -99.0000  -99.0000  -99.0000 
2021 5 16 0  -99.0000  -99.0000  -99.0000 
2021 5 17 0  -99.0000  -99.0000  -99.0000 
2021 5 18 0  -99.0000  -99.0000  -99.0000 
2021 5 19 0  -99.0000  -99.0000  -99.0000 
2021 5 20 0  -99.0000  -99.0000  -99.0000 
2021 5 21 0  -99.0000  -99.0000  -99.0000 
2021 5 22 0  -99.0000  -99.0000  -99.0000 
2021 5 23 0  -99.0000  -99.0000  -99.0000 
2021 5 24 0  -99.0000  -99.0000  -99.0000 
2021 5 25 0  -99.0000  -99.0000  -99.0000 
2021 5 26 0  -99.0000  -99.0000  -99.0000 
2021 5 27 0  -99.0000  -99.0000  -99.0000 
2021 5 28 0  -99.0000  -99.0000  -99.0000 
2021 5 29 0  -99.0000  -99.0000  -99.0000 
2021 5 30 0  -99.0000  -99.0000  -99.0000 
2021 5 31 0  -99.0000  -99.0000  -99.0000 
2021 6 1 0  -99.0000  -99.0000  -99.0000 
2021 6 2 0  -99.0000  -99.0000  -99.0000 
2021 6 3 0  -99.0000  -99.0000  -99.0000 
2021 6 4 0  -99.0000  -99.0000  -99.0000 
2021 6 5 0  -99.0000  -99.0000  -99.0000 
2021 6 6 0  -99.0000  -99.0000  -99.0000 
2021 6 7 0  -99.0000  -99.0000  -99.0000 
2021 6 8 0  -99.0000  -99.0000  -99.0000 
2021 6 9 0  -99.0000  -99.0000  -99.0000 
2021 6 10 0  -99.0000  -99.0000  -99.0000 
2021 6 11 0  -99.0000  -99.0000  -99.0000 
2021 6 12 0  -99.0000  -99.0000  -99.0000 
2021 6 13 0  -99.0000  -99.0000  -99.0000 
2021 6 14 0  -99.0000  -99.0000  -99.0000 
2021 6 15 0  -99.0000  -99.0000  -99.0000 
2021 6 16 0  -99.0000  -99.0000  -99.0000 
2021 6 17 0  -99.0000  -99.0000  -99.0000 
2021 6 18 0  -99.0000  -99.0000  -99.0000 
2021 6 19 0  -99.0000  -99.0000  -99.0000 
2021 6 20 0  -99.0000  -99.0000  -99.0000 
2021 6 21 0  -99.0000  -99.0000  -99.0000 
2021 6 22 0  -99.0000  -99.0000  -99.0000 
2021 6 23 0  -99.0000  -99.0000  -99.0000 
2021 6 24 0  -99.0000  -99.0000  -99.0000 
2021 6 25 0  -99.0000  -99.0000  -99.0000 
2021 6 26 0  -99.0000  -99.0000  -99.0000 
2021 6 27 0  -99.0000  -99.0000  -99.0000 
2021 6 28 0  -99.0000  -99.0000  -99.0000 
2021 6 29 0  -99.0000  -99.0000  -99.0000 
2021 6 30 0  -99.0000  -99.0000  -99.0000 
2021 7 1 0  -99.0000  -99.0000  -99.0000 
2021 7 2 0  -99.0000  -99.0000  -99.0000 
2021 7 3 0  -99.0000  -99.0000  -99.0000 
2021 7 4 0  -99.0000  -99.0000  -99.0000 
2021 7 5 0  -99.0000  -99.0000  -99.0000 
2021 7 6 0  -99.0000  -99.0000  -99.0000 
2021 7 7 0  -99.0000  -99.0000  -99.0000 
2021 7 8 0  -99.0000  -99.0000  -99.0000 
2021 7 9 0  -99.0000  -99.0000  -99.0000 
2021 7 10 0  -99.0000  -99.0000  -99.0000 
2021 7 11 0  -99.0000  -99.0000  -99.0000 
2021 7 12 0  -99.0000  -99.0000  -99.0000 
2021 7 13 0  -99.0000  -99.0000  -99.0000 
2021 7 14 0  -99.0000  -99.0000  -99.0000 
2021 7 15 0  -99.0000  -99.0000  -99.0000 
2021 7 16 0  -99.0000  -99.0000  -99.0000 
2021 7 17 0  -99.0000  -99.0000  -99.0000 
2021 7 18 0  -99.0000  -99.0000  -99.0000 
2021 7 19 0  -99.0000  -99.0000  -99.0000 
2021 7 20 0  -99.0000  -99.0000  -99.0000 
2021 7 21 0  -99.0000  -99.0000  -99.0000 
2021 7 22 0  -99.0000  -99.0000  -99.0000 
2021 7 23 0  -99.0000  -99.0000  -99.0000 
2021 7 24 0  -99.0000  -99.0000  -99.0000 
2021 7 25 0  -99.0000  -99.0000  -99.0000 
2021 7 26 0  -99.0000  -99.0000  -99.0000 
2021 7 27 0  -99.0000  -99.0000  -99.0000 
2021 7 28 0  -99.0000  -99.0000  -99.0000 
2021 7 29 0  -99.0000  -99.0000  -99.0000 
2021 7 30 0  -99.0000  -99.0000  -99.0000 
2021 7 31 0  -99.0000  -99.0000  -99.0000 
2021 8 1 0  -99.0000  -99.0000  -99.0000 
2021 8 2 0  -99.0000  -99.0000  -99.0000 
2021 8 3 0  -99.0000  -99.0000  -99.0000 
2021 8 4 0  -99.0000  -99.0000  -99.0000 
2021 8 5 0  -99.0000  -99.0000  -99.0000 
2021 8 6 0  -99.0000  -99.0000  -99.0000 
2021 8 7 0  -99.0000  -99.0000  -99.0000 
2021 8 8 0  -99.0000  -99.0000  -99.0000 
2021 8 9 0  -99.0000  -99.0000  -99.0000 
2021 8 10 0  -99.0000  -99.0000  -99.0000 
2021 8 11 0  -99.0000  -99.0000  -99.0000 
2021 8 12 0  -99.0000  -99.0000  -99.0000 
2021 8 13 0  -99.0000  -99.0000  -99.0000 
2021 8 14 0  -99.0000  -99.0000  -99.0000 
2021 8 15 0  -99.0000  -99.0000  -99.0000 
2021 8 16 0  -99.0000  -99.0000  -99.0000 
2021 8 17 0  -99.0000  -99.0000  -99.0000 
2021 8 18 0  -99.0000  -99.0000  -99.0000 
2021 8 19 0  -99.0000  -99.0000  -99.0000 
2021 8 20 0  -99.0000  -99.0000  -99.0000 
2021 8 21 0  -99.0000  -99.0000  -99.0000 
2021 8 22 0  -99.0000  -99.0000  -99.0000 
2021 8 23 0  -99.0000  -99.0000  -99.0000 
2021 8 24 0  -99.0000  -99.0000  -99.0000 
2021 8 25 0  -99.0000  -99.0000  -99.0000 
2021 8 26 0  -99.0000  -99.0000  -99.0000 
2021 8 27 0  -99.0000  -99.0000  -99.0000 
2021 8 28 0  -99.0000  -99.0000  -99.0000 
2021 8 29 0  -99.0000  -99.0000  -99.0000 
2021 8 30 0  -99.0000  -99.0000  -99.0000 
2021 8 31 0  -99.0000  -99.0000  -99.0000 
2021 9 1 0  -99.0000  -99.0000  -99.0000 
2021 9 2 0  -99.0000  -99.0000  -99.0000 
2021 9 3 0  -99.0000  -99.0000  -99.0000 
2021 9 4 0  -99.0000  -99.0000  -99.0000 
2021 9 5 0  -99.0000  -99.0000  -99.0000 
2021 9 6 0  -99.0000  -99.0000  -99.0000 
2021 9 7 0  -99.0000  -99.0000  -99.0000 
2021 9 8 0  -99.0000  -99.0000  -99.0000 
2021 9 9 0  -99.0000  -99.0000  -99.0000 
2021 9 10 0  -99.0000  -99.0000  -99.0000 
2021 9 11 0  -99.0000  -99.0000  -99.0000 
2021 9 12 0  -99.0000  -99.0000  -99.0000 
2021 9 13 0  -99.0000  -99.0000  -99.0000 
2021 9 14 0  -99.0000  -99.0000  -99.0000 
2021 9 15 0  -99.0000  -99.0000  -99.0000 
2021 9 16 0  -99.0000  -99.0000  -99.0000 
2021 9 17 0  -99.0000  -99.0000  -99.0000 
2021 9 18 0  -99.0000  -99.0000  -99.0000 
2021 9 19 0  -99.0000  -99.0000  -99.0000 
2021 9 20 0  -99.0000  -99.0000  -99.0000 
2021 9 21 0  -99.0000  -99.0000  -99.0000 
2021 9 22 0  -99.0000  -99.0000  -99.0000 
2021 9 23 0  -99.0000  -99.0000  -99.0000 
2021 9 24 0  -99.0000  -99.0000  -99.0000 
2021 9 25 0  -99.0000  -99.0000  -99.0000 
2021 9 26 0  -99.0000  -99.0000  -99.0000 
2021 9 27 0  -99.0000  -99.0000  -99.0000 
2021 9 28 0  -99.0000  -99.0000  -99.0000 
2021 9 29 0  -99.0000  -99.0000  -99.0000 
2021 9 30 0  -99.0000  -99.0000  -99.0000 
2021 10 1 0  -99.0000  -99.0000  -99.0000 
2021 10 2 0  -99.0000  -99.0000  -99.0000 
2021 10 3 0  -99.0000  -99.0000  -99.0000 
2021 10 4 0  -99.0000  -99.0000  -99.0000 
2021 10 5 0  -99.0000  -99.0000  -99.0000 
2021 10 6 0  -99.0000  -99.0000  -99.0000 
2021 10 7 0  -99.0000  -99.0000  -99.0000 
2021 10 8 0  -99.0000  -99.0000  -99.0000 
2021 10 9 0  -99.0000  -99.0000  -99.0000 
2021 10 10 0  -99.0000  -99.0000  -99.0000 
2021 10 11 0  -99.0000  -99.0000  -99.0000 
2021 10 12 0  -99.0000  -99.0000  -99.0000 
2021 10 13 0  -99.0000  -99.0000  -99.0000 
2021 10 14 0  -99.0000  -99.0000  -99.0000 
2021 10 15 0  -99.0000  -99.0000  -99.0000 
2021 10 16 0  -99.0000  -99.0000  -99.0000 
2021 10 17 0  -99.0000  -99.0000  -99.0000 
2021 10 18 0  -99.0000  -99.0000  -99.0000 
2021 10 19 0  -99.0000  -99.0000  -99.0000 
2021 10 20 0  -99.0000  -99.0000  -99.0000 
2021 10 21 0  -99.0000  -99.0000  -99.0000 
2021 10 22 0  -99.0000  -99.0000  -99.0000 
2021 10 23 0  -99.0000  -99.0000  -99.0000 
2021 10 24 0  -99.0000  -99.0000  -99.0000 
2021 10 25 0  -99.0000  -99.0000  -99.0000 
2021 10 26 0  -99.0000  -99.0000  -99.0000 
2021 10 27 0  -99.0000  -99.0000  -99.0000 
2021 10 28 0  -99.0000  -99.0000  -99.0000 
2021 10 29 0  -99.0000  -99.0000  -99.0000 
2021 10 30 0  -99.0000  -99.0000  -99.0000 
2021 10 31 0  -99.0000  -99.0000  -99.0000 
2021 11 1 0  -99.0000  -99.0000  -99.0000 
2021 11 2 0  -99.0000  -99.0000  -99.0000 
2021 11 3 0  -99.0000  -99.0000  -99.0000 
2021 11 4 0  -99.0000  -99.0000  -99.0000 
2021 11 5 0  -99.0000  -99.0000  -99.0000 
2021 11 6 0  -99.0000  -99.0000  -99.0000 
2021 11 7 0  -99.0000  -99.0000  -99.0000 
2021 11 8 0  -99.0000  -99.0000  -99.0000 
2021 11 9 0  -99.0000  -99.0000  -99.0000 
2021 11 10 0  -99.0000  -99.0000  -99.0000 
2021 11 11 0  -99.0000  -99.0000  -99.0000 
2021 11 12 0  -99.0000  -99.0000  -99.0000 
2021 11 13 0  -99.0000  -99.0000  -99.0000 
2021 11 14 0  -99.0000  -99.0000  -99.0000 
2021 11 15 0  -99.0000  -99.0000  -99.0000 
2021 11 16 0  -99.0000  -99.0000  -99.0000 
2021 11 17 0  -99.0000  -99.0000  -99.0000 
2021 11 18 0  -99.0000  -99.0000  -99.0000 
2021 11 19 0  -99.0000  -99.0000  -99.0000 
2021 11 20 0  -99.0000  -99.0000  -99.0000 
2021 11 21 0  -99.0000  -99.0000  -99.0000 
2021 11 22 0  -99.0000  -99.0000  -99.0000 
2021 11 23 0  -99.0000  -99.0000  -99.0000 
2021 11 24 0  -99.0000  -99.0000  -99.0000 
2021 11 25 0  -99.0000  -99.0000  -99.0000 
2021 11 26 0  -99.0000  -99.0000  -99.0000 
2021 11 27 0  -99.0000  -99.0000  -99.0000 
2021 11 28 0  -99.0000  -99.0000  -99.0000 
2021 11 29 0  -99.0000  -99.0000  -99.0000 
2021 11 30 0  -99.0000  -99.0000  -99.0000 
2021 12 1 0  -99.0000  -99.0000  -99.0000 
2021 12 2 0  -99.0000  -99.0000  -99.0000 
2021 12 3 0  -99.0000  -99.0000  -99.0000 
2021 12 4 0  -99.0000  -99.0000  -99.0000 
2021 12 5 0  -99.0000  -99.0000  -99.0000 
2021 12 6 0  -99.0000  -99.0000  -99.0000 
2021 12 7 0  -99.0000  -99.0000  -99.0000 
2021 12 8 0  -99.0000  -99.0000  -99.0000 
2021 12 9 0  -99.0000  -99.0000  -99.0000 
2021 12 10 0  -99.0000  -99.0000  -99.0000 
2021 12 11 0  -99.0000  -99.0000  -99.0000 
2021 12 12 0  -99.0000  -99.0000  -99.0000 
2021 12 13 0  -99.0000  -99.0000  -99.0000 
2021 12 14 0  -99.0000  -99.0000  -99.0000 
2021 12 15 0  -99.0000  -99.0000  -99.0000 
2021 12 16 0  -99.0000  -99.0000  -99.0000 
2021 12 17 0  -99.0000  -99.0000  -99.0000 
2021 12 18 0  -99.0000  -99.0000  -99.0000 
2021 12 19 0  -99.0000  -99.0000  -99.0000 
2021 12 20 0  -99.0000  -99.0000  -99.0000 
2021 12 21 0  -99.0000  -99.0000  -99.0000 
2021 12 22 0  -99.0000  -99.0000  -99.0000 
2021 12 23 0  -99.0000  -99.0000  -99.0000 
2021 12 24 0  -99.0000  -99.0000  -99.0000 
2021 12 25 0  -99.0000  -99.0000  -99.0000 
2021 12 26 0  -99.0000  -99.0000  -99.0000 
2021 12 27 0  -99.0000  -99.0000  -99.0000 
2021 12 28 0  -99.0000  -99.0000  -99.0000 
2021 12 29 0  -99.0000  -99.0000  -99.0000 
2021 12 30 0  -99.0000  -99.0000  -99.0000 
2021 12 31 0  -99.0000  -99.0000  -99.0000 