Year,Month,Day,Hour,OMI1,OMI2,OMI3
1979,1,1,0,0.16644,0.78762,0.80502
1979,1,2,0,0.02053,0.8654,0.86565
1979,1,3,0,-0.1586,0.93131,0.94472
1979,1,4,0,-0.36413,0.97588,1.0416
1979,1,5,0,-0.58587,0.99025,1.15058
1979,1,6,0,-0.81074,0.96774,1.26246
1979,1,7,0,-1.02402,0.90506,1.36666
1979,1,8,0,-1.21115,0.80275,1.45303
1979,1,9,0,-1.35956,0.66456,1.51328
1979,1,10,0,-1.45992,0.49628,1.54197
1979,1,11,0,-1.50681,0.30461,1.53729
1979,1,12,0,-1.49854,0.09638,1.50163
1979,1,13,0,-1.43685,-0.12166,1.44199
1979,1,14,0,-1.32635,-0.34275,1.36992
1979,1,15,0,-1.17397,-0.55994,1.30067
1979,1,16,0,-0.9885,-0.76609,1.25061
1979,1,17,0,-0.78005,-0.95391,1.23225
1979,1,18,0,-0.55962,-1.11642,1.24882
1979,1,19,0,-0.33858,-1.24741,1.29254
1979,1,20,0,-0.12811,-1.34213,1.34823
1979,1,21,0,0.06147,-1.39779,1.39914
1979,1,22,0,0.22139,-1.41386,1.43109
1979,1,23,0,0.34518,-1.39221,1.43437
1979,1,24,0,0.42915,-1.33685,1.40405
1979,1,25,0,0.47263,-1.25354,1.33968
1979,1,26,0,0.47793,-1.14933,1.24474
1979,1,27,0,0.44988,-1.03209,1.12587
1979,1,28,0,0.39523,-0.91009,0.99221
1979,1,29,0,0.32194,-0.79167,0.85462
1979,1,30,0,0.2385,-0.6848,0.72514
1979,1,31,0,0.15348,-0.59681,0.61622
1979,2,1,0,0.07535,-0.53384,0.53913
1979,2,2,0,0.01257,-0.50022,0.50038
1979,2,3,0,-0.02651,-0.49721,0.49792
1979,2,4,0,-0.03479,-0.52143,0.52259
1979,2,5,0,-0.00941,-0.56405,0.56413
1979,2,6,0,0.04552,-0.61321,0.61489
1979,2,7,0,0.12049,-0.65867,0.6696
1979,2,8,0,0.20508,-0.69406,0.72373
1979,2,9,0,0.29076,-0.71573,0.77253
1979,2,10,0,0.37124,-0.72103,0.81099
1979,2,11,0,0.44207,-0.70763,0.83437
1979,2,12,0,0.5006,-0.67344,0.83912
1979,2,13,0,0.54593,-0.61695,0.82381
1979,2,14,0,0.57894,-0.53758,0.79004
1979,2,15,0,0.60205,-0.4359,0.74328
1979,2,16,0,0.61876,-0.31373,0.69375
1979,2,17,0,0.63295,-0.17389,0.6564
1979,2,18,0,0.64791,-0.01972,0.64821
1979,2,19,0,0.66509,0.14589,0.6809
1979,2,20,0,0.68222,0.32182,0.75431
1979,2,21,0,0.69053,0.51015,0.85854
1979,2,22,0,0.67119,0.71572,0.9812
1979,2,23,0,0.59818,0.93731,1.11192
1979,2,24,0,0.46759,1.15195,1.24323
1979,2,25,0,0.32599,1.33051,1.36987
1979,2,26,0,0.2216,1.47144,1.48803
1979,2,27,0,0.1642,1.58628,1.59475
1979,2,28,0,0.14314,1.68146,1.68754
1979,3,1,0,0.20882,1.74825,1.76068
1979,3,2,0,0.23742,1.80336,1.81892
1979,3,3,0,0.26005,1.83972,1.85801
1979,3,4,0,0.26847,1.85779,1.87709
1979,3,5,0,0.25591,1.85839,1.87593
1979,3,6,0,0.21724,1.8423,1.85507
1979,3,7,0,0.14895,1.80975,1.81587
1979,3,8,0,0.04902,1.76001,1.7607
1979,3,9,0,-0.08337,1.69083,1.69289
1979,3,10,0,-0.24814,1.59776,1.61692
1979,3,11,0,-0.44457,1.47292,1.53855
1979,3,12,0,-0.67077,1.30239,1.46498
1979,3,13,0,-0.91971,1.06195,1.40485
1979,3,14,0,-1.16509,0.71633,1.36769
1979,3,15,0,-1.33884,0.25109,1.36218
1979,3,16,0,-1.36911,-0.26022,1.39362
1979,3,17,0,-1.27585,-0.71309,1.4616
1979,3,18,0,-1.12503,-1.08013,1.5596
1979,3,19,0,-0.9567,-1.3769,1.67665
1979,3,20,0,-0.78772,-1.61801,1.79958
1979,3,21,0,-0.62553,-1.80999,1.91503
1979,3,22,0,-0.47389,-1.95399,2.01064
1979,3,23,0,-0.33464,-2.04865,2.0758
1979,3,24,0,-0.20805,-2.09194,2.10226
1979,3,25,0,-0.09302,-2.08237,2.08445
1979,3,26,0,0.01264,-2.01982,2.01986
1979,3,27,0,0.11176,-1.90594,1.90921
1979,3,28,0,0.20721,-1.74428,1.75654
1979,3,29,0,0.30111,-1.54027,1.56942
1979,3,30,0,0.3941,-1.30086,1.35924
1979,3,31,0,0.48461,-1.03407,1.142
1979,4,1,0,0.56889,-0.74822,0.93993
1979,4,2,0,0.639,-0.45259,0.78304
1979,4,3,0,0.68542,-0.157,0.70317
1979,4,4,0,0.69821,0.12712,0.70968
1979,4,5,0,0.6703,0.38602,0.7735
1979,4,6,0,0.60143,0.60435,0.85262
1979,4,7,0,0.4997,0.76843,0.91662
1979,4,8,0,0.37832,0.87024,0.94891
1979,4,9,0,0.24987,0.90891,0.94263
1979,4,10,0,0.12247,0.88925,0.89764
1979,4,11,0,-0.00061,0.8193,0.81931
1979,4,12,0,-0.11923,0.70858,0.71854
1979,4,13,0,-0.23442,0.56704,0.61358
1979,4,14,0,-0.34679,0.40462,0.53289
1979,4,15,0,-0.4556,0.23085,0.51075
1979,4,16,0,-0.55826,0.0546,0.56093
1979,4,17,0,-0.65032,-0.11622,0.66062
1979,4,18,0,-0.72568,-0.27485,0.77598
1979,4,19,0,-0.77716,-0.41586,0.88143
1979,4,20,0,-0.79723,-0.53524,0.96024
1979,4,21,0,-0.77876,-0.63039,1.00193
1979,4,22,0,-0.7159,-0.7,1.00126
1979,4,23,0,-0.60481,-0.74367,0.95856
1979,4,24,0,-0.44433,-0.76154,0.88169
1979,4,25,0,-0.23649,-0.75377,0.79
1979,4,26,0,0.01322,-0.72012,0.72024
1979,4,27,0,0.29579,-0.65976,0.72304
1979,4,28,0,0.59882,-0.57145,0.82773
1979,4,29,0,0.90706,-0.45415,1.01441
1979,4,30,0,1.20398,-0.29939,1.24064
1979,5,1,0,1.46951,-0.12151,1.47453
1979,5,2,0,1.68641,0.07867,1.68824
1979,5,3,0,1.8395,0.29236,1.86259
1979,5,4,0,1.91749,0.50906,1.98391
1979,5,5,0,1.91349,0.71837,2.0439
1979,5,6,0,1.82513,0.91142,2.04004
1979,5,7,0,1.65422,1.08146,1.97636
1979,5,8,0,1.40646,1.22377,1.86433
1979,5,9,0,1.09103,1.33489,1.72403
1979,5,10,0,0.72024,1.41178,1.58488
1979,5,11,0,0.30902,1.45103,1.48357
1979,5,12,0,-0.12542,1.44854,1.45396
1979,5,13,0,-0.56406,1.39989,1.50926
1979,5,14,0,-0.98648,1.30153,1.63313
1979,5,15,0,-1.3717,1.15289,1.79185
1979,5,16,0,-1.69967,0.95856,1.95133
1979,5,17,0,-1.95371,0.72927,2.08538
1979,5,18,0,-2.12308,0.48037,2.17674
1979,5,19,0,-2.20433,0.22818,2.21611
1979,5,20,0,-2.20094,-0.01388,2.20099
1979,5,21,0,-2.12144,-0.23748,2.13469
1979,5,22,0,-1.97743,-0.43936,2.02565
1979,5,23,0,-1.78194,-0.61994,1.8867
1979,5,24,0,-1.54841,-0.78154,1.73446
1979,5,25,0,-1.28975,-0.92682,1.58822
1979,5,26,0,-1.01767,-1.05773,1.4678
1979,5,27,0,-0.74198,-1.17488,1.38956
1979,5,28,0,-0.47004,-1.2773,1.36104
1979,5,29,0,-0.20645,-1.36238,1.37794
1979,5,30,0,0.04663,-1.42615,1.42691
1979,5,31,0,0.28855,-1.46368,1.49185
1979,6,1,0,0.51842,-1.47013,1.55886
1979,6,2,0,0.73345,-1.44244,1.6182
1979,6,3,0,0.92843,-1.38098,1.66406
1979,6,4,0,1.09758,-1.29008,1.69381
1979,6,5,0,1.23727,-1.17624,1.70716
1979,6,6,0,1.34751,-1.0455,1.70553
1979,6,7,0,1.4311,-0.90188,1.69158
1979,6,8,0,1.49189,-0.74754,1.6687
1979,6,9,0,1.53315,-0.58364,1.64049
1979,6,10,0,1.55668,-0.41128,1.6101
1979,6,11,0,1.56247,-0.23195,1.57959
1979,6,12,0,1.54879,-0.04768,1.54952
1979,6,13,0,1.51248,0.13904,1.51886
1979,6,14,0,1.44953,0.32532,1.48559
1979,6,15,0,1.35565,0.50798,1.4477
1979,6,16,0,1.22707,0.68354,1.40461
1979,6,17,0,1.06121,0.84821,1.35854
1979,6,18,0,0.85737,0.99788,1.31562
1979,6,19,0,0.6173,1.12811,1.28596
1979,6,20,0,0.34541,1.23435,1.28177
1979,6,21,0,0.04889,1.31203,1.31294
1979,6,22,0,-0.26254,1.35688,1.38204
1979,6,23,0,-0.57711,1.36518,1.48215
1979,6,24,0,-0.88159,1.33412,1.59908
1979,6,25,0,-1.16202,1.26213,1.71559
1979,6,26,0,-1.40434,1.14951,1.81481
1979,6,27,0,-1.59515,0.99925,1.88229
1979,6,28,0,-1.72248,0.81809,1.90689
1979,6,29,0,-1.77709,0.61728,1.88124
1979,6,30,0,-1.75412,0.41217,1.8019
1979,7,1,0,-1.6547,0.21981,1.66924
1979,7,2,0,-1.48631,0.05481,1.48732
1979,7,3,0,-1.26144,-0.07444,1.26363
1979,7,4,0,-0.99513,-0.16708,1.00906
1979,7,5,0,-0.70284,-0.2286,0.73908
1979,7,6,0,-0.39913,-0.26812,0.48083
1979,7,7,0,-0.09724,-0.29582,0.31139
1979,7,8,0,0.19104,-0.32098,0.37353
1979,7,9,0,0.45556,-0.35086,0.57501
1979,7,10,0,0.68798,-0.39011,0.79089
1979,7,11,0,0.88216,-0.44071,0.98612
1979,7,12,0,1.03439,-0.50208,1.1498
1979,7,13,0,1.14356,-0.57144,1.27838
1979,7,14,0,1.21117,-0.6442,1.37183
1979,7,15,0,1.24105,-0.7144,1.43198
1979,7,16,0,1.23889,-0.77521,1.46144
1979,7,17,0,1.21144,-0.81938,1.46252
1979,7,18,0,1.1656,-0.83972,1.43658
1979,7,19,0,1.10738,-0.82964,1.38369
1979,7,20,0,1.04087,-0.78366,1.3029
1979,7,21,0,0.9675,-0.69799,1.193
1979,7,22,0,0.88574,-0.57109,1.05389
1979,7,23,0,0.79144,-0.40414,0.88865
1979,7,24,0,0.67882,-0.20135,0.70805
1979,7,25,0,0.54175,0.03007,0.54258
1979,7,26,0,0.37513,0.2803,0.46828
1979,7,27,0,0.1759,0.5374,0.56545
1979,7,28,0,-0.05628,0.78818,0.79018
1979,7,29,0,-0.31871,1.01907,1.06774
1979,7,30,0,-0.60552,1.2172,1.35949
1979,7,31,0,-0.90757,1.37183,1.64487
1979,8,1,0,-1.21439,1.47395,1.90978
1979,8,2,0,-1.51358,1.51804,2.14369
1979,8,3,0,-1.79249,1.50179,2.33846
1979,8,4,0,-2.03923,1.42575,2.48822
1979,8,5,0,-2.24347,1.2928,2.58931
1979,8,6,0,-2.39688,1.10769,2.64046
1979,8,7,0,-2.49323,0.87673,2.64289
1979,8,8,0,-2.52844,0.60757,2.60041
1979,8,9,0,-2.50043,0.30908,2.51946
1979,8,10,0,-2.40903,-0.00873,2.40905
1979,8,11,0,-2.25582,-0.3349,2.28055
1979,8,12,0,-2.04398,-0.65771,2.14719
1979,8,13,0,-1.7781,-0.96488,2.02302
1979,8,14,0,-1.46423,-1.24387,1.92125
1979,8,15,0,-1.10984,-1.48223,1.85169
1979,8,16,0,-0.72412,-1.668,1.8184
1979,8,17,0,-0.31839,-1.79057,1.81866
1979,8,18,0,0.09361,-1.84177,1.84415
1979,8,19,0,0.49583,-1.81747,1.88389
1979,8,20,0,0.87091,-1.71915,1.92717
1979,8,21,0,1.20238,-1.55475,1.96544
1979,8,22,0,1.47725,-1.33802,1.99313
1979,8,23,0,1.68823,-1.08644,2.0076
1979,8,24,0,1.83437,-0.81837,2.00864
1979,8,25,0,1.92032,-0.55071,1.99772
1979,8,26,0,1.95461,-0.29757,1.97713
1979,8,27,0,1.94787,-0.0699,1.94912
1979,8,28,0,1.91129,0.12432,1.91533
1979,8,29,0,1.85556,0.27967,1.87651
1979,8,30,0,1.79016,0.39302,1.83279
1979,8,31,0,1.72302,0.46333,1.78423
1979,9,1,0,1.66038,0.49156,1.73162
1979,9,2,0,1.60675,0.48067,1.67711
1979,9,3,0,1.565,0.4356,1.6245
1979,9,4,0,1.53646,0.36312,1.57878
1979,9,5,0,1.52081,0.27155,1.54487
1979,9,6,0,1.5161,0.17037,1.52564
1979,9,7,0,1.51859,0.0696,1.52018
1979,9,8,0,1.52277,-0.0209,1.52292
1979,9,9,0,1.5217,-0.09201,1.52447
1979,9,10,0,1.50748,-0.13595,1.51359
1979,9,11,0,1.47218,-0.1466,1.47946
1979,9,12,0,1.40871,-0.1198,1.41379
1979,9,13,0,1.31161,-0.05353,1.3127
1979,9,14,0,1.17758,0.05189,1.17872
1979,9,15,0,1.00573,0.19368,1.02421
1979,9,16,0,0.79751,0.3665,0.87769
1979,9,17,0,0.55657,0.5626,0.79138
1979,9,18,0,0.28847,0.77226,0.82438
1979,9,19,0,0.00043,0.98438,0.98438
1979,9,20,0,-0.29905,1.18736,1.22444
1979,9,21,0,-0.60061,1.37004,1.49591
1979,9,22,0,-0.89467,1.52239,1.76582
1979,9,23,0,-1.17227,1.63614,2.01275
1979,9,24,0,-1.42583,1.70491,2.22255
1979,9,25,0,-1.64996,1.72434,2.38657
1979,9,26,0,-1.84176,1.69205,2.50102
1979,9,27,0,-2.00092,1.60768,2.56677
1979,9,28,0,-2.12927,1.47298,2.58911
1979,9,29,0,-2.23014,1.29186,2.57729
1979,9,30,0,-2.30742,1.07027,2.54356
1979,10,1,0,-2.3646,0.81586,2.5014
1979,10,2,0,-2.4038,0.5372,2.4631
1979,10,3,0,-2.42488,0.2428,2.437
1979,10,4,0,-2.42462,-0.06019,2.42537
1979,10,5,0,-2.39601,-0.36704,2.42396
1979,10,6,0,-2.32741,-0.67579,2.42353
1979,10,7,0,-2.20235,-0.98499,2.41258
1979,10,8,0,-2.0027,-1.28615,2.38012
1979,10,9,0,-1.72132,-1.55212,2.31776
1979,10,10,0,-1.38196,-1.73867,2.22099
1979,10,11,0,-1.035,-1.81553,2.08983
1979,10,12,0,-0.71987,-1.78971,1.92906
1979,10,13,0,-0.44579,-1.69062,1.74841
1979,10,14,0,-0.20412,-1.54919,1.56257
1979,10,15,0,0.01645,-1.39088,1.39098
1979,10,16,0,0.22316,-1.23588,1.25587
1979,10,17,0,0.41778,-1.0998,1.17648
1979,10,18,0,0.59734,-0.99382,1.15952
1979,10,19,0,0.75554,-0.92426,1.19378
1979,10,20,0,0.88457,-0.89235,1.25648
1979,10,21,0,1.03055,-0.83512,1.32644
1979,10,22,0,1.13614,-0.78959,1.38357
1979,10,23,0,1.20038,-0.75226,1.41662
1979,10,24,0,1.22435,-0.7183,1.4195
1979,10,25,0,1.21101,-0.68213,1.38991
1979,10,26,0,1.16506,-0.63812,1.32837
1979,10,27,0,1.0926,-0.58124,1.23758
1979,10,28,0,1.00075,-0.5076,1.12212
1979,10,29,0,0.89721,-0.41497,0.98852
1979,10,30,0,0.78978,-0.30296,0.84589
1979,10,31,0,0.68593,-0.17316,0.70745
1979,11,1,0,0.59237,-0.02898,0.59308
1979,11,2,0,0.51472,0.12468,0.52961
1979,11,3,0,0.45725,0.28191,0.53717
1979,11,4,0,0.42272,0.43633,0.60751
1979,11,5,0,0.4123,0.58175,0.71304
1979,11,6,0,0.42563,0.71278,0.83018
1979,11,7,0,0.46087,0.82525,0.94522
1979,11,8,0,0.51496,0.9167,1.05144
1979,11,9,0,0.58376,0.98647,1.14626
1979,11,10,0,0.66237,1.03577,1.22945
1979,11,11,0,0.82302,1.01071,1.30342
1979,11,12,0,0.98045,0.95763,1.37052
1979,11,13,0,1.12525,0.88548,1.43188
1979,11,14,0,1.24983,0.80601,1.48719
1979,11,15,0,1.34836,0.73321,1.53482
1979,11,16,0,1.4159,0.68343,1.57221
1979,11,17,0,1.44608,0.67671,1.59658
1979,11,18,0,1.42537,0.73886,1.60549
1979,11,19,0,1.32257,0.89564,1.5973
1979,11,20,0,1.09949,1.12264,1.57137
1979,11,21,0,0.80422,1.29943,1.52816
1979,11,22,0,0.54275,1.36528,1.4692
1979,11,23,0,0.33336,1.35685,1.3972
1979,11,24,0,0.15208,1.30741,1.31623
1979,11,25,0,-0.01965,1.23199,1.23215
1979,11,26,0,-0.19118,1.13717,1.15313
1979,11,27,0,-0.36621,1.02637,1.08975
1979,11,28,0,-0.54525,0.90193,1.05393
1979,11,29,0,-0.72676,0.76584,1.05579
1979,11,30,0,-0.90774,0.61994,1.09924
1979,12,1,0,-1.08406,0.4659,1.17993
1979,12,2,0,-1.25061,0.30512,1.28729
1979,12,3,0,-1.40163,0.13872,1.40848
1979,12,4,0,-1.53097,-0.03253,1.53131
1979,12,5,0,-1.63247,-0.20803,1.64567
1979,12,6,0,-1.70033,-0.38714,1.74385
1979,12,7,0,-1.72949,-0.56885,1.82064
1979,12,8,0,-1.71592,-0.75135,1.87321
1979,12,9,0,-1.65695,-0.93154,1.90086
1979,12,10,0,-1.55177,-1.10447,1.90469
1979,12,11,0,-1.40214,-1.26299,1.8871
1979,12,12,0,-1.21355,-1.39784,1.85113
1979,12,13,0,-0.99632,-1.499,1.7999
1979,12,14,0,-0.76549,-1.55813,1.73602
1979,12,15,0,-0.53858,-1.57151,1.66124
1979,12,16,0,-0.33175,-1.54106,1.57636
1979,12,17,0,-0.15652,-1.47308,1.48138
1979,12,18,0,-0.01878,-1.37569,1.37582
1979,12,19,0,0.08042,-1.25666,1.25923
1979,12,20,0,0.14337,-1.12246,1.13158
1979,12,21,0,0.17449,-0.97819,0.99363
1979,12,22,0,0.17946,-0.82784,0.84707
1979,12,23,0,0.16475,-0.67467,0.6945
1979,12,24,0,0.13714,-0.52147,0.53921
1979,12,25,0,0.10334,-0.3707,0.38483
1979,12,26,0,0.06951,-0.2245,0.23502
1979,12,27,0,0.04084,-0.08476,0.09409
1979,12,28,0,0.02112,0.04696,0.05149
1979,12,29,0,0.01252,0.16944,0.1699
1979,12,30,0,0.01551,0.2817,0.28213
1979,12,31,0,0.03918,0.38369,0.38568
1980,1,1,0,0.06353,0.46968,0.47395
1980,1,2,0,0.09495,0.54674,0.55492
1980,1,3,0,0.12817,0.61188,0.62515
1980,1,4,0,0.16006,0.66532,0.6843
1980,1,5,0,0.18864,0.70745,0.73216
1980,1,6,0,0.21325,0.73882,0.76898
1980,1,7,0,0.23451,0.76027,0.79561
1980,1,8,0,0.25391,0.773,0.81363
1980,1,9,0,0.2733,0.77862,0.82519
1980,1,10,0,0.29441,0.77904,0.83282
1980,1,11,0,0.31867,0.77621,0.83908
1980,1,12,0,0.34706,0.7718,0.84624
1980,1,13,0,0.38013,0.76691,0.85595
1980,1,14,0,0.41795,0.76189,0.869
1980,1,15,0,0.46007,0.75623,0.88519
1980,1,16,0,0.50546,0.74864,0.9033
1980,1,17,0,0.55243,0.73716,0.92119
1980,1,18,0,0.5986,0.71945,0.93591
1980,1,19,0,0.64102,0.693,0.94401
1980,1,20,0,0.67617,0.65551,0.94175
1980,1,21,0,0.70015,0.60513,0.92541
1980,1,22,0,0.70881,0.54085,0.89159
1980,1,23,0,0.69801,0.4627,0.83744
1980,1,24,0,0.66384,0.37202,0.76097
1980,1,25,0,0.60305,0.27151,0.66135
1980,1,26,0,0.51343,0.16512,0.53933
1980,1,27,0,0.39429,0.05773,0.39849
1980,1,28,0,0.24687,-0.04547,0.25102
1980,1,29,0,0.07459,-0.13972,0.15838
1980,1,30,0,-0.11683,-0.22167,0.25058
1980,1,31,0,-0.31959,-0.29045,0.43186
1980,2,1,0,-0.52418,-0.34845,0.62943
1980,2,2,0,-0.72,-0.40157,0.82442
1980,2,3,0,-0.89635,-0.45747,1.00634
1980,2,4,0,-1.04419,-0.5206,1.16677
1980,2,5,0,-1.15902,-0.58535,1.29844
1980,2,6,0,-1.24252,-0.63488,1.39533
1980,2,7,0,-1.2991,-0.65044,1.45283
1980,2,8,0,-1.32995,-0.6217,1.46808
1980,2,9,0,-1.33121,-0.54912,1.44002
1980,2,10,0,-1.29653,-0.44094,1.36946
1980,2,11,0,-1.22029,-0.30997,1.25904
1980,2,12,0,-1.09971,-0.17131,1.11298
1980,2,13,0,-0.9359,-0.04068,0.93678
1980,2,14,0,-0.73398,0.06712,0.73704
1980,2,15,0,-0.50265,0.13951,0.52165
1980,2,16,0,-0.25323,0.16738,0.30355
1980,2,17,0,0.00162,0.14619,0.1462
1980,2,18,0,0.24966,0.0768,0.2612
1980,2,19,0,0.48104,-0.03376,0.48223
1980,2,20,0,0.6908,-0.17144,0.71176
1980,2,21,0,0.88151,-0.31385,0.93572
1980,2,22,0,1.06447,-0.42918,1.14773
1980,2,23,0,1.25225,-0.48369,1.34242
1980,2,24,0,1.43762,-0.47586,1.51433
1980,2,25,0,1.5927,-0.46009,1.65783
1980,2,26,0,1.69934,-0.48555,1.76734
1980,2,27,0,1.75199,-0.55434,1.83759
1980,2,28,0,1.74888,-0.64478,1.86395
1980,2,29,0,1.69108,-0.73198,1.8427
1980,3,1,0,1.58336,-0.7941,1.77133
1980,3,2,0,1.4324,-0.81651,1.64877
1980,3,3,0,1.25106,-0.78347,1.47614
1980,3,4,0,1.05221,-0.68826,1.25732
1980,3,5,0,0.84874,-0.52984,1.00055
1980,3,6,0,0.65215,-0.31257,0.72318
1980,3,7,0,0.4711,-0.04562,0.47331
1980,3,8,0,0.31023,0.25795,0.40346
1980,3,9,0,0.16893,0.58231,0.60632
1980,3,10,0,0.04029,0.91003,0.91092
1980,3,11,0,-0.09052,1.22257,1.22592
1980,3,12,0,-0.24841,1.49937,1.5198
1980,3,13,0,-0.47042,1.71294,1.77636
1980,3,14,0,-0.79669,1.81891,1.98574
1980,3,15,0,-1.21876,1.76227,2.14265
1980,3,16,0,-1.62365,1.55199,2.24608
1980,3,17,0,-1.90803,1.2828,2.29916
1980,3,18,0,-2.07358,1.01561,2.30894
1980,3,19,0,-2.15726,0.75571,2.2858
1980,3,20,0,-2.18725,0.49449,2.24245
1980,3,21,0,-2.18044,0.22689,2.19221
1980,3,22,0,-2.14615,-0.04658,2.14666
1980,3,23,0,-2.08857,-0.32142,2.11316
1980,3,24,0,-2.00805,-0.59089,2.09319
1980,3,25,0,-1.90214,-0.8475,2.0824
1980,3,26,0,-1.76646,-1.08408,2.07259
1980,3,27,0,-1.59575,-1.29438,2.05471
1980,3,28,0,-1.38482,-1.47326,2.02194
1980,3,29,0,-1.12954,-1.61643,1.97198
1980,3,30,0,-0.82771,-1.7198,1.90861
1980,3,31,0,-0.47985,-1.77858,1.84217
1980,4,1,0,-0.08879,-1.78643,1.78863
1980,4,2,0,0.33591,-1.73352,1.76577
1980,4,3,0,0.77937,-1.60865,1.7875
1980,4,4,0,1.21902,-1.4015,1.85747
1980,4,5,0,1.62483,-1.1087,1.96705
1980,4,6,0,1.96398,-0.74077,2.09904
1980,4,7,0,2.20998,-0.32395,2.2336
1980,4,8,0,2.35037,0.1071,2.35281
1980,4,9,0,2.38692,0.52051,2.44301
1980,4,10,0,2.32996,0.89382,2.49552
1980,4,11,0,2.19303,1.21416,2.50671
1980,4,12,0,1.99009,1.47546,2.47738
1980,4,13,0,1.73514,1.67558,2.41211
1980,4,14,0,1.44243,1.81453,2.31799
1980,4,15,0,1.12655,1.89349,2.20328
1980,4,16,0,0.8023,1.91449,2.0758
1980,4,17,0,0.48406,1.8802,1.94151
1980,4,18,0,0.18517,1.79401,1.80354
1980,4,19,0,-0.08288,1.66006,1.66212
1980,4,20,0,-0.31103,1.48326,1.51552
1980,4,21,0,-0.49309,1.26942,1.36182
1980,4,22,0,-0.62585,1.02531,1.20123
1980,4,23,0,-0.70899,0.75877,1.03846
1980,4,24,0,-0.74475,0.47879,0.88538
1980,4,25,0,-0.73756,0.19548,0.76303
1980,4,26,0,-0.69362,-0.08016,0.69823
1980,4,27,0,-0.62055,-0.33661,0.70597
1980,4,28,0,-0.52726,-0.56253,0.771
1980,4,29,0,-0.42372,-0.74768,0.8594
1980,4,30,0,-0.31373,-0.88406,0.93808
1980,5,1,0,-0.21917,-0.96594,0.99049
1980,5,2,0,-0.14654,-0.99244,1.0032
1980,5,3,0,-0.10483,-0.96639,0.97206
1980,5,4,0,-0.09951,-0.89417,0.89969
1980,5,5,0,-0.13164,-0.78482,0.79578
1980,5,6,0,-0.19782,-0.64919,0.67867
1980,5,7,0,-0.29101,-0.49925,0.57788
1980,5,8,0,-0.40173,-0.34761,0.53124
1980,5,9,0,-0.51935,-0.20712,0.55912
1980,5,10,0,-0.63317,-0.09026,0.63957
1980,5,11,0,-0.73309,-0.00838,0.73314
1980,5,12,0,-0.8099,0.02935,0.81043
1980,5,13,0,-0.85531,0.01721,0.85548
1980,5,14,0,-0.86193,-0.04593,0.86315
1980,5,15,0,-0.82373,-0.15572,0.83832
1980,5,16,0,-0.73713,-0.3024,0.79674
1980,5,17,0,-0.60253,-0.47226,0.76556
1980,5,18,0,-0.42554,-0.65012,0.777
1980,5,19,0,-0.21672,-0.82188,0.84998
1980,5,20,0,0.00995,-0.97604,0.97609
1980,5,21,0,0.23941,-1.10366,1.12933
1980,5,22,0,0.45756,-1.19776,1.28218
1980,5,23,0,0.65271,-1.25257,1.41243
1980,5,24,0,0.81621,-1.26337,1.50409
1980,5,25,0,0.94262,-1.22672,1.54706
1980,5,26,0,1.0294,-1.14101,1.53674
1980,5,27,0,1.07625,-1.00701,1.4739
1980,5,28,0,1.08429,-0.82843,1.36454
1980,5,29,0,1.05515,-0.61224,1.21991
1980,5,30,0,0.99028,-0.36889,1.05676
1980,5,31,0,0.89097,-0.11218,0.89801
1980,6,1,0,0.75926,0.14126,0.77229
1980,6,2,0,0.60016,0.37366,0.70697
1980,6,3,0,0.42364,0.56919,0.70954
1980,6,4,0,0.24458,0.7175,0.75804
1980,6,5,0,0.07941,0.81558,0.81944
1980,6,6,0,-0.0583,0.86657,0.86853
1980,6,7,0,-0.16058,0.8769,0.89148
1980,6,8,0,-0.22533,0.85402,0.88325
1980,6,9,0,-0.25512,0.80542,0.84486
1980,6,10,0,-0.25558,0.7385,0.78148
1980,6,11,0,-0.23395,0.66081,0.701
1980,6,12,0,-0.19796,0.58002,0.61287
1980,6,13,0,-0.15502,0.5038,0.52711
1980,6,14,0,-0.11167,0.43942,0.45339
1980,6,15,0,-0.07333,0.39319,0.39997
1980,6,16,0,-0.04424,0.36994,0.37258
1980,6,17,0,-0.02748,0.37252,0.37353
1980,6,18,0,-0.02511,0.40148,0.40227
1980,6,19,0,-0.0384,0.45493,0.45654
1980,6,20,0,-0.06789,0.52863,0.53297
1980,6,21,0,-0.11359,0.61631,0.62669
1980,6,22,0,-0.17502,0.71017,0.73142
1980,6,23,0,-0.25131,0.8014,0.83988
1980,6,24,0,-0.34117,0.88088,0.94464
1980,6,25,0,-0.44275,0.93978,1.03885
1980,6,26,0,-0.55344,0.97017,1.11693
1980,6,27,0,-0.66943,0.96573,1.17506
1980,6,28,0,-0.78534,0.9225,1.21152
1980,6,29,0,-0.89413,0.83984,1.22671
1980,6,30,0,-0.98786,0.72115,1.22308
1980,7,1,0,-1.05927,0.57383,1.20471
1980,7,2,0,-1.1037,0.40806,1.17672
1980,7,3,0,-1.12009,0.23471,1.14441
1980,7,4,0,-1.11052,0.06339,1.11232
1980,7,5,0,-1.07883,-0.09844,1.08331
1980,7,6,0,-1.02918,-0.24555,1.05807
1980,7,7,0,-0.96507,-0.3746,1.03522
1980,7,8,0,-0.88892,-0.48381,1.01205
1980,7,9,0,-0.80212,-0.57271,0.98559
1980,7,10,0,-0.70527,-0.64196,0.95369
1980,7,11,0,-0.59847,-0.69323,0.91583
1980,7,12,0,-0.48178,-0.7289,0.87373
1980,7,13,0,-0.35546,-0.75175,0.83156
1980,7,14,0,-0.22035,-0.76461,0.79573
1980,7,15,0,-0.07802,-0.76995,0.77389
1980,7,16,0,0.06915,-0.76963,0.77273
1980,7,17,0,0.21791,-0.76481,0.79525
1980,7,18,0,0.36436,-0.75595,0.83918
1980,7,19,0,0.50417,-0.74317,0.89805
1980,7,20,0,0.63297,-0.7266,0.96364
1980,7,21,0,0.74687,-0.7068,1.02829
1980,7,22,0,0.84298,-0.68509,1.08626
1980,7,23,0,0.91989,-0.66338,1.13414
1980,7,24,0,0.97794,-0.6438,1.17083
1980,7,25,0,1.01917,-0.62785,1.19704
1980,7,26,0,1.04682,-0.61569,1.21445
1980,7,27,0,1.06451,-0.60571,1.22478
1980,7,28,0,1.0754,-0.59465,1.22886
1980,7,29,0,1.08135,-0.5782,1.22623
1980,7,30,0,1.08262,-0.55195,1.2152
1980,7,31,0,1.07775,-0.51263,1.19346
1980,8,1,0,1.06477,-0.45752,1.1589
1980,8,2,0,1.04122,-0.38607,1.11049
1980,8,3,0,1.00525,-0.29933,1.04887
1980,8,4,0,0.95614,-0.19958,0.97675
1980,8,5,0,0.8945,-0.08994,0.89901
1980,8,6,0,0.82204,0.02601,0.82245
1980,8,7,0,0.74128,0.1445,0.75523
1980,8,8,0,0.65508,0.26175,0.70543
1980,8,9,0,0.56626,0.37403,0.67864
1980,8,10,0,0.47741,0.47779,0.67542
1980,8,11,0,0.39077,0.56973,0.69086
1980,8,12,0,0.30827,0.64696,0.71665
1980,8,13,0,0.23161,0.70726,0.74422
1980,8,14,0,0.16228,0.74928,0.76665
1980,8,15,0,0.10159,0.77284,0.77949
1980,8,16,0,0.0505,0.77917,0.7808
1980,8,17,0,0.00944,0.77096,0.77101
1980,8,18,0,-0.02195,0.75227,0.75259
1980,8,19,0,-0.04518,0.72817,0.72957
1980,8,20,0,-0.06315,0.704,0.70683
1980,8,21,0,-0.08022,0.68468,0.68936
1980,8,22,0,-0.10191,0.67385,0.68151
1980,8,23,0,-0.13437,0.67349,0.68676
1980,8,24,0,-0.18354,0.68377,0.70797
1980,8,25,0,-0.25431,0.70325,0.74782
1980,8,26,0,-0.34991,0.72912,0.80873
1980,8,27,0,-0.47147,0.75743,0.89218
1980,8,28,0,-0.61783,0.78328,0.99762
1980,8,29,0,-0.78551,0.80088,1.1218
1980,8,30,0,-0.96876,0.80378,1.25879
1980,8,31,0,-1.15976,0.78515,1.40053
1980,9,1,0,-1.34881,0.73832,1.53766
1980,9,2,0,-1.52472,0.65742,1.66041
1980,9,3,0,-1.6753,0.5383,1.75966
1980,9,4,0,-1.78804,0.37943,1.82786
1980,9,5,0,-1.85112,0.18277,1.86012
1980,9,6,0,-1.85455,-0.0458,1.85512
1980,9,7,0,-1.79154,-0.29649,1.81591
1980,9,8,0,-1.65969,-0.55643,1.75048
1980,9,9,0,-1.4618,-0.81107,1.67174
1980,9,10,0,-1.20599,-1.0459,1.59634
1980,9,11,0,-0.90497,-1.24795,1.54154
1980,9,12,0,-0.57488,-1.40685,1.51978
1980,9,13,0,-0.23375,-1.51529,1.53322
1980,9,14,0,0.09999,-1.5691,1.57229
1980,9,15,0,0.40876,-1.56713,1.61956
1980,9,16,0,0.67686,-1.51115,1.65581
1980,9,17,0,0.89146,-1.40583,1.66466
1980,9,18,0,1.04332,-1.25866,1.63486
1980,9,19,0,1.12753,-1.07964,1.56107
1980,9,20,0,1.14406,-0.88063,1.44374
1980,9,21,0,1.09803,-0.67434,1.28857
1980,9,22,0,0.99945,-0.47301,1.10573
1980,9,23,0,0.86242,-0.28722,0.90899
1980,9,24,0,0.70381,-0.12498,0.71482
1980,9,25,0,0.54155,0.00858,0.54162
1980,9,26,0,0.39295,0.1111,0.40835
1980,9,27,0,0.27312,0.1825,0.32849
1980,9,28,0,0.19387,0.22446,0.29659
1980,9,29,0,0.16293,0.23997,0.29006
1980,9,30,0,0.18368,0.23322,0.29686
1980,10,1,0,0.25518,0.20954,0.33018
1980,10,2,0,0.37251,0.17572,0.41188
1980,10,3,0,0.52731,0.14035,0.54567
1980,10,4,0,0.70832,0.11419,0.71746
1980,10,5,0,0.90175,0.11061,0.9085
1980,10,6,0,1.09112,0.14555,1.10079
1980,10,7,0,1.25615,0.23607,1.27814
1980,10,8,0,1.37128,0.3942,1.42682
1980,10,9,0,1.40867,0.61287,1.53622
1980,10,10,0,1.35254,0.85413,1.59966
1980,10,11,0,1.21332,1.066,1.61509
1980,10,12,0,1.01665,1.21695,1.58573
1980,10,13,0,0.78339,1.30319,1.52053
1980,10,14,0,0.52557,1.33472,1.43446
1980,10,15,0,0.25108,1.32453,1.34811
1980,10,16,0,-0.03251,1.28474,1.28515
1980,10,17,0,-0.3167,1.22566,1.26592
1980,10,18,0,-0.59206,1.15562,1.29846
1980,10,19,0,-0.8489,1.08089,1.37439
1980,10,20,0,-1.07792,1.00574,1.47425
1980,10,21,0,-1.32714,0.85835,1.58053
1980,10,22,0,-1.52182,0.68815,1.67018
1980,10,23,0,-1.65535,0.50344,1.73021
1980,10,24,0,-1.72499,0.31288,1.75314
1980,10,25,0,-1.73184,0.12482,1.73633
1980,10,26,0,-1.68048,-0.05339,1.68133
1980,10,27,0,-1.57842,-0.21587,1.59312
1980,10,28,0,-1.43535,-0.35856,1.47946
1980,10,29,0,-1.26223,-0.47936,1.35019
1980,10,30,0,-1.07044,-0.57813,1.21658
1980,10,31,0,-0.87089,-0.65636,1.09053
1980,11,1,0,-0.67332,-0.71684,0.98347
1980,11,2,0,-0.48567,-0.76314,0.90458
1980,11,3,0,-0.31376,-0.79904,0.85844
1980,11,4,0,-0.16111,-0.828,0.84353
1980,11,5,0,-0.02906,-0.85264,0.85313
1980,11,6,0,0.08301,-0.87445,0.87838
1980,11,7,0,0.17724,-0.89356,0.91097
1980,11,8,0,0.25677,-0.90873,0.94431
1980,11,9,0,0.32518,-0.91751,0.97343
1980,11,10,0,0.38598,-0.91661,0.99456
1980,11,11,0,0.37719,-0.93317,1.00652
1980,11,12,0,0.37106,-0.93409,1.0051
1980,11,13,0,0.37358,-0.91657,0.98978
1980,11,14,0,0.38983,-0.87927,0.96181
1980,11,15,0,0.42349,-0.82176,0.92447
1980,11,16,0,0.47657,-0.74332,0.88298
1980,11,17,0,0.54919,-0.64059,0.84378
1980,11,18,0,0.63828,-0.50352,0.81298
1980,11,19,0,0.73021,-0.31195,0.79405
1980,11,20,0,0.78395,-0.05843,0.78612
1980,11,21,0,0.7602,0.1911,0.78385
1980,11,22,0,0.68854,0.36467,0.77914
1980,11,23,0,0.60654,0.46392,0.76362
1980,11,24,0,0.52371,0.50924,0.73048
1980,11,25,0,0.43829,0.51422,0.67567
1980,11,26,0,0.34668,0.48776,0.59841
1980,11,27,0,0.24605,0.4373,0.50177
1980,11,28,0,0.13519,0.37028,0.39419
1980,11,29,0,0.01468,0.29436,0.29472
1980,11,30,0,-0.11301,0.21716,0.2448
1980,12,1,0,-0.24383,0.1458,0.2841
1980,12,2,0,-0.37252,0.08641,0.38241
1980,12,3,0,-0.4932,0.04364,0.49513
1980,12,4,0,-0.60003,0.02044,0.60038
1980,12,5,0,-0.68791,0.01787,0.68814
1980,12,6,0,-0.7531,0.03521,0.75392
1980,12,7,0,-0.79374,0.07014,0.79683
1980,12,8,0,-0.81016,0.11904,0.81886
1980,12,9,0,-0.80485,0.17741,0.82417
1980,12,10,0,-0.7821,0.24021,0.81815
1980,12,11,0,-0.74715,0.30233,0.806
1980,12,12,0,-0.70494,0.35891,0.79105
1980,12,13,0,-0.65864,0.40562,0.77352
1980,12,14,0,-0.60855,0.43881,0.75026
1980,12,15,0,-0.55205,0.45552,0.71572
1980,12,16,0,-0.48474,0.45346,0.66378
1980,12,17,0,-0.40205,0.4311,0.58949
1980,12,18,0,-0.3007,0.38794,0.49083
1980,12,19,0,-0.17934,0.32484,0.37105
1980,12,20,0,-0.03878,0.24419,0.24725
1980,12,21,0,0.11821,0.14984,0.19086
1980,12,22,0,0.2873,0.0469,0.2911
1980,12,23,0,0.46303,-0.05864,0.46673
1980,12,24,0,0.63931,-0.16026,0.65909
1980,12,25,0,0.80985,-0.2513,0.84794
1980,12,26,0,0.96854,-0.32532,1.02172
1980,12,27,0,1.10976,-0.37652,1.17189
1980,12,28,0,1.22843,-0.40013,1.29196
1980,12,29,0,1.32014,-0.39287,1.37736
1980,12,30,0,1.38108,-0.35339,1.42557
1980,12,31,0,1.40042,-0.31825,1.43613
1981,1,1,0,1.39445,-0.21319,1.41065
1981,1,2,0,1.34949,-0.09777,1.35303
1981,1,3,0,1.26817,0.03417,1.26863
1981,1,4,0,1.15152,0.17289,1.16443
1981,1,5,0,1.00253,0.30712,1.04852
1981,1,6,0,0.82665,0.42546,0.92971
1981,1,7,0,0.63186,0.51802,0.81706
1981,1,8,0,0.42789,0.57785,0.71903
1981,1,9,0,0.22513,0.6016,0.64234
1981,1,10,0,0.03326,0.5894,0.59034
1981,1,11,0,-0.13961,0.54412,0.56175
1981,1,12,0,-0.28734,0.47046,0.55127
1981,1,13,0,-0.40581,0.3742,0.552
1981,1,14,0,-0.49263,0.2617,0.55783
1981,1,15,0,-0.54695,0.13954,0.56447
1981,1,16,0,-0.56917,0.01437,0.56936
1981,1,17,0,-0.5608,-0.10733,0.57098
1981,1,18,0,-0.52438,-0.21936,0.56841
1981,1,19,0,-0.46344,-0.31607,0.56097
1981,1,20,0,-0.38247,-0.39263,0.54812
1981,1,21,0,-0.28677,-0.44528,0.52964
1981,1,22,0,-0.18226,-0.47166,0.50565
1981,1,23,0,-0.07511,-0.47089,0.47684
1981,1,24,0,0.02861,-0.44361,0.44453
1981,1,25,0,0.12333,-0.3918,0.41075
1981,1,26,0,0.20426,-0.31847,0.37835
1981,1,27,0,0.2676,-0.22728,0.35109
1981,1,28,0,0.31054,-0.12214,0.33369
1981,1,29,0,0.33112,-0.00696,0.3312
1981,1,30,0,0.32801,0.11454,0.34743
1981,1,31,0,0.30005,0.23874,0.38345
1981,2,1,0,0.2459,0.36171,0.43738
1981,2,2,0,0.16383,0.47846,0.50573
1981,2,3,0,0.05266,0.5821,0.58448
1981,2,4,0,-0.08545,0.66404,0.66952
1981,2,5,0,-0.24108,0.71734,0.75677
1981,2,6,0,-0.39798,0.7422,0.84217
1981,2,7,0,-0.54013,0.74702,0.92184
1981,2,8,0,-0.65799,0.74261,0.99218
1981,2,9,0,-0.74842,0.73669,1.05017
1981,2,10,0,-0.81181,0.73262,1.09351
1981,2,11,0,-0.85013,0.73045,1.12084
1981,2,12,0,-0.86637,0.72818,1.13175
1981,2,13,0,-0.86445,0.7228,1.12682
1981,2,14,0,-0.84918,0.71101,1.10754
1981,2,15,0,-0.82617,0.68978,1.07627
1981,2,16,0,-0.80146,0.65672,1.03616
1981,2,17,0,-0.78111,0.61023,0.99121
1981,2,18,0,-0.77062,0.54939,0.94641
1981,2,19,0,-0.77439,0.4733,0.90757
1981,2,20,0,-0.79494,0.37973,0.88098
1981,2,21,0,-0.83164,0.26305,0.87225
1981,2,22,0,-0.87753,0.11266,0.88473
1981,2,23,0,-0.9148,-0.08034,0.91832
1981,2,24,0,-0.92208,-0.29915,0.9694
1981,2,25,0,-0.90358,-0.49842,1.03193
1981,2,26,0,-0.88467,-0.65193,1.09893
1981,2,27,0,-0.87883,-0.76252,1.16351
1981,2,28,0,-0.88446,-0.83952,1.21945
1981,3,1,0,-0.92944,-0.8531,1.2616
1981,3,2,0,-0.94222,-0.87442,1.28545
1981,3,3,0,-0.93827,-0.88421,1.28926
1981,3,4,0,-0.91143,-0.88886,1.2731
1981,3,5,0,-0.85773,-0.89557,1.24006
1981,3,6,0,-0.77568,-0.91172,1.19705
1981,3,7,0,-0.66621,-0.94402,1.15542
1981,3,8,0,-0.53208,-0.99754,1.13057
1981,3,9,0,-0.37686,-1.07481,1.13896
1981,3,10,0,-0.20319,-1.17487,1.19231
1981,3,11,0,-0.01019,-1.29218,1.29222
1981,3,12,0,0.21016,-1.41453,1.43006
1981,3,13,0,0.47689,-1.51831,1.59144
1981,3,14,0,0.81507,-1.56093,1.76092
1981,3,15,0,1.21585,-1.4918,1.92451
1981,3,16,0,1.59185,-1.32422,2.07064
1981,3,17,0,1.86596,-1.14715,2.19038
1981,3,18,0,2.04094,-1.0109,2.27758
1981,3,19,0,2.14349,-0.91065,2.32891
1981,3,20,0,2.19353,-0.82647,2.34406
1981,3,21,0,2.2049,-0.74034,2.32587
1981,3,22,0,2.18895,-0.63931,2.2804
1981,3,23,0,2.15616,-0.51543,2.21691
1981,3,24,0,2.11617,-0.36529,2.14747
1981,3,25,0,2.07719,-0.18939,2.08581
1981,3,26,0,2.04517,0.00871,2.04519
1981,3,27,0,2.02309,0.22339,2.03539
1981,3,28,0,2.01046,0.44804,2.05977
1981,3,29,0,2.00311,0.67618,2.11416
1981,3,30,0,1.99343,0.90239,2.18816
1981,3,31,0,1.97074,1.12274,2.26812
1981,4,1,0,1.92115,1.33615,2.34011
1981,4,2,0,1.83113,1.53934,2.3922
1981,4,3,0,1.68744,1.72867,2.41573
1981,4,4,0,1.48065,1.89661,2.40613
1981,4,5,0,1.20908,2.03061,2.36331
1981,4,6,0,0.88179,2.11565,2.29206
1981,4,7,0,0.51684,2.1407,2.20221
1981,4,8,0,0.13449,2.10432,2.10861
1981,4,9,0,-0.24969,2.01459,2.03
1981,4,10,0,-0.62649,1.88463,1.98603
1981,4,11,0,-0.99076,1.72801,1.99189
1981,4,12,0,-1.3383,1.5563,2.05259
1981,4,13,0,-1.66406,1.37831,2.16075
1981,4,14,0,-1.96167,1.2002,2.2997
1981,4,15,0,-2.22384,1.02582,2.44903
1981,4,16,0,-2.44319,0.85708,2.58916
1981,4,17,0,-2.6131,0.69431,2.70376
1981,4,18,0,-2.72851,0.53655,2.78076
1981,4,19,0,-2.78647,0.38189,2.81252
1981,4,20,0,-2.78644,0.22778,2.79573
1981,4,21,0,-2.73023,0.07149,2.73117
1981,4,22,0,-2.6218,-0.0894,2.62332
1981,4,23,0,-2.46676,-0.2565,2.48006
1981,4,24,0,-2.27184,-0.43007,2.31219
1981,4,25,0,-2.04431,-0.60865,2.133
1981,4,26,0,-1.79153,-0.78885,1.95752
1981,4,27,0,-1.52064,-0.96541,1.80121
1981,4,28,0,-1.23846,-1.13156,1.67756
1981,4,29,0,-0.95167,-1.27972,1.5948
1981,4,30,0,-0.65886,-1.40613,1.55284
1981,5,1,0,-0.37869,-1.49596,1.54315
1981,5,2,0,-0.11385,-1.54769,1.55187
1981,5,3,0,0.12889,-1.55929,1.5646
1981,5,4,0,0.34437,-1.53144,1.56968
1981,5,5,0,0.52968,-1.46697,1.55967
1981,5,6,0,0.68444,-1.37006,1.53151
1981,5,7,0,0.81032,-1.24569,1.48606
1981,5,8,0,0.91039,-1.09933,1.42736
1981,5,9,0,0.98825,-0.93679,1.3617
1981,5,10,0,1.0473,-0.76412,1.29642
1981,5,11,0,1.09021,-0.58748,1.23842
1981,5,12,0,1.11871,-0.41302,1.19252
1981,5,13,0,1.13361,-0.2467,1.16014
1981,5,14,0,1.13511,-0.09431,1.13902
1981,5,15,0,1.1234,0.03857,1.12407
1981,5,16,0,1.0993,0.14668,1.10904
1981,5,17,0,1.0645,0.22556,1.08813
1981,5,18,0,1.02129,0.27235,1.05698
1981,5,19,0,0.97183,0.2866,1.01321
1981,5,20,0,0.91727,0.27064,0.95636
1981,5,21,0,0.85756,0.22931,0.88769
1981,5,22,0,0.79173,0.16947,0.80967
1981,5,23,0,0.71859,0.09918,0.7254
1981,5,24,0,0.63729,0.02707,0.63787
1981,5,25,0,0.54779,-0.0385,0.54915
1981,5,26,0,0.45092,-0.09009,0.45984
1981,5,27,0,0.34829,-0.1219,0.36901
1981,5,28,0,0.24192,-0.13035,0.2748
1981,5,29,0,0.13383,-0.11444,0.17609
1981,5,30,0,0.02555,-0.07585,0.08004
1981,5,31,0,-0.08209,-0.01868,0.08419
1981,6,1,0,-0.18887,0.05133,0.19572
1981,6,2,0,-0.29448,0.12799,0.32109
1981,6,3,0,-0.39747,0.20617,0.44775
1981,6,4,0,-0.49459,0.28268,0.56967
1981,6,5,0,-0.58112,0.35609,0.68155
1981,6,6,0,-0.65196,0.42546,0.77851
1981,6,7,0,-0.70271,0.48922,0.85623
1981,6,8,0,-0.73033,0.54477,0.91113
1981,6,9,0,-0.7334,0.58879,0.9405
1981,6,10,0,-0.71202,0.61792,0.94276
1981,6,11,0,-0.66768,0.62944,0.9176
1981,6,12,0,-0.603,0.6218,0.86616
1981,6,13,0,-0.52151,0.59492,0.79114
1981,6,14,0,-0.42741,0.55027,0.69677
1981,6,15,0,-0.32532,0.49075,0.58878
1981,6,16,0,-0.22004,0.42035,0.47446
1981,6,17,0,-0.1164,0.34379,0.36296
1981,6,18,0,-0.01904,0.26607,0.26675
1981,6,19,0,0.06771,0.19202,0.20361
1981,6,20,0,0.13997,0.12594,0.18828
1981,6,21,0,0.19441,0.07124,0.20705
1981,6,22,0,0.22836,0.03029,0.23036
1981,6,23,0,0.23996,0.00418,0.24
1981,6,24,0,0.22819,-0.00733,0.22831
1981,6,25,0,0.19301,-0.00591,0.1931
1981,6,26,0,0.13542,0.00541,0.13553
1981,6,27,0,0.05752,0.02234,0.0617
1981,6,28,0,-0.03735,0.03969,0.0545
1981,6,29,0,-0.14448,0.05202,0.15356
1981,6,30,0,-0.25774,0.05471,0.26348
1981,7,1,0,-0.36984,0.04494,0.37256
1981,7,2,0,-0.47288,0.02211,0.4734
1981,7,3,0,-0.55904,-0.01258,0.55918
1981,7,4,0,-0.62116,-0.05722,0.62379
1981,7,5,0,-0.65304,-0.11018,0.66227
1981,7,6,0,-0.64962,-0.17054,0.67163
1981,7,7,0,-0.60722,-0.23802,0.65221
1981,7,8,0,-0.52385,-0.31253,0.60999
1981,7,9,0,-0.3994,-0.39364,0.56078
1981,7,10,0,-0.23596,-0.48012,0.53497
1981,7,11,0,-0.03777,-0.56956,0.57081
1981,7,12,0,0.18883,-0.65817,0.68472
1981,7,13,0,0.43569,-0.7408,0.85943
1981,7,14,0,0.69321,-0.81109,1.06696
1981,7,15,0,0.95081,-0.86179,1.28324
1981,7,16,0,1.1973,-0.88531,1.48906
1981,7,17,0,1.42129,-0.87437,1.66871
1981,7,18,0,1.61141,-0.82292,1.80937
1981,7,19,0,1.75655,-0.72709,1.90109
1981,7,20,0,1.84617,-0.5863,1.93703
1981,7,21,0,1.8708,-0.40411,1.91395
1981,7,22,0,1.82292,-0.18869,1.83266
1981,7,23,0,1.69806,0.04753,1.69872
1981,7,24,0,1.49596,0.28904,1.52363
1981,7,25,0,1.22138,0.5192,1.32715
1981,7,26,0,0.88406,0.72226,1.14159
1981,7,27,0,0.49812,0.88504,1.01559
1981,7,28,0,0.08085,0.99803,1.0013
1981,7,29,0,-0.34858,1.05592,1.11197
1981,7,30,0,-0.77049,1.05783,1.30869
1981,7,31,0,-1.16581,1.00755,1.54086
1981,8,1,0,-1.51838,0.91178,1.77111
1981,8,2,0,-1.81478,0.78016,1.97537
1981,8,3,0,-2.04553,0.62355,2.13846
1981,8,4,0,-2.20531,0.45248,2.25125
1981,8,5,0,-2.29277,0.2759,2.30931
1981,8,6,0,-2.30997,0.10049,2.31216
1981,8,7,0,-2.26177,-0.06939,2.26284
1981,8,8,0,-2.15519,-0.23143,2.16758
1981,8,9,0,-1.99873,-0.38473,2.03542
1981,8,10,0,-1.80182,-0.52915,1.87791
1981,8,11,0,-1.57423,-0.66468,1.7088
1981,8,12,0,-1.3256,-0.79094,1.54363
1981,8,13,0,-1.06495,-0.90681,1.39872
1981,8,14,0,-0.80044,-1.0103,1.28896
1981,8,15,0,-0.53917,-1.09864,1.22381
1981,8,16,0,-0.28717,-1.16858,1.20335
1981,8,17,0,-0.04962,-1.21689,1.2179
1981,8,18,0,0.169,-1.241,1.25245
1981,8,19,0,0.36466,-1.23974,1.29226
1981,8,20,0,0.53397,-1.21382,1.32608
1981,8,21,0,0.67459,-1.16589,1.34698
1981,8,22,0,0.78596,-1.09999,1.35193
1981,8,23,0,0.86979,-1.02057,1.34093
1981,8,24,0,0.93004,-0.93151,1.31632
1981,8,25,0,0.97246,-0.83552,1.2821
1981,8,26,0,1.00368,-0.73416,1.24353
1981,8,27,0,1.03036,-0.62803,1.20668
1981,8,28,0,1.05847,-0.51718,1.17806
1981,8,29,0,1.09259,-0.4014,1.16399
1981,8,30,0,1.1356,-0.28032,1.16969
1981,8,31,0,1.18834,-0.15349,1.19822
1981,9,1,0,1.24955,-0.02037,1.24971
1981,9,2,0,1.31585,0.11963,1.32127
1981,9,3,0,1.38204,0.26706,1.4076
1981,9,4,0,1.44145,0.42214,1.50199
1981,9,5,0,1.48653,0.58444,1.59729
1981,9,6,0,1.50952,0.75256,1.68672
1981,9,7,0,1.50323,0.92393,1.76447
1981,9,8,0,1.46175,1.09474,1.82625
1981,9,9,0,1.38095,1.26031,1.8696
1981,9,10,0,1.25879,1.41548,1.89424
1981,9,11,0,1.09534,1.55506,1.9021
1981,9,12,0,0.89266,1.67413,1.89725
1981,9,13,0,0.6547,1.76813,1.88545
1981,9,14,0,0.38713,1.83278,1.87322
1981,9,15,0,0.09741,1.86404,1.86659
1981,9,16,0,-0.20537,1.85823,1.86954
1981,9,17,0,-0.51062,1.81233,1.88289
1981,9,18,0,-0.80666,1.72452,1.90385
1981,9,19,0,-1.08143,1.59479,1.92687
1981,9,20,0,-1.32341,1.4254,1.94504
1981,9,21,0,-1.52275,1.22108,1.95188
1981,9,22,0,-1.67236,0.9887,1.94276
1981,9,23,0,-1.76863,0.73659,1.91589
1981,9,24,0,-1.81179,0.47371,1.87269
1981,9,25,0,-1.80564,0.20876,1.81767
1981,9,26,0,-1.75693,-0.05032,1.75766
1981,9,27,0,-1.67445,-0.29668,1.70053
1981,9,28,0,-1.56798,-0.5245,1.65338
1981,9,29,0,-1.44741,-0.729,1.62063
1981,9,30,0,-1.32182,-0.90625,1.60265
1981,10,1,0,-1.19874,-1.05328,1.59574
1981,10,2,0,-1.08358,-1.16818,1.59336
1981,10,3,0,-0.97911,-1.25038,1.58812
1981,10,4,0,-0.88522,-1.30098,1.57358
1981,10,5,0,-0.79872,-1.32301,1.54541
1981,10,6,0,-0.71363,-1.32135,1.50175
1981,10,7,0,-0.62224,-1.30193,1.44298
1981,10,8,0,-0.5183,-1.2694,1.37113
1981,10,9,0,-0.40359,-1.22407,1.28888
1981,10,10,0,-0.29216,-1.16261,1.19876
1981,10,11,0,-0.20002,-1.08422,1.10252
1981,10,12,0,-0.12857,-0.99298,1.00126
1981,10,13,0,-0.06496,-0.89413,0.89649
1981,10,14,0,0.00695,-0.79228,0.79231
1981,10,15,0,0.09956,-0.69201,0.69914
1981,10,16,0,0.21945,-0.59844,0.6374
1981,10,17,0,0.36752,-0.51698,0.6343
1981,10,18,0,0.53972,-0.45271,0.70445
1981,10,19,0,0.72804,-0.40957,0.83533
1981,10,20,0,0.92161,-0.38958,1.00057
1981,10,21,0,1.13119,-0.32697,1.17749
1981,10,22,0,1.31912,-0.25847,1.34421
1981,10,23,0,1.47474,-0.18295,1.48604
1981,10,24,0,1.58883,-0.10008,1.59198
1981,10,25,0,1.65435,-0.01038,1.65438
1981,10,26,0,1.667,0.08471,1.66915
1981,10,27,0,1.62553,0.18287,1.63579
1981,10,28,0,1.53195,0.28106,1.55752
1981,10,29,0,1.39134,0.37559,1.44115
1981,10,30,0,1.2116,0.46242,1.29684
1981,10,31,0,1.0029,0.53733,1.13777
1981,11,1,0,0.777,0.59624,0.9794
1981,11,2,0,0.54644,0.6355,0.83813
1981,11,3,0,0.32376,0.6521,0.72805
1981,11,4,0,0.12061,0.64401,0.65521
1981,11,5,0,-0.05297,0.61034,0.61263
1981,11,6,0,-0.18919,0.55155,0.5831
1981,11,7,0,-0.28293,0.46954,0.5482
1981,11,8,0,-0.33205,0.3677,0.49544
1981,11,9,0,-0.33738,0.25084,0.42041
1981,11,10,0,-0.30261,0.12506,0.32743
1981,11,11,0,-0.24061,0.01438,0.24104
1981,11,12,0,-0.17075,-0.10319,0.19951
1981,11,13,0,-0.09925,-0.22086,0.24214
1981,11,14,0,-0.02998,-0.32949,0.33085
1981,11,15,0,0.03634,-0.41845,0.42002
1981,11,16,0,0.10232,-0.47647,0.48734
1981,11,17,0,0.17352,-0.49179,0.52151
1981,11,18,0,0.25599,-0.45061,0.51825
1981,11,19,0,0.34674,-0.33432,0.48166
1981,11,20,0,0.41008,-0.13127,0.43058
1981,11,21,0,0.39166,0.12033,0.40972
1981,11,22,0,0.30065,0.36918,0.47611
1981,11,23,0,0.17933,0.61141,0.63716
1981,11,24,0,0.05454,0.85531,0.85705
1981,11,25,0,-0.05898,1.10098,1.10256
1981,11,26,0,-0.15276,1.34109,1.34976
1981,11,27,0,-0.22303,1.5642,1.58002
1981,11,28,0,-0.27054,1.75732,1.77803
1981,11,29,0,-0.30017,1.90806,1.93152
1981,11,30,0,-0.32019,2.00619,2.03158
1981,12,1,0,-0.34113,2.04479,2.07305
1981,12,2,0,-0.3742,2.02091,2.05526
1981,12,3,0,-0.42979,1.93559,1.98273
1981,12,4,0,-0.51587,1.79338,1.8661
1981,12,5,0,-0.63674,1.60149,1.72343
1981,12,6,0,-0.79218,1.36855,1.58129
1981,12,7,0,-0.9771,1.10336,1.47381
1981,12,8,0,-1.18164,0.81378,1.43475
1981,12,9,0,-1.39181,0.50604,1.48095
1981,12,10,0,-1.59053,0.18491,1.60125
1981,12,11,0,-1.75922,-0.14515,1.7652
1981,12,12,0,-1.88008,-0.47792,1.93987
1981,12,13,0,-1.93916,-0.80341,2.09901
1981,12,14,0,-1.92947,-1.10767,2.22481
1981,12,15,0,-1.85208,-1.37561,2.30706
1981,12,16,0,-1.71442,-1.59557,2.34202
1981,12,17,0,-1.52653,-1.76248,2.33166
1981,12,18,0,-1.29802,-1.8782,2.28308
1981,12,19,0,-1.03705,-1.94948,2.20815
1981,12,20,0,-0.75087,-1.98555,2.12278
1981,12,21,0,-0.44672,-1.99602,2.0454
1981,12,22,0,-0.13251,-1.98947,1.99388
1981,12,23,0,0.18298,-1.97242,1.98089
1981,12,24,0,0.49047,-1.94871,2.00949
1981,12,25,0,0.7807,-1.91923,2.07194
1981,12,26,0,1.04524,-1.88184,2.15264
1981,12,27,0,1.27705,-1.83175,2.23297
1981,12,28,0,1.47101,-1.76218,2.29546
1981,12,29,0,1.62408,-1.66535,2.32616
1981,12,30,0,1.73521,-1.53374,2.31588
1981,12,31,0,1.76972,-1.40797,2.26148
1982,1,1,0,1.80959,-1.18089,2.16082
1982,1,2,0,1.80588,-0.92774,2.03025
1982,1,3,0,1.77382,-0.63086,1.88266
1982,1,4,0,1.71665,-0.29738,1.74221
1982,1,5,0,1.63767,0.06157,1.63882
1982,1,6,0,1.54101,0.43185,1.60037
1982,1,7,0,1.43228,0.79785,1.63951
1982,1,8,0,1.31846,1.14404,1.74561
1982,1,9,0,1.20674,1.45632,1.89132
1982,1,10,0,1.10293,1.72274,2.04555
1982,1,11,0,1.01006,1.93388,2.18177
1982,1,12,0,0.92768,2.08315,2.28038
1982,1,13,0,0.8521,2.16703,2.32854
1982,1,14,0,0.77731,2.18533,2.31945
1982,1,15,0,0.69627,2.14139,2.25174
1982,1,16,0,0.60227,2.04188,2.12885
1982,1,17,0,0.49004,1.8964,1.95869
1982,1,18,0,0.35654,1.71676,1.75339
1982,1,19,0,0.20127,1.51607,1.52937
1982,1,20,0,0.02625,1.30777,1.30803
1982,1,21,0,-0.16432,1.10469,1.11684
1982,1,22,0,-0.3645,0.91812,0.98783
1982,1,23,0,-0.56712,0.75707,0.94592
1982,1,24,0,-0.76421,0.62763,0.98891
1982,1,25,0,-0.94756,0.53256,1.08697
1982,1,26,0,-1.10923,0.47109,1.20512
1982,1,27,0,-1.24221,0.43909,1.31753
1982,1,28,0,-1.34111,0.42948,1.4082
1982,1,29,0,-1.4028,0.43304,1.46812
1982,1,30,0,-1.42677,0.43931,1.49288
1982,1,31,0,-1.41519,0.43774,1.48134
1982,2,1,0,-1.37235,0.41892,1.43487
1982,2,2,0,-1.30352,0.37611,1.3567
1982,2,3,0,-1.21319,0.30743,1.25154
1982,2,4,0,-1.10368,0.21837,1.12507
1982,2,5,0,-0.97606,0.12201,0.98365
1982,2,6,0,-0.83348,0.03273,0.83412
1982,2,7,0,-0.68272,-0.043,0.68407
1982,2,8,0,-0.53201,-0.10866,0.54299
1982,2,9,0,-0.38864,-0.1721,0.42504
1982,2,10,0,-0.25842,-0.24015,0.35278
1982,2,11,0,-0.14581,-0.3165,0.34847
1982,2,12,0,-0.05399,-0.40183,0.40544
1982,2,13,0,0.0152,-0.49464,0.49487
1982,2,14,0,0.06136,-0.59206,0.59523
1982,2,15,0,0.08557,-0.6906,0.69588
1982,2,16,0,0.09042,-0.7866,0.79179
1982,2,17,0,0.08009,-0.87655,0.8802
1982,2,18,0,0.06044,-0.95726,0.95917
1982,2,19,0,0.03945,-1.02605,1.02681
1982,2,20,0,0.02787,-1.08062,1.08098
1982,2,21,0,0.04013,-1.11856,1.11928
1982,2,22,0,0.09332,-1.13537,1.1392
1982,2,23,0,0.19584,-1.12138,1.13835
1982,2,24,0,0.3207,-1.06772,1.11484
1982,2,25,0,0.41277,-0.98451,1.06754
1982,2,26,0,0.44828,-0.88986,0.9964
1982,2,27,0,0.44036,-0.78807,0.90276
1982,2,28,0,0.4096,-0.6752,0.78973
1982,3,1,0,0.35337,-0.56255,0.66433
1982,3,2,0,0.32511,-0.42308,0.53356
1982,3,3,0,0.31572,-0.27344,0.41767
1982,3,4,0,0.32918,-0.12154,0.3509
1982,3,5,0,0.36629,0.02341,0.36704
1982,3,6,0,0.42461,0.15202,0.45101
1982,3,7,0,0.49874,0.25606,0.56063
1982,3,8,0,0.58082,0.3297,0.66787
1982,3,9,0,0.6615,0.37062,0.75825
1982,3,10,0,0.73097,0.38097,0.82429
1982,3,11,0,0.7802,0.36782,0.86256
1982,3,12,0,0.80184,0.34341,0.87229
1982,3,13,0,0.79064,0.32422,0.85453
1982,3,14,0,0.74322,0.32558,0.8114
1982,3,15,0,0.66101,0.34435,0.74532
1982,3,16,0,0.55903,0.34815,0.65858
1982,3,17,0,0.45387,0.31631,0.55322
1982,3,18,0,0.3427,0.26276,0.43184
1982,3,19,0,0.21529,0.21052,0.30111
1982,3,20,0,0.06692,0.17783,0.19
1982,3,21,0,-0.09997,0.1766,0.20293
1982,3,22,0,-0.27779,0.21276,0.34991
1982,3,23,0,-0.45617,0.28634,0.53859
1982,3,24,0,-0.62399,0.39181,0.73681
1982,3,25,0,-0.77126,0.51881,0.92952
1982,3,26,0,-0.89046,0.65331,1.10442
1982,3,27,0,-0.97751,0.77922,1.25008
1982,3,28,0,-1.03197,0.8802,1.35636
1982,3,29,0,-1.05675,0.94137,1.41524
1982,3,30,0,-1.0571,0.95094,1.42188
1982,3,31,0,-1.03907,0.90129,1.37549
1982,4,1,0,-1.00828,0.78894,1.28026
1982,4,2,0,-0.9661,0.61708,1.14636
1982,4,3,0,-0.91004,0.39377,0.99158
1982,4,4,0,-0.83334,0.13296,0.84388
1982,4,5,0,-0.72758,-0.14562,0.74201
1982,4,6,0,-0.58779,-0.41804,0.72129
1982,4,7,0,-0.41701,-0.66038,0.78103
1982,4,8,0,-0.22608,-0.85364,0.88307
1982,4,9,0,-0.02872,-0.98593,0.98635
1982,4,10,0,0.16357,-1.05158,1.06423
1982,4,11,0,0.34385,-1.04939,1.10428
1982,4,12,0,0.5095,-0.9816,1.10595
1982,4,13,0,0.6609,-0.85374,1.07966
1982,4,14,0,0.79998,-0.67465,1.04648
1982,4,15,0,0.92896,-0.45616,1.03491
1982,4,16,0,1.04933,-0.21254,1.07064
1982,4,17,0,1.16121,0.04052,1.16192
1982,4,18,0,1.26291,0.28709,1.29513
1982,4,19,0,1.35083,0.51224,1.44469
1982,4,20,0,1.41966,0.70334,1.58433
1982,4,21,0,1.46283,0.85099,1.69235
1982,4,22,0,1.47326,0.94978,1.75288
1982,4,23,0,1.44416,0.99844,1.7557
1982,4,24,0,1.36994,0.99971,1.69592
1982,4,25,0,1.24699,0.95952,1.57343
1982,4,26,0,1.07428,0.88596,1.39248
1982,4,27,0,0.85362,0.78799,1.16172
1982,4,28,0,0.58975,0.67423,0.89576
1982,4,29,0,0.28997,0.55213,0.62364
1982,4,30,0,-0.038,0.4259,0.42759
1982,5,1,0,-0.37984,0.30016,0.48413
1982,5,2,0,-0.72443,0.17822,0.74603
1982,5,3,0,-1.05936,0.0633,1.06125
1982,5,4,0,-1.3725,-0.0417,1.37313
1982,5,5,0,-1.65229,-0.13502,1.65779
1982,5,6,0,-1.88809,-0.21686,1.9005
1982,5,7,0,-2.07054,-0.2899,2.09074
1982,5,8,0,-2.19194,-0.35917,2.22118
1982,5,9,0,-2.24656,-0.43125,2.28758
1982,5,10,0,-2.23075,-0.51291,2.28896
1982,5,11,0,-2.14295,-0.60949,2.22794
1982,5,12,0,-1.98343,-0.72318,2.11116
1982,5,13,0,-1.75434,-0.85157,1.95009
1982,5,14,0,-1.45999,-0.98691,1.76226
1982,5,15,0,-1.10775,-1.11666,1.5729
1982,5,16,0,-0.70896,-1.22572,1.41598
1982,5,17,0,-0.27936,-1.30005,1.32973
1982,5,18,0,0.16215,-1.33031,1.34016
1982,5,19,0,0.59597,-1.31358,1.44245
1982,5,20,0,1.00447,-1.25249,1.60552
1982,5,21,0,1.37361,-1.1529,1.79331
1982,5,22,0,1.69334,-1.02144,1.97756
1982,5,23,0,1.95706,-0.86413,2.13935
1982,5,24,0,2.16094,-0.6859,2.26718
1982,5,25,0,2.30304,-0.49076,2.35475
1982,5,26,0,2.38281,-0.28225,2.39947
1982,5,27,0,2.40052,-0.06402,2.40137
1982,5,28,0,2.35702,0.15969,2.36242
1982,5,29,0,2.25361,0.38346,2.286
1982,5,30,0,2.09237,0.60007,2.17672
1982,5,31,0,1.87694,0.79992,2.04029
1982,6,1,0,1.61402,0.97098,1.88358
1982,6,2,0,1.31511,1.10035,1.71473
1982,6,3,0,0.99693,1.17808,1.54329
1982,6,4,0,0.67893,1.20164,1.38017
1982,6,5,0,0.37852,1.17795,1.23727
1982,6,6,0,0.10733,1.12091,1.12604
1982,6,7,0,-0.12935,1.04681,1.05477
1982,6,8,0,-0.33072,0.97037,1.02518
1982,6,9,0,-0.49836,0.90289,1.0313
1982,6,10,0,-0.63475,0.8517,1.06221
1982,6,11,0,-0.74268,0.82035,1.10659
1982,6,12,0,-0.82512,0.80909,1.15562
1982,6,13,0,-0.8854,0.81535,1.20364
1982,6,14,0,-0.92727,0.83426,1.24733
1982,6,15,0,-0.95491,0.8592,1.28455
1982,6,16,0,-0.97271,0.88238,1.3133
1982,6,17,0,-0.98499,0.89548,1.3312
1982,6,18,0,-0.99552,0.89035,1.33558
1982,6,19,0,-1.00712,0.85971,1.32415
1982,6,20,0,-1.02134,0.79779,1.296
1982,6,21,0,-1.03825,0.70089,1.25268
1982,6,22,0,-1.05633,0.56777,1.19925
1982,6,23,0,-1.07257,0.39981,1.14467
1982,6,24,0,-1.08261,0.20096,1.10111
1982,6,25,0,-1.08098,-0.02241,1.08122
1982,6,26,0,-1.06149,-0.26177,1.09329
1982,6,27,0,-1.01797,-0.50657,1.13705
1982,6,28,0,-0.94546,-0.74447,1.20338
1982,6,29,0,-0.8419,-0.96176,1.27819
1982,6,30,0,-0.70974,-1.14455,1.34674
1982,7,1,0,-0.55655,-1.28068,1.39638
1982,7,2,0,-0.39355,-1.36181,1.41754
1982,7,3,0,-0.23279,-1.38454,1.40398
1982,7,4,0,-0.08428,-1.35009,1.35272
1982,7,5,0,0.04533,-1.26307,1.26388
1982,7,6,0,0.15263,-1.13027,1.14053
1982,7,7,0,0.23666,-0.95989,0.98864
1982,7,8,0,0.29782,-0.76108,0.81727
1982,7,9,0,0.33721,-0.54366,0.63975
1982,7,10,0,0.35614,-0.31796,0.47742
1982,7,11,0,0.35595,-0.09441,0.36825
1982,7,12,0,0.33796,0.11667,0.35753
1982,7,13,0,0.30366,0.30555,0.43078
1982,7,14,0,0.25479,0.46339,0.52882
1982,7,15,0,0.19362,0.5826,0.61393
1982,7,16,0,0.12313,0.65713,0.66856
1982,7,17,0,0.04723,0.68274,0.68437
1982,7,18,0,-0.02905,0.65724,0.65788
1982,7,19,0,-0.09955,0.58071,0.58918
1982,7,20,0,-0.15701,0.45578,0.48206
1982,7,21,0,-0.19349,0.28785,0.34684
1982,7,22,0,-0.20115,0.08529,0.21848
1982,7,23,0,-0.17336,-0.1407,0.22327
1982,7,24,0,-0.10596,-0.37651,0.39113
1982,7,25,0,0.00173,-0.60704,0.60705
1982,7,26,0,0.14637,-0.81689,0.8299
1982,7,27,0,0.32076,-0.99157,1.04216
1982,7,28,0,0.51432,-1.11869,1.23125
1982,7,29,0,0.71409,-1.18899,1.38694
1982,7,30,0,0.90578,-1.19716,1.5012
1982,7,31,0,1.07494,-1.14248,1.56868
1982,8,1,0,1.20956,-1.02801,1.5874
1982,8,2,0,1.30017,-0.86074,1.55927
1982,8,3,0,1.34135,-0.65039,1.49072
1982,8,4,0,1.33208,-0.40828,1.39325
1982,8,5,0,1.27544,-0.14631,1.2838
1982,8,6,0,1.17771,0.12363,1.18418
1982,8,7,0,1.04733,0.39003,1.1176
1982,8,8,0,0.89374,0.64195,1.10039
1982,8,9,0,0.72641,0.86925,1.13282
1982,8,10,0,0.55409,1.06286,1.19862
1982,8,11,0,0.38431,1.2151,1.27443
1982,8,12,0,0.2231,1.3202,1.33891
1982,8,13,0,0.07499,1.37463,1.37667
1982,8,14,0,-0.05683,1.37755,1.37872
1982,8,15,0,-0.1703,1.33103,1.34188
1982,8,16,0,-0.26417,1.24006,1.26788
1982,8,17,0,-0.33786,1.11245,1.16263
1982,8,18,0,-0.39159,0.9584,1.03531
1982,8,19,0,-0.42675,0.78972,0.89765
1982,8,20,0,-0.4465,0.61881,0.76308
1982,8,21,0,-0.45614,0.45738,0.64595
1982,8,22,0,-0.46295,0.31507,0.56
1982,8,23,0,-0.4752,0.19863,0.51504
1982,8,24,0,-0.50056,0.11147,0.51282
1982,8,25,0,-0.5447,0.05394,0.54736
1982,8,26,0,-0.61024,0.0237,0.6107
1982,8,27,0,-0.69644,0.01634,0.69663
1982,8,28,0,-0.79944,0.02578,0.79985
1982,8,29,0,-0.91285,0.0448,0.91395
1982,8,30,0,-1.02855,0.06554,1.03064
1982,8,31,0,-1.13751,0.08012,1.14033
1982,9,1,0,-1.23051,0.08131,1.23319
1982,9,2,0,-1.29879,0.06327,1.30033
1982,9,3,0,-1.33448,0.02227,1.33467
1982,9,4,0,-1.33109,-0.04267,1.33177
1982,9,5,0,-1.28384,-0.12941,1.29035
1982,9,6,0,-1.19015,-0.23264,1.21267
1982,9,7,0,-1.05006,-0.3443,1.10507
1982,9,8,0,-0.86668,-0.45456,0.97865
1982,9,9,0,-0.64624,-0.55302,0.85056
1982,9,10,0,-0.39788,-0.6301,0.74521
1982,9,11,0,-0.13294,-0.67807,0.69098
1982,9,12,0,0.13601,-0.69178,0.70502
1982,9,13,0,0.39621,-0.66886,0.7774
1982,9,14,0,0.63571,-0.60963,0.88078
1982,9,15,0,0.84406,-0.5169,0.98976
1982,9,16,0,1.0129,-0.39563,1.08742
1982,9,17,0,1.13631,-0.2527,1.16407
1982,9,18,0,1.21107,-0.09651,1.21491
1982,9,19,0,1.2367,0.06343,1.23833
1982,9,20,0,1.21553,0.21713,1.23477
1982,9,21,0,1.15241,0.35487,1.20581
1982,9,22,0,1.05427,0.46802,1.15348
1982,9,23,0,0.92943,0.54984,1.07989
1982,9,24,0,0.7868,0.596,0.98705
1982,9,25,0,0.63495,0.60487,0.87694
1982,9,26,0,0.48149,0.57748,0.75187
1982,9,27,0,0.33256,0.51732,0.61499
1982,9,28,0,0.1926,0.42993,0.4711
1982,9,29,0,0.06442,0.3224,0.32877
1982,9,30,0,-0.05065,0.20277,0.209
1982,10,1,0,-0.15241,0.07936,0.17184
1982,10,2,0,-0.24141,-0.04,0.2447
1982,10,3,0,-0.31849,-0.14878,0.35153
1982,10,4,0,-0.38446,-0.24246,0.45453
1982,10,5,0,-0.43961,-0.31933,0.54335
1982,10,6,0,-0.48347,-0.38088,0.61548
1982,10,7,0,-0.51462,-0.43173,0.67174
1982,10,8,0,-0.5312,-0.478,0.7146
1982,10,9,0,-0.53313,-0.52323,0.74699
1982,10,10,0,-0.52526,-0.56441,0.77101
1982,10,11,0,-0.51569,-0.59475,0.78719
1982,10,12,0,-0.50799,-0.61046,0.79418
1982,10,13,0,-0.49807,-0.61225,0.78926
1982,10,14,0,-0.47788,-0.60287,0.7693
1982,10,15,0,-0.43943,-0.5855,0.73206
1982,10,16,0,-0.37678,-0.56329,0.67768
1982,10,17,0,-0.2866,-0.53914,0.61059
1982,10,18,0,-0.16832,-0.51554,0.54232
1982,10,19,0,-0.02382,-0.49426,0.49484
1982,10,20,0,0.14279,-0.47618,0.49713
1982,10,21,0,0.35283,-0.44465,0.56763
1982,10,22,0,0.57053,-0.38886,0.69045
1982,10,23,0,0.78494,-0.30453,0.84194
1982,10,24,0,0.98406,-0.18937,1.00212
1982,10,25,0,1.15567,-0.0437,1.15649
1982,10,26,0,1.28817,0.12926,1.29464
1982,10,27,0,1.37151,0.32328,1.40909
1982,10,28,0,1.39797,0.52929,1.49481
1982,10,29,0,1.3629,0.73589,1.54888
1982,10,30,0,1.26516,0.92999,1.5702
1982,10,31,0,1.10748,1.09775,1.55935
1982,11,1,0,0.89635,1.22564,1.51843
1982,11,2,0,0.64175,1.30152,1.45114
1982,11,3,0,0.35668,1.31573,1.36322
1982,11,4,0,0.05627,1.26198,1.26323
1982,11,5,0,-0.24312,1.13814,1.16382
1982,11,6,0,-0.52496,0.94664,1.08245
1982,11,7,0,-0.77369,0.69457,1.03972
1982,11,8,0,-0.97567,0.39348,1.05203
1982,11,9,0,-1.12018,0.05873,1.12171
1982,11,10,0,-1.20004,-0.29138,1.2349
1982,11,11,0,-1.25955,-0.54596,1.37279
1982,11,12,0,-1.29139,-0.7797,1.50852
1982,11,13,0,-1.29002,-0.98439,1.62271
1982,11,14,0,-1.24904,-1.15372,1.70034
1982,11,15,0,-1.16107,-1.28365,1.73085
1982,11,16,0,-1.01743,-1.37231,1.70833
1982,11,17,0,-0.807,-1.41831,1.63182
1982,11,18,0,-0.51485,-1.41517,1.50591
1982,11,19,0,-0.12967,-1.33538,1.34166
1982,11,20,0,0.30265,-1.11812,1.15835
1982,11,21,0,0.6319,-0.75711,0.98616
1982,11,22,0,0.79018,-0.35625,0.86677
1982,11,23,0,0.83811,0.01725,0.83829
1982,11,24,0,0.83095,0.34705,0.90051
1982,11,25,0,0.79439,0.62671,1.01184
1982,11,26,0,0.73794,0.84984,1.12551
1982,11,27,0,0.66367,1.01091,1.2093
1982,11,28,0,0.57052,1.10688,1.24526
1982,11,29,0,0.45668,1.13823,1.22643
1982,11,30,0,0.32115,1.10919,1.15475
1982,12,1,0,0.16483,1.02729,1.04043
1982,12,2,0,-0.00891,0.90249,0.90254
1982,12,3,0,-0.19399,0.74602,0.77083
1982,12,4,0,-0.38178,0.56916,0.68535
1982,12,5,0,-0.56157,0.38224,0.67932
1982,12,6,0,-0.7213,0.19397,0.74693
1982,12,7,0,-0.84852,0.01119,0.84859
1982,12,8,0,-0.93143,-0.16073,0.94519
1982,12,9,0,-0.96004,-0.31713,1.01106
1982,12,10,0,-0.92744,-0.45284,1.03209
1982,12,11,0,-0.8312,-0.56112,1.00287
1982,12,12,0,-0.67469,-0.63334,0.92538
1982,12,13,0,-0.46803,-0.66025,0.80931
1982,12,14,0,-0.22735,-0.6351,0.67457
1982,12,15,0,0.02801,-0.55714,0.55784
1982,12,16,0,0.27949,-0.43308,0.51543
1982,12,17,0,0.5124,-0.27549,0.58176
1982,12,18,0,0.71672,-0.09929,0.72357
1982,12,19,0,0.88622,0.08151,0.88996
1982,12,20,0,1.01708,0.25578,1.04875
1982,12,21,0,1.10682,0.41615,1.18246
1982,12,22,0,1.15374,0.55884,1.28196
1982,12,23,0,1.15677,0.6832,1.34346
1982,12,24,0,1.11553,0.79076,1.36737
1982,12,25,0,1.03058,0.88438,1.35802
1982,12,26,0,0.90374,0.9672,1.32372
1982,12,27,0,0.73827,1.0419,1.27694
1982,12,28,0,0.53895,1.10992,1.23385
1982,12,29,0,0.31205,1.1711,1.21196
1982,12,30,0,0.06504,1.22349,1.22521
1982,12,31,0,-0.16226,1.26877,1.2791
1983,1,1,0,-0.4235,1.29468,1.36218
1983,1,2,0,-0.67313,1.30285,1.46647
1983,1,3,0,-0.90961,1.28198,1.5719
1983,1,4,0,-1.1243,1.22539,1.66302
1983,1,5,0,-1.30843,1.12834,1.72776
1983,1,6,0,-1.4536,0.98908,1.75819
1983,1,7,0,-1.55275,0.80914,1.75093
1983,1,8,0,-1.60134,0.59284,1.70756
1983,1,9,0,-1.59814,0.34638,1.63524
1983,1,10,0,-1.54536,0.07693,1.54727
1983,1,11,0,-1.44819,-0.20773,1.46301
1983,1,12,0,-1.31389,-0.49933,1.40557
1983,1,13,0,-1.1509,-0.7889,1.39532
1983,1,14,0,-0.96797,-1.0668,1.4405
1983,1,15,0,-0.77367,-1.323,1.53261
1983,1,16,0,-0.57591,-1.54757,1.65126
1983,1,17,0,-0.38188,-1.7314,1.77302
1983,1,18,0,-0.19791,-1.86705,1.87751
1983,1,19,0,-0.0295,-1.94942,1.94964
1983,1,20,0,0.11879,-1.97632,1.97988
1983,1,21,0,0.24349,-1.94871,1.96386
1983,1,22,0,0.34255,-1.87062,1.90172
1983,1,23,0,0.41553,-1.74879,1.79748
1983,1,24,0,0.46378,-1.59205,1.65823
1983,1,25,0,0.49031,-1.41053,1.49332
1983,1,26,0,0.49944,-1.21492,1.31357
1983,1,27,0,0.4963,-1.0157,1.13047
1983,1,28,0,0.48632,-0.8225,0.95552
1983,1,29,0,0.47469,-0.6435,0.79964
1983,1,30,0,0.46603,-0.48489,0.67254
1983,1,31,0,0.4643,-0.35036,0.58166
1983,2,1,0,0.47273,-0.24058,0.53042
1983,2,2,0,0.49384,-0.15287,0.51696
1983,2,3,0,0.52939,-0.08128,0.53559
1983,2,4,0,0.57992,-0.01797,0.5802
1983,2,5,0,0.64449,0.04368,0.64597
1983,2,6,0,0.72093,0.10626,0.72872
1983,2,7,0,0.80614,0.16889,0.82364
1983,2,8,0,0.89568,0.22998,0.92474
1983,2,9,0,0.9836,0.28876,1.02511
1983,2,10,0,1.06283,0.34513,1.11746
1983,2,11,0,1.12604,0.39926,1.19473
1983,2,12,0,1.16632,0.45145,1.25064
1983,2,13,0,1.17767,0.50218,1.28027
1983,2,14,0,1.15544,0.55216,1.28059
1983,2,15,0,1.09643,0.60233,1.25099
1983,2,16,0,0.99914,0.65372,1.194
1983,2,17,0,0.8636,0.70713,1.11617
1983,2,18,0,0.69117,0.76253,1.02916
1983,2,19,0,0.48384,0.81812,0.95049
1983,2,20,0,0.24322,0.86862,0.90203
1983,2,21,0,-0.03059,0.90214,0.90266
1983,2,22,0,-0.33754,0.8953,0.95681
1983,2,23,0,-0.66534,0.81386,1.05121
1983,2,24,0,-0.96853,0.64491,1.1636
1983,2,25,0,-1.19399,0.43978,1.27241
1983,2,26,0,-1.33433,0.2662,1.36062
1983,2,27,0,-1.4082,0.15168,1.41635
1983,2,28,0,-1.42916,0.09591,1.43238
1983,3,1,0,-1.3991,0.14202,1.40629
1983,3,2,0,-1.32572,0.18271,1.33825
1983,3,3,0,-1.2086,0.24352,1.23289
1983,3,4,0,-1.05212,0.31379,1.09792
1983,3,5,0,-0.86324,0.38334,0.94453
1983,3,6,0,-0.65134,0.44335,0.78791
1983,3,7,0,-0.42777,0.48713,0.64829
1983,3,8,0,-0.20505,0.51078,0.5504
1983,3,9,0,0.00402,0.51358,0.5136
1983,3,10,0,0.18739,0.49812,0.5322
1983,3,11,0,0.33457,0.47027,0.57714
1983,3,12,0,0.43723,0.43887,0.6195
1983,3,13,0,0.48924,0.41479,0.64141
1983,3,14,0,0.48727,0.40631,0.63445
1983,3,15,0,0.43724,0.40581,0.59654
1983,3,16,0,0.36537,0.38371,0.52983
1983,3,17,0,0.29932,0.32166,0.43938
1983,3,18,0,0.24225,0.22768,0.33245
1983,3,19,0,0.18585,0.11654,0.21937
1983,3,20,0,0.12407,0.00037,0.12407
1983,3,21,0,0.05507,-0.11204,0.12484
1983,3,22,0,-0.02011,-0.21479,0.21573
1983,3,23,0,-0.09899,-0.30461,0.32029
1983,3,24,0,-0.17866,-0.38058,0.42043
1983,3,25,0,-0.2565,-0.44369,0.5125
1983,3,26,0,-0.33051,-0.49636,0.59633
1983,3,27,0,-0.39948,-0.54187,0.6732
1983,3,28,0,-0.46279,-0.58382,0.74499
1983,3,29,0,-0.52008,-0.62574,0.81365
1983,3,30,0,-0.57078,-0.67072,0.88072
1983,3,31,0,-0.61355,-0.72124,0.94691
1983,4,1,0,-0.64526,-0.77936,1.01181
1983,4,2,0,-0.66238,-0.84525,1.07387
1983,4,3,0,-0.65991,-0.91766,1.1303
1983,4,4,0,-0.63309,-0.99269,1.17739
1983,4,5,0,-0.57952,-1.06308,1.21077
1983,4,6,0,-0.5014,-1.11883,1.22604
1983,4,7,0,-0.40568,-1.14972,1.21919
1983,4,8,0,-0.3013,-1.14838,1.18725
1983,4,9,0,-0.19555,-1.11169,1.12876
1983,4,10,0,-0.09236,-1.04015,1.04424
1983,4,11,0,0.00713,-0.93665,0.93668
1983,4,12,0,0.10327,-0.80559,0.81218
1983,4,13,0,0.19676,-0.6524,0.68143
1983,4,14,0,0.28801,-0.48324,0.56255
1983,4,15,0,0.37685,-0.30466,0.4846
1983,4,16,0,0.46249,-0.12339,0.47867
1983,4,17,0,0.54357,0.05408,0.54625
1983,4,18,0,0.6183,0.22178,0.65687
1983,4,19,0,0.68465,0.3745,0.78038
1983,4,20,0,0.74056,0.50807,0.89809
1983,4,21,0,0.78408,0.61953,0.9993
1983,4,22,0,0.81365,0.7072,1.07803
1983,4,23,0,0.82815,0.77069,1.13128
1983,4,24,0,0.82709,0.81083,1.15824
1983,4,25,0,0.81055,0.82942,1.15972
1983,4,26,0,0.77927,0.82899,1.13775
1983,4,27,0,0.73448,0.81237,1.09517
1983,4,28,0,0.67789,0.78239,1.03521
1983,4,29,0,0.61154,0.74159,0.96122
1983,4,30,0,0.53327,0.69253,0.87406
1983,5,1,0,0.45252,0.63564,0.78026
1983,5,2,0,0.3694,0.57274,0.68153
1983,5,3,0,0.2861,0.50491,0.58033
1983,5,4,0,0.20435,0.43336,0.47912
1983,5,5,0,0.12537,0.35944,0.38068
1983,5,6,0,0.0501,0.28461,0.28898
1983,5,7,0,-0.02066,0.21024,0.21126
1983,5,8,0,-0.08594,0.13763,0.16226
1983,5,9,0,-0.14452,0.06791,0.15968
1983,5,10,0,-0.19483,0.00217,0.19485
1983,5,11,0,-0.23506,-0.05841,0.2422
1983,5,12,0,-0.2633,-0.11236,0.28627
1983,5,13,0,-0.27802,-0.15764,0.31961
1983,5,14,0,-0.27861,-0.1916,0.33814
1983,5,15,0,-0.26598,-0.21099,0.3395
1983,5,16,0,-0.24297,-0.21249,0.32278
1983,5,17,0,-0.21439,-0.19356,0.28884
1983,5,18,0,-0.18623,-0.15337,0.24125
1983,5,19,0,-0.16459,-0.09344,0.18926
1983,5,20,0,-0.15469,-0.01757,0.15568
1983,5,21,0,-0.1603,0.06858,0.17435
1983,5,22,0,-0.18365,0.15822,0.24241
1983,5,23,0,-0.22551,0.24405,0.33229
1983,5,24,0,-0.28538,0.31868,0.42779
1983,5,25,0,-0.36149,0.37503,0.52089
1983,5,26,0,-0.45077,0.40646,0.60696
1983,5,27,0,-0.54862,0.40702,0.68312
1983,5,28,0,-0.64867,0.37164,0.74759
1983,5,29,0,-0.74243,0.29655,0.79947
1983,5,30,0,-0.81903,0.18012,0.8386
1983,5,31,0,-0.86537,0.02422,0.86571
1983,6,1,0,-0.86726,-0.164,0.88264
1983,6,2,0,-0.81219,-0.37079,0.89282
1983,6,3,0,-0.69324,-0.57669,0.90175
1983,6,4,0,-0.51217,-0.76065,0.91701
1983,6,5,0,-0.27898,-0.9053,0.94731
1983,6,6,0,-0.0085,-1.0002,1.00024
1983,6,7,0,0.28319,-1.0416,1.07941
1983,6,8,0,0.58079,-1.03039,1.1828
1983,6,9,0,0.87015,-0.97008,1.30315
1983,6,10,0,1.13817,-0.86557,1.4299
1983,6,11,0,1.37258,-0.72252,1.55113
1983,6,12,0,1.56207,-0.54719,1.65514
1983,6,13,0,1.69656,-0.34642,1.73157
1983,6,14,0,1.7677,-0.12777,1.77231
1983,6,15,0,1.76948,0.1004,1.77232
1983,6,16,0,1.69879,0.32885,1.73033
1983,6,17,0,1.55603,0.54762,1.64959
1983,6,18,0,1.34537,0.74628,1.53849
1983,6,19,0,1.07495,0.9144,1.41126
1983,6,20,0,0.7566,1.04221,1.28788
1983,6,21,0,0.40535,1.12123,1.19225
1983,6,22,0,0.03863,1.14497,1.14562
1983,6,23,0,-0.32473,1.10943,1.15598
1983,6,24,0,-0.66554,1.0136,1.21257
1983,6,25,0,-0.96527,0.85984,1.29269
1983,6,26,0,-1.20696,0.65434,1.37292
1983,6,27,0,-1.37628,0.40774,1.43541
1983,6,28,0,-1.46286,0.13557,1.46913
1983,6,29,0,-1.46218,-0.14179,1.46903
1983,6,30,0,-1.3776,-0.40082,1.43472
1983,7,1,0,-1.22145,-0.61855,1.36914
1983,7,2,0,-1.01368,-0.77726,1.27737
1983,7,3,0,-0.77795,-0.86783,1.16548
1983,7,4,0,-0.53715,-0.89008,1.0396
1983,7,5,0,-0.3101,-0.85062,0.90539
1983,7,6,0,-0.11026,-0.75995,0.76791
1983,7,7,0,0.05422,-0.63005,0.63238
1983,7,8,0,0.17981,-0.47297,0.506
1983,7,9,0,0.26672,-0.30009,0.40149
1983,7,10,0,0.31805,-0.12186,0.3406
1983,7,11,0,0.33896,0.05222,0.34296
1983,7,12,0,0.3358,0.2136,0.39797
1983,7,13,0,0.31537,0.35466,0.4746
1983,7,14,0,0.28425,0.46882,0.54826
1983,7,15,0,0.24831,0.55063,0.60403
1983,7,16,0,0.21243,0.59606,0.63278
1983,7,17,0,0.18043,0.60278,0.6292
1983,7,18,0,0.15522,0.5705,0.59124
1983,7,19,0,0.13901,0.50126,0.52018
1983,7,20,0,0.13347,0.39956,0.42127
1983,7,21,0,0.13966,0.27234,0.30606
1983,7,22,0,0.1577,0.12865,0.20352
1983,7,23,0,0.18635,-0.02095,0.18753
1983,7,24,0,0.22247,-0.16535,0.27719
1983,7,25,0,0.261,-0.29385,0.39303
1983,7,26,0,0.29534,-0.39727,0.49503
1983,7,27,0,0.31826,-0.46867,0.56652
1983,7,28,0,0.323,-0.50386,0.5985
1983,7,29,0,0.30434,-0.50158,0.58669
1983,7,30,0,0.25952,-0.4633,0.53103
1983,7,31,0,0.18875,-0.39291,0.43589
1983,8,1,0,0.09593,-0.29543,0.31062
1983,8,2,0,-0.01212,-0.17703,0.17744
1983,8,3,0,-0.12617,-0.04419,0.13368
1983,8,4,0,-0.23561,0.0965,0.25461
1983,8,5,0,-0.32992,0.23846,0.40708
1983,8,6,0,-0.40004,0.37502,0.54834
1983,8,7,0,-0.4396,0.49956,0.66544
1983,8,8,0,-0.44576,0.60567,0.75202
1983,8,9,0,-0.41957,0.68755,0.80546
1983,8,10,0,-0.36575,0.74046,0.82587
1983,8,11,0,-0.29209,0.76118,0.8153
1983,8,12,0,-0.20838,0.74824,0.77671
1983,8,13,0,-0.12516,0.70212,0.71319
1983,8,14,0,-0.05236,0.62508,0.62727
1983,8,15,0,0.00191,0.52086,0.52086
1983,8,16,0,0.03241,0.39419,0.39553
1983,8,17,0,0.03728,0.2503,0.25306
1983,8,18,0,0.0181,0.09447,0.09619
1983,8,19,0,-0.02064,-0.06806,0.07112
1983,8,20,0,-0.07239,-0.23203,0.24306
1983,8,21,0,-0.12969,-0.39189,0.41279
1983,8,22,0,-0.18501,-0.54172,0.57244
1983,8,23,0,-0.23117,-0.67548,0.71394
1983,8,24,0,-0.26146,-0.78758,0.82984
1983,8,25,0,-0.26967,-0.87356,0.91423
1983,8,26,0,-0.25041,-0.93062,0.96372
1983,8,27,0,-0.19966,-0.95786,0.97845
1983,8,28,0,-0.11554,-0.95612,0.96308
1983,8,29,0,0.00105,-0.92767,0.92767
1983,8,30,0,0.14604,-0.87565,0.88775
1983,8,31,0,0.31214,-0.80356,0.86205
1983,9,1,0,0.48924,-0.71485,0.86623
1983,9,2,0,0.66522,-0.61269,0.90438
1983,9,3,0,0.82697,-0.50004,0.96639
1983,9,4,0,0.9616,-0.37985,1.03391
1983,9,5,0,1.0578,-0.25544,1.0882
1983,9,6,0,1.10692,-0.13073,1.11461
1983,9,7,0,1.104,-0.01022,1.10405
1983,9,8,0,1.04839,0.10135,1.05328
1983,9,9,0,0.94382,0.19979,0.96474
1983,9,10,0,0.79802,0.28222,0.84646
1983,9,11,0,0.62185,0.34763,0.71242
1983,9,12,0,0.42808,0.39704,0.58386
1983,9,13,0,0.23012,0.43319,0.49052
1983,9,14,0,0.04068,0.45993,0.46172
1983,9,15,0,-0.1293,0.48144,0.4985
1983,9,16,0,-0.27166,0.50167,0.57051
1983,9,17,0,-0.38165,0.52379,0.64809
1983,9,18,0,-0.45825,0.54988,0.71579
1983,9,19,0,-0.50411,0.58069,0.76898
1983,9,20,0,-0.52516,0.61552,0.80911
1983,9,21,0,-0.52985,0.65215,0.84026
1983,9,22,0,-0.52811,0.68698,0.86651
1983,9,23,0,-0.53038,0.71539,0.89055
1983,9,24,0,-0.54646,0.73222,0.91366
1983,9,25,0,-0.58465,0.73254,0.93724
1983,9,26,0,-0.6508,0.71223,0.96478
1983,9,27,0,-0.7477,0.66852,1.00298
1983,9,28,0,-0.87457,0.60021,1.06072
1983,9,29,0,-1.02669,0.50762,1.14533
1983,9,30,0,-1.19553,0.39223,1.25823
1983,10,1,0,-1.36896,0.2562,1.39272
1983,10,2,0,-1.53191,0.10184,1.53529
1983,10,3,0,-1.66723,-0.06894,1.66865
1983,10,4,0,-1.75658,-0.25479,1.77496
1983,10,5,0,-1.78124,-0.4546,1.83833
1983,10,6,0,-1.72264,-0.6659,1.84686
1983,10,7,0,-1.56342,-0.88062,1.79438
1983,10,8,0,-1.29165,-1.07742,1.68202
1983,10,9,0,-0.91342,-1.21511,1.52014
1983,10,10,0,-0.46799,-1.24605,1.33104
1983,10,11,0,-0.01612,-1.1528,1.15291
1983,10,12,0,0.39724,-0.96118,1.04003
1983,10,13,0,0.75575,-0.71461,1.04011
1983,10,14,0,1.05739,-0.45148,1.14974
1983,10,15,0,1.30186,-0.19984,1.3171
1983,10,16,0,1.48682,0.02134,1.48697
1983,10,17,0,1.60865,0.20055,1.6211
1983,10,18,0,1.66431,0.33257,1.69721
1983,10,19,0,1.65324,0.41751,1.70515
1983,10,20,0,1.57869,0.45966,1.64425
1983,10,21,0,1.42183,0.54982,1.52443
1983,10,22,0,1.21787,0.59424,1.35511
1983,10,23,0,0.98882,0.59404,1.15353
1983,10,24,0,0.75837,0.55387,0.93909
1983,10,25,0,0.54988,0.4815,0.7309
1983,10,26,0,0.38436,0.38705,0.54547
1983,10,27,0,0.27856,0.2821,0.39646
1983,10,28,0,0.24355,0.17863,0.30203
1983,10,29,0,0.28366,0.08795,0.29699
1983,10,30,0,0.39611,0.01976,0.3966
1983,10,31,0,0.57114,-0.01867,0.57144
1983,11,1,0,0.79286,-0.02313,0.7932
1983,11,2,0,1.0406,0.00734,1.04062
1983,11,3,0,1.29062,0.07036,1.29254
1983,11,4,0,1.51822,0.16056,1.52669
1983,11,5,0,1.6998,0.27018,1.72114
1983,11,6,0,1.81493,0.38978,1.85632
1983,11,7,0,1.84811,0.50916,1.91697
1983,11,8,0,1.79008,0.61828,1.89385
1983,11,9,0,1.63864,0.70814,1.7851
1983,11,10,0,1.39883,0.77151,1.59749
1983,11,11,0,1.13897,0.72479,1.35003
1983,11,12,0,0.81539,0.69726,1.07286
1983,11,13,0,0.44763,0.69594,0.82747
1983,11,14,0,0.05819,0.72142,0.72377
1983,11,15,0,-0.33058,0.76652,0.83476
1983,11,16,0,-0.69989,0.81491,1.07421
1983,11,17,0,-1.03799,0.83895,1.33464
1983,11,18,0,-1.3416,0.7946,1.55926
1983,11,19,0,-1.60588,0.61789,1.72065
1983,11,20,0,-1.78566,0.27596,1.80686
1983,11,21,0,-1.81381,-0.09649,1.81638
1983,11,22,0,-1.72344,-0.33606,1.7559
1983,11,23,0,-1.57702,-0.44545,1.63872
1983,11,24,0,-1.403,-0.48056,1.48302
1983,11,25,0,-1.21763,-0.4829,1.30989
1983,11,26,0,-1.03686,-0.47684,1.14125
1983,11,27,0,-0.87697,-0.47444,0.99708
1983,11,28,0,-0.75237,-0.47889,0.89185
1983,11,29,0,-0.67338,-0.48716,0.83112
1983,11,30,0,-0.6446,-0.49245,0.81118
1983,12,1,0,-0.66418,-0.48676,0.82345
1983,12,2,0,-0.72417,-0.46314,0.85961
1983,12,3,0,-0.8116,-0.4176,0.91273
1983,12,4,0,-0.91024,-0.35034,0.97533
1983,12,5,0,-1.00269,-0.26605,1.03738
1983,12,6,0,-1.07237,-0.17343,1.08631
1983,12,7,0,-1.10526,-0.08376,1.10843
1983,12,8,0,-1.09099,-0.0089,1.09103
1983,12,9,0,-1.02335,0.04112,1.02417
1983,12,10,0,-0.90016,0.06039,0.90218
1983,12,11,0,-0.72296,0.0489,0.72462
1983,12,12,0,-0.49681,0.01293,0.49698
1983,12,13,0,-0.23055,-0.03655,0.23343
1983,12,14,0,0.06268,-0.08767,0.10778
1983,12,15,0,0.36552,-0.13188,0.38858
1983,12,16,0,0.65778,-0.16621,0.67846
1983,12,17,0,0.91878,-0.1924,0.9387
1983,12,18,0,1.12964,-0.21398,1.14973
1983,12,19,0,1.27523,-0.23353,1.29643
1983,12,20,0,1.34535,-0.25118,1.3686
1983,12,21,0,1.33564,-0.26441,1.36156
1983,12,22,0,1.24788,-0.26872,1.27648
1983,12,23,0,1.08982,-0.25868,1.1201
1983,12,24,0,0.87456,-0.22927,0.90411
1983,12,25,0,0.61938,-0.17709,0.6442
1983,12,26,0,0.34428,-0.10134,0.35888
1983,12,27,0,0.07022,-0.00444,0.07036
1983,12,28,0,-0.18263,0.10791,0.21213
1983,12,29,0,-0.39658,0.22728,0.4571
1983,12,30,0,-0.55775,0.34345,0.65502
1983,12,31,0,-0.64485,0.46272,0.79369
1984,1,1,0,-0.67946,0.54132,0.86873
1984,1,2,0,-0.64458,0.59124,0.87467
1984,1,3,0,-0.55255,0.60258,0.81757
1984,1,4,0,-0.41387,0.57397,0.70763
1984,1,5,0,-0.24169,0.50774,0.56233
1984,1,6,0,-0.05092,0.40887,0.41203
1984,1,7,0,0.14236,0.28381,0.31751
1984,1,8,0,0.32173,0.13958,0.35071
1984,1,9,0,0.47148,-0.01633,0.47176
1984,1,10,0,0.57804,-0.17568,0.60415
1984,1,11,0,0.63156,-0.32923,0.71223
1984,1,12,0,0.62715,-0.46698,0.78191
1984,1,13,0,0.56557,-0.57895,0.80935
1984,1,14,0,0.45331,-0.65649,0.79779
1984,1,15,0,0.30178,-0.69353,0.75634
1984,1,16,0,0.12608,-0.68756,0.69902
1984,1,17,0,-0.05666,-0.64009,0.64259
1984,1,18,0,-0.22899,-0.55656,0.60183
1984,1,19,0,-0.37485,-0.44565,0.58234
1984,1,20,0,-0.48086,-0.31836,0.57669
1984,1,21,0,-0.53735,-0.18683,0.5689
1984,1,22,0,-0.53904,-0.0633,0.54274
1984,1,23,0,-0.48535,0.04089,0.48706
1984,1,24,0,-0.38032,0.11622,0.39769
1984,1,25,0,-0.23227,0.15586,0.27971
1984,1,26,0,-0.05288,0.15638,0.16508
1984,1,27,0,0.14396,0.11848,0.18645
1984,1,28,0,0.34368,0.04727,0.34691
1984,1,29,0,0.53263,-0.04776,0.53477
1984,1,30,0,0.69966,-0.15329,0.71626
1984,1,31,0,0.83708,-0.25328,0.87456
1984,2,1,0,0.94093,-0.33064,0.99733
1984,2,2,0,1.01,-0.36952,1.07548
1984,2,3,0,1.04342,-0.35883,1.1034
1984,2,4,0,1.03782,-0.29698,1.07947
1984,2,5,0,0.98738,-0.19521,1.00649
1984,2,6,0,0.88932,-0.07314,0.89233
1984,2,7,0,0.74936,0.05319,0.75125
1984,2,8,0,0.58065,0.17811,0.60736
1984,2,9,0,0.39919,0.30267,0.50096
1984,2,10,0,0.22044,0.42829,0.48169
1984,2,11,0,0.0576,0.55324,0.55623
1984,2,12,0,-0.07941,0.67224,0.67691
1984,2,13,0,-0.18467,0.77748,0.79911
1984,2,14,0,-0.25649,0.86032,0.89775
1984,2,15,0,-0.29714,0.91293,0.96007
1984,2,16,0,-0.31209,0.92968,0.98066
1984,2,17,0,-0.30883,0.90804,0.95912
1984,2,18,0,-0.29552,0.84891,0.89888
1984,2,19,0,-0.27958,0.75635,0.80636
1984,2,20,0,-0.26628,0.63666,0.6901
1984,2,21,0,-0.25729,0.49732,0.55993
1984,2,22,0,-0.24851,0.34634,0.42627
1984,2,23,0,-0.22782,0.19461,0.29962
1984,2,24,0,-0.181,0.0612,0.19106
1984,2,25,0,-0.11098,-0.03426,0.11614
1984,2,26,0,-0.03649,-0.08909,0.09627
1984,2,27,0,0.02858,-0.11164,0.11524
1984,2,28,0,0.07953,-0.10984,0.13561
1984,2,29,0,0.11625,-0.08964,0.14679
1984,3,1,0,0.13989,-0.05641,0.15083
1984,3,2,0,0.15137,-0.01628,0.15224
1984,3,3,0,0.15057,0.02542,0.1527
1984,3,4,0,0.13593,0.06331,0.14995
1984,3,5,0,0.10484,0.09293,0.1401
1984,3,6,0,0.05416,0.11133,0.1238
1984,3,7,0,-0.01898,0.11729,0.11881
1984,3,8,0,-0.11639,0.11116,0.16094
1984,3,9,0,-0.23808,0.0942,0.25604
1984,3,10,0,-0.38177,0.06725,0.38765
1984,3,11,0,-0.54257,0.02879,0.54333
1984,3,12,0,-0.71249,-0.02823,0.71305
1984,3,13,0,-0.87888,-0.12025,0.88706
1984,3,14,0,-1.01974,-0.27275,1.05559
1984,3,15,0,-1.10341,-0.49464,1.20921
1984,3,16,0,-1.12113,-0.73282,1.33939
1984,3,17,0,-1.1092,-0.91671,1.43898
1984,3,18,0,-1.09579,-1.02823,1.50266
1984,3,19,0,-1.08128,-1.07859,1.52725
1984,3,20,0,-1.05617,-1.08182,1.5119
1984,3,21,0,-1.01155,-1.05019,1.45813
1984,3,22,0,-0.94177,-0.99471,1.36981
1984,3,23,0,-0.84481,-0.92539,1.25301
1984,3,24,0,-0.72193,-0.85085,1.11585
1984,3,25,0,-0.57697,-0.77784,0.96847
1984,3,26,0,-0.41552,-0.71066,0.82322
1984,3,27,0,-0.24394,-0.6509,0.69511
1984,3,28,0,-0.06851,-0.59747,0.60139
1984,3,29,0,0.10536,-0.54688,0.55694
1984,3,30,0,0.27349,-0.49385,0.56452
1984,3,31,0,0.43304,-0.43194,0.61163
1984,4,1,0,0.58237,-0.35393,0.68149
1984,4,2,0,0.71961,-0.25334,0.7629
1984,4,3,0,0.84232,-0.12492,0.85154
1984,4,4,0,0.94667,0.03381,0.94728
1984,4,5,0,1.02795,0.22072,1.05138
1984,4,6,0,1.08282,0.42779,1.16426
1984,4,7,0,1.11201,0.64226,1.28416
1984,4,8,0,1.12095,0.85007,1.40683
1984,4,9,0,1.11717,1.03919,1.52578
1984,4,10,0,1.10693,1.20053,1.63296
1984,4,11,0,1.09342,1.32717,1.71958
1984,4,12,0,1.07663,1.4136,1.7769
1984,4,13,0,1.0541,1.45546,1.79708
1984,4,14,0,1.02192,1.44994,1.77388
1984,4,15,0,0.97568,1.39632,1.70342
1984,4,16,0,0.9112,1.29643,1.58462
1984,4,17,0,0.82514,1.15493,1.41941
1984,4,18,0,0.71547,0.97918,1.21272
1984,4,19,0,0.58179,0.77883,0.97214
1984,4,20,0,0.42558,0.56504,0.70738
1984,4,21,0,0.25033,0.34949,0.42989
1984,4,22,0,0.06153,0.14331,0.15596
1984,4,23,0,-0.13355,-0.04388,0.14057
1984,4,24,0,-0.32626,-0.20473,0.38517
1984,4,25,0,-0.50723,-0.33459,0.60765
1984,4,26,0,-0.66716,-0.4315,0.79454
1984,4,27,0,-0.79771,-0.49582,0.93925
1984,4,28,0,-0.89237,-0.52963,1.0377
1984,4,29,0,-0.94711,-0.53604,1.08829
1984,4,30,0,-0.95449,-0.52052,1.0872
1984,5,1,0,-0.92832,-0.48454,1.04717
1984,5,2,0,-0.8682,-0.43303,0.9702
1984,5,3,0,-0.78087,-0.37061,0.86436
1984,5,4,0,-0.67435,-0.30306,0.73932
1984,5,5,0,-0.5572,-0.2372,0.60559
1984,5,6,0,-0.43806,-0.18024,0.47369
1984,5,7,0,-0.32516,-0.13884,0.35356
1984,5,8,0,-0.22585,-0.11818,0.2549
1984,5,9,0,-0.14604,-0.12129,0.18984
1984,5,10,0,-0.08963,-0.14882,0.17372
1984,5,11,0,-0.05797,-0.19919,0.20745
1984,5,12,0,-0.04963,-0.26902,0.27356
1984,5,13,0,-0.06043,-0.35367,0.3588
1984,5,14,0,-0.08396,-0.44765,0.45546
1984,5,15,0,-0.11256,-0.54481,0.55631
1984,5,16,0,-0.13857,-0.63832,0.65319
1984,5,17,0,-0.15554,-0.72072,0.73732
1984,5,18,0,-0.15879,-0.78434,0.80025
1984,5,19,0,-0.14514,-0.82204,0.83475
1984,5,20,0,-0.11232,-0.82823,0.83581
1984,5,21,0,-0.05847,-0.79959,0.80173
1984,5,22,0,0.01781,-0.73542,0.73564
1984,5,23,0,0.11693,-0.63758,0.64821
1984,5,24,0,0.23767,-0.51009,0.56274
1984,5,25,0,0.3766,-0.35855,0.51999
1984,5,26,0,0.52781,-0.18937,0.56075
1984,5,27,0,0.68285,-0.00902,0.68291
1984,5,28,0,0.83111,0.17649,0.84964
1984,5,29,0,0.96042,0.36181,1.02631
1984,5,30,0,1.0581,0.54185,1.18877
1984,5,31,0,1.11245,0.71076,1.32013
1984,6,1,0,1.11496,0.86045,1.40837
1984,6,2,0,1.06284,0.9798,1.44556
1984,6,3,0,0.96062,1.05597,1.42753
1984,6,4,0,0.81905,1.07818,1.35399
1984,6,5,0,0.65111,1.04181,1.22854
1984,6,6,0,0.46775,0.94998,1.05889
1984,6,7,0,0.27604,0.81212,0.85775
1984,6,8,0,0.07987,0.64145,0.64641
1984,6,9,0,-0.11846,0.4527,0.46794
1984,6,10,0,-0.31675,0.26044,0.41007
1984,6,11,0,-0.51215,0.07801,0.51805
1984,6,12,0,-0.70087,-0.08323,0.70579
1984,6,13,0,-0.87839,-0.21447,0.90419
1984,6,14,0,-1.03979,-0.30972,1.08494
1984,6,15,0,-1.18031,-0.36595,1.23574
1984,6,16,0,-1.29583,-0.383,1.35124
1984,6,17,0,-1.38338,-0.36347,1.43033
1984,6,18,0,-1.44141,-0.31239,1.47487
1984,6,19,0,-1.46991,-0.237,1.48889
1984,6,20,0,-1.47027,-0.14625,1.47753
1984,6,21,0,-1.44499,-0.05039,1.44587
1984,6,22,0,-1.39713,0.0397,1.39769
1984,6,23,0,-1.32974,0.11327,1.33456
1984,6,24,0,-1.24533,0.16068,1.25566
1984,6,25,0,-1.1453,0.17435,1.15849
1984,6,26,0,-1.02955,0.14985,1.0404
1984,6,27,0,-0.89644,0.08679,0.90063
1984,6,28,0,-0.74308,-0.01061,0.74316
1984,6,29,0,-0.56643,-0.13363,0.58198
1984,6,30,0,-0.36493,-0.27015,0.45404
1984,7,1,0,-0.14024,-0.40687,0.43036
1984,7,2,0,0.10205,-0.53172,0.54142
1984,7,3,0,0.35318,-0.6354,0.72696
1984,7,4,0,0.60299,-0.7115,0.93265
1984,7,5,0,0.84178,-0.75562,1.13117
1984,7,6,0,1.06147,-0.76453,1.30814
1984,7,7,0,1.25609,-0.73594,1.4558
1984,7,8,0,1.42176,-0.66869,1.57116
1984,7,9,0,1.55642,-0.5633,1.65522
1984,7,10,0,1.65942,-0.42244,1.71234
1984,7,11,0,1.73104,-0.25117,1.74916
1984,7,12,0,1.77209,-0.05693,1.773
1984,7,13,0,1.78355,0.15093,1.78992
1984,7,14,0,1.76632,0.36174,1.80298
1984,7,15,0,1.7211,0.5644,1.81128
1984,7,16,0,1.64851,0.74827,1.81038
1984,7,17,0,1.54921,0.90389,1.79362
1984,7,18,0,1.42432,1.02368,1.75403
1984,7,19,0,1.27582,1.10229,1.68604
1984,7,20,0,1.10692,1.13688,1.58675
1984,7,21,0,0.92231,1.12725,1.45649
1984,7,22,0,0.72803,1.07589,1.29906
1984,7,23,0,0.53086,0.98803,1.12161
1984,7,24,0,0.33748,0.8715,0.93456
1984,7,25,0,0.15345,0.73623,0.75205
1984,7,26,0,-0.01753,0.5933,0.59356
1984,7,27,0,-0.17382,0.45384,0.48599
1984,7,28,0,-0.31554,0.32773,0.45494
1984,7,29,0,-0.44397,0.2227,0.4967
1984,7,30,0,-0.56078,0.14377,0.57892
1984,7,31,0,-0.66728,0.09308,0.67374
1984,8,1,0,-0.76381,0.06989,0.767
1984,8,2,0,-0.84936,0.07114,0.85233
1984,8,3,0,-0.92164,0.09183,0.9262
1984,8,4,0,-0.9775,0.12544,0.98551
1984,8,5,0,-1.01362,0.16442,1.02687
1984,8,6,0,-1.02744,0.20065,1.04684
1984,8,7,0,-1.0179,0.22603,1.04269
1984,8,8,0,-0.98603,0.23308,1.0132
1984,8,9,0,-0.9351,0.21553,0.95961
1984,8,10,0,-0.87036,0.1689,0.8866
1984,8,11,0,-0.79848,0.09092,0.80363
1984,8,12,0,-0.72662,-0.01823,0.72684
1984,8,13,0,-0.66154,-0.15585,0.67965
1984,8,14,0,-0.60871,-0.31701,0.68631
1984,8,15,0,-0.5716,-0.49485,0.75605
1984,8,16,0,-0.55148,-0.6812,0.87645
1984,8,17,0,-0.54755,-0.86711,1.02552
1984,8,18,0,-0.55763,-1.04346,1.18311
1984,8,19,0,-0.57899,-1.20143,1.33366
1984,8,20,0,-0.60922,-1.33286,1.46549
1984,8,21,0,-0.64644,-1.43063,1.5699
1984,8,22,0,-0.68879,-1.48904,1.64063
1984,8,23,0,-0.73342,-1.5042,1.67347
1984,8,24,0,-0.7756,-1.47439,1.66595
1984,8,25,0,-0.80849,-1.40045,1.61707
1984,8,26,0,-0.82373,-1.28581,1.52704
1984,8,27,0,-0.81275,-1.13645,1.39717
1984,8,28,0,-0.76814,-0.96049,1.22987
1984,8,29,0,-0.68498,-0.76756,1.02876
1984,8,30,0,-0.56174,-0.56796,0.79883
1984,8,31,0,-0.40073,-0.37172,0.54659
1984,9,1,0,-0.20798,-0.18777,0.2802
1984,9,2,0,0.00727,-0.02331,0.02442
1984,9,3,0,0.23351,0.11652,0.26097
1984,9,4,0,0.45812,0.22862,0.512
1984,9,5,0,0.66859,0.31165,0.73766
1984,9,6,0,0.85372,0.36548,0.92867
1984,9,7,0,1.00467,0.39082,1.07801
1984,9,8,0,1.11554,0.38899,1.18141
1984,9,9,0,1.18375,0.36209,1.2379
1984,9,10,0,1.20998,0.31339,1.24991
1984,9,11,0,1.1978,0.24767,1.22314
1984,9,12,0,1.15321,0.17137,1.16588
1984,9,13,0,1.0841,0.09233,1.08803
1984,9,14,0,0.9996,0.01904,0.99978
1984,9,15,0,0.90944,-0.04012,0.91033
1984,9,16,0,0.82331,-0.07779,0.82697
1984,9,17,0,0.75011,-0.08825,0.75528
1984,9,18,0,0.69735,-0.06783,0.70064
1984,9,19,0,0.67056,-0.01501,0.67073
1984,9,20,0,0.6729,0.06963,0.67649
1984,9,21,0,0.70494,0.18359,0.72845
1984,9,22,0,0.76455,0.3226,0.82983
1984,9,23,0,0.84701,0.4808,0.97396
1984,9,24,0,0.94515,0.65104,1.14768
1984,9,25,0,1.04971,0.82529,1.33529
1984,9,26,0,1.1498,0.99519,1.52067
1984,9,27,0,1.23357,1.15272,1.68833
1984,9,28,0,1.28902,1.29093,1.8243
1984,9,29,0,1.30494,1.40448,1.91714
1984,9,30,0,1.27177,1.49003,1.95898
1984,10,1,0,1.18244,1.54623,1.94653
1984,10,2,0,1.03282,1.57328,1.882
1984,10,3,0,0.82209,1.5721,1.77407
1984,10,4,0,0.55265,1.5428,1.6388
1984,10,5,0,0.23003,1.48285,1.50058
1984,10,6,0,-0.13689,1.38449,1.39124
1984,10,7,0,-0.53402,1.23256,1.34327
1984,10,8,0,-0.93718,1.00596,1.37487
1984,10,9,0,-1.30682,0.69095,1.47824
1984,10,10,0,-1.59726,0.30609,1.62632
1984,10,11,0,-1.78638,-0.09445,1.78888
1984,10,12,0,-1.88737,-0.45726,1.94197
1984,10,13,0,-1.92689,-0.75569,2.06977
1984,10,14,0,-1.92648,-0.98449,2.16345
1984,10,15,0,-1.89974,-1.14756,2.21943
1984,10,16,0,-1.85522,-1.25137,2.2378
1984,10,17,0,-1.79884,-1.30248,2.22087
1984,10,18,0,-1.73501,-1.30678,2.17208
1984,10,19,0,-1.6668,-1.2694,2.09514
1984,10,20,0,-1.59582,-1.19504,1.99368
1984,10,21,0,-1.45589,-1.17937,1.87364
1984,10,22,0,-1.31958,-1.12867,1.73643
1984,10,23,0,-1.18973,-1.04908,1.5862
1984,10,24,0,-1.06645,-0.94847,1.4272
1984,10,25,0,-0.94733,-0.83605,1.26349
1984,10,26,0,-0.82797,-0.72179,1.09841
1984,10,27,0,-0.70273,-0.61576,0.93434
1984,10,28,0,-0.56564,-0.52744,0.77339
1984,10,29,0,-0.4113,-0.46501,0.62081
1984,10,30,0,-0.23586,-0.43468,0.49455
1984,10,31,0,-0.0377,-0.44016,0.44178
1984,11,1,0,0.18203,-0.48224,0.51545
1984,11,2,0,0.4192,-0.55861,0.69841
1984,11,3,0,0.66682,-0.66393,0.94098
1984,11,4,0,0.91545,-0.79007,1.20924
1984,11,5,0,1.15395,-0.9267,1.47999
1984,11,6,0,1.37042,-1.06194,1.73371
1984,11,7,0,1.55325,-1.18328,1.95262
1984,11,8,0,1.69224,-1.27855,2.12093
1984,11,9,0,1.77961,-1.33687,2.22581
1984,11,10,0,1.81077,-1.3496,2.25839
1984,11,11,0,1.69289,-1.43665,2.22032
1984,11,12,0,1.53071,-1.44887,2.10767
1984,11,13,0,1.34517,-1.37986,1.92705
1984,11,14,0,1.15853,-1.2319,1.69108
1984,11,15,0,0.99109,-1.01532,1.41884
1984,11,16,0,0.85783,-0.7464,1.13709
1984,11,17,0,0.76463,-0.44347,0.88393
1984,11,18,0,0.70299,-0.12151,0.71341
1984,11,19,0,0.64136,0.21051,0.67502
1984,11,20,0,0.53156,0.53001,0.75064
1984,11,21,0,0.38787,0.77931,0.8705
1984,11,22,0,0.29628,0.93866,0.98431
1984,11,23,0,0.29121,1.03084,1.07119
1984,11,24,0,0.35891,1.0684,1.12708
1984,11,25,0,0.4735,1.05457,1.15599
1984,11,26,0,0.60774,0.9935,1.16464
1984,11,27,0,0.73646,0.89453,1.15869
1984,11,28,0,0.83903,0.77267,1.14061
1984,11,29,0,0.90133,0.64715,1.1096
1984,11,30,0,0.91695,0.53902,1.06364
1984,12,1,0,0.88715,0.46827,1.00315
1984,12,2,0,0.81987,0.45117,0.93581
1984,12,3,0,0.72761,0.49806,0.88175
1984,12,4,0,0.62476,0.61206,0.8746
1984,12,5,0,0.52477,0.7887,0.94733
1984,12,6,0,0.43761,1.01656,1.10675
1984,12,7,0,0.36799,1.27869,1.33059
1984,12,8,0,0.31462,1.55455,1.58607
1984,12,9,0,0.27087,1.82212,1.84215
1984,12,10,0,0.22679,2.05986,2.07231
1984,12,11,0,0.17241,2.24825,2.25485
1984,12,12,0,0.10166,2.37105,2.37323
1984,12,13,0,0.01552,2.41666,2.4167
1984,12,14,0,-0.07789,2.37938,2.38066
1984,12,15,0,-0.16724,2.26047,2.26664
1984,12,16,0,-0.24398,2.06771,2.08205
1984,12,17,0,-0.30656,1.8137,1.83942
1984,12,18,0,-0.36048,1.51388,1.55621
1984,12,19,0,-0.41536,1.18505,1.25573
1984,12,20,0,-0.48132,0.84441,0.97195
1984,12,21,0,-0.56613,0.50884,0.76119
1984,12,22,0,-0.67354,0.19399,0.70092
1984,12,23,0,-0.80281,-0.08672,0.80748
1984,12,24,0,-0.94901,-0.32313,1.00252
1984,12,25,0,-1.10399,-0.50931,1.21581
1984,12,26,0,-1.25761,-0.64407,1.41295
1984,12,27,0,-1.39917,-0.73117,1.5787
1984,12,28,0,-1.51871,-0.77879,1.70675
1984,12,29,0,-1.60811,-0.79852,1.79545
1984,12,30,0,-1.66185,-0.80387,1.84607
1984,12,31,0,-1.69662,-0.76493,1.86109
1985,1,1,0,-1.67526,-0.7837,1.84951
1985,1,2,0,-1.6225,-0.81498,1.81568
1985,1,3,0,-1.53987,-0.87524,1.77123
1985,1,4,0,-1.43416,-0.96528,1.72875
1985,1,5,0,-1.31326,-1.08108,1.701
1985,1,6,0,-1.18593,-1.21479,1.69769
1985,1,7,0,-1.06143,-1.35621,1.72219
1985,1,8,0,-0.94881,-1.49422,1.77001
1985,1,9,0,-0.85571,-1.61798,1.83033
1985,1,10,0,-0.78715,-1.71772,1.88949
1985,1,11,0,-0.74446,-1.78537,1.93436
1985,1,12,0,-0.725,-1.81522,1.95465
1985,1,13,0,-0.72248,-1.80461,1.94386
1985,1,14,0,-0.72783,-1.75455,1.89952
1985,1,15,0,-0.73054,-1.66995,1.82275
1985,1,16,0,-0.71995,-1.55936,1.71753
1985,1,17,0,-0.68656,-1.43423,1.59009
1985,1,18,0,-0.62297,-1.30772,1.44852
1985,1,19,0,-0.52451,-1.19332,1.3035
1985,1,20,0,-0.38954,-1.10334,1.17009
1985,1,21,0,-0.2194,-1.0477,1.07043
1985,1,22,0,-0.01819,-1.03288,1.03304
1985,1,23,0,0.20776,-1.0612,1.08135
1985,1,24,0,0.45053,-1.13045,1.21692
1985,1,25,0,0.70156,-1.23378,1.41929
1985,1,26,0,0.95272,-1.35991,1.66043
1985,1,27,0,1.19748,-1.49377,1.9145
1985,1,28,0,1.43193,-1.61729,2.16011
1985,1,29,0,1.65534,-1.71055,2.38036
1985,1,30,0,1.87004,-1.75277,2.56305
1985,1,31,0,2.08042,-1.72318,2.70139
1985,2,1,0,2.29027,-1.60164,2.79474
1985,2,2,0,2.49848,-1.36966,2.84928
1985,2,3,0,2.69301,-1.01451,2.87777
1985,2,4,0,2.84752,-0.53919,2.89812
1985,2,5,0,2.92984,0.02475,2.92995
1985,2,6,0,2.92441,0.61991,2.98939
1985,2,7,0,2.84524,1.18921,3.08376
1985,2,8,0,2.7227,1.69785,3.20871
1985,2,9,0,2.5836,2.13156,3.34941
1985,2,10,0,2.4429,2.48537,3.48494
1985,2,11,0,2.30437,2.7571,3.59329
1985,2,12,0,2.16388,2.94622,3.65549
1985,2,13,0,2.0125,3.05497,3.65828
1985,2,14,0,1.83935,3.08952,3.5956
1985,2,15,0,1.63387,3.06043,3.46926
1985,2,16,0,1.38775,2.98204,3.28914
1985,2,17,0,1.09609,2.87072,3.07286
1985,2,18,0,0.75757,2.74247,2.84518
1985,2,19,0,0.37344,2.60932,2.63591
1985,2,20,0,-0.05482,2.47487,2.47548
1985,2,21,0,-0.52808,2.3276,2.38675
1985,2,22,0,-1.04711,2.13272,2.37591
1985,2,23,0,-1.58946,1.83705,2.42922
1985,2,24,0,-2.07353,1.43147,2.51964
1985,2,25,0,-2.4121,1.01596,2.61733
1985,2,26,0,-2.60578,0.69579,2.69707
1985,2,27,0,-2.69658,0.49142,2.74099
1985,2,28,0,-2.71246,0.37675,2.7385
1985,3,1,0,-2.65297,0.4156,2.68532
1985,3,2,0,-2.55177,0.39746,2.58254
1985,3,3,0,-2.40946,0.36419,2.43683
1985,3,4,0,-2.23988,0.29727,2.25952
1985,3,5,0,-2.0596,0.18481,2.06787
1985,3,6,0,-1.8859,0.02236,1.88604
1985,3,7,0,-1.73449,-0.18728,1.74457
1985,3,8,0,-1.61694,-0.43515,1.67447
1985,3,9,0,-1.53846,-0.70816,1.69362
1985,3,10,0,-1.4959,-0.99206,1.79497
1985,3,11,0,-1.47579,-1.27496,1.95025
1985,3,12,0,-1.45176,-1.55115,2.12454
1985,3,13,0,-1.38103,-1.82272,2.28682
1985,3,14,0,-1.2069,-2.09,2.41345
1985,3,15,0,-0.90411,-2.31815,2.48822
1985,3,16,0,-0.56846,-2.43625,2.50169
1985,3,17,0,-0.33799,-2.42706,2.45048
1985,3,18,0,-0.23811,-2.32453,2.3367
1985,3,19,0,-0.22501,-2.15548,2.1672
1985,3,20,0,-0.25164,-1.93634,1.95263
1985,3,21,0,-0.28311,-1.68268,1.70633
1985,3,22,0,-0.29609,-1.41243,1.44313
1985,3,23,0,-0.27689,-1.14537,1.17836
1985,3,24,0,-0.21987,-0.90118,0.92761
1985,3,25,0,-0.12592,-0.69733,0.70861
1985,3,26,0,-0.00076,-0.54712,0.54712
1985,3,27,0,0.14697,-0.45823,0.48122
1985,3,28,0,0.30779,-0.43191,0.53036
1985,3,29,0,0.47324,-0.46276,0.6619
1985,3,30,0,0.63738,-0.53922,0.83488
1985,3,31,0,0.79759,-0.64444,1.02541
1985,4,1,0,0.95502,-0.75691,1.21859
1985,4,2,0,1.11197,-0.85377,1.40193
1985,4,3,0,1.27051,-0.91159,1.56372
1985,4,4,0,1.42866,-0.90982,1.69376
1985,4,5,0,1.57742,-0.83508,1.78483
1985,4,6,0,1.70106,-0.68546,1.83398
1985,4,7,0,1.78232,-0.47129,1.84358
1985,4,8,0,1.80943,-0.21062,1.82165
1985,4,9,0,1.77953,0.07755,1.78122
1985,4,10,0,1.69713,0.37709,1.73852
1985,4,11,0,1.5706,0.675,1.70951
1985,4,12,0,1.4093,0.95995,1.70517
1985,4,13,0,1.22209,1.22121,1.72767
1985,4,14,0,1.01675,1.44828,1.76955
1985,4,15,0,0.80001,1.63119,1.81681
1985,4,16,0,0.57774,1.76109,1.85344
1985,4,17,0,0.35529,1.83111,1.86526
1985,4,18,0,0.13769,1.83718,1.84233
1985,4,19,0,-0.0703,1.77867,1.78006
1985,4,20,0,-0.26427,1.65882,1.67974
1985,4,21,0,-0.4404,1.48463,1.54857
1985,4,22,0,-0.59572,1.26651,1.39962
1985,4,23,0,-0.72831,1.01734,1.25117
1985,4,24,0,-0.83738,0.75141,1.12509
1985,4,25,0,-0.92325,0.48316,1.04204
1985,4,26,0,-0.98725,0.22605,1.0128
1985,4,27,0,-1.03148,-0.00842,1.03152
1985,4,28,0,-1.05869,-0.21129,1.07957
1985,4,29,0,-1.072,-0.37647,1.13619
1985,4,30,0,-1.07119,-0.50649,1.1849
1985,5,1,0,-1.06389,-0.59122,1.21712
1985,5,2,0,-1.05126,-0.63663,1.229
1985,5,3,0,-1.03479,-0.64678,1.22029
1985,5,4,0,-1.01395,-0.62758,1.19245
1985,5,5,0,-0.9859,-0.58636,1.14709
1985,5,6,0,-0.94585,-0.53128,1.08485
1985,5,7,0,-0.8877,-0.4707,1.00478
1985,5,8,0,-0.80511,-0.4124,0.90459
1985,5,9,0,-0.69241,-0.36277,0.78169
1985,5,10,0,-0.54548,-0.32602,0.63548
1985,5,11,0,-0.36241,-0.3035,0.47271
1985,5,12,0,-0.14397,-0.29323,0.32667
1985,5,13,0,0.10606,-0.28998,0.30876
1985,5,14,0,0.38067,-0.28602,0.47615
1985,5,15,0,0.66955,-0.27289,0.72303
1985,5,16,0,0.95943,-0.24385,0.98993
1985,5,17,0,1.23497,-0.19625,1.25047
1985,5,18,0,1.48038,-0.13264,1.48631
1985,5,19,0,1.68109,-0.05969,1.68215
1985,5,20,0,1.82506,0.01423,1.82512
1985,5,21,0,1.90342,0.08157,1.90517
1985,5,22,0,1.9107,0.13702,1.9156
1985,5,23,0,1.84506,0.17776,1.8536
1985,5,24,0,1.70857,0.20294,1.72058
1985,5,25,0,1.50726,0.21284,1.52221
1985,5,26,0,1.25117,0.20799,1.26834
1985,5,27,0,0.95395,0.18853,0.9724
1985,5,28,0,0.63223,0.15384,0.65067
1985,5,29,0,0.30475,0.10261,0.32156
1985,5,30,0,-0.00873,0.03341,0.03453
1985,5,31,0,-0.28877,-0.05388,0.29375
1985,6,1,0,-0.51805,-0.15592,0.541
1985,6,2,0,-0.68374,-0.26377,0.73285
1985,6,3,0,-0.78015,-0.36238,0.8602
1985,6,4,0,-0.81006,-0.43352,0.91877
1985,6,5,0,-0.78331,-0.46121,0.90901
1985,6,6,0,-0.71343,-0.43617,0.8362
1985,6,7,0,-0.61454,-0.35712,0.71077
1985,6,8,0,-0.49992,-0.22945,0.55006
1985,6,9,0,-0.38179,-0.06304,0.38696
1985,6,10,0,-0.27146,0.1297,0.30085
1985,6,11,0,-0.17929,0.33523,0.38016
1985,6,12,0,-0.11435,0.54002,0.552
1985,6,13,0,-0.08392,0.73125,0.73604
1985,6,14,0,-0.09284,0.89742,0.90221
1985,6,15,0,-0.14311,1.02889,1.0388
1985,6,16,0,-0.23359,1.11817,1.14231
1985,6,17,0,-0.36003,1.16015,1.21473
1985,6,18,0,-0.51534,1.15227,1.26226
1985,6,19,0,-0.6901,1.09443,1.29384
1985,6,20,0,-0.87317,0.98888,1.31921
1985,6,21,0,-1.05242,0.84,1.34655
1985,6,22,0,-1.21547,0.654,1.38024
1985,6,23,0,-1.35034,0.43869,1.41981
1985,6,24,0,-1.44612,0.20325,1.46033
1985,6,25,0,-1.49362,-0.04186,1.4942
1985,6,26,0,-1.48606,-0.28489,1.51313
1985,6,27,0,-1.42006,-0.51282,1.50982
1985,6,28,0,-1.29664,-0.71165,1.4791
1985,6,29,0,-1.12244,-0.86737,1.41852
1985,6,30,0,-0.90992,-0.96815,1.32864
1985,7,1,0,-0.67605,-1.00721,1.21306
1985,7,2,0,-0.43889,-0.98513,1.07847
1985,7,3,0,-0.2137,-0.90999,0.93475
1985,7,4,0,-0.01033,-0.79526,0.79533
1985,7,5,0,0.16712,-0.65666,0.67759
1985,7,6,0,0.31906,-0.50959,0.60123
1985,7,7,0,0.44857,-0.36743,0.57985
1985,7,8,0,0.55989,-0.24083,0.60949
1985,7,9,0,0.65732,-0.13739,0.67153
1985,7,10,0,0.74454,-0.06171,0.7471
1985,7,11,0,0.82435,-0.01554,0.82449
1985,7,12,0,0.89851,0.00202,0.89851
1985,7,13,0,0.96785,-0.00583,0.96786
1985,7,14,0,1.03232,-0.03389,1.03287
1985,7,15,0,1.09118,-0.07542,1.09378
1985,7,16,0,1.14312,-0.12264,1.14968
1985,7,17,0,1.18634,-0.16729,1.19808
1985,7,18,0,1.21856,-0.20133,1.23508
1985,7,19,0,1.23704,-0.21764,1.25604
1985,7,20,0,1.23854,-0.21077,1.25634
1985,7,21,0,1.21938,-0.17764,1.23225
1985,7,22,0,1.17577,-0.11797,1.18167
1985,7,23,0,1.10427,-0.03445,1.10481
1985,7,24,0,1.0026,0.0676,1.00487
1985,7,25,0,0.87032,0.181,0.88894
1985,7,26,0,0.70944,0.29759,0.76933
1985,7,27,0,0.52456,0.40929,0.66534
1985,7,28,0,0.32269,0.50884,0.60253
1985,7,29,0,0.1128,0.59048,0.60116
1985,7,30,0,-0.09487,0.65048,0.65736
1985,7,31,0,-0.28956,0.68727,0.74578
1985,8,1,0,-0.46146,0.70181,0.83993
1985,8,2,0,-0.60207,0.69664,0.92076
1985,8,3,0,-0.70521,0.67535,0.97643
1985,8,4,0,-0.76745,0.64167,1.00036
1985,8,5,0,-0.78819,0.59877,0.98983
1985,8,6,0,-0.76948,0.54877,0.94512
1985,8,7,0,-0.7156,0.49268,0.8688
1985,8,8,0,-0.63247,0.43057,0.76512
1985,8,9,0,-0.52715,0.36184,0.63939
1985,8,10,0,-0.40718,0.28564,0.49738
1985,8,11,0,-0.28004,0.20117,0.34481
1985,8,12,0,-0.15262,0.10797,0.18695
1985,8,13,0,-0.03075,0.00614,0.03136
1985,8,14,0,0.08107,-0.10357,0.13153
1985,8,15,0,0.1799,-0.21967,0.28393
1985,8,16,0,0.26429,-0.33997,0.43061
1985,8,17,0,0.33408,-0.46174,0.56993
1985,8,18,0,0.38989,-0.58188,0.70043
1985,8,19,0,0.43244,-0.69714,0.82037
1985,8,20,0,0.46196,-0.80434,0.92756
1985,8,21,0,0.47777,-0.90046,1.01936
1985,8,22,0,0.4784,-0.98255,1.09283
1985,8,23,0,0.46214,-1.04758,1.14499
1985,8,24,0,0.42773,-1.09234,1.17309
1985,8,25,0,0.375,-1.11349,1.17494
1985,8,26,0,0.30509,-1.10795,1.14919
1985,8,27,0,0.2204,-1.07333,1.09573
1985,8,28,0,0.12425,-1.00846,1.01609
1985,8,29,0,0.0205,-0.91386,0.91409
1985,8,30,0,-0.08692,-0.79195,0.79671
1985,8,31,0,-0.19435,-0.64718,0.67573
1985,9,1,0,-0.29865,-0.48583,0.57028
1985,9,2,0,-0.39732,-0.31559,0.5074
1985,9,3,0,-0.48845,-0.14504,0.50953
1985,9,4,0,-0.57054,0.0171,0.57079
1985,9,5,0,-0.64225,0.16274,0.66255
1985,9,6,0,-0.70218,0.28512,0.75786
1985,9,7,0,-0.74871,0.37935,0.83933
1985,9,8,0,-0.78007,0.44284,0.897
1985,9,9,0,-0.79466,0.47528,0.92595
1985,9,10,0,-0.79143,0.47849,0.92483
1985,9,11,0,-0.77023,0.45602,0.8951
1985,9,12,0,-0.73208,0.41273,0.84041
1985,9,13,0,-0.6791,0.35435,0.76599
1985,9,14,0,-0.61429,0.28705,0.67805
1985,9,15,0,-0.54118,0.21709,0.5831
1985,9,16,0,-0.46338,0.15045,0.48719
1985,9,17,0,-0.38428,0.09241,0.39523
1985,9,18,0,-0.30668,0.04729,0.3103
1985,9,19,0,-0.23262,0.01811,0.23332
1985,9,20,0,-0.16324,0.00656,0.16337
1985,9,21,0,-0.09876,0.01291,0.0996
1985,9,22,0,-0.0386,0.03625,0.05295
1985,9,23,0,0.01848,0.0746,0.07686
1985,9,24,0,0.07399,0.12525,0.14547
1985,9,25,0,0.12935,0.18492,0.22567
1985,9,26,0,0.18553,0.25,0.31132
1985,9,27,0,0.24263,0.31679,0.39903
1985,9,28,0,0.29974,0.38172,0.48534
1985,9,29,0,0.35483,0.44165,0.56653
1985,9,30,0,0.4048,0.49413,0.63877
1985,10,1,0,0.44573,0.53768,0.69841
1985,10,2,0,0.47304,0.57188,0.74217
1985,10,3,0,0.48189,0.59733,0.76748
1985,10,4,0,0.46738,0.61533,0.77271
1985,10,5,0,0.42488,0.62715,0.75752
1985,10,6,0,0.35032,0.6328,0.7233
1985,10,7,0,0.24108,0.6291,0.67371
1985,10,8,0,0.09849,0.60761,0.61554
1985,10,9,0,-0.06724,0.55532,0.55937
1985,10,10,0,-0.2348,0.46315,0.51927
1985,10,11,0,-0.38167,0.33614,0.50859
1985,10,12,0,-0.49694,0.18963,0.5319
1985,10,13,0,-0.57998,0.03783,0.58121
1985,10,14,0,-0.63263,-0.11053,0.64222
1985,10,15,0,-0.65557,-0.25096,0.70196
1985,10,16,0,-0.64827,-0.38158,0.75223
1985,10,17,0,-0.61006,-0.50217,0.79016
1985,10,18,0,-0.54107,-0.61361,0.81809
1985,10,19,0,-0.44273,-0.71735,0.84297
1985,10,20,0,-0.31808,-0.81494,0.87481
1985,10,21,0,-0.11648,-0.92124,0.92858
1985,10,22,0,0.11423,-1.00005,1.00655
1985,10,23,0,0.36433,-1.0456,1.10726
1985,10,24,0,0.62293,-1.05335,1.22377
1985,10,25,0,0.87853,-1.02037,1.34646
1985,10,26,0,1.11971,-0.94563,1.4656
1985,10,27,0,1.33581,-0.83032,1.57284
1985,10,28,0,1.51746,-0.67785,1.66198
1985,10,29,0,1.65706,-0.4938,1.72907
1985,10,30,0,1.74907,-0.28577,1.77226
1985,10,31,0,1.79026,-0.06289,1.79137
1985,11,1,0,1.77966,0.16458,1.78725
1985,11,2,0,1.71848,0.38587,1.76127
1985,11,3,0,1.60991,0.59039,1.71476
1985,11,4,0,1.45877,0.76834,1.64874
1985,11,5,0,1.27114,0.91133,1.56408
1985,11,6,0,1.05403,1.01297,1.46188
1985,11,7,0,0.81497,1.06924,1.34441
1985,11,8,0,0.56166,1.07875,1.21621
1985,11,9,0,0.30175,1.04286,1.08564
1985,11,10,0,0.04257,0.96556,0.9665
1985,11,11,0,-0.14311,0.87068,0.88237
1985,11,12,0,-0.33488,0.77818,0.84718
1985,11,13,0,-0.5287,0.6935,0.87204
1985,11,14,0,-0.71905,0.6204,0.9497
1985,11,15,0,-0.89948,0.55949,1.05929
1985,11,16,0,-1.06358,0.50623,1.17791
1985,11,17,0,-1.20621,0.44795,1.28671
1985,11,18,0,-1.32393,0.35916,1.37178
1985,11,19,0,-1.40935,0.20064,1.42356
1985,11,20,0,-1.43571,-0.03769,1.4362
1985,11,21,0,-1.38541,-0.24735,1.40732
1985,11,22,0,-1.29813,-0.32356,1.33784
1985,11,23,0,-1.19894,-0.28381,1.23207
1985,11,24,0,-1.08354,-0.17549,1.09765
1985,11,25,0,-0.94498,-0.03462,0.94562
1985,11,26,0,-0.78227,0.11252,0.79032
1985,11,27,0,-0.60064,0.24581,0.64899
1985,11,28,0,-0.41031,0.35007,0.53936
1985,11,29,0,-0.22476,0.41504,0.47199
1985,11,30,0,-0.05886,0.4355,0.43946
1985,12,1,0,0.07298,0.41128,0.4177
1985,12,2,0,0.15855,0.34669,0.38123
1985,12,3,0,0.1892,0.24968,0.31327
1985,12,4,0,0.16076,0.13048,0.20704
1985,12,5,0,0.07391,0.00008,0.07391
1985,12,6,0,-0.06593,-0.13135,0.14697
1985,12,7,0,-0.24925,-0.25593,0.35725
1985,12,8,0,-0.46332,-0.36919,0.59243
1985,12,9,0,-0.69336,-0.47054,0.83795
1985,12,10,0,-0.92359,-0.5629,1.08161
1985,12,11,0,-1.13833,-0.65132,1.31149
1985,12,12,0,-1.32303,-0.74041,1.51611
1985,12,13,0,-1.46541,-0.83153,1.68489
1985,12,14,0,-1.55652,-0.92097,1.80858
1985,12,15,0,-1.59129,-1.00082,1.87985
1985,12,16,0,-1.56795,-1.06231,1.89393
1985,12,17,0,-1.48696,-1.09932,1.8492
1985,12,18,0,-1.35009,-1.11028,1.74799
1985,12,19,0,-1.16027,-1.09798,1.59743
1985,12,20,0,-0.92195,-1.0684,1.41119
1985,12,21,0,-0.64135,-1.02924,1.21271
1985,12,22,0,-0.32657,-0.98856,1.0411
1985,12,23,0,0.01278,-0.95362,0.95371
1985,12,24,0,0.36601,-0.92994,0.99937
1985,12,25,0,0.72202,-0.92044,1.16984
1985,12,26,0,1.06993,-0.92502,1.41436
1985,12,27,0,1.39965,-0.94027,1.68616
1985,12,28,0,1.70227,-0.95971,1.95416
1985,12,29,0,1.97029,-0.97435,2.19804
1985,12,30,0,2.19765,-0.97362,2.40366
1985,12,31,0,2.35465,-1.00705,2.56096
1986,1,1,0,2.49287,-0.93856,2.6637
1986,1,2,0,2.57192,-0.843,2.70655
1986,1,3,0,2.59949,-0.69406,2.69055
1986,1,4,0,2.57379,-0.48964,2.61995
1986,1,5,0,2.4933,-0.23287,2.50415
1986,1,6,0,2.35769,0.06829,2.35868
1986,1,7,0,2.16913,0.40244,2.20615
1986,1,8,0,1.93302,0.75663,2.07582
1986,1,9,0,1.65799,1.11803,1.99973
1986,1,10,0,1.35486,1.47473,2.00262
1986,1,11,0,1.03525,1.81576,2.09015
1986,1,12,0,0.71022,2.13064,2.2459
1986,1,13,0,0.3894,2.40905,2.44032
1986,1,14,0,0.08055,2.6408,2.64203
1986,1,15,0,-0.21035,2.81621,2.82405
1986,1,16,0,-0.47889,2.92679,2.96571
1986,1,17,0,-0.72171,2.96594,3.05249
1986,1,18,0,-0.93613,2.92967,3.0756
1986,1,19,0,-1.11988,2.81714,3.03157
1986,1,20,0,-1.27111,2.63096,2.92193
1986,1,21,0,-1.3886,2.37703,2.75291
1986,1,22,0,-1.47213,2.0643,2.53545
1986,1,23,0,-1.52273,1.70402,2.28525
1986,1,24,0,-1.54286,1.30905,2.02337
1986,1,25,0,-1.53611,0.89302,1.77683
1986,1,26,0,-1.50667,0.46959,1.57816
1986,1,27,0,-1.45861,0.05188,1.45954
1986,1,28,0,-1.3951,-0.34803,1.43786
1986,1,29,0,-1.31769,-0.71948,1.50132
1986,1,30,0,-1.22581,-1.05342,1.61626
1986,1,31,0,-1.11655,-1.34254,1.74616
1986,2,1,0,-0.98494,-1.5809,1.86262
1986,2,2,0,-0.82555,-1.76308,1.94679
1986,2,3,0,-0.63657,-1.88285,1.98755
1986,2,4,0,-0.42723,-1.93289,1.97955
1986,2,5,0,-0.2238,-1.90881,1.92189
1986,2,6,0,-0.06243,-1.81613,1.81721
1986,2,7,0,0.03093,-1.67071,1.671
1986,2,8,0,0.05227,-1.49027,1.49119
1986,2,9,0,0.01391,-1.28773,1.28781
1986,2,10,0,-0.06577,-1.07108,1.0731
1986,2,11,0,-0.16861,-0.8458,0.86244
1986,2,12,0,-0.27903,-0.61677,0.67695
1986,2,13,0,-0.38467,-0.3892,0.54722
1986,2,14,0,-0.47642,-0.16883,0.50545
1986,2,15,0,-0.54834,0.03812,0.54966
1986,2,16,0,-0.59749,0.22524,0.63853
1986,2,17,0,-0.62376,0.38619,0.73364
1986,2,18,0,-0.6296,0.51502,0.81341
1986,2,19,0,-0.61972,0.60632,0.86699
1986,2,20,0,-0.60073,0.65528,0.88897
1986,2,21,0,-0.5802,0.65764,0.877
1986,2,22,0,-0.56361,0.6103,0.83073
1986,2,23,0,-0.54583,0.51637,0.75138
1986,2,24,0,-0.50322,0.39777,0.64145
1986,2,25,0,-0.41302,0.29004,0.50469
1986,2,26,0,-0.27786,0.20702,0.3465
1986,2,27,0,-0.11247,0.13827,0.17823
1986,2,28,0,0.07028,0.06984,0.09908
1986,3,1,0,0.26335,-0.01975,0.26409
1986,3,2,0,0.44891,-0.12165,0.4651
1986,3,3,0,0.62556,-0.23918,0.66972
1986,3,4,0,0.78831,-0.36966,0.87068
1986,3,5,0,0.93341,-0.50885,1.06311
1986,3,6,0,1.05847,-0.65122,1.24276
1986,3,7,0,1.16255,-0.79019,1.40567
1986,3,8,0,1.24634,-0.91833,1.54813
1986,3,9,0,1.31238,-1.02739,1.66669
1986,3,10,0,1.36534,-1.10807,1.7584
1986,3,11,0,1.41248,-1.14921,1.82093
1986,3,12,0,1.46371,-1.13588,1.85274
1986,3,13,0,1.5297,-1.04634,1.85333
1986,3,14,0,1.61125,-0.85337,1.82329
1986,3,15,0,1.67481,-0.5553,1.76446
1986,3,16,0,1.66408,-0.23117,1.68006
1986,3,17,0,1.57457,0.02601,1.57479
1986,3,18,0,1.44034,0.20681,1.45512
1986,3,19,0,1.28484,0.34205,1.32959
1986,3,20,0,1.1191,0.45784,1.20914
1986,3,21,0,0.9495,0.56895,1.10691
1986,3,22,0,0.78074,0.68197,1.03665
1986,3,23,0,0.61654,0.79816,1.00856
1986,3,24,0,0.45945,0.91547,1.0243
1986,3,25,0,0.31059,1.02987,1.07569
1986,3,26,0,0.16954,1.1364,1.14898
1986,3,27,0,0.03426,1.23,1.23047
1986,3,28,0,-0.09868,1.30619,1.30991
1986,3,29,0,-0.23383,1.36143,1.38136
1986,3,30,0,-0.3763,1.39318,1.4431
1986,3,31,0,-0.53117,1.39962,1.49702
1986,4,1,0,-0.70378,1.3785,1.54776
1986,4,2,0,-0.89575,1.32767,1.60159
1986,4,3,0,-1.10646,1.24378,1.6647
1986,4,4,0,-1.33082,1.12338,1.74157
1986,4,5,0,-1.5585,0.96571,1.83345
1986,4,6,0,-1.7754,0.77628,1.9377
1986,4,7,0,-1.96763,0.5682,2.04803
1986,4,8,0,-2.12537,0.35855,2.1554
1986,4,9,0,-2.2433,0.16247,2.24917
1986,4,10,0,-2.31821,-0.01066,2.31823
1986,4,11,0,-2.34674,-0.15759,2.35202
1986,4,12,0,-2.32457,-0.27979,2.34135
1986,4,13,0,-2.24701,-0.38192,2.27923
1986,4,14,0,-2.10996,-0.47059,2.1618
1986,4,15,0,-1.91103,-0.5533,1.98951
1986,4,16,0,-1.65031,-0.63762,1.76921
1986,4,17,0,-1.33103,-0.73022,1.51818
1986,4,18,0,-0.95977,-0.83614,1.27291
1986,4,19,0,-0.54641,-0.95795,1.10283
1986,4,20,0,-0.10372,-1.09517,1.10007
1986,4,21,0,0.35332,-1.24384,1.29304
1986,4,22,0,0.80844,-1.3964,1.61354
1986,4,23,0,1.24513,-1.54199,1.98194
1986,4,24,0,1.64755,-1.66713,2.34388
1986,4,25,0,2.00132,-1.75692,2.66309
1986,4,26,0,2.29393,-1.79654,2.91371
1986,4,27,0,2.5149,-1.77315,3.07714
1986,4,28,0,2.65571,-1.67775,3.14129
1986,4,29,0,2.70983,-1.50681,3.10059
1986,4,30,0,2.6837,-1.24571,2.95872
1986,5,1,0,2.55586,-0.93354,2.72101
1986,5,2,0,2.337,-0.57472,2.40663
1986,5,3,0,2.03523,-0.18871,2.04396
1986,5,4,0,1.66464,0.20459,1.67716
1986,5,5,0,1.24408,0.58662,1.37545
1986,5,6,0,0.79509,0.9408,1.23178
1986,5,7,0,0.33937,1.25244,1.29761
1986,5,8,0,-0.10323,1.5084,1.51193
1986,5,9,0,-0.51611,1.69708,1.77382
1986,5,10,0,-0.88653,1.80883,2.0144
1986,5,11,0,-1.20538,1.83685,2.19704
1986,5,12,0,-1.46638,1.77817,2.30481
1986,5,13,0,-1.66499,1.63484,2.33343
1986,5,14,0,-1.7975,1.41502,2.28763
1986,5,15,0,-1.861,1.13351,2.17903
1986,5,16,0,-1.85462,0.81128,2.0243
1986,5,17,0,-1.78166,0.47314,1.84341
1986,5,18,0,-1.65116,0.14399,1.65743
1986,5,19,0,-1.47753,-0.15516,1.48566
1986,5,20,0,-1.27799,-0.40965,1.34204
1986,5,21,0,-1.06919,-0.61137,1.23164
1986,5,22,0,-0.86458,-0.75778,1.14966
1986,5,23,0,-0.67308,-0.85051,1.08462
1986,5,24,0,-0.499,-0.89432,1.02411
1986,5,25,0,-0.34265,-0.89636,0.95962
1986,5,26,0,-0.20139,-0.86548,0.8886
1986,5,27,0,-0.07071,-0.81144,0.81452
1986,5,28,0,0.05465,-0.74387,0.74587
1986,5,29,0,0.17988,-0.67112,0.69481
1986,5,30,0,0.30931,-0.59912,0.67425
1986,5,31,0,0.44585,-0.53056,0.69302
1986,6,1,0,0.59038,-0.46493,0.75147
1986,6,2,0,0.74125,-0.39959,0.84209
1986,6,3,0,0.89413,-0.33176,0.9537
1986,6,4,0,1.04255,-0.2601,1.07451
1986,6,5,0,1.17872,-0.1846,1.19309
1986,6,6,0,1.29438,-0.10518,1.29865
1986,6,7,0,1.38134,-0.02037,1.38149
1986,6,8,0,1.43197,0.073,1.43383
1986,6,9,0,1.43995,0.17921,1.45106
1986,6,10,0,1.40088,0.30248,1.43317
1986,6,11,0,1.31276,0.44585,1.38641
1986,6,12,0,1.17622,0.61,1.32499
1986,6,13,0,0.99444,0.79252,1.27161
1986,6,14,0,0.7729,0.98739,1.25392
1986,6,15,0,0.51902,1.18507,1.29374
1986,6,16,0,0.24176,1.37296,1.39408
1986,6,17,0,-0.04872,1.53633,1.53711
1986,6,18,0,-0.34142,1.65969,1.69444
1986,6,19,0,-0.62482,1.72821,1.83769
1986,6,20,0,-0.88721,1.72934,1.94364
1986,6,21,0,-1.1171,1.65422,1.99609
1986,6,22,0,-1.30362,1.49884,1.98644
1986,6,23,0,-1.43691,1.26481,1.91428
1986,6,24,0,-1.50854,0.9598,1.78799
1986,6,25,0,-1.51182,0.59748,1.6256
1986,6,26,0,-1.44232,0.19721,1.45574
1986,6,27,0,-1.2987,-0.21671,1.31666
1986,6,28,0,-1.08422,-0.61649,1.24723
1986,6,29,0,-0.80868,-0.97337,1.26547
1986,6,30,0,-0.49007,-1.26159,1.35343
1986,7,1,0,-0.15391,-1.46294,1.47101
1986,7,2,0,0.17059,-1.57005,1.57929
1986,7,3,0,0.45635,-1.58638,1.65071
1986,7,4,0,0.68342,-1.52317,1.66947
1986,7,5,0,0.8411,-1.39558,1.62945
1986,7,6,0,0.92728,-1.21986,1.53229
1986,7,7,0,0.9466,-1.01202,1.38573
1986,7,8,0,0.90816,-0.78746,1.20202
1986,7,9,0,0.82359,-0.56099,0.99649
1986,7,10,0,0.70554,-0.34662,0.78609
1986,7,11,0,0.56655,-0.15726,0.58797
1986,7,12,0,0.41818,-0.00405,0.4182
1986,7,13,0,0.2706,0.10427,0.28999
1986,7,14,0,0.13234,0.16202,0.2092
1986,7,15,0,0.01036,0.16711,0.16743
1986,7,16,0,-0.08982,0.1213,0.15093
1986,7,17,0,-0.16383,0.03023,0.1666
1986,7,18,0,-0.2083,-0.09678,0.22968
1986,7,19,0,-0.22078,-0.24715,0.3314
1986,7,20,0,-0.20011,-0.40577,0.45243
1986,7,21,0,-0.14698,-0.55588,0.57498
1986,7,22,0,-0.06468,-0.68036,0.68343
1986,7,23,0,0.04031,-0.76325,0.76431
1986,7,24,0,0.15829,-0.79143,0.8071
1986,7,25,0,0.2771,-0.75616,0.80533
1986,7,26,0,0.38347,-0.65418,0.75829
1986,7,27,0,0.4648,-0.48806,0.67397
1986,7,28,0,0.51074,-0.26592,0.57582
1986,7,29,0,0.51452,-0.00058,0.51452
1986,7,30,0,0.47386,0.29178,0.55649
1986,7,31,0,0.39148,0.5932,0.71073
1986,8,1,0,0.27434,0.88607,0.92757
1986,8,2,0,0.1329,1.15399,1.16162
1986,8,3,0,-0.02043,1.3831,1.38325
1986,8,4,0,-0.17323,1.56265,1.57222
1986,8,5,0,-0.31469,1.68491,1.71404
1986,8,6,0,-0.43673,1.745,1.79882
1986,8,7,0,-0.53446,1.74052,1.82073
1986,8,8,0,-0.60598,1.67138,1.77784
1986,8,9,0,-0.65172,1.53965,1.6719
1986,8,10,0,-0.67365,1.3495,1.50829
1986,8,11,0,-0.67429,1.10711,1.29628
1986,8,12,0,-0.65588,0.82055,1.05047
1986,8,13,0,-0.61975,0.49964,0.79608
1986,8,14,0,-0.56597,0.1557,0.587
1986,8,15,0,-0.49327,-0.19868,0.53178
1986,8,16,0,-0.39954,-0.54989,0.67972
1986,8,17,0,-0.28266,-0.88371,0.92782
1986,8,18,0,-0.14189,-1.18582,1.19428
1986,8,19,0,0.02076,-1.44268,1.44283
1986,8,20,0,0.19939,-1.64276,1.65482
1986,8,21,0,0.38432,-1.77781,1.81888
1986,8,22,0,0.56342,-1.84377,1.92793
1986,8,23,0,0.72441,-1.84081,1.97822
1986,8,24,0,0.85708,-1.77259,1.96892
1986,8,25,0,0.95446,-1.64513,1.90196
1986,8,26,0,1.01309,-1.46579,1.78183
1986,8,27,0,1.03233,-1.24271,1.61556
1986,8,28,0,1.01351,-0.98448,1.41294
1986,8,29,0,0.95909,-0.70017,1.18747
1986,8,30,0,0.87195,-0.39925,0.95901
1986,8,31,0,0.75506,-0.09171,0.76061
1986,9,1,0,0.61125,0.21207,0.647
1986,9,2,0,0.44342,0.50144,0.66937
1986,9,3,0,0.25479,0.76571,0.80699
1986,9,4,0,0.04945,0.99468,0.99591
1986,9,5,0,-0.16718,1.1792,1.19099
1986,9,6,0,-0.38801,1.31195,1.36813
1986,9,7,0,-0.60426,1.38836,1.51415
1986,9,8,0,-0.80601,1.40714,1.62163
1986,9,9,0,-0.98313,1.37066,1.68679
1986,9,10,0,-1.12646,1.28467,1.70859
1986,9,11,0,-1.22893,1.15754,1.68824
1986,9,12,0,-1.28615,0.99932,1.62875
1986,9,13,0,-1.29665,0.82068,1.53454
1986,9,14,0,-1.2616,0.63215,1.41111
1986,9,15,0,-1.18434,0.44354,1.26467
1986,9,16,0,-1.06985,0.26363,1.10185
1986,9,17,0,-0.92432,0.09995,0.92971
1986,9,18,0,-0.75481,-0.04142,0.75594
1986,9,19,0,-0.56896,-0.15602,0.58997
1986,9,20,0,-0.37483,-0.24132,0.44579
1986,9,21,0,-0.18051,-0.29688,0.34745
1986,9,22,0,0.00615,-0.32441,0.32447
1986,9,23,0,0.17796,-0.32763,0.37284
1986,9,24,0,0.32871,-0.31184,0.45309
1986,9,25,0,0.45337,-0.28336,0.53464
1986,9,26,0,0.54818,-0.24884,0.60201
1986,9,27,0,0.61057,-0.21461,0.64719
1986,9,28,0,0.63912,-0.18616,0.66568
1986,9,29,0,0.63347,-0.16772,0.65529
1986,9,30,0,0.59427,-0.16208,0.61598
1986,10,1,0,0.52331,-0.17053,0.5504
1986,10,2,0,0.4236,-0.19308,0.46553
1986,10,3,0,0.29955,-0.22885,0.37696
1986,10,4,0,0.15724,-0.27679,0.31833
1986,10,5,0,0.00474,-0.33653,0.33656
1986,10,6,0,-0.14743,-0.40933,0.43508
1986,10,7,0,-0.28584,-0.49852,0.57465
1986,10,8,0,-0.39457,-0.60769,0.72455
1986,10,9,0,-0.45956,-0.73484,0.86671
1986,10,10,0,-0.47814,-0.86567,0.98895
1986,10,11,0,-0.46277,-0.97808,1.08203
1986,10,12,0,-0.4286,-1.05517,1.1389
1986,10,13,0,-0.38126,-1.0899,1.15466
1986,10,14,0,-0.31726,-1.08168,1.12725
1986,10,15,0,-0.22928,-1.03348,1.05861
1986,10,16,0,-0.10992,-0.95076,0.95709
1986,10,17,0,0.04621,-0.84105,0.84232
1986,10,18,0,0.2414,-0.71352,0.75325
1986,10,19,0,0.47438,-0.57834,0.748
1986,10,20,0,0.74002,-0.44583,0.86395
1986,10,21,0,1.04799,-0.26724,1.08153
1986,10,22,0,1.3515,-0.06834,1.35323
1986,10,23,0,1.6359,0.1467,1.64247
1986,10,24,0,1.88613,0.37293,1.92265
1986,10,25,0,2.08755,0.60464,2.17335
1986,10,26,0,2.2268,0.83547,2.37837
1986,10,27,0,2.29263,1.05854,2.5252
1986,10,28,0,2.27674,1.26663,2.60536
1986,10,29,0,2.17446,1.4525,2.61497
1986,10,30,0,1.9853,1.60912,2.55552
1986,10,31,0,1.71322,1.73008,2.43481
1986,11,1,0,1.36669,1.80992,2.26796
1986,11,2,0,0.95844,1.84449,2.07864
1986,11,3,0,0.50492,1.83133,1.89966
1986,11,4,0,0.02548,1.76984,1.77002
1986,11,5,0,-0.45862,1.66151,1.72365
1986,11,6,0,-0.92544,1.50994,1.77098
1986,11,7,0,-1.35365,1.32076,1.89124
1986,11,8,0,-1.72378,1.1014,2.0456
1986,11,9,0,-2.01944,0.86074,2.19523
1986,11,10,0,-2.22837,0.60868,2.31
1986,11,11,0,-2.31498,0.52324,2.37337
1986,11,12,0,-2.32819,0.44343,2.37004
1986,11,13,0,-2.2691,0.35924,2.29736
1986,11,14,0,-2.14372,0.26158,2.15962
1986,11,15,0,-1.96174,0.14333,1.96697
1986,11,16,0,-1.7345,-0.00007,1.7345
1986,11,17,0,-1.47148,-0.17013,1.48129
1986,11,18,0,-1.17472,-0.36376,1.22975
1986,11,19,0,-0.83244,-0.56292,1.00491
1986,11,20,0,-0.4388,-0.70653,0.8317
1986,11,21,0,-0.06459,-0.7234,0.72628
1986,11,22,0,0.20521,-0.65028,0.68189
1986,11,23,0,0.36841,-0.55806,0.6687
1986,11,24,0,0.44728,-0.47644,0.65349
1986,11,25,0,0.45746,-0.41048,0.61462
1986,11,26,0,0.41018,-0.35674,0.5436
1986,11,27,0,0.31613,-0.3096,0.44249
1986,11,28,0,0.1872,-0.26381,0.32348
1986,11,29,0,0.03651,-0.21568,0.21875
1986,11,30,0,-0.12227,-0.16371,0.20433
1986,12,1,0,-0.27591,-0.10859,0.29651
1986,12,2,0,-0.41271,-0.05298,0.4161
1986,12,3,0,-0.52345,-0.00091,0.52345
1986,12,4,0,-0.60202,0.04295,0.60355
1986,12,5,0,-0.6457,0.07407,0.64994
1986,12,6,0,-0.65508,0.08876,0.66107
1986,12,7,0,-0.63363,0.08473,0.63927
1986,12,8,0,-0.58695,0.06137,0.59015
1986,12,9,0,-0.52199,0.01972,0.52237
1986,12,10,0,-0.44611,-0.03786,0.44771
1986,12,11,0,-0.3663,-0.10834,0.38199
1986,12,12,0,-0.28869,-0.18895,0.34502
1986,12,13,0,-0.21819,-0.27807,0.35345
1986,12,14,0,-0.15842,-0.3759,0.40792
1986,12,15,0,-0.11152,-0.48431,0.49698
1986,12,16,0,-0.07777,-0.60588,0.61085
1986,12,17,0,-0.05537,-0.74241,0.74447
1986,12,18,0,-0.04039,-0.89363,0.89454
1986,12,19,0,-0.02727,-1.05658,1.05693
1986,12,20,0,-0.00947,-1.22562,1.22566
1986,12,21,0,0.01964,-1.39283,1.39297
1986,12,22,0,0.06598,-1.54869,1.5501
1986,12,23,0,0.13405,-1.68291,1.68824
1986,12,24,0,0.2264,-1.78518,1.79948
1986,12,25,0,0.34335,-1.84598,1.87764
1986,12,26,0,0.48283,-1.85717,1.91891
1986,12,27,0,0.64048,-1.81251,1.92235
1986,12,28,0,0.8097,-1.70803,1.89024
1986,12,29,0,0.98201,-1.54234,1.82843
1986,12,30,0,1.14735,-1.31689,1.74661
1986,12,31,0,1.26858,-1.06955,1.65928
1987,1,1,0,1.39553,-0.7387,1.57898
1987,1,2,0,1.48088,-0.38309,1.52962
1987,1,3,0,1.5222,-0.00337,1.52221
1987,1,4,0,1.51296,0.38419,1.56097
1987,1,5,0,1.45099,0.7609,1.63839
1987,1,6,0,1.34002,1.10715,1.73823
1987,1,7,0,1.19011,1.40483,1.84117
1987,1,8,0,1.01633,1.63961,1.92906
1987,1,9,0,0.83634,1.80261,1.98717
1987,1,10,0,0.66733,1.89077,2.00508
1987,1,11,0,0.52372,1.90634,1.97697
1987,1,12,0,0.41574,1.85579,1.90178
1987,1,13,0,0.34908,1.74878,1.78328
1987,1,14,0,0.32505,1.59739,1.63013
1987,1,15,0,0.34114,1.41535,1.45588
1987,1,16,0,0.39161,1.21741,1.27885
1987,1,17,0,0.46812,1.01865,1.12106
1987,1,18,0,0.56032,0.83354,1.00436
1987,1,19,0,0.65643,0.67509,0.94162
1987,1,20,0,0.74392,0.55387,0.92746
1987,1,21,0,0.81031,0.47721,0.94039
1987,1,22,0,0.84411,0.4487,0.95595
1987,1,23,0,0.83571,0.46799,0.95782
1987,1,24,0,0.77828,0.531,0.94216
1987,1,25,0,0.6683,0.63027,0.91862
1987,1,26,0,0.50575,0.7556,0.90924
1987,1,27,0,0.29388,0.89453,0.94156
1987,1,28,0,0.03868,1.03283,1.03356
1987,1,29,0,-0.25186,1.15493,1.18207
1987,1,30,0,-0.56838,1.24406,1.36775
1987,1,31,0,-0.90047,1.2825,1.56705
1987,2,1,0,-1.23618,1.25175,1.75926
1987,2,2,0,-1.56008,1.13392,1.92863
1987,2,3,0,-1.85004,0.91606,2.06441
1987,2,4,0,-2.07534,0.60046,2.16046
1987,2,5,0,-2.20384,0.21708,2.2145
1987,2,6,0,-2.2201,-0.17883,2.22729
1987,2,7,0,-2.13617,-0.53214,2.20146
1987,2,8,0,-1.98106,-0.81038,2.1404
1987,2,9,0,-1.78435,-1.00376,2.0473
1987,2,10,0,-1.56908,-1.11442,1.92456
1987,2,11,0,-1.35158,-1.14867,1.77376
1987,2,12,0,-1.14321,-1.11397,1.5962
1987,2,13,0,-0.95162,-1.01855,1.39392
1987,2,14,0,-0.78179,-0.87175,1.17095
1987,2,15,0,-0.63668,-0.68455,0.93487
1987,2,16,0,-0.51807,-0.46983,0.69938
1987,2,17,0,-0.42722,-0.24237,0.49118
1987,2,18,0,-0.3657,-0.01859,0.36617
1987,2,19,0,-0.33587,0.18374,0.38284
1987,2,20,0,-0.34112,0.34556,0.48556
1987,2,21,0,-0.38476,0.44593,0.58898
1987,2,22,0,-0.46516,0.46099,0.65489
1987,2,23,0,-0.5618,0.3682,0.67171
1987,2,24,0,-0.6227,0.1703,0.64557
1987,2,25,0,-0.5986,-0.08793,0.60503
1987,2,26,0,-0.48741,-0.36357,0.60808
1987,2,27,0,-0.3126,-0.6427,0.71469
1987,2,28,0,-0.09725,-0.92226,0.92737
1987,3,1,0,0.09647,-1.20111,1.20498
1987,3,2,0,0.31548,-1.47356,1.50695
1987,3,3,0,0.52739,-1.72191,1.80087
1987,3,4,0,0.7234,-1.93096,2.06202
1987,3,5,0,0.89801,-2.08641,2.27146
1987,3,6,0,1.04895,-2.17628,2.41588
1987,3,7,0,1.17691,-2.1919,2.48787
1987,3,8,0,1.2847,-2.12858,2.48622
1987,3,9,0,1.37623,-1.98567,2.41597
1987,3,10,0,1.45522,-1.76579,2.28816
1987,3,11,0,1.5234,-1.47327,2.11927
1987,3,12,0,1.57791,-1.11143,1.93004
1987,3,13,0,1.60523,-0.6802,1.7434
1987,3,14,0,1.57016,-0.18299,1.58079
1987,3,15,0,1.4176,0.33511,1.45667
1987,3,16,0,1.14355,0.75997,1.37305
1987,3,17,0,0.83664,1.0192,1.31861
1987,3,18,0,0.57184,1.13882,1.27433
1987,3,19,0,0.37058,1.16411,1.22167
1987,3,20,0,0.23039,1.12466,1.14801
1987,3,21,0,0.14239,1.0387,1.04842
1987,3,22,0,0.09606,0.91994,0.92494
1987,3,23,0,0.08078,0.78099,0.78516
1987,3,24,0,0.08649,0.63471,0.64057
1987,3,25,0,0.10436,0.49416,0.50506
1987,3,26,0,0.12707,0.37212,0.39321
1987,3,27,0,0.14899,0.2802,0.31734
1987,3,28,0,0.16592,0.2279,0.2819
1987,3,29,0,0.17462,0.22171,0.28222
1987,3,30,0,0.17211,0.26433,0.31542
1987,3,31,0,0.1549,0.35411,0.38651
1987,4,1,0,0.11801,0.48473,0.49889
1987,4,2,0,0.05575,0.6449,0.6473
1987,4,3,0,-0.03807,0.81859,0.81947
1987,4,4,0,-0.16745,0.98576,0.99988
1987,4,5,0,-0.33012,1.12461,1.17206
1987,4,6,0,-0.51412,1.21587,1.3201
1987,4,7,0,-0.69853,1.24758,1.42982
1987,4,8,0,-0.85947,1.21707,1.48995
1987,4,9,0,-0.97731,1.12859,1.49294
1987,4,10,0,-1.04014,0.98958,1.43567
1987,4,11,0,-1.04354,0.80835,1.32
1987,4,12,0,-0.98877,0.59362,1.15328
1987,4,13,0,-0.88114,0.3548,0.94989
1987,4,14,0,-0.72864,0.10228,0.73578
1987,4,15,0,-0.54114,-0.15261,0.56225
1987,4,16,0,-0.32958,-0.39789,0.51666
1987,4,17,0,-0.10541,-0.62146,0.63033
1987,4,18,0,0.12006,-0.81174,0.82057
1987,4,19,0,0.33615,-0.95835,1.01559
1987,4,20,0,0.53331,-1.05275,1.18013
1987,4,21,0,0.70348,-1.08879,1.29629
1987,4,22,0,0.84027,-1.06321,1.35516
1987,4,23,0,0.93899,-0.97588,1.35426
1987,4,24,0,0.99649,-0.83006,1.29692
1987,4,25,0,1.01099,-0.63235,1.19246
1987,4,26,0,0.98174,-0.39252,1.0573
1987,4,27,0,0.90899,-0.12314,0.91729
1987,4,28,0,0.79402,0.16101,0.81018
1987,4,29,0,0.63949,0.44379,0.7784
1987,4,30,0,0.44518,0.71156,0.83935
1987,5,1,0,0.22296,0.94369,0.96967
1987,5,2,0,-0.01985,1.12833,1.12851
1987,5,3,0,-0.27229,1.25605,1.28522
1987,5,4,0,-0.52316,1.32176,1.42153
1987,5,5,0,-0.76267,1.32441,1.52831
1987,5,6,0,-0.98344,1.26601,1.60311
1987,5,7,0,-1.18073,1.15071,1.64871
1987,5,8,0,-1.35191,0.98395,1.67207
1987,5,9,0,-1.49557,0.77196,1.68305
1987,5,10,0,-1.61045,0.52142,1.69276
1987,5,11,0,-1.69452,0.23945,1.71135
1987,5,12,0,-1.74435,-0.06624,1.7456
1987,5,13,0,-1.75508,-0.38694,1.79723
1987,5,14,0,-1.7211,-0.71225,1.86266
1987,5,15,0,-1.63764,-1.02954,1.93438
1987,5,16,0,-1.50285,-1.32418,2.003
1987,5,17,0,-1.31956,-1.581,2.05931
1987,5,18,0,-1.09534,-1.78673,2.09576
1987,5,19,0,-0.84081,-1.93241,2.1074
1987,5,20,0,-0.56693,-2.01424,2.0925
1987,5,21,0,-0.28316,-2.03308,2.0527
1987,5,22,0,0.00311,-1.99287,1.99288
1987,5,23,0,0.28602,-1.89926,1.92068
1987,5,24,0,0.56036,-1.75837,1.8455
1987,5,25,0,0.82062,-1.57609,1.77693
1987,5,26,0,1.06049,-1.35755,1.72266
1987,5,27,0,1.27245,-1.10694,1.68655
1987,5,28,0,1.44774,-0.82775,1.66767
1987,5,29,0,1.57638,-0.52342,1.66101
1987,5,30,0,1.64757,-0.19862,1.6595
1987,5,31,0,1.65074,0.1388,1.65657
1987,6,1,0,1.57776,0.47587,1.64796
1987,6,2,0,1.4267,0.79395,1.63274
1987,6,3,0,1.20569,1.07141,1.61295
1987,6,4,0,0.93375,1.28987,1.59238
1987,6,5,0,0.63693,1.43989,1.57447
1987,6,6,0,0.3419,1.52221,1.56013
1987,6,7,0,0.07129,1.54465,1.54629
1987,6,8,0,-0.15773,1.51775,1.52593
1987,6,9,0,-0.33315,1.4518,1.48953
1987,6,10,0,-0.44733,1.35543,1.42734
1987,6,11,0,-0.49655,1.23549,1.33154
1987,6,12,0,-0.48079,1.09735,1.19805
1987,6,13,0,-0.40367,0.94558,1.02814
1987,6,14,0,-0.27227,0.78459,0.83049
1987,6,15,0,-0.09688,0.61914,0.62667
1987,6,16,0,0.10948,0.4547,0.46769
1987,6,17,0,0.33169,0.2975,0.44556
1987,6,18,0,0.55334,0.15431,0.57445
1987,6,19,0,0.75762,0.032,0.7583
1987,6,20,0,0.92837,-0.06313,0.93051
1987,6,21,0,1.05106,-0.12601,1.05858
1987,6,22,0,1.11378,-0.15352,1.12431
1987,6,23,0,1.10806,-0.14512,1.11752
1987,6,24,0,1.02947,-0.10335,1.03464
1987,6,25,0,0.87797,-0.03414,0.87864
1987,6,26,0,0.65805,0.05316,0.66019
1987,6,27,0,0.37863,0.14619,0.40587
1987,6,28,0,0.05303,0.23092,0.23693
1987,6,29,0,-0.30138,0.29405,0.42106
1987,6,30,0,-0.66385,0.32632,0.73972
1987,7,1,0,-1.01213,0.32541,1.06315
1987,7,2,0,-1.32504,0.29655,1.35782
1987,7,3,0,-1.58506,0.25005,1.60466
1987,7,4,0,-1.77983,0.19703,1.7907
1987,7,5,0,-1.90241,0.14579,1.90799
1987,7,6,0,-1.95085,0.10002,1.95342
1987,7,7,0,-1.92765,0.059,1.92855
1987,7,8,0,-1.83919,0.0188,1.83928
1987,7,9,0,-1.69519,-0.02604,1.69539
1987,7,10,0,-1.50791,-0.0809,1.51007
1987,7,11,0,-1.29121,-0.1499,1.29988
1987,7,12,0,-1.05942,-0.23508,1.08518
1987,7,13,0,-0.82616,-0.33616,0.89193
1987,7,14,0,-0.60326,-0.45068,0.75302
1987,7,15,0,-0.39979,-0.57452,0.69994
1987,7,16,0,-0.22148,-0.70256,0.73664
1987,7,17,0,-0.0704,-0.82935,0.83233
1987,7,18,0,0.05494,-0.94979,0.95138
1987,7,19,0,0.15902,-1.05939,1.07126
1987,7,20,0,0.24858,-1.15446,1.18092
1987,7,21,0,0.33141,-1.2319,1.2757
1987,7,22,0,0.41526,-1.289,1.35423
1987,7,23,0,0.50668,-1.32314,1.41684
1987,7,24,0,0.61024,-1.33178,1.46494
1987,7,25,0,0.72804,-1.31251,1.5009
1987,7,26,0,0.85963,-1.26332,1.52805
1987,7,27,0,1.00215,-1.18303,1.55044
1987,7,28,0,1.15055,-1.07158,1.57228
1987,7,29,0,1.298,-0.93038,1.59701
1987,7,30,0,1.43648,-0.76255,1.62634
1987,7,31,0,1.55738,-0.57362,1.65966
1987,8,1,0,1.65319,-0.36878,1.69382
1987,8,2,0,1.71719,-0.15495,1.72417
1987,8,3,0,1.74448,0.06089,1.74554
1987,8,4,0,1.7323,0.2724,1.75358
1987,8,5,0,1.68001,0.47442,1.74571
1987,8,6,0,1.58899,0.66317,1.72183
1987,8,7,0,1.46245,0.83616,1.68462
1987,8,8,0,1.30517,0.99186,1.63929
1987,8,9,0,1.12319,1.12933,1.59277
1987,8,10,0,0.9234,1.24784,1.55234
1987,8,11,0,0.71314,1.34656,1.52374
1987,8,12,0,0.49961,1.42436,1.50944
1987,8,13,0,0.28947,1.47973,1.50778
1987,8,14,0,0.08835,1.51088,1.51346
1987,8,15,0,-0.09929,1.51593,1.51918
1987,8,16,0,-0.27028,1.49325,1.51751
1987,8,17,0,-0.42254,1.4419,1.50254
1987,8,18,0,-0.5549,1.36206,1.47076
1987,8,19,0,-0.66693,1.25542,1.42158
1987,8,20,0,-0.75911,1.12532,1.35742
1987,8,21,0,-0.83321,0.97652,1.28368
1987,8,22,0,-0.89276,0.81463,1.20857
1987,8,23,0,-0.94304,0.64542,1.14275
1987,8,24,0,-0.99049,0.47418,1.09814
1987,8,25,0,-1.04169,0.30554,1.08557
1987,8,26,0,-1.10208,0.14347,1.11138
1987,8,27,0,-1.17502,-0.00866,1.17505
1987,8,28,0,-1.26112,-0.14814,1.2698
1987,8,29,0,-1.35805,-0.27302,1.38522
1987,8,30,0,-1.4606,-0.38227,1.5098
1987,8,31,0,-1.56122,-0.47589,1.63214
1987,9,1,0,-1.65061,-0.55481,1.74135
1987,9,2,0,-1.71862,-0.62061,1.82724
1987,9,3,0,-1.7552,-0.67503,1.88053
1987,9,4,0,-1.75135,-0.71939,1.89335
1987,9,5,0,-1.70012,-0.75405,1.85984
1987,9,6,0,-1.5973,-0.77814,1.77676
1987,9,7,0,-1.44219,-0.78965,1.64422
1987,9,8,0,-1.23769,-0.78603,1.4662
1987,9,9,0,-0.9903,-0.76506,1.2514
1987,9,10,0,-0.70958,-0.72562,1.0149
1987,9,11,0,-0.40738,-0.66831,0.78269
1987,9,12,0,-0.097,-0.59546,0.60331
1987,9,13,0,0.2078,-0.5107,0.55136
1987,9,14,0,0.49362,-0.41839,0.64707
1987,9,15,0,0.74817,-0.32295,0.8149
1987,9,16,0,0.96104,-0.2285,0.98783
1987,9,17,0,1.12426,-0.13854,1.13276
1987,9,18,0,1.23277,-0.05599,1.23404
1987,9,19,0,1.28466,0.01684,1.28477
1987,9,20,0,1.28121,0.0783,1.2836
1987,9,21,0,1.22666,0.12743,1.23326
1987,9,22,0,1.12774,0.16417,1.13963
1987,9,23,0,0.99312,0.18943,1.01102
1987,9,24,0,0.83269,0.2049,0.85753
1987,9,25,0,0.657,0.21279,0.6906
1987,9,26,0,0.4766,0.21534,0.52299
1987,9,27,0,0.30156,0.21434,0.36997
1987,9,28,0,0.14093,0.21078,0.25356
1987,9,29,0,0.0023,0.20474,0.20476
1987,9,30,0,-0.10867,0.19542,0.22361
1987,10,1,0,-0.18857,0.1814,0.26166
1987,10,2,0,-0.23644,0.16093,0.28601
1987,10,3,0,-0.25368,0.13234,0.28612
1987,10,4,0,-0.24374,0.09436,0.26137
1987,10,5,0,-0.21142,0.04649,0.21647
1987,10,6,0,-0.16178,-0.01064,0.16213
1987,10,7,0,-0.09891,-0.07486,0.12404
1987,10,8,0,-0.02509,-0.14205,0.14424
1987,10,9,0,0.05812,-0.20687,0.21488
1987,10,10,0,0.14652,-0.26614,0.3038
1987,10,11,0,0.23192,-0.32262,0.39733
1987,10,12,0,0.30599,-0.38261,0.48992
1987,10,13,0,0.36331,-0.44991,0.57828
1987,10,14,0,0.40126,-0.52352,0.65961
1987,10,15,0,0.41923,-0.59868,0.73087
1987,10,16,0,0.41849,-0.66866,0.78882
1987,10,17,0,0.40223,-0.72609,0.83006
1987,10,18,0,0.37556,-0.76414,0.85144
1987,10,19,0,0.34522,-0.77731,0.85052
1987,10,20,0,0.31905,-0.76213,0.82621
1987,10,21,0,0.35034,-0.69958,0.78241
1987,10,22,0,0.39267,-0.60496,0.72122
1987,10,23,0,0.4461,-0.47879,0.65441
1987,10,24,0,0.50959,-0.32331,0.6035
1987,10,25,0,0.581,-0.14248,0.59821
1987,10,26,0,0.65723,0.0582,0.6598
1987,10,27,0,0.7344,0.27186,0.7831
1987,10,28,0,0.80806,0.49058,0.94532
1987,10,29,0,0.87344,0.70584,1.123
1987,10,30,0,0.92572,0.90888,1.29731
1987,10,31,0,0.96021,1.0912,1.45352
1987,11,1,0,0.97268,1.24497,1.57989
1987,11,2,0,0.95948,1.36343,1.6672
1987,11,3,0,0.91782,1.44126,1.70869
1987,11,4,0,0.84585,1.47475,1.7001
1987,11,5,0,0.74285,1.46204,1.63993
1987,11,6,0,0.60933,1.40315,1.52974
1987,11,7,0,0.44706,1.29992,1.37465
1987,11,8,0,0.25917,1.15596,1.18466
1987,11,9,0,0.0501,0.97636,0.97764
1987,11,10,0,-0.17442,0.76752,0.78709
1987,11,11,0,-0.37028,0.56637,0.67667
1987,11,12,0,-0.59907,0.38356,0.71134
1987,11,13,0,-0.84906,0.22675,0.87882
1987,11,14,0,-1.10594,0.0987,1.11033
1987,11,15,0,-1.35396,-0.00431,1.35396
1987,11,16,0,-1.57682,-0.09442,1.57965
1987,11,17,0,-1.75767,-0.19541,1.7685
1987,11,18,0,-1.87548,-0.34725,1.90736
1987,11,19,0,-1.89365,-0.60148,1.98688
1987,11,20,0,-1.75982,-0.95222,2.00092
1987,11,21,0,-1.50251,-1.23748,1.94651
1987,11,22,0,-1.2372,-1.34035,1.82406
1987,11,23,0,-0.99608,-1.3003,1.63797
1987,11,24,0,-0.75574,-1.17546,1.39744
1987,11,25,0,-0.49571,-1.00318,1.11898
1987,11,26,0,-0.20809,-0.80774,0.83411
1987,11,27,0,0.10511,-0.60625,0.61529
1987,11,28,0,0.43503,-0.41084,0.59837
1987,11,29,0,0.76847,-0.22929,0.80195
1987,11,30,0,1.08999,-0.06525,1.09195
1987,12,1,0,1.38363,0.08137,1.38602
1987,12,2,0,1.63437,0.21382,1.6483
1987,12,3,0,1.82921,0.33763,1.86011
1987,12,4,0,1.95787,0.45945,2.01105
1987,12,5,0,2.01307,0.58582,2.09658
1987,12,6,0,1.99054,0.72178,2.11736
1987,12,7,0,1.88871,0.86957,2.07927
1987,12,8,0,1.70839,1.02741,1.99353
1987,12,9,0,1.45264,1.1885,1.87689
1987,12,10,0,1.12708,1.34054,1.75138
1987,12,11,0,0.74096,1.46611,1.64271
1987,12,12,0,0.309,1.54476,1.57536
1987,12,13,0,-0.14716,1.55734,1.56428
1987,12,14,0,-0.59969,1.4917,1.60773
1987,12,15,0,-1.01863,1.34709,1.68886
1987,12,16,0,-1.37794,1.13395,1.78453
1987,12,17,0,-1.6599,0.86952,1.87386
1987,12,18,0,-1.85604,0.57237,1.94229
1987,12,19,0,-1.96566,0.25886,1.98264
1987,12,20,0,-1.99369,-0.05804,1.99453
1987,12,21,0,-1.94896,-0.36851,1.9835
1987,12,22,0,-1.84307,-0.66515,1.95942
1987,12,23,0,-1.68937,-0.94227,1.93438
1987,12,24,0,-1.50216,-1.19533,1.91971
1987,12,25,0,-1.29585,-1.42055,1.92281
1987,12,26,0,-1.0841,-1.6147,1.94488
1987,12,27,0,-0.87899,-1.77505,1.98076
1987,12,28,0,-0.69037,-1.89938,2.02095
1987,12,29,0,-0.52537,-1.98616,2.05447
1987,12,30,0,-0.38821,-2.03474,2.07144
1987,12,31,0,-0.33202,-2.03773,2.06461
1988,1,1,0,-0.24475,-2.01518,2.02999
1988,1,2,0,-0.19489,-1.95656,1.96625
1988,1,3,0,-0.15974,-1.86788,1.8747
1988,1,4,0,-0.13251,-1.75317,1.75818
1988,1,5,0,-0.10648,-1.61684,1.62034
1988,1,6,0,-0.07522,-1.46319,1.46512
1988,1,7,0,-0.03255,-1.29626,1.29666
1988,1,8,0,0.02741,-1.11982,1.12015
1988,1,9,0,0.11008,-0.93765,0.94409
1988,1,10,0,0.21973,-0.75379,0.78516
1988,1,11,0,0.35873,-0.5726,0.67569
1988,1,12,0,0.52687,-0.39865,0.6607
1988,1,13,0,0.72105,-0.23638,0.75881
1988,1,14,0,0.93533,-0.08958,0.93961
1988,1,15,0,1.16147,0.03901,1.16212
1988,1,16,0,1.38967,0.148,1.39753
1988,1,17,0,1.60953,0.23741,1.62694
1988,1,18,0,1.81095,0.30855,1.83704
1988,1,19,0,1.98501,0.3638,2.01807
1988,1,20,0,2.12462,0.40629,2.16312
1988,1,21,0,2.2249,0.4397,2.26793
1988,1,22,0,2.28345,0.46815,2.33094
1988,1,23,0,2.3002,0.49615,2.3531
1988,1,24,0,2.27726,0.52852,2.33779
1988,1,25,0,2.21851,0.57032,2.29065
1988,1,26,0,2.12901,0.62651,2.21928
1988,1,27,0,2.01435,0.70159,2.13303
1988,1,28,0,1.87986,0.79915,2.04267
1988,1,29,0,1.7296,0.92153,1.95978
1988,1,30,0,1.56531,1.06941,1.89574
1988,1,31,0,1.38519,1.24153,1.86015
1988,2,1,0,1.18288,1.43395,1.85887
1988,2,2,0,0.94725,1.63861,1.8927
1988,2,3,0,0.66509,1.8409,1.95736
1988,2,4,0,0.32917,2.01835,2.04501
1988,2,5,0,-0.05011,2.14572,2.1463
1988,2,6,0,-0.44302,2.20817,2.25217
1988,2,7,0,-0.8173,2.2086,2.35497
1988,2,8,0,-1.15504,2.15952,2.44901
1988,2,9,0,-1.45321,2.07185,2.53069
1988,2,10,0,-1.71588,1.95134,2.59846
1988,2,11,0,-1.94818,1.79999,2.65243
1988,2,12,0,-2.15382,1.61834,2.69406
1988,2,13,0,-2.33446,1.40674,2.72555
1988,2,14,0,-2.48984,1.16592,2.74931
1988,2,15,0,-2.61818,0.89694,2.76755
1988,2,16,0,-2.7164,0.60087,2.78207
1988,2,17,0,-2.78032,0.27826,2.79421
1988,2,18,0,-2.80422,-0.07152,2.80513
1988,2,19,0,-2.77968,-0.45102,2.81604
1988,2,20,0,-2.6926,-0.8654,2.82825
1988,2,21,0,-2.51737,-1.32134,2.84307
1988,2,22,0,-2.20982,-1.81756,2.86126
1988,2,23,0,-1.72009,-2.31295,2.88244
1988,2,24,0,-1.07305,-2.699,2.90448
1988,2,25,0,-0.42172,-2.89281,2.92339
1988,2,26,0,0.10376,-2.93167,2.9335
1988,2,27,0,0.48215,-2.88834,2.92831
1988,2,28,0,0.73681,-2.80632,2.90144
1988,2,29,0,0.89247,-2.70422,2.84769
1988,3,1,0,0.96828,-2.58875,2.76391
1988,3,2,0,0.97529,-2.46378,2.64979
1988,3,3,0,0.93378,-2.32642,2.50682
1988,3,4,0,0.85899,-2.17584,2.33926
1988,3,5,0,0.76694,-2.01185,2.15308
1988,3,6,0,0.6741,-1.83544,1.95531
1988,3,7,0,0.59667,-1.64882,1.75346
1988,3,8,0,0.5497,-1.45517,1.55553
1988,3,9,0,0.5461,-1.25776,1.3712
1988,3,10,0,0.59574,-1.05847,1.2146
1988,3,11,0,0.70451,-0.85512,1.10795
1988,3,12,0,0.87272,-0.63695,1.08043
1988,3,13,0,1.09071,-0.37762,1.15423
1988,3,14,0,1.32679,-0.03145,1.32716
1988,3,15,0,1.51488,0.43508,1.57612
1988,3,16,0,1.60317,0.96793,1.87271
1988,3,17,0,1.62586,1.4689,2.19114
1988,3,18,0,1.63587,1.90243,2.50904
1988,3,19,0,1.64834,2.27184,2.80683
1988,3,20,0,1.65591,2.58214,3.06749
1988,3,21,0,1.64501,2.83409,3.27691
1988,3,22,0,1.60206,3.02661,3.42446
1988,3,23,0,1.51562,3.15871,3.5035
1988,3,24,0,1.37732,3.23047,3.51183
1988,3,25,0,1.18241,3.24314,3.45196
1988,3,26,0,0.93002,3.1989,3.33135
1988,3,27,0,0.62324,3.10028,3.1623
1988,3,28,0,0.26898,2.94964,2.96188
1988,3,29,0,-0.1223,2.74861,2.75133
1988,3,30,0,-0.53689,2.49773,2.55478
1988,3,31,0,-0.95824,2.19629,2.39623
1988,4,1,0,-1.36841,1.84159,2.29434
1988,4,2,0,-1.74376,1.43211,2.25647
1988,4,3,0,-2.05937,0.96872,2.27583
1988,4,4,0,-2.28912,0.45919,2.33472
1988,4,5,0,-2.41019,-0.07688,2.41142
1988,4,6,0,-2.41111,-0.60669,2.48627
1988,4,7,0,-2.29872,-1.09119,2.54456
1988,4,8,0,-2.09706,-1.49777,2.57701
1988,4,9,0,-1.83783,-1.8092,2.57892
1988,4,10,0,-1.55051,-2.02344,2.54919
1988,4,11,0,-1.25769,-2.14807,2.48918
1988,4,12,0,-0.97505,-2.19504,2.40186
1988,4,13,0,-0.71293,-2.17739,2.29113
1988,4,14,0,-0.47783,-2.10794,2.16142
1988,4,15,0,-0.27347,-1.99868,2.01731
1988,4,16,0,-0.10132,-1.86068,1.86344
1988,4,17,0,0.03909,-1.70393,1.70438
1988,4,18,0,0.14988,-1.53725,1.54454
1988,4,19,0,0.23455,-1.36817,1.38813
1988,4,20,0,0.2976,-1.20273,1.239
1988,4,21,0,0.34413,-1.04541,1.1006
1988,4,22,0,0.37938,-0.89913,0.97589
1988,4,23,0,0.40836,-0.76526,0.8674
1988,4,24,0,0.43547,-0.64384,0.77728
1988,4,25,0,0.46432,-0.53378,0.70747
1988,4,26,0,0.49752,-0.43318,0.65967
1988,4,27,0,0.53669,-0.33963,0.63513
1988,4,28,0,0.58255,-0.25059,0.63416
1988,4,29,0,0.63498,-0.16365,0.65573
1988,4,30,0,0.6927,-0.07337,0.69658
1988,5,1,0,0.75526,0.01705,0.75546
1988,5,2,0,0.82086,0.10939,0.82811
1988,5,3,0,0.88818,0.20281,0.91104
1988,5,4,0,0.95605,0.29576,1.00075
1988,5,5,0,1.02318,0.38637,1.0937
1988,5,6,0,1.08792,0.4728,1.18622
1988,5,7,0,1.14791,0.55352,1.2744
1988,5,8,0,1.19995,0.62742,1.35408
1988,5,9,0,1.23997,0.69392,1.42093
1988,5,10,0,1.2632,0.75293,1.47057
1988,5,11,0,1.26442,0.80466,1.49874
1988,5,12,0,1.23842,0.84926,1.50164
1988,5,13,0,1.18054,0.88626,1.47619
1988,5,14,0,1.08742,0.91398,1.42051
1988,5,15,0,0.95773,0.9292,1.33441
1988,5,16,0,0.7928,0.92748,1.22014
1988,5,17,0,0.59671,0.90442,1.08353
1988,5,18,0,0.37571,0.8574,0.9361
1988,5,19,0,0.13714,0.7868,0.79866
1988,5,20,0,-0.11135,0.69616,0.70501
1988,5,21,0,-0.36203,0.59125,0.69328
1988,5,22,0,-0.60687,0.47865,0.77291
1988,5,23,0,-0.83724,0.36461,0.91318
1988,5,24,0,-1.04394,0.25424,1.07445
1988,5,25,0,-1.21761,0.15114,1.22696
1988,5,26,0,-1.34942,0.05743,1.35064
1988,5,27,0,-1.43187,-0.026,1.43211
1988,5,28,0,-1.45973,-0.09882,1.46307
1988,5,29,0,-1.4307,-0.16051,1.43967
1988,5,30,0,-1.34614,-0.20941,1.36233
1988,5,31,0,-1.21158,-0.24191,1.2355
1988,6,1,0,-1.03702,-0.25241,1.0673
1988,6,2,0,-0.83679,-0.23475,0.86909
1988,6,3,0,-0.62817,-0.1853,0.65493
1988,6,4,0,-0.42864,-0.10635,0.44163
1988,6,5,0,-0.25282,-0.00713,0.25292
1988,6,6,0,-0.1109,0.09853,0.14835
1988,6,7,0,-0.00891,0.19591,0.19611
1988,6,8,0,0.05012,0.27238,0.27695
1988,6,9,0,0.06542,0.31887,0.32552
1988,6,10,0,0.0383,0.3301,0.33232
1988,6,11,0,-0.02765,0.30416,0.30542
1988,6,12,0,-0.12631,0.24193,0.27292
1988,6,13,0,-0.24901,0.14636,0.28884
1988,6,14,0,-0.38476,0.02197,0.38539
1988,6,15,0,-0.52084,-0.12567,0.53579
1988,6,16,0,-0.64367,-0.2902,0.70606
1988,6,17,0,-0.73984,-0.46472,0.87369
1988,6,18,0,-0.7973,-0.64188,1.02357
1988,6,19,0,-0.80639,-0.8141,1.14587
1988,6,20,0,-0.76073,-0.97374,1.23567
1988,6,21,0,-0.65787,-1.11337,1.29321
1988,6,22,0,-0.49945,-1.22601,1.32384
1988,6,23,0,-0.2912,-1.30538,1.33746
1988,6,24,0,-0.04249,-1.34605,1.34672
1988,6,25,0,0.23416,-1.34363,1.36389
1988,6,26,0,0.52374,-1.29501,1.39691
1988,6,27,0,0.8094,-1.19892,1.44657
1988,6,28,0,1.07327,-1.05704,1.5064
1988,6,29,0,1.29781,-0.87533,1.56541
1988,6,30,0,1.46792,-0.665,1.61152
1988,7,1,0,1.57359,-0.44182,1.63444
1988,7,2,0,1.61184,-0.2231,1.6272
1988,7,3,0,1.58668,-0.02363,1.58686
1988,7,4,0,1.50731,0.14736,1.5145
1988,7,5,0,1.38551,0.28692,1.41491
1988,7,6,0,1.23372,0.39718,1.29608
1988,7,7,0,1.06379,0.48341,1.16847
1988,7,8,0,0.88648,0.55209,1.04435
1988,7,9,0,0.71105,0.60956,0.93656
1988,7,10,0,0.54495,0.66099,0.85667
1988,7,11,0,0.39354,0.70999,0.81176
1988,7,12,0,0.25982,0.75836,0.80164
1988,7,13,0,0.14434,0.80628,0.81909
1988,7,14,0,0.04523,0.85247,0.85367
1988,7,15,0,-0.04142,0.8946,0.89555
1988,7,16,0,-0.12107,0.92953,0.93738
1988,7,17,0,-0.19996,0.95366,0.9744
1988,7,18,0,-0.28417,0.96309,1.00414
1988,7,19,0,-0.37863,0.95385,1.02625
1988,7,20,0,-0.48617,0.92213,1.04244
1988,7,21,0,-0.6068,0.86465,1.05632
1988,7,22,0,-0.73736,0.77921,1.07278
1988,7,23,0,-0.87173,0.6654,1.09666
1988,7,24,0,-1.00159,0.52515,1.13091
1988,7,25,0,-1.11757,0.36305,1.17506
1988,7,26,0,-1.21049,0.18612,1.22471
1988,7,27,0,-1.27243,0.00326,1.27243
1988,7,28,0,-1.29751,-0.17563,1.30934
1988,7,29,0,-1.28236,-0.34044,1.32678
1988,7,30,0,-1.22644,-0.48172,1.31765
1988,7,31,0,-1.13214,-0.59122,1.27721
1988,8,1,0,-1.00406,-0.66378,1.20364
1988,8,2,0,-0.84905,-0.69656,1.09822
1988,8,3,0,-0.67531,-0.68982,0.96535
1988,8,4,0,-0.49179,-0.64676,0.8125
1988,8,5,0,-0.3076,-0.57295,0.6503
1988,8,6,0,-0.13164,-0.47556,0.49345
1988,8,7,0,0.02781,-0.3625,0.36356
1988,8,8,0,0.16338,-0.24159,0.29165
1988,8,9,0,0.26906,-0.12001,0.29461
1988,8,10,0,0.34061,-0.00385,0.34063
1988,8,11,0,0.37593,0.10208,0.38955
1988,8,12,0,0.37539,0.19428,0.42268
1988,8,13,0,0.34186,0.27038,0.43586
1988,8,14,0,0.28066,0.32897,0.43243
1988,8,15,0,0.19922,0.36939,0.41969
1988,8,16,0,0.10662,0.39155,0.40581
1988,8,17,0,0.01289,0.396,0.39621
1988,8,18,0,-0.07174,0.3841,0.39074
1988,8,19,0,-0.13769,0.35814,0.3837
1988,8,20,0,-0.17699,0.32146,0.36696
1988,8,21,0,-0.18409,0.27794,0.33338
1988,8,22,0,-0.15653,0.23124,0.27923
1988,8,23,0,-0.09502,0.18378,0.20689
1988,8,24,0,-0.0033,0.13614,0.13618
1988,8,25,0,0.11249,0.08701,0.14221
1988,8,26,0,0.24438,0.03381,0.24671
1988,8,27,0,0.38326,-0.02642,0.38417
1988,8,28,0,0.51953,-0.09606,0.52833
1988,8,29,0,0.64382,-0.17621,0.6675
1988,8,30,0,0.74778,-0.26628,0.79377
1988,8,31,0,0.82475,-0.36388,0.90145
1988,9,1,0,0.87045,-0.46507,0.9869
1988,9,2,0,0.88337,-0.56474,1.04846
1988,9,3,0,0.86487,-0.65711,1.08618
1988,9,4,0,0.81898,-0.7362,1.10124
1988,9,5,0,0.75178,-0.79619,1.09503
1988,9,6,0,0.67053,-0.83166,1.0683
1988,9,7,0,0.58279,-0.83779,1.02056
1988,9,8,0,0.49552,-0.81056,0.95002
1988,9,9,0,0.41445,-0.74712,0.85437
1988,9,10,0,0.34381,-0.64623,0.732
1988,9,11,0,0.28624,-0.50883,0.58382
1988,9,12,0,0.24281,-0.33843,0.41652
1988,9,13,0,0.21312,-0.14128,0.25569
1988,9,14,0,0.19538,0.07383,0.20886
1988,9,15,0,0.18651,0.29611,0.34996
1988,9,16,0,0.18245,0.5136,0.54504
1988,9,17,0,0.17853,0.71405,0.73603
1988,9,18,0,0.17009,0.88594,0.90212
1988,9,19,0,0.15307,1.01928,1.03071
1988,9,20,0,0.12461,1.10642,1.11342
1988,9,21,0,0.08329,1.14267,1.1457
1988,9,22,0,0.02919,1.12676,1.12714
1988,9,23,0,-0.0364,1.06111,1.06174
1988,9,24,0,-0.11129,0.95175,0.95823
1988,9,25,0,-0.19276,0.80787,0.83054
1988,9,26,0,-0.27772,0.6411,0.69867
1988,9,27,0,-0.36278,0.46447,0.58936
1988,9,28,0,-0.44427,0.29116,0.53118
1988,9,29,0,-0.51829,0.13332,0.53517
1988,9,30,0,-0.58094,0.00091,0.58094
1988,10,1,0,-0.62857,-0.09913,0.63634
1988,10,2,0,-0.65833,-0.16344,0.67831
1988,10,3,0,-0.66864,-0.19234,0.69575
1988,10,4,0,-0.65979,-0.18966,0.68651
1988,10,5,0,-0.63441,-0.1622,0.65481
1988,10,6,0,-0.59772,-0.11903,0.60945
1988,10,7,0,-0.55735,-0.07063,0.56181
1988,10,8,0,-0.52221,-0.02764,0.52294
1988,10,9,0,-0.49956,0.00102,0.49956
1988,10,10,0,-0.49124,0.0102,0.49135
1988,10,11,0,-0.49299,-0.00224,0.493
1988,10,12,0,-0.49859,-0.03858,0.50008
1988,10,13,0,-0.50401,-0.10175,0.51417
1988,10,14,0,-0.50846,-0.1932,0.54393
1988,10,15,0,-0.5135,-0.31109,0.60039
1988,10,16,0,-0.5217,-0.4499,0.6889
1988,10,17,0,-0.53543,-0.60089,0.80483
1988,10,18,0,-0.55589,-0.75312,0.93606
1988,10,19,0,-0.58246,-0.89467,1.06756
1988,10,20,0,-0.61237,-1.014,1.18457
1988,10,21,0,-0.57426,-1.13778,1.27449
1988,10,22,0,-0.51653,-1.22305,1.32765
1988,10,23,0,-0.4399,-1.26266,1.3371
1988,10,24,0,-0.34628,-1.25267,1.29965
1988,10,25,0,-0.23855,-1.19263,1.21625
1988,10,26,0,-0.12024,-1.08562,1.09226
1988,10,27,0,0.00485,-0.93798,0.93799
1988,10,28,0,0.13292,-0.75871,0.77026
1988,10,29,0,0.26059,-0.55875,0.61653
1988,10,30,0,0.38505,-0.35007,0.52039
1988,10,31,0,0.5042,-0.14465,0.52454
1988,11,1,0,0.61673,0.04641,0.61848
1988,11,2,0,0.72197,0.2138,0.75296
1988,11,3,0,0.81973,0.35063,0.89157
1988,11,4,0,0.91007,0.4529,1.01654
1988,11,5,0,0.99304,0.5197,1.12081
1988,11,6,0,1.0684,0.55307,1.20307
1988,11,7,0,1.13544,0.55775,1.26503
1988,11,8,0,1.19286,0.54055,1.30962
1988,11,9,0,1.23876,0.50969,1.33952
1988,11,10,0,1.27074,0.47399,1.35626
1988,11,11,0,1.31894,0.35009,1.36461
1988,11,12,0,1.33763,0.23885,1.35879
1988,11,13,0,1.32882,0.15281,1.33757
1988,11,14,0,1.29666,0.10242,1.3007
1988,11,15,0,1.24636,0.09566,1.25003
1988,11,16,0,1.18239,0.13821,1.19044
1988,11,17,0,1.10548,0.23471,1.13012
1988,11,18,0,1.00668,0.39019,1.07966
1988,11,19,0,0.85739,0.60515,1.04944
1988,11,20,0,0.6197,0.84214,1.04557
1988,11,21,0,0.33189,1.0136,1.06655
1988,11,22,0,0.08977,1.09984,1.1035
1988,11,23,0,-0.07998,1.14085,1.14365
1988,11,24,0,-0.18934,1.15898,1.17434
1988,11,25,0,-0.25148,1.15858,1.18556
1988,11,26,0,-0.27703,1.13768,1.17092
1988,11,27,0,-0.27612,1.09341,1.12773
1988,11,28,0,-0.25935,1.02441,1.05673
1988,11,29,0,-0.23779,0.93178,0.96164
1988,11,30,0,-0.22233,0.8194,0.84903
1988,12,1,0,-0.22283,0.69365,0.72856
1988,12,2,0,-0.24728,0.56277,0.6147
1988,12,3,0,-0.30121,0.43589,0.52984
1988,12,4,0,-0.38734,0.32186,0.50361
1988,12,5,0,-0.50563,0.22803,0.55467
1988,12,6,0,-0.6536,0.15909,0.67268
1988,12,7,0,-0.82688,0.11613,0.83499
1988,12,8,0,-1.01982,0.0961,1.02433
1988,12,9,0,-1.22599,0.09166,1.22941
1988,12,10,0,-1.43839,0.09197,1.44132
1988,12,11,0,-1.64915,0.08427,1.6513
1988,12,12,0,-1.84911,0.05672,1.84998
1988,12,13,0,-2.02752,0.00191,2.02752
1988,12,14,0,-2.1728,-0.08042,2.17428
1988,12,15,0,-2.27428,-0.18334,2.28166
1988,12,16,0,-2.32426,-0.29572,2.343
1988,12,17,0,-2.31899,-0.40633,2.35432
1988,12,18,0,-2.25871,-0.50659,2.31482
1988,12,19,0,-2.14707,-0.59126,2.22699
1988,12,20,0,-1.99052,-0.65788,2.09642
1988,12,21,0,-1.79768,-0.70592,1.93132
1988,12,22,0,-1.57858,-0.7361,1.74177
1988,12,23,0,-1.34385,-0.74992,1.53893
1988,12,24,0,-1.1039,-0.74942,1.33425
1988,12,25,0,-0.86806,-0.73703,1.13874
1988,12,26,0,-0.64395,-0.71546,0.96258
1988,12,27,0,-0.437,-0.68773,0.81482
1988,12,28,0,-0.25009,-0.65719,0.70317
1988,12,29,0,-0.08354,-0.6275,0.63303
1988,12,30,0,0.06488,-0.60252,0.60601
1988,12,31,0,0.18489,-0.59016,0.61844
1989,1,1,0,0.3126,-0.58888,0.6667
1989,1,2,0,0.43738,-0.60421,0.7459
1989,1,3,0,0.57055,-0.63592,0.85436
1989,1,4,0,0.71949,-0.68299,0.99204
1989,1,5,0,0.89001,-0.74241,1.159
1989,1,6,0,1.08515,-0.80941,1.35377
1989,1,7,0,1.30439,-0.87809,1.57241
1989,1,8,0,1.54322,-0.94204,1.80803
1989,1,9,0,1.79351,-0.9947,2.05088
1989,1,10,0,2.04425,-1.02953,2.28886
1989,1,11,0,2.28267,-1.03988,2.50838
1989,1,12,0,2.49542,-1.01906,2.69548
1989,1,13,0,2.66953,-0.9606,2.8371
1989,1,14,0,2.79342,-0.85887,2.92247
1989,1,15,0,2.85759,-0.70996,2.94446
1989,1,16,0,2.85522,-0.51258,2.90087
1989,1,17,0,2.78264,-0.26889,2.7956
1989,1,18,0,2.63962,0.01505,2.63967
1989,1,19,0,2.42965,0.32922,2.45186
1989,1,20,0,2.15993,0.66015,2.25856
1989,1,21,0,1.84116,0.99198,2.09139
1989,1,22,0,1.48702,1.30768,1.98022
1989,1,23,0,1.1131,1.59047,1.94129
1989,1,24,0,0.7356,1.82509,1.96775
1989,1,25,0,0.36981,1.99865,2.03258
1989,1,26,0,0.02876,2.10134,2.10153
1989,1,27,0,-0.27784,2.12685,2.14492
1989,1,28,0,-0.54399,2.07255,2.14275
1989,1,29,0,-0.76719,1.9396,2.08582
1989,1,30,0,-0.94755,1.73282,1.97497
1989,1,31,0,-1.08628,1.46035,1.82006
1989,2,1,0,-1.1837,1.13336,1.6388
1989,2,2,0,-1.23719,0.76613,1.4552
1989,2,3,0,-1.24023,0.37748,1.29641
1989,2,4,0,-1.18566,-0.00625,1.18568
1989,2,5,0,-1.07543,-0.35111,1.13129
1989,2,6,0,-0.92991,-0.62467,1.12024
1989,2,7,0,-0.78226,-0.80956,1.12575
1989,2,8,0,-0.66145,-0.90564,1.12147
1989,2,9,0,-0.58203,-0.92174,1.09012
1989,2,10,0,-0.54495,-0.86867,1.02546
1989,2,11,0,-0.54214,-0.75742,0.93145
1989,2,12,0,-0.56068,-0.59987,0.8211
1989,2,13,0,-0.58601,-0.40964,0.71499
1989,2,14,0,-0.60434,-0.20234,0.63731
1989,2,15,0,-0.60451,0.005,0.60453
1989,2,16,0,-0.57929,0.19519,0.61129
1989,2,17,0,-0.52613,0.35243,0.63326
1989,2,18,0,-0.44708,0.46417,0.64447
1989,2,19,0,-0.34815,0.52271,0.62804
1989,2,20,0,-0.23781,0.52677,0.57797
1989,2,21,0,-0.12477,0.48274,0.4986
1989,2,22,0,-0.0146,0.40587,0.40613
1989,2,23,0,0.09418,0.32001,0.33358
1989,2,24,0,0.209,0.24895,0.32505
1989,2,25,0,0.33,0.19835,0.38502
1989,2,26,0,0.44224,0.1569,0.46925
1989,2,27,0,0.52576,0.11631,0.53847
1989,2,28,0,0.56462,0.07788,0.56996
1989,3,1,0,0.5483,0.03366,0.54933
1989,3,2,0,0.47717,0.02211,0.47768
1989,3,3,0,0.35485,0.04195,0.35732
1989,3,4,0,0.19135,0.09739,0.21471
1989,3,5,0,0.00014,0.18784,0.18784
1989,3,6,0,-0.20379,0.30754,0.36894
1989,3,7,0,-0.40584,0.44583,0.60289
1989,3,8,0,-0.59371,0.58794,0.83556
1989,3,9,0,-0.75886,0.71622,1.04347
1989,3,10,0,-0.89745,0.81144,1.20989
1989,3,11,0,-1.01038,0.85366,1.32273
1989,3,12,0,-1.10192,0.82236,1.37495
1989,3,13,0,-1.17479,0.69577,1.36536
1989,3,14,0,-1.21717,0.45546,1.2996
1989,3,15,0,-1.18598,0.11634,1.19167
1989,3,16,0,-1.03974,-0.23711,1.06644
1989,3,17,0,-0.80474,-0.5275,0.96222
1989,3,18,0,-0.53433,-0.75554,0.92539
1989,3,19,0,-0.26221,-0.94829,0.98388
1989,3,20,0,-0.00746,-1.12245,1.12247
1989,3,21,0,0.21723,-1.28239,1.30066
1989,3,22,0,0.40338,-1.4249,1.48089
1989,3,23,0,0.54665,-1.54305,1.63702
1989,3,24,0,0.64701,-1.62891,1.7527
1989,3,25,0,0.70843,-1.6754,1.81903
1989,3,26,0,0.7382,-1.67762,1.83285
1989,3,27,0,0.74579,-1.63346,1.79566
1989,3,28,0,0.7416,-1.54386,1.71274
1989,3,29,0,0.73552,-1.41246,1.59249
1989,3,30,0,0.73572,-1.24493,1.44608
1989,3,31,0,0.74754,-1.04805,1.28733
1989,4,1,0,0.77334,-0.82814,1.13307
1989,4,2,0,0.81012,-0.59167,1.00317
1989,4,3,0,0.85164,-0.34376,0.9184
1989,4,4,0,0.88863,-0.08928,0.89311
1989,4,5,0,0.911,0.1656,0.92593
1989,4,6,0,0.91137,0.41228,1.00028
1989,4,7,0,0.88794,0.64058,1.09489
1989,4,8,0,0.84431,0.84151,1.19206
1989,4,9,0,0.78611,1.00961,1.27956
1989,4,10,0,0.71776,1.14295,1.34964
1989,4,11,0,0.6413,1.2419,1.3977
1989,4,12,0,0.55689,1.30775,1.42138
1989,4,13,0,0.46379,1.34199,1.41987
1989,4,14,0,0.36124,1.34595,1.39359
1989,4,15,0,0.24899,1.32069,1.34395
1989,4,16,0,0.12749,1.26699,1.27339
1989,4,17,0,-0.002,1.18557,1.18557
1989,4,18,0,-0.13756,1.07717,1.08592
1989,4,19,0,-0.27666,0.94295,0.9827
1989,4,20,0,-0.41632,0.78466,0.88826
1989,4,21,0,-0.5532,0.60497,0.81977
1989,4,22,0,-0.68371,0.40762,0.79599
1989,4,23,0,-0.80401,0.19749,0.82791
1989,4,24,0,-0.91014,-0.01945,0.91035
1989,4,25,0,-0.998,-0.23634,1.0256
1989,4,26,0,-1.06352,-0.44569,1.15314
1989,4,27,0,-1.10288,-0.63961,1.27493
1989,4,28,0,-1.11277,-0.81016,1.37645
1989,4,29,0,-1.09088,-0.94957,1.44627
1989,4,30,0,-1.02954,-1.0566,1.47525
1989,5,1,0,-0.93857,-1.11503,1.45746
1989,5,2,0,-0.81773,-1.12327,1.3894
1989,5,3,0,-0.67116,-1.07873,1.27048
1989,5,4,0,-0.50333,-0.98206,1.10354
1989,5,5,0,-0.31844,-0.83744,0.89594
1989,5,6,0,-0.12035,-0.65219,0.66321
1989,5,7,0,0.08695,-0.43606,0.44464
1989,5,8,0,0.2987,-0.20025,0.35961
1989,5,9,0,0.50875,0.04358,0.51061
1989,5,10,0,0.70938,0.28428,0.76423
1989,5,11,0,0.89145,0.51196,1.028
1989,5,12,0,1.04505,0.71835,1.26814
1989,5,13,0,1.16069,0.89671,1.46673
1989,5,14,0,1.23065,1.04129,1.61207
1989,5,15,0,1.25053,1.14663,1.69664
1989,5,16,0,1.22033,1.20742,1.7167
1989,5,17,0,1.14446,1.21924,1.67222
1989,5,18,0,1.03045,1.18025,1.56678
1989,5,19,0,0.88683,1.09285,1.4074
1989,5,20,0,0.72151,0.96421,1.20427
1989,5,21,0,0.54125,0.80554,0.97049
1989,5,22,0,0.35227,0.63046,0.7222
1989,5,23,0,0.161,0.4532,0.48095
1989,5,24,0,-0.02538,0.28695,0.28807
1989,5,25,0,-0.19906,0.14263,0.24488
1989,5,26,0,-0.3522,0.02806,0.35331
1989,5,27,0,-0.47791,-0.05242,0.48078
1989,5,28,0,-0.57131,-0.0979,0.57964
1989,5,29,0,-0.63041,-0.11041,0.64001
1989,5,30,0,-0.65678,-0.09416,0.66349
1989,5,31,0,-0.65558,-0.05457,0.65784
1989,6,1,0,-0.63498,0.0025,0.63498
1989,6,2,0,-0.60469,0.07105,0.60885
1989,6,3,0,-0.57388,0.14475,0.59186
1989,6,4,0,-0.54932,0.21648,0.59044
1989,6,5,0,-0.5347,0.27836,0.60282
1989,6,6,0,-0.53137,0.32258,0.62162
1989,6,7,0,-0.53949,0.34259,0.63907
1989,6,8,0,-0.55881,0.33411,0.65108
1989,6,9,0,-0.5887,0.29569,0.65879
1989,6,10,0,-0.62775,0.22869,0.66811
1989,6,11,0,-0.67337,0.13697,0.68716
1989,6,12,0,-0.72155,0.02624,0.72202
1989,6,13,0,-0.76696,-0.09663,0.77302
1989,6,14,0,-0.80335,-0.22441,0.8341
1989,6,15,0,-0.82419,-0.35018,0.89549
1989,6,16,0,-0.82343,-0.46792,0.9471
1989,6,17,0,-0.79629,-0.57293,0.98098
1989,6,18,0,-0.73982,-0.66204,0.99279
1989,6,19,0,-0.6534,-0.73363,0.98242
1989,6,20,0,-0.53879,-0.78759,0.95424
1989,6,21,0,-0.39998,-0.82496,0.91681
1989,6,22,0,-0.24282,-0.84766,0.88175
1989,6,23,0,-0.07435,-0.85798,0.8612
1989,6,24,0,0.09784,-0.85819,0.86375
1989,6,25,0,0.26637,-0.85013,0.89089
1989,6,26,0,0.42463,-0.83501,0.93678
1989,6,27,0,0.56726,-0.81337,0.99164
1989,6,28,0,0.69027,-0.78535,1.04558
1989,6,29,0,0.79101,-0.75108,1.09079
1989,6,30,0,0.86803,-0.71096,1.12202
1989,7,1,0,0.92106,-0.6654,1.13627
1989,7,2,0,0.9511,-0.61408,1.13211
1989,7,3,0,0.96044,-0.55501,1.10927
1989,7,4,0,0.95253,-0.48437,1.06861
1989,7,5,0,0.93165,-0.39724,1.0128
1989,7,6,0,0.90244,-0.28897,0.94758
1989,7,7,0,0.86947,-0.15661,0.88346
1989,7,8,0,0.8367,0.00009,0.8367
1989,7,9,0,0.80697,0.1782,0.82641
1989,7,10,0,0.78147,0.37165,0.86535
1989,7,11,0,0.7594,0.57181,0.95061
1989,7,12,0,0.73782,0.76816,1.06511
1989,7,13,0,0.71183,0.94932,1.18655
1989,7,14,0,0.67502,1.10384,1.29387
1989,7,15,0,0.62031,1.221,1.36954
1989,7,16,0,0.54108,1.29141,1.40018
1989,7,17,0,0.43236,1.30734,1.37699
1989,7,18,0,0.29225,1.26313,1.2965
1989,7,19,0,0.12294,1.15542,1.16195
1989,7,20,0,-0.06852,0.9837,0.98609
1989,7,21,0,-0.27041,0.75096,0.79816
1989,7,22,0,-0.46731,0.46449,0.65888
1989,7,23,0,-0.64221,0.13654,0.65656
1989,7,24,0,-0.77908,-0.21565,0.80837
1989,7,25,0,-0.86549,-0.57089,1.03682
1989,7,26,0,-0.89439,-0.90587,1.27301
1989,7,27,0,-0.86487,-1.19764,1.47728
1989,7,28,0,-0.78188,-1.426,1.62629
1989,7,29,0,-0.65535,-1.57547,1.70633
1989,7,30,0,-0.49875,-1.63663,1.71093
1989,7,31,0,-0.32781,-1.60676,1.63986
1989,8,1,0,-0.15709,-1.4901,1.49836
1989,8,2,0,-0.0001,-1.2967,1.2967
1989,8,3,0,0.13266,-1.04135,1.04977
1989,8,4,0,0.23422,-0.74204,0.77812
1989,8,5,0,0.30103,-0.41815,0.51524
1989,8,6,0,0.3323,-0.08905,0.34402
1989,8,7,0,0.32931,0.22729,0.40013
1989,8,8,0,0.29488,0.51517,0.59359
1989,8,9,0,0.23299,0.76197,0.79679
1989,8,10,0,0.14869,0.95856,0.97002
1989,8,11,0,0.04804,1.09956,1.10061
1989,8,12,0,-0.06195,1.18329,1.18491
1989,8,13,0,-0.17354,1.21157,1.22393
1989,8,14,0,-0.27847,1.18928,1.22145
1989,8,15,0,-0.36853,1.12393,1.1828
1989,8,16,0,-0.43609,1.02508,1.11398
1989,8,17,0,-0.47486,0.90388,1.02102
1989,8,18,0,-0.48079,0.77235,0.90977
1989,8,19,0,-0.45282,0.64262,0.78614
1989,8,20,0,-0.39363,0.52572,0.65675
1989,8,21,0,-0.30972,0.4301,0.53001
1989,8,22,0,-0.21084,0.36042,0.41756
1989,8,23,0,-0.10872,0.31689,0.33502
1989,8,24,0,-0.01558,0.2956,0.29601
1989,8,25,0,0.05728,0.28973,0.29534
1989,8,26,0,0.10045,0.29097,0.30782
1989,8,27,0,0.10712,0.2909,0.30999
1989,8,28,0,0.07348,0.28202,0.29144
1989,8,29,0,-0.00084,0.25841,0.25841
1989,8,30,0,-0.11262,0.21603,0.24362
1989,8,31,0,-0.25496,0.15284,0.29726
1989,9,1,0,-0.41753,0.06878,0.42316
1989,9,2,0,-0.58713,-0.03435,0.58813
1989,9,3,0,-0.74857,-0.15284,0.76401
1989,9,4,0,-0.88596,-0.28119,0.92951
1989,9,5,0,-0.98418,-0.4121,1.06698
1989,9,6,0,-1.03048,-0.53674,1.16189
1989,9,7,0,-1.01595,-0.64534,1.20358
1989,9,8,0,-0.93653,-0.72821,1.18633
1989,9,9,0,-0.79353,-0.77718,1.11072
1989,9,10,0,-0.59326,-0.78692,0.98549
1989,9,11,0,-0.34633,-0.75601,0.83156
1989,9,12,0,-0.06648,-0.68722,0.69043
1989,9,13,0,0.23052,-0.58713,0.63077
1989,9,14,0,0.52793,-0.46516,0.70362
1989,9,15,0,0.80903,-0.33232,0.87462
1989,9,16,0,1.05799,-0.20014,1.07676
1989,9,17,0,1.26092,-0.07961,1.26343
1989,9,18,0,1.40669,0.01946,1.40683
1989,9,19,0,1.48783,0.08907,1.49049
1989,9,20,0,1.50103,0.12355,1.5061
1989,9,21,0,1.44736,0.12013,1.45234
1989,9,22,0,1.33205,0.07953,1.33443
1989,9,23,0,1.16388,0.00625,1.16389
1989,9,24,0,0.95438,-0.0915,0.95876
1989,9,25,0,0.71704,-0.20254,0.74509
1989,9,26,0,0.46642,-0.31386,0.56219
1989,9,27,0,0.21742,-0.41228,0.46609
1989,9,28,0,-0.01551,-0.48604,0.48629
1989,9,29,0,-0.21913,-0.52626,0.57006
1989,9,30,0,-0.38229,-0.52797,0.65185
1989,10,1,0,-0.49671,-0.49061,0.69815
1989,10,2,0,-0.55775,-0.41783,0.6969
1989,10,3,0,-0.56499,-0.31681,0.64776
1989,10,4,0,-0.52263,-0.19695,0.55851
1989,10,5,0,-0.43946,-0.06818,0.44472
1989,10,6,0,-0.32868,0.06082,0.33426
1989,10,7,0,-0.20701,0.18429,0.27715
1989,10,8,0,-0.09278,0.29973,0.31376
1989,10,9,0,-0.00106,0.40559,0.4056
1989,10,10,0,0.06395,0.49673,0.50083
1989,10,11,0,0.11055,0.56345,0.57419
1989,10,12,0,0.14943,0.59667,0.6151
1989,10,13,0,0.18435,0.5924,0.62042
1989,10,14,0,0.21226,0.55246,0.59184
1989,10,15,0,0.2275,0.48364,0.53448
1989,10,16,0,0.22514,0.39638,0.45585
1989,10,17,0,0.20283,0.3032,0.36479
1989,10,18,0,0.16161,0.21698,0.27055
1989,10,19,0,0.10587,0.14919,0.18294
1989,10,20,0,0.04276,0.10839,0.11652
1989,10,21,0,-0.02391,0.09775,0.10064
1989,10,22,0,-0.08207,0.11039,0.13755
1989,10,23,0,-0.12818,0.14441,0.19309
1989,10,24,0,-0.15987,0.19564,0.25265
1989,10,25,0,-0.17592,0.25811,0.31236
1989,10,26,0,-0.17622,0.32478,0.36951
1989,10,27,0,-0.16164,0.38836,0.42065
1989,10,28,0,-0.13387,0.44211,0.46193
1989,10,29,0,-0.09522,0.48061,0.48995
1989,10,30,0,-0.04843,0.50035,0.50269
1989,10,31,0,0.0035,0.50011,0.50012
1989,11,1,0,0.0574,0.48104,0.48446
1989,11,2,0,0.11013,0.44656,0.45994
1989,11,3,0,0.15858,0.40187,0.43203
1989,11,4,0,0.19979,0.35338,0.40595
1989,11,5,0,0.231,0.30792,0.38494
1989,11,6,0,0.2497,0.27192,0.36918
1989,11,7,0,0.25374,0.25061,0.35664
1989,11,8,0,0.2414,0.24739,0.34565
1989,11,9,0,0.21152,0.26329,0.33773
1989,11,10,0,0.16361,0.29682,0.33893
1989,11,11,0,0.11841,0.33599,0.35625
1989,11,12,0,0.06435,0.3939,0.39912
1989,11,13,0,0.00451,0.46533,0.46535
1989,11,14,0,-0.06018,0.54297,0.54629
1989,11,15,0,-0.13155,0.61796,0.63181
1989,11,16,0,-0.21455,0.6801,0.71314
1989,11,17,0,-0.31763,0.71672,0.78395
1989,11,18,0,-0.45243,0.7088,0.84088
1989,11,19,0,-0.62652,0.62343,0.88386
1989,11,20,0,-0.81078,0.42631,0.91603
1989,11,21,0,-0.9296,0.15905,0.94311
1989,11,22,0,-0.96773,-0.08882,0.9718
1989,11,23,0,-0.9634,-0.29468,1.00746
1989,11,24,0,-0.94211,-0.46811,1.052
1989,11,25,0,-0.91525,-0.61553,1.10298
1989,11,26,0,-0.88812,-0.7377,1.15454
1989,11,27,0,-0.86314,-0.83263,1.19928
1989,11,28,0,-0.84091,-0.89792,1.2302
1989,11,29,0,-0.82088,-0.93217,1.24209
1989,11,30,0,-0.80184,-0.93572,1.23228
1989,12,1,0,-0.78245,-0.91098,1.20088
1989,12,2,0,-0.76174,-0.86243,1.15067
1989,12,3,0,-0.73947,-0.79641,1.08678
1989,12,4,0,-0.71619,-0.7207,1.01604
1989,12,5,0,-0.69315,-0.64409,0.94621
1989,12,6,0,-0.67184,-0.57583,0.88485
1989,12,7,0,-0.65331,-0.52508,0.83817
1989,12,8,0,-0.6373,-0.50029,0.81021
1989,12,9,0,-0.62136,-0.50847,0.80289
1989,12,10,0,-0.60019,-0.55426,0.81697
1989,12,11,0,-0.56552,-0.63878,0.85314
1989,12,12,0,-0.50699,-0.75838,0.91224
1989,12,13,0,-0.41443,-0.9039,0.99438
1989,12,14,0,-0.28094,-1.06139,1.09794
1989,12,15,0,-0.1054,-1.2145,1.21906
1989,12,16,0,0.10724,-1.34777,1.35203
1989,12,17,0,0.34775,-1.44892,1.49007
1989,12,18,0,0.60497,-1.50955,1.62627
1989,12,19,0,0.86751,-1.5247,1.75422
1989,12,20,0,1.12445,-1.49217,1.86841
1989,12,21,0,1.36565,-1.41222,1.96452
1989,12,22,0,1.58183,-1.28717,2.03937
1989,12,23,0,1.76473,-1.12139,2.09088
1989,12,24,0,1.90734,-0.92102,2.11807
1989,12,25,0,2.0042,-0.69373,2.12087
1989,12,26,0,2.05179,-0.44833,2.1002
1989,12,27,0,2.04873,-0.19426,2.05791
1989,12,28,0,1.99606,0.05899,1.99693
1989,12,29,0,1.89726,0.3024,1.92121
1989,12,30,0,1.75817,0.52809,1.83577
1989,12,31,0,1.60546,0.69024,1.74755
1990,1,1,0,1.4115,0.86885,1.65747
1990,1,2,0,1.21212,1.01248,1.57935
1990,1,3,0,1.00903,1.13001,1.51494
1990,1,4,0,0.81109,1.22383,1.46821
1990,1,5,0,0.62623,1.2983,1.44144
1990,1,6,0,0.46076,1.3596,1.43555
1990,1,7,0,0.31877,1.41519,1.45065
1990,1,8,0,0.20151,1.47299,1.48671
1990,1,9,0,0.10727,1.54025,1.54398
1990,1,10,0,0.03157,1.62246,1.62277
1990,1,11,0,-0.03217,1.72272,1.72302
1990,1,12,0,-0.09196,1.84129,1.84359
1990,1,13,0,-0.15637,1.9756,1.98178
1990,1,14,0,-0.23377,2.12038,2.13323
1990,1,15,0,-0.33157,2.26792,2.29203
1990,1,16,0,-0.45541,2.40844,2.45112
1990,1,17,0,-0.60844,2.53065,2.60276
1990,1,18,0,-0.79074,2.62246,2.73908
1990,1,19,0,-0.99899,2.67195,2.85259
1990,1,20,0,-1.22652,2.6684,2.93679
1990,1,21,0,-1.46389,2.60328,2.98664
1990,1,22,0,-1.69985,2.47108,2.99929
1990,1,23,0,-1.92259,2.26983,2.97464
1990,1,24,0,-2.12102,2.00102,2.91596
1990,1,25,0,-2.28576,1.66932,2.83043
1990,1,26,0,-2.40966,1.282,2.72947
1990,1,27,0,-2.48782,0.84819,2.62843
1990,1,28,0,-2.51702,0.3783,2.54529
1990,1,29,0,-2.49482,-0.11656,2.49754
1990,1,30,0,-2.4182,-0.62486,2.49763
1990,1,31,0,-2.28219,-1.13473,2.54872
1990,2,1,0,-2.07856,-1.63315,2.6434
1990,2,2,0,-1.79607,-2.10398,2.76634
1990,2,3,0,-1.42489,-2.52454,2.8989
1990,2,4,0,-0.96882,-2.8639,3.02333
1990,2,5,0,-0.46118,-3.09104,3.12525
1990,2,6,0,0.03691,-3.1946,3.19482
1990,2,7,0,0.4669,-3.193,3.22695
1990,2,8,0,0.80009,-3.12009,3.22104
1990,2,9,0,1.03694,-3.00653,3.18033
1990,2,10,0,1.19294,-2.8732,3.11101
1990,2,11,0,1.28785,-2.73304,3.02127
1990,2,12,0,1.34072,-2.59422,2.92019
1990,2,13,0,1.36816,-2.46206,2.81666
1990,2,14,0,1.38389,-2.33986,2.71847
1990,2,15,0,1.39872,-2.22894,2.63146
1990,2,16,0,1.42095,-2.12822,2.55899
1990,2,17,0,1.45685,-2.03368,2.50165
1990,2,18,0,1.51148,-1.93758,2.4574
1990,2,19,0,1.58947,-1.82724,2.42183
1990,2,20,0,1.69542,-1.68314,2.38902
1990,2,21,0,1.83214,-1.47572,2.35255
1990,2,22,0,1.99165,-1.16393,2.30682
1990,2,23,0,2.13274,-0.71311,2.2488
1990,2,24,0,2.17415,-0.15787,2.17987
1990,2,25,0,2.07229,0.38523,2.10779
1990,2,26,0,1.86515,0.84624,2.04814
1990,2,27,0,1.60086,1.23771,2.02353
1990,2,28,0,1.30559,1.59131,2.05836
1990,3,1,0,1.06605,1.8859,2.16636
1990,3,2,0,0.77973,2.21932,2.35231
1990,3,3,0,0.49684,2.5493,2.59727
1990,3,4,0,0.22627,2.8655,2.87442
1990,3,5,0,-0.02515,3.1543,3.1544
1990,3,6,0,-0.2536,3.40041,3.40986
1990,3,7,0,-0.45909,3.58844,3.61768
1990,3,8,0,-0.64576,3.70415,3.76002
1990,3,9,0,-0.82198,3.7354,3.82477
1990,3,10,0,-1.00008,3.67229,3.80603
1990,3,11,0,-1.19574,3.5058,3.70411
1990,3,12,0,-1.42647,3.22418,3.52564
1990,3,13,0,-1.70511,2.80588,3.28334
1990,3,14,0,-2.01484,2.2171,2.99585
1990,3,15,0,-2.25825,1.45698,2.68747
1990,3,16,0,-2.29612,0.65481,2.38766
1990,3,17,0,-2.12908,-0.02536,2.12924
1990,3,18,0,-1.86263,-0.55299,1.94299
1990,3,19,0,-1.57411,-0.96613,1.84695
1990,3,20,0,-1.29949,-1.29688,1.83592
1990,3,21,0,-1.05288,-1.56123,1.88308
1990,3,22,0,-0.83735,-1.76545,1.95396
1990,3,23,0,-0.64966,-1.91186,2.01923
1990,3,24,0,-0.48278,-2.00226,2.05964
1990,3,25,0,-0.32757,-2.03965,2.06578
1990,3,26,0,-0.17437,-2.0288,2.03628
1990,3,27,0,-0.0143,-1.97615,1.97621
1990,3,28,0,0.15969,-1.889,1.89574
1990,3,29,0,0.35196,-1.77448,1.80905
1990,3,30,0,0.56376,-1.63839,1.73267
1990,3,31,0,0.79294,-1.48401,1.68257
1990,4,1,0,1.03487,-1.31059,1.66991
1990,4,2,0,1.27922,-1.11499,1.69694
1990,4,3,0,1.51265,-0.89171,1.75592
1990,4,4,0,1.71787,-0.63643,1.83197
1990,4,5,0,1.87506,-0.35094,1.90762
1990,4,6,0,1.96595,-0.04716,1.96651
1990,4,7,0,1.97926,0.25414,1.99551
1990,4,8,0,1.91352,0.53066,1.98574
1990,4,9,0,1.77475,0.76622,1.93309
1990,4,10,0,1.57219,0.95328,1.83862
1990,4,11,0,1.31562,1.09095,1.7091
1990,4,12,0,1.01481,1.18189,1.55779
1990,4,13,0,0.67995,1.22999,1.40542
1990,4,14,0,0.32203,1.23909,1.28026
1990,4,15,0,-0.047,1.21247,1.21338
1990,4,16,0,-0.41455,1.15266,1.22494
1990,4,17,0,-0.76779,1.06158,1.31013
1990,4,18,0,-1.09423,0.94073,1.44302
1990,4,19,0,-1.38232,0.79147,1.59287
1990,4,20,0,-1.62197,0.61542,1.7348
1990,4,21,0,-1.805,0.41474,1.85204
1990,4,22,0,-1.92553,0.19258,1.93513
1990,4,23,0,-1.98011,-0.04668,1.98066
1990,4,24,0,-1.96789,-0.29717,1.9902
1990,4,25,0,-1.89048,-0.55144,1.96926
1990,4,26,0,-1.75197,-0.80051,1.92619
1990,4,27,0,-1.55878,-1.03421,1.87066
1990,4,28,0,-1.31961,-1.24165,1.81193
1990,4,29,0,-1.04541,-1.41213,1.75698
1990,4,30,0,-0.73671,-1.53876,1.70602
1990,5,1,0,-0.42929,-1.60828,1.66459
1990,5,2,0,-0.12927,-1.61896,1.62411
1990,5,3,0,0.14824,-1.57121,1.57818
1990,5,4,0,0.39072,-1.46953,1.52059
1990,5,5,0,0.58955,-1.32129,1.44685
1990,5,6,0,0.74034,-1.13535,1.35541
1990,5,7,0,0.84255,-0.92093,1.2482
1990,5,8,0,0.89854,-0.68704,1.1311
1990,5,9,0,0.91251,-0.44222,1.01402
1990,5,10,0,0.88962,-0.19468,0.91067
1990,5,11,0,0.83521,0.04761,0.83656
1990,5,12,0,0.75449,0.27677,0.80365
1990,5,13,0,0.65255,0.48499,0.81304
1990,5,14,0,0.53488,0.66476,0.85323
1990,5,15,0,0.40804,0.80935,0.90638
1990,5,16,0,0.28028,0.91368,0.95571
1990,5,17,0,0.16136,0.97532,0.98858
1990,5,18,0,0.06124,0.99495,0.99683
1990,5,19,0,-0.01178,0.97606,0.97613
1990,5,20,0,-0.05264,0.9239,0.9254
1990,5,21,0,-0.06002,0.84435,0.84648
1990,5,22,0,-0.03583,0.7432,0.74406
1990,5,23,0,0.01573,0.62607,0.62627
1990,5,24,0,0.08915,0.49858,0.50649
1990,5,25,0,0.17848,0.36664,0.40778
1990,5,26,0,0.27793,0.23669,0.36506
1990,5,27,0,0.38215,0.11571,0.39928
1990,5,28,0,0.48641,0.01111,0.48654
1990,5,29,0,0.58637,-0.06965,0.59049
1990,5,30,0,0.67768,-0.11974,0.68818
1990,5,31,0,0.75541,-0.13396,0.7672
1990,6,1,0,0.81357,-0.11022,0.82101
1990,6,2,0,0.84538,-0.05095,0.84692
1990,6,3,0,0.84467,0.03654,0.84546
1990,6,4,0,0.80793,0.14166,0.82026
1990,6,5,0,0.73566,0.25385,0.77822
1990,6,6,0,0.63189,0.36519,0.72983
1990,6,7,0,0.50271,0.47105,0.68891
1990,6,8,0,0.35479,0.56906,0.6706
1990,6,9,0,0.19456,0.6578,0.68596
1990,6,10,0,0.02783,0.73571,0.73624
1990,6,11,0,-0.14029,0.80067,0.81286
1990,6,12,0,-0.30536,0.84981,0.903
1990,6,13,0,-0.46355,0.87981,0.99445
1990,6,14,0,-0.61151,0.88722,1.07755
1990,6,15,0,-0.7463,0.86897,1.14546
1990,6,16,0,-0.86532,0.82278,1.19405
1990,6,17,0,-0.96638,0.74754,1.22176
1990,6,18,0,-1.04768,0.6436,1.22958
1990,6,19,0,-1.10795,0.51276,1.22085
1990,6,20,0,-1.14646,0.35822,1.20112
1990,6,21,0,-1.163,0.18431,1.17752
1990,6,22,0,-1.15779,-0.00378,1.1578
1990,6,23,0,-1.13125,-0.20035,1.14885
1990,6,24,0,-1.08374,-0.39941,1.155
1990,6,25,0,-1.01543,-0.59473,1.17678
1990,6,26,0,-0.92622,-0.77985,1.21081
1990,6,27,0,-0.8162,-0.94789,1.25087
1990,6,28,0,-0.68639,-1.09158,1.28945
1990,6,29,0,-0.53989,-1.20352,1.31907
1990,6,30,0,-0.38272,-1.27713,1.33324
1990,7,1,0,-0.22349,-1.30804,1.327
1990,7,2,0,-0.07175,-1.29516,1.29715
1990,7,3,0,0.06444,-1.24081,1.24248
1990,7,4,0,0.18018,-1.14979,1.16382
1990,7,5,0,0.27397,-1.02822,1.0641
1990,7,6,0,0.34692,-0.8827,0.94843
1990,7,7,0,0.40155,-0.7199,0.82432
1990,7,8,0,0.44075,-0.54651,0.70209
1990,7,9,0,0.46705,-0.36914,0.59532
1990,7,10,0,0.48223,-0.19434,0.51992
1990,7,11,0,0.48715,-0.02843,0.48798
1990,7,12,0,0.48185,0.12261,0.49721
1990,7,13,0,0.46583,0.25327,0.53023
1990,7,14,0,0.43842,0.35863,0.56642
1990,7,15,0,0.39932,0.43455,0.59017
1990,7,16,0,0.34912,0.47773,0.5917
1990,7,17,0,0.28976,0.48589,0.56573
1990,7,18,0,0.22498,0.45805,0.51032
1990,7,19,0,0.16042,0.39474,0.42609
1990,7,20,0,0.10347,0.29845,0.31587
1990,7,21,0,0.06266,0.17396,0.18491
1990,7,22,0,0.04672,0.02867,0.05481
1990,7,23,0,0.06314,-0.12751,0.14229
1990,7,24,0,0.11687,-0.28263,0.30584
1990,7,25,0,0.20922,-0.42367,0.47252
1990,7,26,0,0.33744,-0.53779,0.63489
1990,7,27,0,0.49482,-0.61362,0.78827
1990,7,28,0,0.6714,-0.64229,0.92915
1990,7,29,0,0.85481,-0.61829,1.05498
1990,7,30,0,1.03135,-0.53991,1.16413
1990,7,31,0,1.1871,-0.40958,1.25577
1990,8,1,0,1.3094,-0.23335,1.33003
1990,8,2,0,1.3876,-0.02064,1.38775
1990,8,3,0,1.41404,0.21687,1.43057
1990,8,4,0,1.38446,0.46634,1.46089
1990,8,5,0,1.29802,0.7148,1.48183
1990,8,6,0,1.15699,0.94988,1.49697
1990,8,7,0,0.96642,1.16033,1.51008
1990,8,8,0,0.73366,1.33633,1.52448
1990,8,9,0,0.468,1.46969,1.5424
1990,8,10,0,0.18015,1.554,1.56441
1990,8,11,0,-0.11814,1.58471,1.58911
1990,8,12,0,-0.41465,1.55919,1.61339
1990,8,13,0,-0.69701,1.47683,1.63305
1990,8,14,0,-0.95322,1.33918,1.64378
1990,8,15,0,-1.17194,1.15013,1.64202
1990,8,16,0,-1.34294,0.91629,1.62576
1990,8,17,0,-1.45771,0.6473,1.59497
1990,8,18,0,-1.5103,0.35605,1.5517
1990,8,19,0,-1.49859,0.05835,1.49972
1990,8,20,0,-1.42552,-0.22825,1.44367
1990,8,21,0,-1.29987,-0.48653,1.38794
1990,8,22,0,-1.1357,-0.7022,1.33526
1990,8,23,0,-0.95047,-0.86585,1.28573
1990,8,24,0,-0.76236,-0.97362,1.23658
1990,8,25,0,-0.58779,-1.02661,1.18297
1990,8,26,0,-0.43976,-1.02951,1.1195
1990,8,27,0,-0.3271,-0.98929,1.04197
1990,8,28,0,-0.25439,-0.91421,0.94894
1990,8,29,0,-0.22224,-0.8132,0.84302
1990,8,30,0,-0.22785,-0.69558,0.73195
1990,8,31,0,-0.26553,-0.57084,0.62958
1990,9,1,0,-0.32732,-0.44843,0.55518
1990,9,2,0,-0.40356,-0.33737,0.526
1990,9,3,0,-0.48337,-0.24576,0.54226
1990,9,4,0,-0.55527,-0.18003,0.58372
1990,9,5,0,-0.60774,-0.14414,0.6246
1990,9,6,0,-0.63002,-0.13892,0.64516
1990,9,7,0,-0.61303,-0.1617,0.634
1990,9,8,0,-0.55048,-0.20638,0.5879
1990,9,9,0,-0.43984,-0.26425,0.51312
1990,9,10,0,-0.28304,-0.32511,0.43106
1990,9,11,0,-0.0866,-0.37865,0.38843
1990,9,12,0,0.13879,-0.4156,0.43816
1990,9,13,0,0.37916,-0.4286,0.57225
1990,9,14,0,0.61853,-0.41265,0.74354
1990,9,15,0,0.84016,-0.3653,0.91614
1990,9,16,0,1.0279,-0.28667,1.06713
1990,9,17,0,1.16738,-0.17945,1.18109
1990,9,18,0,1.24705,-0.04876,1.248
1990,9,19,0,1.25907,0.0982,1.26289
1990,9,20,0,1.19993,0.2526,1.22623
1990,9,21,0,1.07085,0.4049,1.14484
1990,9,22,0,0.87765,0.54576,1.0335
1990,9,23,0,0.63031,0.66702,0.91772
1990,9,24,0,0.34217,0.76239,0.83565
1990,9,25,0,0.02882,0.8277,0.8282
1990,9,26,0,-0.29304,0.8608,0.90932
1990,9,27,0,-0.60671,0.86121,1.05346
1990,9,28,0,-0.89646,0.82957,1.2214
1990,9,29,0,-1.1484,0.76723,1.38111
1990,9,30,0,-1.3511,0.67593,1.51074
1990,10,1,0,-1.496,0.55755,1.59652
1990,10,2,0,-1.57752,0.41407,1.63096
1990,10,3,0,-1.59288,0.24766,1.61202
1990,10,4,0,-1.54139,0.06097,1.5426
1990,10,5,0,-1.42347,-0.14214,1.43055
1990,10,6,0,-1.23915,-0.35514,1.28903
1990,10,7,0,-0.98712,-0.56583,1.13779
1990,10,8,0,-0.66663,-0.75192,1.00488
1990,10,9,0,-0.28655,-0.88022,0.92568
1990,10,10,0,0.12321,-0.92168,0.92988
1990,10,11,0,0.5201,-0.87694,1.01958
1990,10,12,0,0.87546,-0.77551,1.16955
1990,10,13,0,1.18239,-0.6504,1.34947
1990,10,14,0,1.44492,-0.52377,1.53692
1990,10,15,0,1.66902,-0.40736,1.71801
1990,10,16,0,1.85971,-0.30645,1.88479
1990,10,17,0,2.02072,-0.22277,2.03296
1990,10,18,0,2.15469,-0.15613,2.16034
1990,10,19,0,2.26331,-0.10522,2.26576
1990,10,20,0,2.34733,-0.06799,2.34831
1990,10,21,0,2.40868,0.10106,2.4108
1990,10,22,0,2.43169,0.27386,2.44707
1990,10,23,0,2.4138,0.44739,2.45491
1990,10,24,0,2.352,0.61833,2.43192
1990,10,25,0,2.24322,0.78307,2.37597
1990,10,26,0,2.08486,0.93764,2.286
1990,10,27,0,1.87531,1.07774,2.16294
1990,10,28,0,1.61464,1.19884,2.01104
1990,10,29,0,1.30507,1.29635,1.83949
1990,10,30,0,0.95139,1.36586,1.66454
1990,10,31,0,0.56123,1.40339,1.51145
1990,11,1,0,0.14496,1.40574,1.41319
1990,11,2,0,-0.28454,1.37072,1.39994
1990,11,3,0,-0.71245,1.2975,1.48023
1990,11,4,0,-1.1228,1.18678,1.63374
1990,11,5,0,-1.49935,1.04092,1.82526
1990,11,6,0,-1.82669,0.86398,2.02071
1990,11,7,0,-2.09124,0.66164,2.19341
1990,11,8,0,-2.28224,0.44096,2.32445
1990,11,9,0,-2.39256,0.21011,2.40177
1990,11,10,0,-2.41923,-0.0221,2.41933
1990,11,11,0,-2.38154,-0.07573,2.38274
1990,11,12,0,-2.28659,-0.13399,2.29052
1990,11,13,0,-2.14115,-0.20283,2.15074
1990,11,14,0,-1.95401,-0.28597,1.97482
1990,11,15,0,-1.73445,-0.38469,1.7766
1990,11,16,0,-1.49023,-0.49798,1.57123
1990,11,17,0,-1.22463,-0.62269,1.37385
1990,11,18,0,-0.93202,-0.75224,1.19772
1990,11,19,0,-0.59554,-0.86696,1.0518
1990,11,20,0,-0.21732,-0.91285,0.93836
1990,11,21,0,0.11451,-0.84445,0.85218
1990,11,22,0,0.3222,-0.71349,0.78286
1990,11,23,0,0.42467,-0.58055,0.71929
1990,11,24,0,0.45878,-0.46518,0.65335
1990,11,25,0,0.44881,-0.3696,0.58141
1990,11,26,0,0.41064,-0.2921,0.50394
1990,11,27,0,0.35617,-0.23057,0.42429
1990,11,28,0,0.29509,-0.18319,0.34733
1990,11,29,0,0.23535,-0.14848,0.27828
1990,11,30,0,0.18315,-0.12505,0.22177
1990,12,1,0,0.14288,-0.11129,0.18111
1990,12,2,0,0.11709,-0.10522,0.15742
1990,12,3,0,0.10666,-0.1042,0.14911
1990,12,4,0,0.111,-0.10496,0.15277
1990,12,5,0,0.12836,-0.10361,0.16496
1990,12,6,0,0.15604,-0.09579,0.18309
1990,12,7,0,0.19052,-0.077,0.20549
1990,12,8,0,0.2275,-0.043,0.23153
1990,12,9,0,0.26172,0.0096,0.26189
1990,12,10,0,0.28687,0.08256,0.29851
1990,12,11,0,0.29574,0.17508,0.34368
1990,12,12,0,0.28099,0.28287,0.39871
1990,12,13,0,0.23672,0.3977,0.46282
1990,12,14,0,0.16062,0.50808,0.53287
1990,12,15,0,0.05533,0.60135,0.60389
1990,12,16,0,-0.07186,0.66623,0.67009
1990,12,17,0,-0.21091,0.69455,0.72586
1990,12,18,0,-0.35133,0.68178,0.76698
1990,12,19,0,-0.48371,0.62664,0.79161
1990,12,20,0,-0.60057,0.5306,0.80139
1990,12,21,0,-0.69666,0.39744,0.80205
1990,12,22,0,-0.7689,0.23289,0.80339
1990,12,23,0,-0.81617,0.04432,0.81737
1990,12,24,0,-0.83893,-0.15972,0.85399
1990,12,25,0,-0.83863,-0.36983,0.91655
1990,12,26,0,-0.81724,-0.57628,0.99998
1990,12,27,0,-0.7767,-0.76944,1.0933
1990,12,28,0,-0.71861,-0.94033,1.18347
1990,12,29,0,-0.64408,-1.08101,1.25834
1990,12,30,0,-0.55383,-1.18515,1.30817
1990,12,31,0,-0.47943,-1.23576,1.32551
1991,1,1,0,-0.35731,-1.262,1.31161
1991,1,2,0,-0.22832,-1.2416,1.26241
1991,1,3,0,-0.08446,-1.18318,1.18619
1991,1,4,0,0.07237,-1.09143,1.09383
1991,1,5,0,0.23927,-0.97284,1.00184
1991,1,6,0,0.4127,-0.83548,0.93185
1991,1,7,0,0.58916,-0.68862,0.90626
1991,1,8,0,0.76544,-0.54209,0.93796
1991,1,9,0,0.93856,-0.40527,1.02232
1991,1,10,0,1.10516,-0.28608,1.14159
1991,1,11,0,1.26094,-0.19002,1.27518
1991,1,12,0,1.40037,-0.11954,1.40547
1991,1,13,0,1.51688,-0.07386,1.51868
1991,1,14,0,1.60349,-0.04917,1.60425
1991,1,15,0,1.65371,-0.03917,1.65418
1991,1,16,0,1.6624,-0.03591,1.66279
1991,1,17,0,1.62657,-0.03086,1.62686
1991,1,18,0,1.54584,-0.01585,1.54592
1991,1,19,0,1.42271,0.01592,1.4228
1991,1,20,0,1.26249,0.06926,1.26439
1991,1,21,0,1.07309,0.14657,1.08305
1991,1,22,0,0.86453,0.24767,0.89931
1991,1,23,0,0.64832,0.36985,0.7464
1991,1,24,0,0.43664,0.50798,0.66985
1991,1,25,0,0.24134,0.65479,0.69785
1991,1,26,0,0.0729,0.80125,0.80456
1991,1,27,0,-0.06058,0.9372,0.93916
1991,1,28,0,-0.15424,1.05226,1.0635
1991,1,29,0,-0.20688,1.13692,1.15559
1991,1,30,0,-0.22099,1.18389,1.20434
1991,1,31,0,-0.20222,1.18934,1.20641
1991,2,1,0,-0.15825,1.15399,1.16479
1991,2,2,0,-0.09711,1.08379,1.08813
1991,2,3,0,-0.02508,0.98981,0.99013
1991,2,4,0,0.05494,0.88667,0.88837
1991,2,5,0,0.14255,0.78877,0.80155
1991,2,6,0,0.23547,0.7055,0.74376
1991,2,7,0,0.3254,0.6392,0.71726
1991,2,8,0,0.39929,0.58822,0.71094
1991,2,9,0,0.44402,0.55123,0.70781
1991,2,10,0,0.45013,0.5291,0.69467
1991,2,11,0,0.41321,0.52437,0.66761
1991,2,12,0,0.3338,0.53967,0.63456
1991,2,13,0,0.2165,0.57623,0.61556
1991,2,14,0,0.06861,0.63271,0.63642
1991,2,15,0,-0.10128,0.7046,0.71184
1991,2,16,0,-0.2848,0.78408,0.8342
1991,2,17,0,-0.47506,0.86036,0.9828
1991,2,18,0,-0.66752,0.92009,1.13673
1991,2,19,0,-0.86045,0.9476,1.27996
1991,2,20,0,-1.05441,0.92422,1.40212
1991,2,21,0,-1.24984,0.82636,1.49832
1991,2,22,0,-1.43924,0.62432,1.56882
1991,2,23,0,-1.59104,0.29605,1.61835
1991,2,24,0,-1.65007,-0.12366,1.6547
1991,2,25,0,-1.5999,-0.53382,1.6866
1991,2,26,0,-1.48563,-0.86875,1.72099
1991,2,27,0,-1.35223,-1.12745,1.76059
1991,2,28,0,-1.22188,-1.32562,1.80285
1991,3,1,0,-1.15561,-1.42876,1.83761
1991,3,2,0,-1.0685,-1.52322,1.86062
1991,3,3,0,-0.99047,-1.57348,1.85927
1991,3,4,0,-0.91851,-1.57744,1.82537
1991,3,5,0,-0.84812,-1.53518,1.75387
1991,3,6,0,-0.77415,-1.44986,1.6436
1991,3,7,0,-0.69186,-1.32794,1.49736
1991,3,8,0,-0.59769,-1.17884,1.3217
1991,3,9,0,-0.49001,-1.01416,1.12633
1991,3,10,0,-0.36937,-0.84633,0.92343
1991,3,11,0,-0.23835,-0.68701,0.72718
1991,3,12,0,-0.10095,-0.54489,0.55416
1991,3,13,0,0.03831,-0.42314,0.42487
1991,3,14,0,0.17418,-0.31681,0.36153
1991,3,15,0,0.29795,-0.21756,0.36893
1991,3,16,0,0.40142,-0.13341,0.42301
1991,3,17,0,0.49145,-0.08789,0.49925
1991,3,18,0,0.58028,-0.09183,0.5875
1991,3,19,0,0.67059,-0.14191,0.68544
1991,3,20,0,0.75751,-0.22946,0.7915
1991,3,21,0,0.83382,-0.34362,0.90185
1991,3,22,0,0.89293,-0.47203,1.01001
1991,3,23,0,0.93034,-0.60148,1.10784
1991,3,24,0,0.94435,-0.71877,1.18678
1991,3,25,0,0.93606,-0.81177,1.23903
1991,3,26,0,0.90912,-0.87032,1.25855
1991,3,27,0,0.86902,-0.88709,1.24182
1991,3,28,0,0.82228,-0.8581,1.18848
1991,3,29,0,0.77539,-0.78292,1.1019
1991,3,30,0,0.73386,-0.66443,0.98996
1991,3,31,0,0.7013,-0.50835,0.86616
1991,4,1,0,0.67905,-0.32187,0.75147
1991,4,2,0,0.66455,-0.11465,0.67437
1991,4,3,0,0.65318,0.1035,0.66133
1991,4,4,0,0.63917,0.32228,0.71582
1991,4,5,0,0.61828,0.53095,0.81497
1991,4,6,0,0.59088,0.71894,0.9306
1991,4,7,0,0.56316,0.87751,1.04267
1991,4,8,0,0.54447,1.00161,1.14003
1991,4,9,0,0.54271,1.09037,1.21797
1991,4,10,0,0.56105,1.14612,1.27608
1991,4,11,0,0.59749,1.17304,1.31644
1991,4,12,0,0.64596,1.17628,1.34197
1991,4,13,0,0.69804,1.16147,1.35509
1991,4,14,0,0.74433,1.13447,1.35686
1991,4,15,0,0.77576,1.10099,1.34684
1991,4,16,0,0.78437,1.06639,1.32379
1991,4,17,0,0.76406,1.03547,1.28685
1991,4,18,0,0.71088,1.01225,1.23693
1991,4,19,0,0.62317,0.99977,1.17808
1991,4,20,0,0.50149,0.99986,1.11858
1991,4,21,0,0.34833,1.01287,1.07109
1991,4,22,0,0.16777,1.03737,1.05084
1991,4,23,0,-0.03485,1.06995,1.07051
1991,4,24,0,-0.25325,1.10519,1.13383
1991,4,25,0,-0.48046,1.13587,1.2333
1991,4,26,0,-0.70893,1.15353,1.35396
1991,4,27,0,-0.93061,1.14938,1.47889
1991,4,28,0,-1.13712,1.11544,1.59287
1991,4,29,0,-1.32003,1.04575,1.68406
1991,4,30,0,-1.47715,0.92828,1.74461
1991,5,1,0,-1.59132,0.77856,1.77157
1991,5,2,0,-1.66226,0.59454,1.76538
1991,5,3,0,-1.68862,0.38357,1.73164
1991,5,4,0,-1.673,0.154,1.68008
1991,5,5,0,-1.62143,-0.08624,1.62372
1991,5,6,0,-1.54211,-0.33047,1.57713
1991,5,7,0,-1.44382,-0.57332,1.55349
1991,5,8,0,-1.33433,-0.81032,1.56111
1991,5,9,0,-1.21925,-1.03737,1.60084
1991,5,10,0,-1.10134,-1.25035,1.66623
1991,5,11,0,-0.98032,-1.4449,1.74607
1991,5,12,0,-0.85333,-1.61633,1.82776
1991,5,13,0,-0.71584,-1.7596,1.89964
1991,5,14,0,-0.5631,-1.86941,1.95238
1991,5,15,0,-0.39179,-1.94041,1.97956
1991,5,16,0,-0.20126,-1.96782,1.97809
1991,5,17,0,0.00631,-1.94852,1.94853
1991,5,18,0,0.22716,-1.882,1.89566
1991,5,19,0,0.45771,-1.77083,1.82903
1991,5,20,0,0.69574,-1.62016,1.76323
1991,5,21,0,0.94013,-1.43674,1.71699
1991,5,22,0,1.18947,-1.22788,1.70954
1991,5,23,0,1.44055,-1.00063,1.75398
1991,5,24,0,1.68721,-0.76118,1.85096
1991,5,25,0,1.91991,-0.5144,1.98763
1991,5,26,0,2.12599,-0.26359,2.14227
1991,5,27,0,2.29042,-0.01055,2.29045
1991,5,28,0,2.39689,0.24388,2.40927
1991,5,29,0,2.42913,0.49869,2.47979
1991,5,30,0,2.37243,0.75074,2.48838
1991,5,31,0,2.2157,0.99235,2.42778
1991,6,1,0,1.95425,1.20921,2.2981
1991,6,2,0,1.59314,1.38093,2.10833
1991,6,3,0,1.14917,1.48609,1.87857
1991,6,4,0,0.64882,1.51059,1.64404
1991,6,5,0,0.12204,1.45387,1.45898
1991,6,6,0,-0.40402,1.32823,1.38831
1991,6,7,0,-0.90752,1.15314,1.46742
1991,6,8,0,-1.37115,0.94909,1.66758
1991,6,9,0,-1.78052,0.73369,1.92576
1991,6,10,0,-2.12317,0.52013,2.18595
1991,6,11,0,-2.38858,0.3171,2.40954
1991,6,12,0,-2.56874,0.12941,2.572
1991,6,13,0,-2.65878,-0.04102,2.65909
1991,6,14,0,-2.65756,-0.19407,2.66464
1991,6,15,0,-2.56786,-0.33044,2.58904
1991,6,16,0,-2.39626,-0.45073,2.43828
1991,6,17,0,-2.15274,-0.55482,2.22309
1991,6,18,0,-1.85003,-0.64158,1.95812
1991,6,19,0,-1.50284,-0.70876,1.66158
1991,6,20,0,-1.12698,-0.7533,1.35556
1991,6,21,0,-0.73857,-0.77171,1.06818
1991,6,22,0,-0.35317,-0.76062,0.83861
1991,6,23,0,0.01481,-0.71728,0.71743
1991,6,24,0,0.35271,-0.64005,0.7308
1991,6,25,0,0.64988,-0.52879,0.83783
1991,6,26,0,0.89789,-0.38521,0.97704
1991,6,27,0,1.09053,-0.21331,1.1112
1991,6,28,0,1.22398,-0.01984,1.22414
1991,6,29,0,1.29728,0.18538,1.31045
1991,6,30,0,1.31312,0.38991,1.36978
1991,7,1,0,1.27837,0.5803,1.40392
1991,7,2,0,1.2035,0.74459,1.41521
1991,7,3,0,1.10058,0.87446,1.40569
1991,7,4,0,0.98098,0.96594,1.37673
1991,7,5,0,0.85364,1.01864,1.32904
1991,7,6,0,0.72454,1.03447,1.26297
1991,7,7,0,0.59705,1.01659,1.17895
1991,7,8,0,0.47262,0.96889,1.07802
1991,7,9,0,0.35149,0.89574,0.96223
1991,7,10,0,0.23336,0.80192,0.83519
1991,7,11,0,0.1179,0.69255,0.70252
1991,7,12,0,0.00522,0.57287,0.57289
1991,7,13,0,-0.10389,0.44797,0.45986
1991,7,14,0,-0.20772,0.3225,0.3836
1991,7,15,0,-0.30358,0.20034,0.36373
1991,7,16,0,-0.38794,0.08445,0.39703
1991,7,17,0,-0.45662,-0.02319,0.45721
1991,7,18,0,-0.5052,-0.12144,0.51959
1991,7,19,0,-0.52948,-0.2097,0.56949
1991,7,20,0,-0.52602,-0.28756,0.59949
1991,7,21,0,-0.49266,-0.35441,0.6069
1991,7,22,0,-0.42897,-0.40934,0.59294
1991,7,23,0,-0.33646,-0.45121,0.56285
1991,7,24,0,-0.21867,-0.47897,0.52653
1991,7,25,0,-0.08083,-0.49217,0.49876
1991,7,26,0,0.07052,-0.4912,0.49624
1991,7,27,0,0.22804,-0.47741,0.52908
1991,7,28,0,0.38396,-0.45294,0.59378
1991,7,29,0,0.53043,-0.42048,0.67688
1991,7,30,0,0.65973,-0.38309,0.76289
1991,7,31,0,0.76444,-0.3443,0.8384
1991,8,1,0,0.83815,-0.30682,0.89255
1991,8,2,0,0.8753,-0.27321,0.91695
1991,8,3,0,0.87181,-0.24516,0.90562
1991,8,4,0,0.82544,-0.22322,0.85509
1991,8,5,0,0.73622,-0.20661,0.76466
1991,8,6,0,0.60675,-0.19343,0.63683
1991,8,7,0,0.44234,-0.18098,0.47793
1991,8,8,0,0.25094,-0.16636,0.30108
1991,8,9,0,0.04283,-0.14694,0.15305
1991,8,10,0,-0.17008,-0.12089,0.20866
1991,8,11,0,-0.37501,-0.08753,0.38508
1991,8,12,0,-0.55933,-0.04736,0.56133
1991,8,13,0,-0.71154,-0.00203,0.71154
1991,8,14,0,-0.82215,0.04607,0.82344
1991,8,15,0,-0.88445,0.09433,0.88947
1991,8,16,0,-0.89495,0.14061,0.90593
1991,8,17,0,-0.85363,0.18379,0.87319
1991,8,18,0,-0.76391,0.22414,0.79612
1991,8,19,0,-0.63236,0.26311,0.68491
1991,8,20,0,-0.46818,0.30255,0.55743
1991,8,21,0,-0.28259,0.34355,0.44484
1991,8,22,0,-0.08803,0.38547,0.3954
1991,8,23,0,0.10264,0.42567,0.43787
1991,8,24,0,0.27684,0.46013,0.53699
1991,8,25,0,0.42287,0.4847,0.64323
1991,8,26,0,0.53054,0.49619,0.72641
1991,8,27,0,0.59174,0.49312,0.77028
1991,8,28,0,0.60107,0.47579,0.76659
1991,8,29,0,0.55625,0.44589,0.71291
1991,8,30,0,0.45857,0.40582,0.61235
1991,8,31,0,0.31286,0.35796,0.47542
1991,9,1,0,0.12745,0.30406,0.32969
1991,9,2,0,-0.08634,0.24492,0.2597
1991,9,3,0,-0.31482,0.18051,0.3629
1991,9,4,0,-0.54288,0.11034,0.55398
1991,9,5,0,-0.75507,0.03425,0.75585
1991,9,6,0,-0.93688,-0.04686,0.93805
1991,9,7,0,-1.07602,-0.13053,1.08391
1991,9,8,0,-1.16353,-0.21266,1.1828
1991,9,9,0,-1.19461,-0.28805,1.22885
1991,9,10,0,-1.16895,-0.35136,1.22062
1991,9,11,0,-1.09049,-0.3981,1.16089
1991,9,12,0,-0.96679,-0.42538,1.05623
1991,9,13,0,-0.80815,-0.43214,0.91643
1991,9,14,0,-0.62668,-0.41897,0.75383
1991,9,15,0,-0.43536,-0.38767,0.58294
1991,9,16,0,-0.24718,-0.34088,0.42107
1991,9,17,0,-0.07435,-0.28181,0.29145
1991,9,18,0,0.07256,-0.21419,0.22615
1991,9,19,0,0.18534,-0.14236,0.2337
1991,9,20,0,0.2588,-0.07126,0.26843
1991,9,21,0,0.29134,-0.00618,0.2914
1991,9,22,0,0.285,0.04762,0.28895
1991,9,23,0,0.24531,0.08556,0.25981
1991,9,24,0,0.18064,0.10428,0.20859
1991,9,25,0,0.10125,0.10197,0.1437
1991,9,26,0,0.01824,0.0784,0.08049
1991,9,27,0,-0.05752,0.03474,0.0672
1991,9,28,0,-0.11624,-0.02678,0.11929
1991,9,29,0,-0.14995,-0.10326,0.18207
1991,9,30,0,-0.15285,-0.19129,0.24486
1991,10,1,0,-0.12153,-0.28698,0.31165
1991,10,2,0,-0.05481,-0.38572,0.38959
1991,10,3,0,0.04652,-0.48176,0.484
1991,10,4,0,0.18011,-0.56754,0.59544
1991,10,5,0,0.3425,-0.63295,0.71968
1991,10,6,0,0.52898,-0.66437,0.84924
1991,10,7,0,0.73214,-0.64438,0.97532
1991,10,8,0,0.93782,-0.55432,1.08939
1991,10,9,0,1.12022,-0.38487,1.18449
1991,10,10,0,1.247,-0.15245,1.25628
1991,10,11,0,1.29959,0.10259,1.30363
1991,10,12,0,1.28352,0.34381,1.32877
1991,10,13,0,1.21613,0.55493,1.33676
1991,10,14,0,1.11452,0.73344,1.3342
1991,10,15,0,0.99271,0.88103,1.32728
1991,10,16,0,0.86226,0.99906,1.3197
1991,10,17,0,0.7327,1.08732,1.31115
1991,10,18,0,0.61138,1.14419,1.29729
1991,10,19,0,0.50302,1.16724,1.27102
1991,10,20,0,0.40948,1.15412,1.22461
1991,10,21,0,0.26268,1.12743,1.15763
1991,10,22,0,0.13145,1.05104,1.05923
1991,10,23,0,0.0191,0.92932,0.92951
1991,10,24,0,-0.07312,0.76941,0.77288
1991,10,25,0,-0.14596,0.58076,0.59882
1991,10,26,0,-0.20184,0.3744,0.42534
1991,10,27,0,-0.24446,0.16211,0.29333
1991,10,28,0,-0.27825,-0.04445,0.28178
1991,10,29,0,-0.3078,-0.2346,0.38701
1991,10,30,0,-0.33732,-0.3994,0.52279
1991,10,31,0,-0.37017,-0.53226,0.64833
1991,11,1,0,-0.40847,-0.62933,0.75027
1991,11,2,0,-0.4529,-0.68965,0.82507
1991,11,3,0,-0.50263,-0.7151,0.87407
1991,11,4,0,-0.55543,-0.70999,0.90144
1991,11,5,0,-0.6079,-0.6806,0.91256
1991,11,6,0,-0.65588,-0.63442,0.91251
1991,11,7,0,-0.69482,-0.57942,0.90472
1991,11,8,0,-0.7203,-0.52321,0.89027
1991,11,9,0,-0.72846,-0.47231,0.86818
1991,11,10,0,-0.71641,-0.43157,0.83636
1991,11,11,0,-0.71264,-0.35465,0.79601
1991,11,12,0,-0.68161,-0.29768,0.74378
1991,11,13,0,-0.62782,-0.26335,0.68081
1991,11,14,0,-0.55609,-0.2511,0.61015
1991,11,15,0,-0.47053,-0.25742,0.53635
1991,11,16,0,-0.37353,-0.27636,0.46464
1991,11,17,0,-0.26488,-0.29981,0.40006
1991,11,18,0,-0.14135,-0.31651,0.34664
1991,11,19,0,0.00069,-0.30759,0.30759
1991,11,20,0,0.14856,-0.2451,0.2866
1991,11,21,0,0.25988,-0.12556,0.28862
1991,11,22,0,0.31703,0.01463,0.31737
1991,11,23,0,0.33821,0.15299,0.37121
1991,11,24,0,0.33966,0.28452,0.44308
1991,11,25,0,0.32953,0.40674,0.52347
1991,11,26,0,0.31134,0.51584,0.60252
1991,11,27,0,0.28587,0.60697,0.67092
1991,11,28,0,0.25196,0.6751,0.72059
1991,11,29,0,0.20729,0.71581,0.74522
1991,11,30,0,0.14909,0.72597,0.74112
1991,12,1,0,0.07512,0.70409,0.70808
1991,12,2,0,-0.01546,0.65044,0.65062
1991,12,3,0,-0.12122,0.56692,0.57973
1991,12,4,0,-0.23789,0.45677,0.515
1991,12,5,0,-0.35819,0.32417,0.4831
1991,12,6,0,-0.472,0.1739,0.50301
1991,12,7,0,-0.56694,0.01113,0.56705
1991,12,8,0,-0.62938,-0.1584,0.64901
1991,12,9,0,-0.64567,-0.328,0.72421
1991,12,10,0,-0.60375,-0.48917,0.77705
1991,12,11,0,-0.49516,-0.63078,0.80191
1991,12,12,0,-0.31727,-0.73893,0.80416
1991,12,13,0,-0.07538,-0.79847,0.80202
1991,12,14,0,0.21671,-0.79652,0.82547
1991,12,15,0,0.53881,-0.72689,0.90481
1991,12,16,0,0.86838,-0.5924,1.0512
1991,12,17,0,1.1843,-0.40386,1.25127
1991,12,18,0,1.46851,-0.17683,1.47912
1991,12,19,0,1.7058,0.07173,1.7073
1991,12,20,0,1.88311,0.3257,1.91107
1991,12,21,0,1.98922,0.57104,2.06956
1991,12,22,0,2.0149,0.79637,2.16657
1991,12,23,0,1.95354,0.99331,2.19157
1991,12,24,0,1.80188,1.1564,2.14104
1991,12,25,0,1.56069,1.28301,2.02037
1991,12,26,0,1.23517,1.37277,1.84666
1991,12,27,0,0.8351,1.42689,1.6533
1991,12,28,0,0.3746,1.4473,1.495
1991,12,29,0,-0.12834,1.43581,1.44154
1991,12,30,0,-0.65276,1.39352,1.53883
1991,12,31,0,-1.14263,1.35,1.76864
1992,1,1,0,-1.64346,1.25211,2.06609
1992,1,2,0,-2.0908,1.13431,2.37868
1992,1,3,0,-2.47168,0.98342,2.66014
1992,1,4,0,-2.76773,0.79839,2.88058
1992,1,5,0,-2.96436,0.58181,3.02091
1992,1,6,0,-3.0523,0.34039,3.07122
1992,1,7,0,-3.02887,0.08379,3.03003
1992,1,8,0,-2.89853,-0.17777,2.90397
1992,1,9,0,-2.67263,-0.43589,2.70794
1992,1,10,0,-2.36796,-0.68531,2.46513
1992,1,11,0,-2.005,-0.92367,2.20753
1992,1,12,0,-1.60594,-1.1501,1.97529
1992,1,13,0,-1.19292,-1.36367,1.81181
1992,1,14,0,-0.78645,-1.56217,1.74897
1992,1,15,0,-0.40418,-1.74163,1.78791
1992,1,16,0,-0.05991,-1.89651,1.89746
1992,1,17,0,0.23694,-2.02042,2.03427
1992,1,18,0,0.48149,-2.10709,2.16141
1992,1,19,0,0.67314,-2.15135,2.2542
1992,1,20,0,0.81515,-2.14984,2.29919
1992,1,21,0,0.91393,-2.10156,2.29169
1992,1,22,0,0.97827,-2.00798,2.23361
1992,1,23,0,1.01853,-1.87297,2.132
1992,1,24,0,1.04565,-1.70251,1.99798
1992,1,25,0,1.0702,-1.5043,1.84614
1992,1,26,0,1.10134,-1.2871,1.69398
1992,1,27,0,1.14581,-1.06007,1.56097
1992,1,28,0,1.20727,-0.83178,1.46607
1992,1,29,0,1.28575,-0.60916,1.42276
1992,1,30,0,1.37762,-0.39635,1.4335
1992,1,31,0,1.47568,-0.19378,1.48835
1992,2,1,0,1.56957,0.00222,1.56957
1992,2,2,0,1.64612,0.19845,1.65804
1992,2,3,0,1.69032,0.40114,1.73727
1992,2,4,0,1.68823,0.60889,1.79468
1992,2,5,0,1.63352,0.80642,1.82173
1992,2,6,0,1.53284,0.96944,1.81367
1992,2,7,0,1.40113,1.0805,1.76936
1992,2,8,0,1.25101,1.13804,1.6912
1992,2,9,0,1.08838,1.15224,1.585
1992,2,10,0,0.91519,1.13743,1.45991
1992,2,11,0,0.73305,1.10753,1.32815
1992,2,12,0,0.54506,1.07413,1.20451
1992,2,13,0,0.35608,1.04583,1.10479
1992,2,14,0,0.17208,1.02803,1.04233
1992,2,15,0,-0.00089,1.02307,1.02307
1992,2,16,0,-0.15772,1.03056,1.04256
1992,2,17,0,-0.29524,1.04792,1.08872
1992,2,18,0,-0.41312,1.07096,1.14788
1992,2,19,0,-0.5147,1.09416,1.20917
1992,2,20,0,-0.60783,1.11052,1.26598
1992,2,21,0,-0.7057,1.11023,1.31553
1992,2,22,0,-0.82506,1.07843,1.35785
1992,2,23,0,-0.97426,0.99789,1.39462
1992,2,24,0,-1.13043,0.87282,1.42818
1992,2,25,0,-1.2544,0.74827,1.46063
1992,2,26,0,-1.33818,0.66256,1.49322
1992,2,27,0,-1.39591,0.61666,1.52605
1992,2,28,0,-1.43949,0.59595,1.55798
1992,2,29,0,-1.47453,0.58623,1.58679
1992,3,1,0,-1.50272,0.57663,1.60956
1992,3,2,0,-1.52269,0.56178,1.62302
1992,3,3,0,-1.5347,0.53194,1.62428
1992,3,4,0,-1.53772,0.48145,1.61133
1992,3,5,0,-1.53111,0.40553,1.58391
1992,3,6,0,-1.51469,0.30034,1.54418
1992,3,7,0,-1.48867,0.1631,1.49758
1992,3,8,0,-1.45317,-0.0077,1.45319
1992,3,9,0,-1.4074,-0.21229,1.42332
1992,3,10,0,-1.34821,-0.44982,1.42127
1992,3,11,0,-1.26771,-0.71869,1.45725
1992,3,12,0,-1.14905,-1.01652,1.53415
1992,3,13,0,-0.95983,-1.3373,1.6461
1992,3,14,0,-0.64995,-1.65798,1.78083
1992,3,15,0,-0.19157,-1.91393,1.9235
1992,3,16,0,0.33065,-2.03309,2.05981
1992,3,17,0,0.78297,-2.03215,2.17777
1992,3,18,0,1.12513,-1.96983,2.26851
1992,3,19,0,1.37664,-1.87575,2.3267
1992,3,20,0,1.56165,-1.75681,2.35056
1992,3,21,0,1.69761,-1.61314,2.34182
1992,3,22,0,1.79661,-1.44452,2.30531
1992,3,23,0,1.86742,-1.25222,2.2484
1992,3,24,0,1.91638,-1.03922,2.18002
1992,3,25,0,1.94775,-0.80986,2.10941
1992,3,26,0,1.9637,-0.56918,2.04452
1992,3,27,0,1.96432,-0.32236,1.9906
1992,3,28,0,1.9477,-0.07414,1.94911
1992,3,29,0,1.91008,0.17153,1.91777
1992,3,30,0,1.84625,0.41152,1.89155
1992,3,31,0,1.74983,0.64323,1.86431
1992,4,1,0,1.61339,0.86499,1.83064
1992,4,2,0,1.43049,1.07121,1.78712
1992,4,3,0,1.19627,1.25415,1.73319
1992,4,4,0,0.91027,1.40187,1.67148
1992,4,5,0,0.57979,1.49922,1.60743
1992,4,6,0,0.22192,1.53239,1.54838
1992,4,7,0,-0.13915,1.4954,1.50186
1992,4,8,0,-0.4793,1.39319,1.47334
1992,4,9,0,-0.78077,1.23873,1.46426
1992,4,10,0,-1.03355,1.04718,1.47133
1992,4,11,0,-1.23316,0.83193,1.48755
1992,4,12,0,-1.37814,0.60331,1.50441
1992,4,13,0,-1.46851,0.36893,1.51415
1992,4,14,0,-1.50536,0.13458,1.51136
1992,4,15,0,-1.4908,-0.09501,1.49382
1992,4,16,0,-1.42819,-0.31551,1.46262
1992,4,17,0,-1.32218,-0.52261,1.42171
1992,4,18,0,-1.17872,-0.71168,1.3769
1992,4,19,0,-1.00485,-0.87778,1.33425
1992,4,20,0,-0.8084,-1.0157,1.29814
1992,4,21,0,-0.59758,-1.12013,1.26957
1992,4,22,0,-0.38065,-1.18604,1.24562
1992,4,23,0,-0.16548,-1.20906,1.22033
1992,4,24,0,0.04062,-1.18598,1.18668
1992,4,25,0,0.23112,-1.11527,1.13896
1992,4,26,0,0.40028,-0.99744,1.07476
1992,4,27,0,0.54322,-0.83547,0.99654
1992,4,28,0,0.65591,-0.63493,0.91288
1992,4,29,0,0.73543,-0.40398,0.83908
1992,4,30,0,0.78279,-0.14964,0.79696
1992,5,1,0,0.79157,0.11175,0.79942
1992,5,2,0,0.76686,0.36777,0.85049
1992,5,3,0,0.71355,0.60536,0.93574
1992,5,4,0,0.63823,0.81302,1.0336
1992,5,5,0,0.54793,0.98155,1.12413
1992,5,6,0,0.4489,1.10436,1.19211
1992,5,7,0,0.34575,1.17746,1.22717
1992,5,8,0,0.24124,1.19931,1.22334
1992,5,9,0,0.13658,1.17074,1.17868
1992,5,10,0,0.03204,1.09467,1.09514
1992,5,11,0,-0.07227,0.97595,0.97862
1992,5,12,0,-0.17568,0.82091,0.8395
1992,5,13,0,-0.27649,0.63699,0.69441
1992,5,14,0,-0.37181,0.43237,0.57025
1992,5,15,0,-0.45803,0.21576,0.50631
1992,5,16,0,-0.53177,-0.00366,0.53179
1992,5,17,0,-0.59099,-0.21655,0.62941
1992,5,18,0,-0.63552,-0.41392,0.75843
1992,5,19,0,-0.66658,-0.58801,0.88886
1992,5,20,0,-0.68553,-0.73298,1.0036
1992,5,21,0,-0.69264,-0.84533,1.09286
1992,5,22,0,-0.68643,-0.92387,1.15096
1992,5,23,0,-0.66392,-0.96944,1.17499
1992,5,24,0,-0.62128,-0.98459,1.16422
1992,5,25,0,-0.5547,-0.97305,1.12006
1992,5,26,0,-0.46121,-0.93912,1.04626
1992,5,27,0,-0.33931,-0.8869,0.94959
1992,5,28,0,-0.1895,-0.81948,0.84111
1992,5,29,0,-0.01458,-0.73822,0.73837
1992,5,30,0,0.18003,-0.6423,0.66706
1992,5,31,0,0.38611,-0.52898,0.65491
1992,6,1,0,0.59268,-0.39495,0.71222
1992,6,2,0,0.78678,-0.23886,0.82224
1992,6,3,0,0.95557,-0.06393,0.9577
1992,6,4,0,1.08897,0.12145,1.09572
1992,6,5,0,1.18135,0.30607,1.22036
1992,6,6,0,1.23094,0.47966,1.32109
1992,6,7,0,1.23804,0.63541,1.39157
1992,6,8,0,1.20359,0.77036,1.42902
1992,6,9,0,1.12869,0.8846,1.43404
1992,6,10,0,1.01471,0.98007,1.41074
1992,6,11,0,0.86372,1.05949,1.36694
1992,6,12,0,0.67876,1.12547,1.3143
1992,6,13,0,0.46407,1.17985,1.26784
1992,6,14,0,0.22512,1.2233,1.24384
1992,6,15,0,-0.03149,1.25504,1.25544
1992,6,16,0,-0.2982,1.27288,1.30734
1992,6,17,0,-0.56666,1.27333,1.39372
1992,6,18,0,-0.82805,1.252,1.50106
1992,6,19,0,-1.07337,1.20403,1.61301
1992,6,20,0,-1.29365,1.1246,1.71413
1992,6,21,0,-1.4803,1.0095,1.79175
1992,6,22,0,-1.62532,0.85567,1.8368
1992,6,23,0,-1.72146,0.6618,1.84429
1992,6,24,0,-1.76236,0.42887,1.81379
1992,6,25,0,-1.7427,0.16077,1.7501
1992,6,26,0,-1.65842,-0.1351,1.66391
1992,6,27,0,-1.50727,-0.44738,1.57226
1992,6,28,0,-1.28997,-0.76075,1.49758
1992,6,29,0,-1.01192,-1.05697,1.46327
1992,6,30,0,-0.68494,-1.31752,1.48493
1992,7,1,0,-0.32764,-1.52729,1.56204
1992,7,2,0,0.03678,-1.67782,1.67823
1992,7,3,0,0.38451,-1.76794,1.80927
1992,7,4,0,0.6952,-1.80154,1.93102
1992,7,5,0,0.95408,-1.78437,2.02342
1992,7,6,0,1.15233,-1.72154,2.07161
1992,7,7,0,1.28642,-1.61662,2.066
1992,7,8,0,1.35708,-1.47194,2.00207
1992,7,9,0,1.36847,-1.28956,1.88034
1992,7,10,0,1.32733,-1.07246,1.70645
1992,7,11,0,1.24233,-0.8254,1.49153
1992,7,12,0,1.12335,-0.5555,1.25319
1992,7,13,0,0.98086,-0.27226,1.01795
1992,7,14,0,0.82525,0.01285,0.82535
1992,7,15,0,0.66624,0.28722,0.72552
1992,7,16,0,0.51242,0.53816,0.7431
1992,7,17,0,0.37087,0.75406,0.84032
1992,7,18,0,0.24705,0.92547,0.95788
1992,7,19,0,0.14487,1.04603,1.05602
1992,7,20,0,0.06691,1.11302,1.11503
1992,7,21,0,0.01467,1.12752,1.12762
1992,7,22,0,-0.01133,1.09426,1.09432
1992,7,23,0,-0.01157,1.02095,1.02102
1992,7,24,0,0.01211,0.91748,0.91756
1992,7,25,0,0.0563,0.79481,0.7968
1992,7,26,0,0.1159,0.66398,0.67402
1992,7,27,0,0.18447,0.5353,0.56619
1992,7,28,0,0.2548,0.41764,0.48923
1992,7,29,0,0.31963,0.31804,0.4509
1992,7,30,0,0.37228,0.24138,0.44369
1992,7,31,0,0.40738,0.19026,0.44962
1992,8,1,0,0.42102,0.16528,0.4523
1992,8,2,0,0.41146,0.165,0.44331
1992,8,3,0,0.37903,0.18647,0.42241
1992,8,4,0,0.32604,0.22563,0.3965
1992,8,5,0,0.25634,0.27765,0.37789
1992,8,6,0,0.17471,0.33709,0.37968
1992,8,7,0,0.0862,0.39818,0.4074
1992,8,8,0,-0.00449,0.45499,0.45501
1992,8,9,0,-0.09349,0.5018,0.51044
1992,8,10,0,-0.17805,0.53351,0.56243
1992,8,11,0,-0.25657,0.546,0.60327
1992,8,12,0,-0.32844,0.53656,0.6291
1992,8,13,0,-0.3937,0.50415,0.63966
1992,8,14,0,-0.45268,0.44945,0.63791
1992,8,15,0,-0.5055,0.37488,0.62934
1992,8,16,0,-0.55175,0.28437,0.62072
1992,8,17,0,-0.59043,0.1831,0.61817
1992,8,18,0,-0.62002,0.0772,0.62481
1992,8,19,0,-0.63894,-0.02656,0.63949
1992,8,20,0,-0.64607,-0.12131,0.65736
1992,8,21,0,-0.64116,-0.20064,0.67182
1992,8,22,0,-0.6249,-0.25941,0.6766
1992,8,23,0,-0.59852,-0.29452,0.66706
1992,8,24,0,-0.56334,-0.30526,0.64073
1992,8,25,0,-0.52038,-0.2934,0.5974
1992,8,26,0,-0.47041,-0.26284,0.53886
1992,8,27,0,-0.41423,-0.21907,0.46859
1992,8,28,0,-0.35311,-0.16849,0.39125
1992,8,29,0,-0.28919,-0.11776,0.31225
1992,8,30,0,-0.22565,-0.07321,0.23723
1992,8,31,0,-0.16665,-0.04036,0.17147
1992,9,1,0,-0.11702,-0.02362,0.11938
1992,9,2,0,-0.08165,-0.02613,0.08573
1992,9,3,0,-0.06484,-0.04978,0.08175
1992,9,4,0,-0.06948,-0.09524,0.11789
1992,9,5,0,-0.09649,-0.16198,0.18854
1992,9,6,0,-0.14445,-0.24826,0.28723
1992,9,7,0,-0.20961,-0.35093,0.40876
1992,9,8,0,-0.28631,-0.46529,0.54632
1992,9,9,0,-0.36763,-0.58507,0.69098
1992,9,10,0,-0.44604,-0.70272,0.83232
1992,9,11,0,-0.5141,-0.81002,0.95939
1992,9,12,0,-0.56479,-0.89898,1.06167
1992,9,13,0,-0.59189,-0.9627,1.13009
1992,9,14,0,-0.59008,-0.99615,1.1578
1992,9,15,0,-0.55526,-0.99661,1.14085
1992,9,16,0,-0.48478,-0.96367,1.07874
1992,9,17,0,-0.37777,-0.89908,0.97522
1992,9,18,0,-0.23541,-0.80631,0.83998
1992,9,19,0,-0.06106,-0.6902,0.69289
1992,9,20,0,0.13978,-0.55658,0.57386
1992,9,21,0,0.35977,-0.41213,0.54707
1992,9,22,0,0.59018,-0.26409,0.64657
1992,9,23,0,0.82143,-0.11995,0.83014
1992,9,24,0,1.04371,0.01311,1.04379
1992,9,25,0,1.2475,0.12893,1.25415
1992,9,26,0,1.42413,0.22307,1.4415
1992,9,27,0,1.56623,0.29346,1.59349
1992,9,28,0,1.6682,0.34068,1.70263
1992,9,29,0,1.72655,0.36791,1.76531
1992,9,30,0,1.74015,0.38057,1.78128
1992,10,1,0,1.71029,0.38561,1.75322
1992,10,2,0,1.64041,0.39061,1.68627
1992,10,3,0,1.53568,0.4029,1.58765
1992,10,4,0,1.40208,0.42861,1.46613
1992,10,5,0,1.24531,0.47188,1.33171
1992,10,6,0,1.06928,0.5339,1.19517
1992,10,7,0,0.87504,0.61146,1.06751
1992,10,8,0,0.66138,0.6945,0.95904
1992,10,9,0,0.43035,0.76488,0.87764
1992,10,10,0,0.19527,0.80314,0.82653
1992,10,11,0,-0.02263,0.80267,0.80299
1992,10,12,0,-0.20974,0.77172,0.79971
1992,10,13,0,-0.36574,0.72105,0.8085
1992,10,14,0,-0.49763,0.65653,0.82381
1992,10,15,0,-0.61415,0.57994,0.84469
1992,10,16,0,-0.72367,0.49179,0.87496
1992,10,17,0,-0.8334,0.39344,0.92161
1992,10,18,0,-0.94886,0.28815,0.99164
1992,10,19,0,-1.07321,0.18125,1.08841
1992,10,20,0,-1.20676,0.07967,1.20939
1992,10,21,0,-1.34734,-0.08983,1.35033
1992,10,22,0,-1.47243,-0.2609,1.49537
1992,10,23,0,-1.57483,-0.42582,1.63138
1992,10,24,0,-1.64715,-0.57683,1.74523
1992,10,25,0,-1.68253,-0.70675,1.82494
1992,10,26,0,-1.67529,-0.80942,1.86058
1992,10,27,0,-1.62157,-0.88018,1.84505
1992,10,28,0,-1.51985,-0.91622,1.77466
1992,10,29,0,-1.37127,-0.91675,1.64949
1992,10,30,0,-1.17981,-0.8831,1.47371
1992,10,31,0,-0.95216,-0.81859,1.25567
1992,11,1,0,-0.69744,-0.7283,1.00839
1992,11,2,0,-0.42664,-0.6187,0.75154
1992,11,3,0,-0.15195,-0.49719,0.51989
1992,11,4,0,0.11408,-0.37153,0.38865
1992,11,5,0,0.35939,-0.24934,0.43741
1992,11,6,0,0.57324,-0.1375,0.5895
1992,11,7,0,0.74698,-0.04176,0.74814
1992,11,8,0,0.87465,0.0337,0.8753
1992,11,9,0,0.95337,0.08643,0.95728
1992,11,10,0,0.98349,0.11589,0.99029
1992,11,11,0,0.9739,0.05443,0.97542
1992,11,12,0,0.91883,-0.01732,0.91899
1992,11,13,0,0.82567,-0.08757,0.8303
1992,11,14,0,0.70562,-0.14679,0.72073
1992,11,15,0,0.57239,-0.18878,0.60272
1992,11,16,0,0.44072,-0.21108,0.48866
1992,11,17,0,0.32509,-0.21466,0.38957
1992,11,18,0,0.23859,-0.20266,0.31304
1992,11,19,0,0.19128,-0.17755,0.26098
1992,11,20,0,0.18347,-0.13888,0.23011
1992,11,21,0,0.20002,-0.08823,0.21862
1992,11,22,0,0.23103,-0.02958,0.23292
1992,11,23,0,0.27919,0.03684,0.28161
1992,11,24,0,0.34659,0.1094,0.36344
1992,11,25,0,0.43104,0.18357,0.4685
1992,11,26,0,0.5269,0.25396,0.5849
1992,11,27,0,0.62617,0.31602,0.7014
1992,11,28,0,0.71982,0.36698,0.80797
1992,11,29,0,0.79894,0.40616,0.89625
1992,11,30,0,0.85592,0.43485,0.96005
1992,12,1,0,0.88528,0.45587,0.99576
1992,12,2,0,0.8842,0.47297,1.00275
1992,12,3,0,0.85261,0.49013,0.98345
1992,12,4,0,0.79292,0.51092,0.94327
1992,12,5,0,0.7094,0.53801,0.89034
1992,12,6,0,0.60732,0.57276,0.8348
1992,12,7,0,0.49211,0.61509,0.78772
1992,12,8,0,0.36852,0.6634,0.75888
1992,12,9,0,0.24005,0.71475,0.75398
1992,12,10,0,0.10885,0.76505,0.77276
1992,12,11,0,-0.02404,0.80953,0.80988
1992,12,12,0,-0.1579,0.8433,0.85796
1992,12,13,0,-0.29156,0.86233,0.91029
1992,12,14,0,-0.42311,0.86426,0.96228
1992,12,15,0,-0.55061,0.84881,1.01176
1992,12,16,0,-0.67336,0.81708,1.05879
1992,12,17,0,-0.79266,0.77031,1.1053
1992,12,18,0,-0.91164,0.70876,1.15474
1992,12,19,0,-1.03408,0.63134,1.21158
1992,12,20,0,-1.16319,0.53586,1.28069
1992,12,21,0,-1.30046,0.41959,1.36647
1992,12,22,0,-1.44491,0.27992,1.47178
1992,12,23,0,-1.59274,0.11496,1.59689
1992,12,24,0,-1.73735,-0.07605,1.73901
1992,12,25,0,-1.86962,-0.29241,1.89235
1992,12,26,0,-1.97862,-0.53187,2.04885
1992,12,27,0,-2.05225,-0.79063,2.19928
1992,12,28,0,-2.07821,-1.06338,2.33447
1992,12,29,0,-2.0448,-1.34332,2.44658
1992,12,30,0,-1.94193,-1.62207,2.53026
1992,12,31,0,-1.8094,-1.84497,2.58416
1993,1,1,0,-1.5484,-2.09713,2.60682
1993,1,2,0,-1.22057,-2.30896,2.61172
1993,1,3,0,-0.81375,-2.47641,2.60669
1993,1,4,0,-0.33687,-2.58405,2.60592
1993,1,5,0,0.19441,-2.617,2.62422
1993,1,6,0,0.75814,-2.56361,2.67336
1993,1,7,0,1.32802,-2.41803,2.75871
1993,1,8,0,1.87649,-2.1816,2.8776
1993,1,9,0,2.37798,-1.86232,3.02043
1993,1,10,0,2.81115,-1.47291,3.17364
1993,1,11,0,3.15986,-1.02848,3.32302
1993,1,12,0,3.41295,-0.54481,3.45616
1993,1,13,0,3.56375,-0.03741,3.56394
1993,1,14,0,3.6094,0.47856,3.64099
1993,1,15,0,3.55048,0.98812,3.68542
1993,1,16,0,3.39074,1.47613,3.69812
1993,1,17,0,3.13707,1.9272,3.68175
1993,1,18,0,2.79948,2.32591,3.63963
1993,1,19,0,2.39103,2.65749,3.57482
1993,1,20,0,1.92754,2.90878,3.48948
1993,1,21,0,1.42694,3.0694,3.38487
1993,1,22,0,0.90827,3.13278,3.26179
1993,1,23,0,0.39042,3.09695,3.12147
1993,1,24,0,-0.10911,2.96474,2.96675
1993,1,25,0,-0.5753,2.74337,2.80304
1993,1,26,0,-0.99616,2.44374,2.63898
1993,1,27,0,-1.36277,2.07936,2.48613
1993,1,28,0,-1.66881,1.66514,2.35746
1993,1,29,0,-1.90979,1.21636,2.26425
1993,1,30,0,-2.08195,0.74762,2.21211
1993,1,31,0,-2.18118,0.27221,2.1981
1993,2,1,0,-2.20196,-0.19772,2.21082
1993,2,2,0,-2.13715,-0.64957,2.23369
1993,2,3,0,-1.98049,-1.06634,2.24932
1993,2,4,0,-1.73456,-1.42182,2.24283
1993,2,5,0,-1.42294,-1.68271,2.2037
1993,2,6,0,-1.09183,-1.82448,2.12622
1993,2,7,0,-0.78975,-1.84759,2.0093
1993,2,8,0,-0.54524,-1.77389,1.85579
1993,2,9,0,-0.36422,-1.63149,1.67165
1993,2,10,0,-0.23968,-1.44529,1.46503
1993,2,11,0,-0.1603,-1.23497,1.24533
1993,2,12,0,-0.11486,-1.01592,1.0224
1993,2,13,0,-0.09377,-0.80029,0.80576
1993,2,14,0,-0.08945,-0.5976,0.60425
1993,2,15,0,-0.09603,-0.41498,0.42595
1993,2,16,0,-0.10897,-0.25732,0.27944
1993,2,17,0,-0.12464,-0.12728,0.17815
1993,2,18,0,-0.13996,-0.02556,0.14227
1993,2,19,0,-0.15218,0.04891,0.15985
1993,2,20,0,-0.15894,0.09858,0.18703
1993,2,21,0,-0.15841,0.12712,0.20311
1993,2,22,0,-0.14959,0.13982,0.20476
1993,2,23,0,-0.13199,0.14548,0.19643
1993,2,24,0,-0.10463,0.15824,0.1897
1993,2,25,0,-0.06636,0.19157,0.20274
1993,2,26,0,-0.01711,0.24793,0.24852
1993,2,27,0,0.04264,0.32105,0.32386
1993,2,28,0,0.11223,0.40235,0.41771
1993,3,1,0,0.2106,0.4746,0.51923
1993,3,2,0,0.30305,0.5419,0.62088
1993,3,3,0,0.39717,0.59235,0.71318
1993,3,4,0,0.48747,0.61996,0.78865
1993,3,5,0,0.56754,0.62038,0.84081
1993,3,6,0,0.6307,0.59139,0.86459
1993,3,7,0,0.67079,0.53317,0.85687
1993,3,8,0,0.68311,0.4484,0.81712
1993,3,9,0,0.6653,0.34195,0.74803
1993,3,10,0,0.61821,0.22047,0.65635
1993,3,11,0,0.54666,0.09155,0.55427
1993,3,12,0,0.4603,-0.03723,0.4618
1993,3,13,0,0.37481,-0.15928,0.40725
1993,3,14,0,0.31224,-0.26969,0.41258
1993,3,15,0,0.29255,-0.36526,0.46797
1993,3,16,0,0.3103,-0.44544,0.54287
1993,3,17,0,0.33723,-0.51111,0.61233
1993,3,18,0,0.35557,-0.55867,0.66223
1993,3,19,0,0.36333,-0.582,0.6861
1993,3,20,0,0.36491,-0.5772,0.68288
1993,3,21,0,0.36601,-0.54403,0.65569
1993,3,22,0,0.37155,-0.4855,0.61136
1993,3,23,0,0.3847,-0.40698,0.56003
1993,3,24,0,0.40633,-0.31508,0.51418
1993,3,25,0,0.43495,-0.21663,0.48591
1993,3,26,0,0.46693,-0.11769,0.48154
1993,3,27,0,0.49708,-0.02278,0.4976
1993,3,28,0,0.51933,0.06557,0.52346
1993,3,29,0,0.52754,0.14697,0.54762
1993,3,30,0,0.51612,0.22278,0.56215
1993,3,31,0,0.48053,0.29556,0.56415
1993,4,1,0,0.41732,0.36835,0.55663
1993,4,2,0,0.32449,0.44223,0.5485
1993,4,3,0,0.20128,0.51632,0.55417
1993,4,4,0,0.0488,0.58673,0.58876
1993,4,5,0,-0.12895,0.64726,0.65998
1993,4,6,0,-0.3239,0.69179,0.76386
1993,4,7,0,-0.52425,0.71741,0.88855
1993,4,8,0,-0.71672,0.72543,1.01978
1993,4,9,0,-0.88914,0.71945,1.14376
1993,4,10,0,-1.03155,0.70244,1.248
1993,4,11,0,-1.13622,0.67513,1.32166
1993,4,12,0,-1.19736,0.63596,1.35577
1993,4,13,0,-1.21111,0.58201,1.34369
1993,4,14,0,-1.17571,0.51011,1.28161
1993,4,15,0,-1.09182,0.41785,1.16904
1993,4,16,0,-0.96262,0.30431,1.00958
1993,4,17,0,-0.79389,0.17055,0.812
1993,4,18,0,-0.59376,0.01973,0.59408
1993,4,19,0,-0.37229,-0.143,0.39881
1993,4,20,0,-0.14086,-0.31082,0.34125
1993,4,21,0,0.08871,-0.47577,0.48397
1993,4,22,0,0.30491,-0.6293,0.69928
1993,4,23,0,0.49738,-0.76296,0.91076
1993,4,24,0,0.65743,-0.86908,1.08973
1993,4,25,0,0.7784,-0.94145,1.22157
1993,4,26,0,0.85568,-0.97594,1.29794
1993,4,27,0,0.88656,-0.97107,1.3149
1993,4,28,0,0.86993,-0.92837,1.27226
1993,4,29,0,0.80622,-0.85252,1.17336
1993,4,30,0,0.70458,-0.74405,1.02472
1993,5,1,0,0.55502,-0.6263,0.83684
1993,5,2,0,0.36959,-0.50452,0.62542
1993,5,3,0,0.15677,-0.38898,0.41938
1993,5,4,0,-0.07259,-0.28788,0.29689
1993,5,5,0,-0.30606,-0.20677,0.36936
1993,5,6,0,-0.53072,-0.1486,0.55113
1993,5,7,0,-0.7343,-0.11406,0.7431
1993,5,8,0,-0.90598,-0.10216,0.91173
1993,5,9,0,-1.03705,-0.11053,1.04292
1993,5,10,0,-1.12109,-0.13574,1.12928
1993,5,11,0,-1.15415,-0.17336,1.1671
1993,5,12,0,-1.13465,-0.21794,1.15539
1993,5,13,0,-1.06337,-0.26296,1.09541
1993,5,14,0,-0.94345,-0.30093,0.99028
1993,5,15,0,-0.78041,-0.32383,0.84493
1993,5,16,0,-0.58206,-0.32436,0.66634
1993,5,17,0,-0.35789,-0.29765,0.46549
1993,5,18,0,-0.11784,-0.24297,0.27004
1993,5,19,0,0.12894,-0.16429,0.20885
1993,5,20,0,0.37497,-0.06943,0.38134
1993,5,21,0,0.61442,0.03181,0.61524
1993,5,22,0,0.84255,0.12957,0.85246
1993,5,23,0,1.05504,0.21549,1.07682
1993,5,24,0,1.24759,0.28379,1.27946
1993,5,25,0,1.41573,0.33184,1.4541
1993,5,26,0,1.55497,0.36039,1.59619
1993,5,27,0,1.66097,0.37344,1.70244
1993,5,28,0,1.7297,0.3777,1.77046
1993,5,29,0,1.75753,0.38148,1.79845
1993,5,30,0,1.74116,0.39308,1.78498
1993,5,31,0,1.67757,0.41855,1.72899
1993,6,1,0,1.56404,0.45937,1.6301
1993,6,2,0,1.39904,0.51102,1.48945
1993,6,3,0,1.18337,0.56412,1.31095
1993,6,4,0,0.92107,0.6084,1.10387
1993,6,5,0,0.61922,0.63706,0.88841
1993,6,6,0,0.28678,0.64858,0.70915
1993,6,7,0,-0.06615,0.64513,0.64851
1993,6,8,0,-0.42851,0.6299,0.76184
1993,6,9,0,-0.78839,0.60495,0.99374
1993,6,10,0,-1.13319,0.57019,1.26855
1993,6,11,0,-1.45015,0.52344,1.54173
1993,6,12,0,-1.72701,0.46096,1.78747
1993,6,13,0,-1.95259,0.37848,1.98893
1993,6,14,0,-2.1174,0.27226,2.13483
1993,6,15,0,-2.2141,0.14022,2.21854
1993,6,16,0,-2.23795,-0.01718,2.23801
1993,6,17,0,-2.18705,-0.19629,2.19584
1993,6,18,0,-2.06265,-0.39013,2.09922
1993,6,19,0,-1.86929,-0.58862,1.95977
1993,6,20,0,-1.61474,-0.77932,1.79297
1993,6,21,0,-1.30987,-0.94839,1.61716
1993,6,22,0,-0.96822,-1.08182,1.45182
1993,6,23,0,-0.60545,-1.16673,1.31447
1993,6,24,0,-0.23871,-1.19249,1.21614
1993,6,25,0,0.11398,-1.15187,1.15749
1993,6,26,0,0.43441,-1.04208,1.129
1993,6,27,0,0.70483,-0.86584,1.11645
1993,6,28,0,0.9091,-0.63242,1.10743
1993,6,29,0,1.03459,-0.35825,1.09486
1993,6,30,0,1.07508,-0.06621,1.07712
1993,7,1,0,1.03337,0.21735,1.05598
1993,7,2,0,0.92209,0.46738,1.03377
1993,7,3,0,0.76143,0.66463,1.01069
1993,7,4,0,0.57482,0.79786,0.98336
1993,7,5,0,0.38478,0.86333,0.9452
1993,7,6,0,0.21019,0.86295,0.88818
1993,7,7,0,0.06511,0.80243,0.80507
1993,7,8,0,-0.04129,0.68997,0.69121
1993,7,9,0,-0.10443,0.53556,0.54564
1993,7,10,0,-0.12369,0.35057,0.37175
1993,7,11,0,-0.10174,0.14755,0.17922
1993,7,12,0,-0.04371,-0.06013,0.07434
1993,7,13,0,0.04346,-0.25864,0.26227
1993,7,14,0,0.15176,-0.43428,0.46003
1993,7,15,0,0.27259,-0.57411,0.63553
1993,7,16,0,0.39711,-0.66675,0.77605
1993,7,17,0,0.51635,-0.70326,0.87246
1993,7,18,0,0.62124,-0.67797,0.91955
1993,7,19,0,0.70258,-0.58939,0.91706
1993,7,20,0,0.75128,-0.44085,0.87108
1993,7,21,0,0.75893,-0.24094,0.79626
1993,7,22,0,0.71887,-0.00328,0.71888
1993,7,23,0,0.62764,0.25431,0.6772
1993,7,24,0,0.48628,0.51153,0.70578
1993,7,25,0,0.30101,0.74787,0.80618
1993,7,26,0,0.08299,0.94486,0.9485
1993,7,27,0,-0.153,1.08799,1.09869
1993,7,28,0,-0.39032,1.16789,1.23139
1993,7,29,0,-0.61236,1.18082,1.33016
1993,7,30,0,-0.80434,1.12854,1.38584
1993,7,31,0,-0.95458,1.01781,1.39541
1993,8,1,0,-1.05657,0.85843,1.36134
1993,8,2,0,-1.10821,0.66272,1.29125
1993,8,3,0,-1.11225,0.4438,1.19752
1993,8,4,0,-1.0754,0.21436,1.09656
1993,8,5,0,-1.00711,-0.01403,1.00721
1993,8,6,0,-0.91803,-0.23125,0.94671
1993,8,7,0,-0.81866,-0.4287,0.92412
1993,8,8,0,-0.71821,-0.59931,0.93541
1993,8,9,0,-0.62378,-0.73766,0.96605
1993,8,10,0,-0.54,-0.84022,0.99878
1993,8,11,0,-0.4688,-0.90548,1.01964
1993,8,12,0,-0.40964,-0.93417,1.02004
1993,8,13,0,-0.35981,-0.92922,0.99645
1993,8,14,0,-0.31502,-0.89545,0.94925
1993,8,15,0,-0.26998,-0.83907,0.88144
1993,8,16,0,-0.21913,-0.76689,0.79758
1993,8,17,0,-0.15719,-0.68547,0.70326
1993,8,18,0,-0.07983,-0.6003,0.60559
1993,8,19,0,0.01591,-0.51529,0.51554
1993,8,20,0,0.13121,-0.4327,0.45215
1993,8,21,0,0.26527,-0.35359,0.44203
1993,8,22,0,0.41513,-0.27853,0.49991
1993,8,23,0,0.57569,-0.20817,0.61217
1993,8,24,0,0.73987,-0.14343,0.75364
1993,8,25,0,0.89895,-0.08534,0.903
1993,8,26,0,1.04318,-0.03459,1.04376
1993,8,27,0,1.16257,0.00876,1.1626
1993,8,28,0,1.24784,0.04548,1.24867
1993,8,29,0,1.29139,0.07703,1.29368
1993,8,30,0,1.28806,0.10526,1.29235
1993,8,31,0,1.23579,0.13192,1.24281
1993,9,1,0,1.13588,0.15818,1.14684
1993,9,2,0,0.99301,0.18423,1.00995
1993,9,3,0,0.815,0.20907,0.84139
1993,9,4,0,0.61233,0.23063,0.65433
1993,9,5,0,0.39747,0.24618,0.46753
1993,9,6,0,0.18402,0.25303,0.31287
1993,9,7,0,-0.01418,0.24931,0.24972
1993,9,8,0,-0.18423,0.23464,0.29832
1993,9,9,0,-0.31524,0.21035,0.37897
1993,9,10,0,-0.39938,0.1793,0.43778
1993,9,11,0,-0.43266,0.1453,0.45641
1993,9,12,0,-0.41535,0.1123,0.43026
1993,9,13,0,-0.35193,0.08381,0.36177
1993,9,14,0,-0.2507,0.06248,0.25837
1993,9,15,0,-0.12305,0.04994,0.1328
1993,9,16,0,0.01757,0.04678,0.04998
1993,9,17,0,0.15681,0.05265,0.16541
1993,9,18,0,0.28063,0.06627,0.28835
1993,9,19,0,0.37655,0.0856,0.38616
1993,9,20,0,0.43472,0.10804,0.44794
1993,9,21,0,0.4487,0.13082,0.46738
1993,9,22,0,0.416,0.15156,0.44275
1993,9,23,0,0.3382,0.16881,0.37799
1993,9,24,0,0.22071,0.18251,0.2864
1993,9,25,0,0.07224,0.19408,0.20709
1993,9,26,0,-0.09589,0.20616,0.22737
1993,9,27,0,-0.27074,0.22206,0.35015
1993,9,28,0,-0.43872,0.24508,0.50253
1993,9,29,0,-0.58682,0.27774,0.64923
1993,9,30,0,-0.70379,0.32127,0.77365
1993,10,1,0,-0.78132,0.37519,0.86674
1993,10,2,0,-0.81507,0.43731,0.92498
1993,10,3,0,-0.8055,0.50391,0.95014
1993,10,4,0,-0.7583,0.57026,0.94879
1993,10,5,0,-0.6844,0.63122,0.93105
1993,10,6,0,-0.59943,0.68183,0.90786
1993,10,7,0,-0.52205,0.71749,0.88731
1993,10,8,0,-0.47012,0.73353,0.87125
1993,10,9,0,-0.45348,0.72454,0.85476
1993,10,10,0,-0.46746,0.68509,0.82938
1993,10,11,0,-0.49858,0.61114,0.78871
1993,10,12,0,-0.53875,0.49965,0.73478
1993,10,13,0,-0.58964,0.34873,0.68505
1993,10,14,0,-0.65726,0.15981,0.67641
1993,10,15,0,-0.74661,-0.06075,0.74908
1993,10,16,0,-0.8589,-0.30196,0.91044
1993,10,17,0,-0.99055,-0.54962,1.13282
1993,10,18,0,-1.13298,-0.78824,1.38021
1993,10,19,0,-1.27323,-1.00314,1.62092
1993,10,20,0,-1.39512,-1.18238,1.82876
1993,10,21,0,-1.4007,-1.40452,1.98359
1993,10,22,0,-1.3324,-1.5834,2.0694
1993,10,23,0,-1.18466,-1.70829,2.07887
1993,10,24,0,-0.95748,-1.77151,2.01371
1993,10,25,0,-0.65667,-1.76901,1.88696
1993,10,26,0,-0.29365,-1.70078,1.72595
1993,10,27,0,0.11521,-1.57093,1.57515
1993,10,28,0,0.54958,-1.3874,1.49229
1993,10,29,0,0.98656,-1.16148,1.52392
1993,10,30,0,1.40224,-0.90691,1.66996
1993,10,31,0,1.77341,-0.63899,1.88501
1993,11,1,0,2.07908,-0.37336,2.11234
1993,11,2,0,2.30208,-0.12496,2.30546
1993,11,3,0,2.43015,0.09313,2.43193
1993,11,4,0,2.45683,0.2705,2.47168
1993,11,5,0,2.38188,0.40018,2.41526
1993,11,6,0,2.21117,0.47894,2.26244
1993,11,7,0,1.95631,0.50746,2.02106
1993,11,8,0,1.63372,0.49005,1.70564
1993,11,9,0,1.26349,0.43416,1.336
1993,11,10,0,0.8679,0.34966,0.93569
1993,11,11,0,0.49099,0.21292,0.53517
1993,11,12,0,0.1183,0.12431,0.1716
1993,11,13,0,-0.22443,0.08542,0.24014
1993,11,14,0,-0.51439,0.0902,0.52224
1993,11,15,0,-0.73429,0.12588,0.745
1993,11,16,0,-0.87438,0.17457,0.89163
1993,11,17,0,-0.93372,0.21511,0.95818
1993,11,18,0,-0.92013,0.22566,0.9474
1993,11,19,0,-0.84679,0.19134,0.86814
1993,11,20,0,-0.72348,0.13364,0.73572
1993,11,21,0,-0.55982,0.13012,0.57474
1993,11,22,0,-0.37347,0.2136,0.43024
1993,11,23,0,-0.17252,0.34352,0.38441
1993,11,24,0,0.03821,0.47765,0.47918
1993,11,25,0,0.24911,0.59085,0.64122
1993,11,26,0,0.44721,0.67083,0.80624
1993,11,27,0,0.61916,0.7142,0.94522
1993,11,28,0,0.75378,0.72377,1.045
1993,11,29,0,0.84363,0.70652,1.1004
1993,11,30,0,0.88591,0.67157,1.11168
1993,12,1,0,0.88248,0.62847,1.08339
1993,12,2,0,0.83924,0.58574,1.02343
1993,12,3,0,0.76506,0.54983,0.94213
1993,12,4,0,0.67027,0.5246,0.85116
1993,12,5,0,0.56529,0.5113,0.76222
1993,12,6,0,0.45924,0.50884,0.68544
1993,12,7,0,0.35896,0.51451,0.62735
1993,12,8,0,0.26849,0.52464,0.58936
1993,12,9,0,0.18904,0.53544,0.56783
1993,12,10,0,0.1194,0.54348,0.55644
1993,12,11,0,0.05677,0.54615,0.54909
1993,12,12,0,-0.00234,0.54179,0.5418
1993,12,13,0,-0.06125,0.52977,0.53329
1993,12,14,0,-0.12284,0.51045,0.52503
1993,12,15,0,-0.18972,0.48525,0.52102
1993,12,16,0,-0.26465,0.45635,0.52754
1993,12,17,0,-0.35052,0.42641,0.55199
1993,12,18,0,-0.44981,0.39817,0.60072
1993,12,19,0,-0.5637,0.3741,0.67654
1993,12,20,0,-0.69133,0.35613,0.77767
1993,12,21,0,-0.8294,0.34541,0.89845
1993,12,22,0,-0.97223,0.34203,1.03063
1993,12,23,0,-1.11213,0.34482,1.16436
1993,12,24,0,-1.24014,0.35122,1.28891
1993,12,25,0,-1.34685,0.3572,1.39342
1993,12,26,0,-1.4234,0.35745,1.4676
1993,12,27,0,-1.46221,0.3457,1.50252
1993,12,28,0,-1.4577,0.31532,1.49141
1993,12,29,0,-1.40663,0.26019,1.43049
1993,12,30,0,-1.30824,0.17561,1.31998
1993,12,31,0,-1.1615,0.08879,1.16489
1994,1,1,0,-0.98229,-0.06768,0.98462
1994,1,2,0,-0.76578,-0.24337,0.80352
1994,1,3,0,-0.52338,-0.44181,0.68492
1994,1,4,0,-0.26416,-0.65198,0.70346
1994,1,5,0,0.00106,-0.86084,0.86084
1994,1,6,0,0.25951,-1.05507,1.08652
1994,1,7,0,0.4969,-1.22279,1.3199
1994,1,8,0,0.6986,-1.35456,1.5241
1994,1,9,0,0.85157,-1.44349,1.67596
1994,1,10,0,0.94623,-1.48478,1.76066
1994,1,11,0,0.97788,-1.47537,1.77002
1994,1,12,0,0.9471,-1.41389,1.70179
1994,1,13,0,0.8594,-1.30113,1.55932
1994,1,14,0,0.72429,-1.14065,1.35118
1994,1,15,0,0.55398,-0.93933,1.09052
1994,1,16,0,0.36197,-0.70742,0.79465
1994,1,17,0,0.16185,-0.45825,0.48599
1994,1,18,0,-0.03369,-0.20741,0.21013
1994,1,19,0,-0.21351,0.02844,0.2154
1994,1,20,0,-0.36842,0.23287,0.43585
1994,1,21,0,-0.49139,0.39106,0.628
1994,1,22,0,-0.57773,0.49095,0.75816
1994,1,23,0,-0.62522,0.52419,0.81589
1994,1,24,0,-0.63408,0.48679,0.79939
1994,1,25,0,-0.60685,0.37946,0.71572
1994,1,26,0,-0.54784,0.20773,0.5859
1994,1,27,0,-0.46231,-0.01824,0.46267
1994,1,28,0,-0.35537,-0.28408,0.45497
1994,1,29,0,-0.2308,-0.57193,0.61674
1994,1,30,0,-0.08997,-0.86131,0.866
1994,1,31,0,0.06873,-1.13006,1.13215
1994,2,1,0,0.24957,-1.35499,1.37778
1994,2,2,0,0.45726,-1.51246,1.58007
1994,2,3,0,0.69158,-1.5796,1.72436
1994,2,4,0,0.93901,-1.53901,1.80286
1994,2,5,0,1.16833,-1.38832,1.81451
1994,2,6,0,1.342,-1.14692,1.76533
1994,2,7,0,1.43785,-0.8471,1.66882
1994,2,8,0,1.45733,-0.51726,1.54641
1994,2,9,0,1.41631,-0.17554,1.42715
1994,2,10,0,1.33393,0.1667,1.34431
1994,2,11,0,1.22686,0.50011,1.32487
1994,2,12,0,1.10743,0.81522,1.37513
1994,2,13,0,0.98342,1.10222,1.47716
1994,2,14,0,0.85846,1.35182,1.60136
1994,2,15,0,0.73271,1.55625,1.72011
1994,2,16,0,0.60372,1.71012,1.81355
1994,2,17,0,0.46729,1.81076,1.87008
1994,2,18,0,0.31822,1.85817,1.88522
1994,2,19,0,0.15075,1.85402,1.86013
1994,2,20,0,-0.04131,1.79972,1.8002
1994,2,21,0,-0.26406,1.69305,1.71352
1994,2,22,0,-0.5188,1.52349,1.6094
1994,2,23,0,-0.78454,1.27457,1.49668
1994,2,24,0,-0.99796,0.95641,1.38226
1994,2,25,0,-1.10011,0.63467,1.27006
1994,2,26,0,-1.10042,0.36904,1.16065
1994,2,27,0,-1.03804,0.1704,1.05193
1994,2,28,0,-0.9401,0.02714,0.94049
1994,3,1,0,-0.82172,-0.04671,0.82305
1994,3,2,0,-0.69038,-0.11834,0.70045
1994,3,3,0,-0.54721,-0.17391,0.57418
1994,3,4,0,-0.39611,-0.21998,0.4531
1994,3,5,0,-0.24196,-0.26179,0.35648
1994,3,6,0,-0.09057,-0.30269,0.31595
1994,3,7,0,0.05182,-0.34366,0.34755
1994,3,8,0,0.17926,-0.38308,0.42294
1994,3,9,0,0.28684,-0.41672,0.5059
1994,3,10,0,0.37141,-0.43816,0.57439
1994,3,11,0,0.432,-0.43925,0.61609
1994,3,12,0,0.46948,-0.41085,0.62387
1994,3,13,0,0.48469,-0.34383,0.59426
1994,3,14,0,0.4728,-0.23318,0.52718
1994,3,15,0,0.41667,-0.09152,0.4266
1994,3,16,0,0.30122,0.04203,0.30414
1994,3,17,0,0.13953,0.14118,0.1985
1994,3,18,0,-0.04442,0.21533,0.21987
1994,3,19,0,-0.23349,0.28162,0.36582
1994,3,20,0,-0.415,0.34958,0.54261
1994,3,21,0,-0.578,0.4211,0.71513
1994,3,22,0,-0.71316,0.49272,0.86681
1994,3,23,0,-0.81346,0.55755,0.9862
1994,3,24,0,-0.87493,0.60693,1.06483
1994,3,25,0,-0.89689,0.63195,1.09717
1994,3,26,0,-0.88202,0.62481,1.0809
1994,3,27,0,-0.83573,0.57997,1.01725
1994,3,28,0,-0.76538,0.49497,0.91148
1994,3,29,0,-0.67912,0.37093,0.77382
1994,3,30,0,-0.58465,0.21254,0.62209
1994,3,31,0,-0.48803,0.02765,0.48882
1994,4,1,0,-0.39261,-0.17364,0.42929
1994,4,2,0,-0.29883,-0.37904,0.48266
1994,4,3,0,-0.20498,-0.5759,0.61129
1994,4,4,0,-0.10893,-0.75189,0.75974
1994,4,5,0,-0.01105,-0.89627,0.89634
1994,4,6,0,0.08346,-1.00162,1.00509
1994,4,7,0,0.16511,-1.06534,1.07806
1994,4,8,0,0.22418,-1.08956,1.11239
1994,4,9,0,0.25521,-1.07932,1.10908
1994,4,10,0,0.25862,-1.04059,1.07224
1994,4,11,0,0.23972,-0.9794,1.00831
1994,4,12,0,0.20663,-0.9018,0.92517
1994,4,13,0,0.16848,-0.81397,0.83123
1994,4,14,0,0.13403,-0.7221,0.73443
1994,4,15,0,0.11073,-0.63198,0.64161
1994,4,16,0,0.1041,-0.54859,0.55838
1994,4,17,0,0.11739,-0.47553,0.48981
1994,4,18,0,0.15147,-0.41472,0.44152
1994,4,19,0,0.20489,-0.36613,0.41956
1994,4,20,0,0.27417,-0.32777,0.42732
1994,4,21,0,0.35423,-0.29586,0.46153
1994,4,22,0,0.43884,-0.26516,0.51273
1994,4,23,0,0.52118,-0.22956,0.5695
1994,4,24,0,0.59427,-0.18275,0.62174
1994,4,25,0,0.65136,-0.11906,0.66215
1994,4,26,0,0.6862,-0.03437,0.68706
1994,4,27,0,0.69335,0.07314,0.6972
1994,4,28,0,0.66844,0.20231,0.69838
1994,4,29,0,0.60863,0.34875,0.70147
1994,4,30,0,0.51382,0.50845,0.72286
1994,5,1,0,0.38146,0.66533,0.76692
1994,5,2,0,0.21892,0.81051,0.83956
1994,5,3,0,0.03417,0.93314,0.93377
1994,5,4,0,-0.16269,1.02413,1.03697
1994,5,5,0,-0.36079,1.07676,1.1356
1994,5,6,0,-0.54984,1.08678,1.21796
1994,5,7,0,-0.72097,1.05211,1.27543
1994,5,8,0,-0.86718,0.97255,1.30302
1994,5,9,0,-0.98323,0.84967,1.29949
1994,5,10,0,-1.0652,0.68684,1.26744
1994,5,11,0,-1.11004,0.48932,1.21311
1994,5,12,0,-1.11508,0.26459,1.14604
1994,5,13,0,-1.07795,0.02242,1.07819
1994,5,14,0,-0.99703,-0.22498,1.02209
1994,5,15,0,-0.87244,-0.46342,0.98788
1994,5,16,0,-0.70745,-0.67797,0.97986
1994,5,17,0,-0.50934,-0.85502,0.99523
1994,5,18,0,-0.28884,-0.9847,1.02619
1994,5,19,0,-0.05814,-1.06242,1.06401
1994,5,20,0,0.17163,-1.08881,1.10225
1994,5,21,0,0.39207,-1.06849,1.13815
1994,5,22,0,0.59795,-1.00846,1.17241
1994,5,23,0,0.78661,-0.91678,1.20799
1994,5,24,0,0.95707,-0.80161,1.24843
1994,5,25,0,1.10904,-0.67059,1.29602
1994,5,26,0,1.24217,-0.5303,1.35063
1994,5,27,0,1.35553,-0.38586,1.40938
1994,5,28,0,1.44738,-0.24066,1.46725
1994,5,29,0,1.51501,-0.09636,1.51808
1994,5,30,0,1.55486,0.04663,1.55556
1994,5,31,0,1.5628,0.18797,1.57407
1994,6,1,0,1.53482,0.3258,1.56902
1994,6,2,0,1.46823,0.45534,1.53722
1994,6,3,0,1.36302,0.56908,1.47705
1994,6,4,0,1.22221,0.65946,1.38877
1994,6,5,0,1.05072,0.72219,1.27498
1994,6,6,0,0.85363,0.75798,1.14159
1994,6,7,0,0.63536,0.77146,0.99941
1994,6,8,0,0.40006,0.769,0.86684
1994,6,9,0,0.15252,0.75672,0.77193
1994,6,10,0,-0.10124,0.73917,0.74607
1994,6,11,0,-0.35377,0.71878,0.80113
1994,6,12,0,-0.59656,0.69578,0.91651
1994,6,13,0,-0.82055,0.66836,1.0583
1994,6,14,0,-1.01679,0.63326,1.19787
1994,6,15,0,-1.17713,0.58645,1.31513
1994,6,16,0,-1.29472,0.52395,1.39672
1994,6,17,0,-1.36446,0.44266,1.43447
1994,6,18,0,-1.38328,0.34117,1.42473
1994,6,19,0,-1.35035,0.2204,1.36822
1994,6,20,0,-1.26715,0.08391,1.26993
1994,6,21,0,-1.13754,-0.06197,1.13923
1994,6,22,0,-0.96768,-0.20838,0.98987
1994,6,23,0,-0.76598,-0.34454,0.8399
1994,6,24,0,-0.54289,-0.45854,0.71063
1994,6,25,0,-0.31073,-0.53854,0.62175
1994,6,26,0,-0.08343,-0.57404,0.58007
1994,6,27,0,0.1238,-0.5576,0.57118
1994,6,28,0,0.29514,-0.48652,0.56904
1994,6,29,0,0.41547,-0.36437,0.55261
1994,6,30,0,0.47269,-0.20156,0.51387
1994,7,1,0,0.46057,-0.01396,0.46078
1994,7,2,0,0.38081,0.18036,0.42136
1994,7,3,0,0.24299,0.36487,0.43838
1994,7,4,0,0.06242,0.52708,0.53076
1994,7,5,0,-0.14295,0.65884,0.67417
1994,7,6,0,-0.35517,0.75537,0.8347
1994,7,7,0,-0.55813,0.81396,0.98693
1994,7,8,0,-0.73855,0.83309,1.11333
1994,7,9,0,-0.88651,0.8122,1.20232
1994,7,10,0,-0.99559,0.75179,1.24755
1994,7,11,0,-1.06277,0.65386,1.2478
1994,7,12,0,-1.08819,0.5223,1.20704
1994,7,13,0,-1.07462,0.36314,1.13432
1994,7,14,0,-1.02699,0.18452,1.04344
1994,7,15,0,-0.95171,-0.00368,0.95172
1994,7,16,0,-0.85609,-0.19051,0.87703
1994,7,17,0,-0.74773,-0.36484,0.83199
1994,7,18,0,-0.63415,-0.51646,0.81785
1994,7,19,0,-0.52234,-0.63711,0.82386
1994,7,20,0,-0.41855,-0.72139,0.83402
1994,7,21,0,-0.32804,-0.76741,0.83459
1994,7,22,0,-0.2547,-0.77706,0.81774
1994,7,23,0,-0.20053,-0.75575,0.7819
1994,7,24,0,-0.16514,-0.71172,0.73063
1994,7,25,0,-0.14531,-0.65495,0.67087
1994,7,26,0,-0.13497,-0.59585,0.61095
1994,7,27,0,-0.12573,-0.54406,0.5584
1994,7,28,0,-0.1078,-0.50743,0.51875
1994,7,29,0,-0.0713,-0.49128,0.49642
1994,7,30,0,-0.00751,-0.4981,0.49816
1994,7,31,0,0.08974,-0.52738,0.53496
1994,8,1,0,0.22335,-0.57669,0.61843
1994,8,2,0,0.39202,-0.64149,0.75179
1994,8,3,0,0.59019,-0.71611,0.92798
1994,8,4,0,0.80845,-0.79433,1.13338
1994,8,5,0,1.03448,-0.86959,1.35142
1994,8,6,0,1.25429,-0.93525,1.56459
1994,8,7,0,1.45363,-0.98463,1.75571
1994,8,8,0,1.61938,-1.01118,1.90916
1994,8,9,0,1.74078,-1.00886,2.01199
1994,8,10,0,1.81025,-0.9725,2.05494
1994,8,11,0,1.82393,-0.89842,2.0332
1994,8,12,0,1.78169,-0.78494,1.94693
1994,8,13,0,1.6868,-0.6328,1.80159
1994,8,14,0,1.5453,-0.44552,1.60824
1994,8,15,0,1.36522,-0.2294,1.38436
1994,8,16,0,1.15575,0.00675,1.15577
1994,8,17,0,0.92669,0.25226,0.96041
1994,8,18,0,0.68815,0.49566,0.84807
1994,8,19,0,0.4506,0.72607,0.85453
1994,8,20,0,0.22486,0.93473,0.9614
1994,8,21,0,0.02172,1.11615,1.11636
1994,8,22,0,-0.149,1.26849,1.27721
1994,8,23,0,-0.27988,1.39289,1.42073
1994,8,24,0,-0.36716,1.4922,1.5367
1994,8,25,0,-0.41134,1.56972,1.62272
1994,8,26,0,-0.41699,1.62842,1.68096
1994,8,27,0,-0.39195,1.67062,1.71598
1994,8,28,0,-0.34626,1.69809,1.73303
1994,8,29,0,-0.29093,1.71223,1.73677
1994,8,30,0,-0.23686,1.71413,1.73041
1994,8,31,0,-0.19389,1.70445,1.71544
1994,9,1,0,-0.17005,1.68333,1.6919
1994,9,2,0,-0.17102,1.6501,1.65894
1994,9,3,0,-0.19981,1.60316,1.61556
1994,9,4,0,-0.25661,1.53998,1.56121
1994,9,5,0,-0.33881,1.45735,1.49622
1994,9,6,0,-0.44132,1.35188,1.42209
1994,9,7,0,-0.55705,1.22065,1.34175
1994,9,8,0,-0.67769,1.062,1.25981
1994,9,9,0,-0.7948,0.87603,1.18285
1994,9,10,0,-0.90072,0.66489,1.11955
1994,9,11,0,-0.98952,0.43265,1.07997
1994,9,12,0,-1.05735,0.18493,1.0734
1994,9,13,0,-1.10257,-0.07166,1.1049
1994,9,14,0,-1.12548,-0.32993,1.17284
1994,9,15,0,-1.12776,-0.58263,1.26937
1994,9,16,0,-1.11197,-0.82269,1.38322
1994,9,17,0,-1.08101,-1.04348,1.50247
1994,9,18,0,-1.03764,-1.239,1.61611
1994,9,19,0,-0.98423,-1.40399,1.71461
1994,9,20,0,-0.92254,-1.53408,1.79011
1994,9,21,0,-0.85358,-1.62597,1.8364
1994,9,22,0,-0.77754,-1.67756,1.849
1994,9,23,0,-0.69382,-1.68827,1.82527
1994,9,24,0,-0.60109,-1.65919,1.76471
1994,9,25,0,-0.49761,-1.59336,1.66926
1994,9,26,0,-0.38158,-1.49583,1.54373
1994,9,27,0,-0.25172,-1.3735,1.39637
1994,9,28,0,-0.10776,-1.23476,1.23946
1994,9,29,0,0.04904,-1.08881,1.08992
1994,9,30,0,0.21567,-0.94472,0.96902
1994,10,1,0,0.38725,-0.81034,0.89811
1994,10,2,0,0.55724,-0.69124,0.88788
1994,10,3,0,0.71792,-0.58975,0.9291
1994,10,4,0,0.86099,-0.50438,0.99785
1994,10,5,0,0.9783,-0.42965,1.06849
1994,10,6,0,1.06243,-0.35681,1.12075
1994,10,7,0,1.10668,-0.27606,1.14059
1994,10,8,0,1.10445,-0.18182,1.11932
1994,10,9,0,1.04962,-0.08147,1.05278
1994,10,10,0,0.94096,0.00111,0.94096
1994,10,11,0,0.78673,0.04139,0.78782
1994,10,12,0,0.59993,0.03515,0.60096
1994,10,13,0,0.39162,-0.00258,0.39163
1994,10,14,0,0.17103,-0.0505,0.17833
1994,10,15,0,-0.05185,-0.08943,0.10338
1994,10,16,0,-0.26529,-0.10533,0.28544
1994,10,17,0,-0.4566,-0.09004,0.46539
1994,10,18,0,-0.61348,-0.04137,0.61487
1994,10,19,0,-0.72572,0.03728,0.72667
1994,10,20,0,-0.78658,0.13787,0.79858
1994,10,21,0,-0.81026,0.20242,0.83516
1994,10,22,0,-0.79491,0.26438,0.83772
1994,10,23,0,-0.74573,0.3191,0.81113
1994,10,24,0,-0.66975,0.36188,0.76127
1994,10,25,0,-0.57501,0.38844,0.69392
1994,10,26,0,-0.46968,0.39523,0.61385
1994,10,27,0,-0.36125,0.37979,0.52416
1994,10,28,0,-0.25579,0.34102,0.42629
1994,10,29,0,-0.15736,0.27939,0.32066
1994,10,30,0,-0.06776,0.19694,0.20827
1994,10,31,0,0.0136,0.09729,0.09824
1994,11,1,0,0.08941,-0.01457,0.09059
1994,11,2,0,0.16404,-0.13257,0.21091
1994,11,3,0,0.24283,-0.2499,0.34845
1994,11,4,0,0.33133,-0.35951,0.4889
1994,11,5,0,0.43447,-0.45451,0.62876
1994,11,6,0,0.55575,-0.5287,0.76706
1994,11,7,0,0.69664,-0.57694,0.90453
1994,11,8,0,0.85611,-0.5955,1.04285
1994,11,9,0,1.03047,-0.5823,1.18362
1994,11,10,0,1.21349,-0.53698,1.32699
1994,11,11,0,1.36651,-0.55905,1.47644
1994,11,12,0,1.51689,-0.57463,1.62209
1994,11,13,0,1.65692,-0.58236,1.75628
1994,11,14,0,1.7787,-0.57756,1.87012
1994,11,15,0,1.87543,-0.55151,1.95484
1994,11,16,0,1.94212,-0.49032,2.00306
1994,11,17,0,1.97508,-0.37293,2.00998
1994,11,18,0,1.96718,-0.16776,1.97432
1994,11,19,0,1.89218,0.16184,1.89908
1994,11,20,0,1.69137,0.59244,1.79212
1994,11,21,0,1.3635,0.95819,1.66651
1994,11,22,0,1.01343,1.16021,1.54049
1994,11,23,0,0.69463,1.25704,1.43619
1994,11,24,0,0.40764,1.31355,1.37535
1994,11,25,0,0.14848,1.36358,1.37164
1994,11,26,0,-0.08221,1.42177,1.42415
1994,11,27,0,-0.2815,1.49239,1.51871
1994,11,28,0,-0.44694,1.57375,1.63598
1994,11,29,0,-0.5783,1.66084,1.75864
1994,11,30,0,-0.67847,1.74706,1.87418
1994,12,1,0,-0.75346,1.82569,1.97506
1994,12,2,0,-0.81191,1.89076,2.05771
1994,12,3,0,-0.8641,1.93767,2.12161
1994,12,4,0,-0.92084,1.96324,2.16847
1994,12,5,0,-0.99223,1.96546,2.20172
1994,12,6,0,-1.08655,1.94281,2.22601
1994,12,7,0,-1.20939,1.89345,2.24672
1994,12,8,0,-1.36281,1.81436,2.26917
1994,12,9,0,-1.54472,1.70076,2.29755
1994,12,10,0,-1.74821,1.54619,2.33387
1994,12,11,0,-1.96094,1.34368,2.37713
1994,12,12,0,-2.16505,1.0883,2.42319
1994,12,13,0,-2.3385,0.78082,2.46542
1994,12,14,0,-2.45874,0.43017,2.49609
1994,12,15,0,-2.50752,0.05281,2.50807
1994,12,16,0,-2.47449,-0.33176,2.49663
1994,12,17,0,-2.35767,-0.7061,2.46113
1994,12,18,0,-2.16148,-1.05777,2.40642
1994,12,19,0,-1.89461,-1.37941,2.34357
1994,12,20,0,-1.56866,-1.66743,2.28933
1994,12,21,0,-1.19753,-1.92052,2.26329
1994,12,22,0,-0.79685,-2.13852,2.28215
1994,12,23,0,-0.38339,-2.32163,2.35307
1994,12,24,0,0.02592,-2.46982,2.46995
1994,12,25,0,0.41497,-2.58241,2.61554
1994,12,26,0,0.76958,-2.65773,2.76691
1994,12,27,0,1.07833,-2.69305,2.90092
1994,12,28,0,1.3331,-2.68475,2.9975
1994,12,29,0,1.52922,-2.62878,3.04121
1994,12,30,0,1.66525,-2.52147,3.02174
1994,12,31,0,1.68302,-2.40468,2.93514
1995,1,1,0,1.71427,-2.18196,2.77483
1995,1,2,0,1.68434,-1.92159,2.55529
1995,1,3,0,1.61645,-1.6109,2.28208
1995,1,4,0,1.51679,-1.25771,1.9704
1995,1,5,0,1.39135,-0.87303,1.64257
1995,1,6,0,1.24665,-0.46996,1.33229
1995,1,7,0,1.09047,-0.0623,1.09225
1995,1,8,0,0.9318,0.3368,0.9908
1995,1,9,0,0.77992,0.71557,1.05845
1995,1,10,0,0.64276,1.06378,1.24288
1995,1,11,0,0.52529,1.37248,1.46957
1995,1,12,0,0.42863,1.63385,1.68914
1995,1,13,0,0.35001,1.84122,1.87419
1995,1,14,0,0.28361,1.98943,2.00954
1995,1,15,0,0.22188,2.07524,2.08707
1995,1,16,0,0.15713,2.09777,2.10365
1995,1,17,0,0.08302,2.05869,2.06036
1995,1,18,0,-0.00436,1.96228,1.96228
1995,1,19,0,-0.10586,1.81528,1.81836
1995,1,20,0,-0.21923,1.62652,1.64123
1995,1,21,0,-0.33961,1.40642,1.44684
1995,1,22,0,-0.4603,1.16626,1.25381
1995,1,23,0,-0.57358,0.9174,1.08195
1995,1,24,0,-0.67162,0.67036,0.94892
1995,1,25,0,-0.74701,0.43401,0.86393
1995,1,26,0,-0.79332,0.2149,0.82191
1995,1,27,0,-0.80545,0.01706,0.80563
1995,1,28,0,-0.77985,-0.15791,0.79567
1995,1,29,0,-0.71477,-0.31025,0.7792
1995,1,30,0,-0.61035,-0.44106,0.75303
1995,1,31,0,-0.4685,-0.55108,0.72331
1995,2,1,0,-0.29285,-0.63931,0.70319
1995,2,2,0,-0.08891,-0.70178,0.70739
1995,2,3,0,0.13476,-0.7314,0.74371
1995,2,4,0,0.36419,-0.72083,0.80761
1995,2,5,0,0.57903,-0.66983,0.8854
1995,2,6,0,0.75783,-0.59146,0.96132
1995,2,7,0,0.88734,-0.50771,1.02233
1995,2,8,0,0.9653,-0.43754,1.05983
1995,2,9,0,0.99612,-0.39037,1.06988
1995,2,10,0,0.98675,-0.36695,1.05277
1995,2,11,0,0.945,-0.36256,1.01217
1995,2,12,0,0.87947,-0.36978,0.95405
1995,2,13,0,0.79953,-0.3803,0.88537
1995,2,14,0,0.71503,-0.38621,0.81266
1995,2,15,0,0.63575,-0.38082,0.74108
1995,2,16,0,0.57059,-0.3591,0.67418
1995,2,17,0,0.5267,-0.31763,0.61506
1995,2,18,0,0.50861,-0.25421,0.5686
1995,2,19,0,0.51726,-0.16691,0.54352
1995,2,20,0,0.54875,-0.0526,0.55126
1995,2,21,0,0.59205,0.0947,0.59957
1995,2,22,0,0.62486,0.28382,0.6863
1995,2,23,0,0.6116,0.51718,0.80095
1995,2,24,0,0.52412,0.76884,0.93049
1995,2,25,0,0.38002,0.99263,1.06289
1995,2,26,0,0.21898,1.16809,1.18844
1995,2,27,0,0.05868,1.2988,1.30012
1995,2,28,0,-0.10129,1.39011,1.3938
1995,3,1,0,-0.20781,1.45428,1.46905
1995,3,2,0,-0.36725,1.48199,1.52681
1995,3,3,0,-0.54327,1.47492,1.57179
1995,3,4,0,-0.73485,1.43289,1.61034
1995,3,5,0,-0.9387,1.35618,1.64936
1995,3,6,0,-1.14947,1.24522,1.69465
1995,3,7,0,-1.36008,1.10031,1.74943
1995,3,8,0,-1.56208,0.92126,1.81351
1995,3,9,0,-1.74595,0.70696,1.88365
1995,3,10,0,-1.90094,0.45469,1.95456
1995,3,11,0,-2.01412,0.15908,2.0204
1995,3,12,0,-2.0672,-0.18912,2.07583
1995,3,13,0,-2.02935,-0.60207,2.11678
1995,3,14,0,-1.84855,-1.07928,2.14055
1995,3,15,0,-1.47653,-1.55676,2.14561
1995,3,16,0,-0.97064,-1.89723,2.13111
1995,3,17,0,-0.47767,-2.04124,2.09639
1995,3,18,0,-0.07119,-2.03939,2.04064
1995,3,19,0,0.24848,-1.94704,1.96283
1995,3,20,0,0.49616,-1.79475,1.86206
1995,3,21,0,0.68342,-1.59819,1.73818
1995,3,22,0,0.81796,-1.36672,1.59279
1995,3,23,0,0.90553,-1.10735,1.43046
1995,3,24,0,0.95136,-0.82666,1.26034
1995,3,25,0,0.96082,-0.53159,1.09807
1995,3,26,0,0.93957,-0.2298,0.96727
1995,3,27,0,0.89333,0.07034,0.89609
1995,3,28,0,0.82743,0.35991,0.90232
1995,3,29,0,0.74635,0.62988,0.97662
1995,3,30,0,0.65329,0.87148,1.08916
1995,3,31,0,0.54997,1.07674,1.20906
1995,4,1,0,0.43589,1.23916,1.31358
1995,4,2,0,0.31135,1.35283,1.3882
1995,4,3,0,0.17698,1.41375,1.42479
1995,4,4,0,0.03613,1.41976,1.42022
1995,4,5,0,-0.10356,1.37146,1.37537
1995,4,6,0,-0.23091,1.27355,1.29431
1995,4,7,0,-0.33531,1.13527,1.18375
1995,4,8,0,-0.41195,0.9686,1.05256
1995,4,9,0,-0.46371,0.78499,0.91172
1995,4,10,0,-0.49872,0.59325,0.77503
1995,4,11,0,-0.5265,0.39932,0.6608
1995,4,12,0,-0.55479,0.20704,0.59216
1995,4,13,0,-0.58799,0.01896,0.5883
1995,4,14,0,-0.62668,-0.16304,0.64754
1995,4,15,0,-0.66783,-0.3375,0.74827
1995,4,16,0,-0.70547,-0.50309,0.86649
1995,4,17,0,-0.73154,-0.65861,0.98434
1995,4,18,0,-0.73694,-0.80283,1.08978
1995,4,19,0,-0.71248,-0.93456,1.17517
1995,4,20,0,-0.64989,-1.05253,1.237
1995,4,21,0,-0.54255,-1.15531,1.27637
1995,4,22,0,-0.3862,-1.24112,1.29982
1995,4,23,0,-0.17934,-1.30751,1.31975
1995,4,24,0,0.07641,-1.35105,1.35321
1995,4,25,0,0.37606,-1.36713,1.41791
1995,4,26,0,0.71111,-1.34998,1.52582
1995,4,27,0,1.06953,-1.29307,1.67807
1995,4,28,0,1.43585,-1.19012,1.86495
1995,4,29,0,1.79167,-1.03651,2.06988
1995,4,30,0,2.11991,-0.81617,2.2716
1995,5,1,0,2.39318,-0.55418,2.45651
1995,5,2,0,2.5941,-0.25205,2.60632
1995,5,3,0,2.7073,0.07492,2.70833
1995,5,4,0,2.7233,0.40853,2.75377
1995,5,5,0,2.63908,0.73034,2.73827
1995,5,6,0,2.45741,1.02378,2.66214
1995,5,7,0,2.18579,1.2752,2.53058
1995,5,8,0,1.83535,1.47397,2.35395
1995,5,9,0,1.41989,1.61199,2.14816
1995,5,10,0,0.95534,1.68303,1.93527
1995,5,11,0,0.4595,1.68224,1.74387
1995,5,12,0,-0.04808,1.60602,1.60674
1995,5,13,0,-0.54606,1.45266,1.5519
1995,5,14,0,-1.01162,1.22374,1.58774
1995,5,15,0,-1.4216,0.92629,1.69675
1995,5,16,0,-1.75491,0.57483,1.84666
1995,5,17,0,-1.9961,0.19162,2.00528
1995,5,18,0,-2.13835,-0.19585,2.1473
1995,5,19,0,-2.18431,-0.55974,2.25489
1995,5,20,0,-2.14405,-0.87667,2.31636
1995,5,21,0,-2.0316,-1.13046,2.32494
1995,5,22,0,-1.86185,-1.31248,2.27796
1995,5,23,0,-1.64874,-1.42053,2.17629
1995,5,24,0,-1.40467,-1.45729,2.02406
1995,5,25,0,-1.14059,-1.42895,1.82834
1995,5,26,0,-0.86643,-1.34398,1.59906
1995,5,27,0,-0.59156,-1.21225,1.34888
1995,5,28,0,-0.32515,-1.04424,1.09369
1995,5,29,0,-0.07636,-0.85046,0.85388
1995,5,30,0,0.14571,-0.64113,0.65748
1995,5,31,0,0.33255,-0.42632,0.54068
1995,6,1,0,0.47732,-0.21643,0.52409
1995,6,2,0,0.57666,-0.02281,0.57711
1995,6,3,0,0.6324,0.14272,0.64831
1995,6,4,0,0.6517,0.26994,0.70539
1995,6,5,0,0.64471,0.35296,0.735
1995,6,6,0,0.62094,0.39187,0.73425
1995,6,7,0,0.5868,0.39211,0.70575
1995,6,8,0,0.54515,0.3628,0.65484
1995,6,9,0,0.49636,0.31488,0.58781
1995,6,10,0,0.43967,0.25957,0.51057
1995,6,11,0,0.37438,0.20724,0.42791
1995,6,12,0,0.30064,0.16653,0.34367
1995,6,13,0,0.2197,0.14369,0.26252
1995,6,14,0,0.13401,0.14221,0.19541
1995,6,15,0,0.0469,0.16262,0.16925
1995,6,16,0,-0.03775,0.20263,0.20611
1995,6,17,0,-0.11596,0.25752,0.28242
1995,6,18,0,-0.18394,0.32076,0.36976
1995,6,19,0,-0.23849,0.38478,0.45269
1995,6,20,0,-0.27709,0.44184,0.52154
1995,6,21,0,-0.29809,0.48496,0.56925
1995,6,22,0,-0.30077,0.50877,0.59102
1995,6,23,0,-0.28534,0.51013,0.58451
1995,6,24,0,-0.25305,0.48865,0.55028
1995,6,25,0,-0.20608,0.44677,0.49201
1995,6,26,0,-0.14759,0.38958,0.41661
1995,6,27,0,-0.0817,0.3242,0.33434
1995,6,28,0,-0.01349,0.25874,0.25909
1995,6,29,0,0.05097,0.20104,0.2074
1995,6,30,0,0.10481,0.15721,0.18895
1995,7,1,0,0.14085,0.13074,0.19217
1995,7,2,0,0.15269,0.12231,0.19564
1995,7,3,0,0.13587,0.13068,0.18851
1995,7,4,0,0.08878,0.15367,0.17747
1995,7,5,0,0.01301,0.18887,0.18932
1995,7,6,0,-0.08686,0.23377,0.24938
1995,7,7,0,-0.20382,0.28534,0.35066
1995,7,8,0,-0.32922,0.33974,0.47308
1995,7,9,0,-0.4536,0.3921,0.59958
1995,7,10,0,-0.56761,0.43671,0.71617
1995,7,11,0,-0.66283,0.46743,0.81107
1995,7,12,0,-0.73245,0.47839,0.87484
1995,7,13,0,-0.77177,0.46482,0.90093
1995,7,14,0,-0.77843,0.4237,0.88627
1995,7,15,0,-0.75243,0.35441,0.83172
1995,7,16,0,-0.69583,0.25905,0.74249
1995,7,17,0,-0.61241,0.14239,0.62874
1995,7,18,0,-0.50711,0.01167,0.50724
1995,7,19,0,-0.38567,-0.12403,0.40513
1995,7,20,0,-0.25435,-0.25459,0.35988
1995,7,21,0,-0.11978,-0.36994,0.38884
1995,7,22,0,0.01101,-0.46115,0.46129
1995,7,23,0,0.13078,-0.52166,0.5378
1995,7,24,0,0.23245,-0.54809,0.59534
1995,7,25,0,0.31,-0.54078,0.62333
1995,7,26,0,0.35937,-0.50373,0.61878
1995,7,27,0,0.37943,-0.44398,0.58403
1995,7,28,0,0.3725,-0.37074,0.52555
1995,7,29,0,0.34438,-0.29418,0.45293
1995,7,30,0,0.3039,-0.22421,0.37766
1995,7,31,0,0.26194,-0.1691,0.31178
1995,8,1,0,0.22997,-0.13513,0.26673
1995,8,2,0,0.21846,-0.12579,0.25208
1995,8,3,0,0.23533,-0.1419,0.2748
1995,8,4,0,0.28482,-0.1821,0.33806
1995,8,5,0,0.36686,-0.24342,0.44028
1995,8,6,0,0.4772,-0.32177,0.57555
1995,8,7,0,0.60807,-0.41218,0.7346
1995,8,8,0,0.74924,-0.50888,0.90572
1995,8,9,0,0.88931,-0.60535,1.07579
1995,8,10,0,1.01697,-0.6943,1.23137
1995,8,11,0,1.1221,-0.76793,1.35972
1995,8,12,0,1.19665,-0.81829,1.44968
1995,8,13,0,1.23501,-0.83792,1.49243
1995,8,14,0,1.23417,-0.82069,1.48213
1995,8,15,0,1.19346,-0.76264,1.41632
1995,8,16,0,1.11408,-0.66285,1.29636
1995,8,17,0,0.99862,-0.52398,1.12774
1995,8,18,0,0.85083,-0.35232,0.9209
1995,8,19,0,0.67566,-0.15727,0.69372
1995,8,20,0,0.47971,0.04999,0.4823
1995,8,21,0,0.2716,0.25818,0.37473
1995,8,22,0,0.06182,0.45749,0.46165
1995,8,23,0,-0.13827,0.64045,0.65521
1995,8,24,0,-0.31803,0.80184,0.8626
1995,8,25,0,-0.46913,0.93805,1.04882
1995,8,26,0,-0.58673,1.04645,1.19971
1995,8,27,0,-0.66991,1.12492,1.30928
1995,8,28,0,-0.72147,1.1719,1.37618
1995,8,29,0,-0.74726,1.18656,1.40225
1995,8,30,0,-0.75511,1.16905,1.39172
1995,8,31,0,-0.7536,1.12069,1.3505
1995,9,1,0,-0.75084,1.04393,1.28591
1995,9,2,0,-0.75336,0.94226,1.2064
1995,9,3,0,-0.76531,0.81993,1.1216
1995,9,4,0,-0.78804,0.68173,1.04201
1995,9,5,0,-0.82007,0.5328,0.97795
1995,9,6,0,-0.85753,0.37844,0.93732
1995,9,7,0,-0.89485,0.22406,0.92247
1995,9,8,0,-0.92567,0.07509,0.92871
1995,9,9,0,-0.94366,-0.06327,0.94578
1995,9,10,0,-0.9432,-0.18636,0.96144
1995,9,11,0,-0.91982,-0.29035,0.96456
1995,9,12,0,-0.87048,-0.37255,0.94685
1995,9,13,0,-0.79377,-0.43145,0.90344
1995,9,14,0,-0.69012,-0.46659,0.83305
1995,9,15,0,-0.562,-0.47833,0.738
1995,9,16,0,-0.41404,-0.46756,0.62453
1995,9,17,0,-0.25294,-0.43558,0.5037
1995,9,18,0,-0.08723,-0.38412,0.3939
1995,9,19,0,0.07339,-0.31552,0.32395
1995,9,20,0,0.2189,-0.23301,0.31971
1995,9,21,0,0.33997,-0.14077,0.36796
1995,9,22,0,0.42898,-0.04383,0.43121
1995,9,23,0,0.48083,0.05233,0.48367
1995,9,24,0,0.49337,0.14235,0.5135
1995,9,25,0,0.46747,0.22154,0.51731
1995,9,26,0,0.40671,0.28618,0.4973
1995,9,27,0,0.31689,0.3336,0.46012
1995,9,28,0,0.20535,0.36197,0.41616
1995,9,29,0,0.0803,0.36986,0.37848
1995,9,30,0,-0.04985,0.35595,0.35942
1995,10,1,0,-0.17706,0.31866,0.36454
1995,10,2,0,-0.29402,0.25616,0.38995
1995,10,3,0,-0.39433,0.1665,0.42804
1995,10,4,0,-0.47228,0.04798,0.47471
1995,10,5,0,-0.52212,-0.10023,0.53165
1995,10,6,0,-0.5368,-0.27721,0.60415
1995,10,7,0,-0.50646,-0.47853,0.69678
1995,10,8,0,-0.41899,-0.69302,0.80983
1995,10,9,0,-0.2675,-0.89944,0.93837
1995,10,10,0,-0.06504,-1.07154,1.07352
1995,10,11,0,0.15317,-1.19475,1.20453
1995,10,12,0,0.3516,-1.27292,1.32058
1995,10,13,0,0.51077,-1.31642,1.41204
1995,10,14,0,0.6251,-1.33196,1.47135
1995,10,15,0,0.69643,-1.32132,1.49361
1995,10,16,0,0.73054,-1.28361,1.47693
1995,10,17,0,0.73565,-1.21759,1.42257
1995,10,18,0,0.72154,-1.12328,1.33506
1995,10,19,0,0.6986,-1.00295,1.22228
1995,10,20,0,0.67677,-0.86159,1.09561
1995,10,21,0,0.70744,-0.66581,0.97148
1995,10,22,0,0.73196,-0.46193,0.86553
1995,10,23,0,0.75216,-0.25934,0.79562
1995,10,24,0,0.76945,-0.06694,0.77236
1995,10,25,0,0.7847,0.10748,0.79202
1995,10,26,0,0.7982,0.25776,0.83878
1995,10,27,0,0.80973,0.3798,0.89437
1995,10,28,0,0.81866,0.47179,0.94488
1995,10,29,0,0.82414,0.53431,0.98219
1995,10,30,0,0.82523,0.5702,1.00306
1995,10,31,0,0.82113,0.58424,1.00776
1995,11,1,0,0.81129,0.58271,0.99887
1995,11,2,0,0.79551,0.57281,0.98028
1995,11,3,0,0.77401,0.56197,0.95651
1995,11,4,0,0.74733,0.55723,0.9322
1995,11,5,0,0.71631,0.56452,0.91202
1995,11,6,0,0.68192,0.58824,0.90057
1995,11,7,0,0.64513,0.63074,0.90223
1995,11,8,0,0.60672,0.69221,0.92047
1995,11,9,0,0.56719,0.77061,0.95684
1995,11,10,0,0.52661,0.86186,1.01001
1995,11,11,0,0.55345,0.92476,1.07773
1995,11,12,0,0.58764,0.99096,1.1521
1995,11,13,0,0.6247,1.05348,1.22478
1995,11,14,0,0.6574,1.10671,1.28724
1995,11,15,0,0.67603,1.14755,1.33187
1995,11,16,0,0.66847,1.17616,1.35285
1995,11,17,0,0.61928,1.19608,1.34689
1995,11,18,0,0.50692,1.21192,1.31367
1995,11,19,0,0.30377,1.21893,1.25621
1995,11,20,0,0.01193,1.18087,1.18093
1995,11,21,0,-0.26937,1.06401,1.09757
1995,11,22,0,-0.45968,0.90894,1.01857
1995,11,23,0,-0.58353,0.75908,0.95746
1995,11,24,0,-0.6791,0.62885,0.92555
1995,11,25,0,-0.76585,0.52356,0.92771
1995,11,26,0,-0.85013,0.44664,0.96031
1995,11,27,0,-0.93143,0.39982,1.01362
1995,11,28,0,-1.00612,0.38241,1.07634
1995,11,29,0,-1.0697,0.39095,1.13891
1995,11,30,0,-1.11846,0.41932,1.19448
1995,12,1,0,-1.15043,0.45937,1.23875
1995,12,2,0,-1.16596,0.50176,1.26934
1995,12,3,0,-1.16777,0.53691,1.28528
1995,12,4,0,-1.16047,0.55598,1.28679
1995,12,5,0,-1.14987,0.55154,1.2753
1995,12,6,0,-1.14182,0.51808,1.25386
1995,12,7,0,-1.14118,0.45215,1.22749
1995,12,8,0,-1.15059,0.35232,1.20332
1995,12,9,0,-1.16968,0.21901,1.19
1995,12,10,0,-1.19447,0.05449,1.19571
1995,12,11,0,-1.21762,-0.13679,1.22528
1995,12,12,0,-1.22961,-0.34742,1.27775
1995,12,13,0,-1.22115,-0.56619,1.34602
1995,12,14,0,-1.18615,-0.77834,1.41871
1995,12,15,0,-1.12372,-0.96754,1.48286
1995,12,16,0,-1.03783,-1.11897,1.52616
1995,12,17,0,-0.93492,-1.22178,1.53845
1995,12,18,0,-0.82147,-1.27006,1.51257
1995,12,19,0,-0.70263,-1.2625,1.44485
1995,12,20,0,-0.58207,-1.20173,1.33528
1995,12,21,0,-0.46244,-1.09372,1.18747
1995,12,22,0,-0.34583,-0.94722,1.00838
1995,12,23,0,-0.23417,-0.77321,0.80789
1995,12,24,0,-0.1295,-0.58424,0.59842
1995,12,25,0,-0.03399,-0.39363,0.39509
1995,12,26,0,0.05008,-0.21465,0.22042
1995,12,27,0,0.12052,-0.0597,0.13449
1995,12,28,0,0.17545,0.06049,0.18559
1995,12,29,0,0.2137,0.13741,0.25407
1995,12,30,0,0.23512,0.16522,0.28737
1995,12,31,0,0.24426,0.13507,0.27912
1996,1,1,0,0.23635,0.05681,0.24308
1996,1,2,0,0.21722,-0.0692,0.22798
1996,1,3,0,0.19237,-0.23758,0.3057
1996,1,4,0,0.16798,-0.44003,0.471
1996,1,5,0,0.15014,-0.66618,0.68289
1996,1,6,0,0.14363,-0.90398,0.91532
1996,1,7,0,0.15078,-1.14039,1.15032
1996,1,8,0,0.17135,-1.36212,1.37285
1996,1,9,0,0.20303,-1.55653,1.56971
1996,1,10,0,0.24269,-1.71231,1.72942
1996,1,11,0,0.28752,-1.82003,1.8426
1996,1,12,0,0.33571,-1.87253,1.90238
1996,1,13,0,0.38666,-1.86507,1.90473
1996,1,14,0,0.44074,-1.79567,1.84897
1996,1,15,0,0.49881,-1.66508,1.73819
1996,1,16,0,0.56173,-1.47682,1.58004
1996,1,17,0,0.62995,-1.23701,1.38818
1996,1,18,0,0.70335,-0.95413,1.18535
1996,1,19,0,0.78125,-0.63855,1.00901
1996,1,20,0,0.86255,-0.30212,0.91393
1996,1,21,0,0.94601,0.04253,0.94697
1996,1,22,0,1.03036,0.38255,1.09908
1996,1,23,0,1.11426,0.70562,1.31889
1996,1,24,0,1.19615,1.00056,1.55946
1996,1,25,0,1.27386,1.25801,1.79034
1996,1,26,0,1.34436,1.47087,1.99268
1996,1,27,0,1.40357,1.63471,2.1546
1996,1,28,0,1.4465,1.74802,2.26891
1996,1,29,0,1.46752,1.81219,2.33188
1996,1,30,0,1.46097,1.83131,2.34267
1996,1,31,0,1.42176,1.81168,2.30295
1996,2,1,0,1.34632,1.76076,2.2165
1996,2,2,0,1.23399,1.68551,2.08894
1996,2,3,0,1.08943,1.58994,1.92737
1996,2,4,0,0.92595,1.47315,1.73999
1996,2,5,0,0.76631,1.33085,1.5357
1996,2,6,0,0.63483,1.16169,1.32384
1996,2,7,0,0.54441,0.97183,1.11393
1996,2,8,0,0.49244,0.77211,0.91578
1996,2,9,0,0.46788,0.57313,0.73986
1996,2,10,0,0.45886,0.38307,0.59774
1996,2,11,0,0.45599,0.20781,0.50111
1996,2,12,0,0.45261,0.05157,0.45554
1996,2,13,0,0.44404,-0.08258,0.45165
1996,2,14,0,0.42678,-0.19214,0.46803
1996,2,15,0,0.3979,-0.27493,0.48365
1996,2,16,0,0.35478,-0.32885,0.48374
1996,2,17,0,0.29493,-0.35187,0.45912
1996,2,18,0,0.21602,-0.34246,0.4049
1996,2,19,0,0.11574,-0.3004,0.32193
1996,2,20,0,-0.00876,-0.22848,0.22865
1996,2,21,0,-0.16201,-0.13571,0.21134
1996,2,22,0,-0.35158,-0.04263,0.35416
1996,2,23,0,-0.58574,0.01542,0.58594
1996,2,24,0,-0.86166,0.00793,0.8617
1996,2,25,0,-1.16177,-0.05043,1.16286
1996,2,26,0,-1.47091,-0.11552,1.47544
1996,2,27,0,-1.77883,-0.15834,1.78586
1996,2,28,0,-2.07368,-0.16895,2.08055
1996,2,29,0,-2.34168,-0.14708,2.34629
1996,3,1,0,-2.56899,-0.09767,2.57085
1996,3,2,0,-2.74355,-0.02368,2.74365
1996,3,3,0,-2.85557,0.05817,2.85616
1996,3,4,0,-2.89943,0.13442,2.90254
1996,3,5,0,-2.87383,0.19101,2.88017
1996,3,6,0,-2.78176,0.21468,2.79004
1996,3,7,0,-2.63011,0.19429,2.63728
1996,3,8,0,-2.42865,0.12196,2.43171
1996,3,9,0,-2.18852,-0.00615,2.18853
1996,3,10,0,-1.92003,-0.18952,1.92937
1996,3,11,0,-1.62956,-0.42324,1.68363
1996,3,12,0,-1.31493,-0.6976,1.48852
1996,3,13,0,-0.95903,-0.99481,1.3818
1996,3,14,0,-0.52829,-1.27706,1.38202
1996,3,15,0,-0.00775,-1.47213,1.47215
1996,3,16,0,0.52653,-1.52359,1.61201
1996,3,17,0,0.96799,-1.47254,1.7622
1996,3,18,0,1.29144,-1.38661,1.89486
1996,3,19,0,1.51739,-1.29285,1.99347
1996,3,20,0,1.66831,-1.19199,2.05039
1996,3,21,0,1.76165,-1.07715,2.06486
1996,3,22,0,1.81176,-0.94152,2.0418
1996,3,23,0,1.83129,-0.78099,1.99087
1996,3,24,0,1.83125,-0.59496,1.92548
1996,3,25,0,1.82059,-0.38624,1.86111
1996,3,26,0,1.80533,-0.16051,1.81245
1996,3,27,0,1.78803,0.0745,1.78958
1996,3,28,0,1.76746,0.30999,1.79444
1996,3,29,0,1.73873,0.53699,1.81976
1996,3,30,0,1.69398,0.74709,1.85141
1996,3,31,0,1.62341,0.93277,1.8723
1996,4,1,0,1.51606,1.08833,1.86625
1996,4,2,0,1.36392,1.206,1.82064
1996,4,3,0,1.1627,1.27776,1.72758
1996,4,4,0,0.91522,1.29382,1.5848
1996,4,5,0,0.6338,1.24391,1.39607
1996,4,6,0,0.3397,1.12165,1.17196
1996,4,7,0,0.05763,0.93,0.93179
1996,4,8,0,-0.19206,0.68324,0.70972
1996,4,9,0,-0.39774,0.40335,0.56647
1996,4,10,0,-0.55523,0.11436,0.56689
1996,4,11,0,-0.66392,-0.16167,0.68332
1996,4,12,0,-0.72387,-0.40634,0.83012
1996,4,13,0,-0.73472,-0.6054,0.95201
1996,4,14,0,-0.69591,-0.74878,1.02223
1996,4,15,0,-0.60744,-0.83058,1.02901
1996,4,16,0,-0.47077,-0.84907,0.97085
1996,4,17,0,-0.28947,-0.8065,0.85687
1996,4,18,0,-0.0697,-0.70876,0.71218
1996,4,19,0,0.1797,-0.56484,0.59273
1996,4,20,0,0.44737,-0.38597,0.59086
1996,4,21,0,0.71987,-0.18465,0.74317
1996,4,22,0,0.98228,0.02642,0.98263
1996,4,23,0,1.21903,0.23525,1.24152
1996,4,24,0,1.41481,0.43136,1.47911
1996,4,25,0,1.55568,0.60605,1.66956
1996,4,26,0,1.63009,0.75246,1.79538
1996,4,27,0,1.62996,0.86525,1.84538
1996,4,28,0,1.55159,0.94026,1.81426
1996,4,29,0,1.39626,0.97427,1.70257
1996,4,30,0,1.16441,0.96832,1.51443
1996,5,1,0,0.87685,0.91836,1.26975
1996,5,2,0,0.54478,0.82633,0.98975
1996,5,3,0,0.18526,0.69807,0.72223
1996,5,4,0,-0.1845,0.54364,0.57409
1996,5,5,0,-0.54859,0.37608,0.66512
1996,5,6,0,-0.89306,0.20943,0.91729
1996,5,7,0,-1.20623,0.05642,1.20755
1996,5,8,0,-1.4787,-0.07338,1.48052
1996,5,9,0,-1.70346,-0.17462,1.71239
1996,5,10,0,-1.87601,-0.24657,1.89214
1996,5,11,0,-1.99447,-0.29256,2.01581
1996,5,12,0,-2.05951,-0.31896,2.08406
1996,5,13,0,-2.07408,-0.3336,2.10074
1996,5,14,0,-2.04291,-0.34407,2.07169
1996,5,15,0,-1.9718,-0.35628,2.00373
1996,5,16,0,-1.86703,-0.37372,1.90407
1996,5,17,0,-1.73484,-0.39786,1.77987
1996,5,18,0,-1.58106,-0.42942,1.63834
1996,5,19,0,-1.41097,-0.46958,1.48705
1996,5,20,0,-1.2291,-0.52035,1.33471
1996,5,21,0,-1.03924,-0.5839,1.19204
1996,5,22,0,-0.84427,-0.66139,1.07248
1996,5,23,0,-0.64604,-0.75191,0.99133
1996,5,24,0,-0.4452,-0.85194,0.96126
1996,5,25,0,-0.2411,-0.95521,0.98517
1996,5,26,0,-0.03189,-1.05297,1.05345
1996,5,27,0,0.18506,-1.13443,1.14942
1996,5,28,0,0.41231,-1.18734,1.25689
1996,5,29,0,0.65118,-1.19861,1.36407
1996,5,30,0,0.90007,-1.15514,1.4644
1996,5,31,0,1.15256,-1.04533,1.55599
1996,6,1,0,1.39611,-0.8616,1.64057
1996,6,2,0,1.61253,-0.6042,1.72201
1996,6,3,0,1.78187,-0.28409,1.80438
1996,6,4,0,1.8885,0.07768,1.8901
1996,6,5,0,1.92553,0.45522,1.9786
1996,6,6,0,1.89446,0.82423,2.066
1996,6,7,0,1.80159,1.16553,2.14574
1996,6,8,0,1.65438,1.4653,2.21
1996,6,9,0,1.4597,1.7138,2.25118
1996,6,10,0,1.22357,1.90408,2.26333
1996,6,11,0,0.95173,2.0313,2.2432
1996,6,12,0,0.65035,2.09229,2.19104
1996,6,13,0,0.32672,2.08561,2.11104
1996,6,14,0,-0.0104,2.01149,2.01152
1996,6,15,0,-0.3506,1.87201,1.90456
1996,6,16,0,-0.68197,1.67107,1.80487
1996,6,17,0,-0.99153,1.41442,1.72734
1996,6,18,0,-1.26577,1.1097,1.68333
1996,6,19,0,-1.49144,0.76631,1.67679
1996,6,20,0,-1.65624,0.39535,1.70278
1996,6,21,0,-1.74969,0.00936,1.74971
1996,6,22,0,-1.7637,-0.37776,1.8037
1996,6,23,0,-1.69325,-0.75105,1.85234
1996,6,24,0,-1.53681,-1.09464,1.8868
1996,6,25,0,-1.29696,-1.39197,1.90255
1996,6,26,0,-0.98099,-1.62616,1.89914
1996,6,27,0,-0.60175,-1.78081,1.87973
1996,6,28,0,-0.17853,-1.8416,1.85023
1996,6,29,0,0.26293,-1.79912,1.81823
1996,6,30,0,0.69214,-1.65248,1.79157
1996,7,1,0,1.07837,-1.41189,1.77661
1996,7,2,0,1.39649,-1.09819,1.77658
1996,7,3,0,1.63129,-0.73858,1.7907
1996,7,4,0,1.7781,-0.36089,1.81435
1996,7,5,0,1.84028,0.01084,1.84031
1996,7,6,0,1.82569,0.35823,1.8605
1996,7,7,0,1.74381,0.66859,1.86759
1996,7,8,0,1.60416,0.934,1.85625
1996,7,9,0,1.41557,1.15027,1.824
1996,7,10,0,1.18621,1.31598,1.77169
1996,7,11,0,0.92374,1.4318,1.70392
1996,7,12,0,0.6357,1.49986,1.62902
1996,7,13,0,0.32976,1.52336,1.55864
1996,7,14,0,0.01391,1.50613,1.5062
1996,7,15,0,-0.30347,1.45234,1.48371
1996,7,16,0,-0.61366,1.36621,1.4977
1996,7,17,0,-0.9078,1.25182,1.54633
1996,7,18,0,-1.17711,1.11301,1.62
1996,7,19,0,-1.41325,0.95349,1.70482
1996,7,20,0,-1.60862,0.77699,1.78644
1996,7,21,0,-1.75679,0.58758,1.85244
1996,7,22,0,-1.85288,0.38992,1.89346
1996,7,23,0,-1.89398,0.18929,1.90342
1996,7,24,0,-1.8794,-0.00877,1.87942
1996,7,25,0,-1.81067,-0.19907,1.82158
1996,7,26,0,-1.69137,-0.37728,1.73294
1996,7,27,0,-1.52668,-0.54027,1.61946
1996,7,28,0,-1.32304,-0.68597,1.4903
1996,7,29,0,-1.08795,-0.81306,1.3582
1996,7,30,0,-0.82985,-0.92065,1.23946
1996,7,31,0,-0.55823,-1.008,1.15225
1996,8,1,0,-0.28263,-1.0755,1.11202
1996,8,2,0,-0.01305,-1.12335,1.12343
1996,8,3,0,0.2409,-1.15203,1.17695
1996,8,4,0,0.47067,-1.16207,1.25377
1996,8,5,0,0.66934,-1.15372,1.33382
1996,8,6,0,0.83203,-1.12677,1.40067
1996,8,7,0,0.9562,-1.08058,1.44291
1996,8,8,0,1.0417,-1.01437,1.45399
1996,8,9,0,1.09061,-0.92758,1.43173
1996,8,10,0,1.10695,-0.82038,1.37781
1996,8,11,0,1.09615,-0.69405,1.29741
1996,8,12,0,1.06455,-0.55121,1.19879
1996,8,13,0,1.01867,-0.39586,1.09288
1996,8,14,0,0.96466,-0.23324,0.99246
1996,8,15,0,0.90783,-0.06936,0.91048
1996,8,16,0,0.85232,0.08947,0.857
1996,8,17,0,0.80105,0.23728,0.83546
1996,8,18,0,0.75595,0.36899,0.8412
1996,8,19,0,0.71814,0.48085,0.86426
1996,8,20,0,0.6882,0.57069,0.89404
1996,8,21,0,0.66605,0.63805,0.92235
1996,8,22,0,0.65066,0.68402,0.94406
1996,8,23,0,0.63961,0.71106,0.9564
1996,8,24,0,0.62887,0.72263,0.95795
1996,8,25,0,0.61311,0.72284,0.94784
1996,8,26,0,0.58629,0.7161,0.9255
1996,8,27,0,0.54258,0.70672,0.89098
1996,8,28,0,0.47709,0.6985,0.84588
1996,8,29,0,0.38659,0.69426,0.79463
1996,8,30,0,0.26989,0.69548,0.74601
1996,8,31,0,0.12806,0.70197,0.71356
1996,9,1,0,-0.03569,0.71176,0.71265
1996,9,2,0,-0.21615,0.72121,0.7529
1996,9,3,0,-0.40645,0.72546,0.83156
1996,9,4,0,-0.59852,0.71906,0.93556
1996,9,5,0,-0.78354,0.69687,1.0486
1996,9,6,0,-0.95255,0.65491,1.15597
1996,9,7,0,-1.09709,0.59114,1.24622
1996,9,8,0,-1.20995,0.50586,1.31144
1996,9,9,0,-1.28583,0.40164,1.34709
1996,9,10,0,-1.32189,0.28287,1.35181
1996,9,11,0,-1.31791,0.15505,1.327
1996,9,12,0,-1.27612,0.02416,1.27635
1996,9,13,0,-1.20076,-0.1039,1.20524
1996,9,14,0,-1.09744,-0.22349,1.11997
1996,9,15,0,-0.97261,-0.32941,1.02688
1996,9,16,0,-0.83298,-0.41696,0.93151
1996,9,17,0,-0.68522,-0.48212,0.83783
1996,9,18,0,-0.53564,-0.5219,0.74785
1996,9,19,0,-0.38995,-0.53469,0.66178
1996,9,20,0,-0.253,-0.52064,0.57886
1996,9,21,0,-0.12842,-0.48193,0.49875
1996,9,22,0,-0.01833,-0.42271,0.42311
1996,9,23,0,0.07692,-0.3489,0.35728
1996,9,24,0,0.15871,-0.26764,0.31116
1996,9,25,0,0.22984,-0.18668,0.2961
1996,9,26,0,0.29402,-0.11371,0.31525
1996,9,27,0,0.35519,-0.05575,0.35954
1996,9,28,0,0.41678,-0.01857,0.4172
1996,9,29,0,0.48126,-0.00628,0.4813
1996,9,30,0,0.54977,-0.0209,0.55017
1996,10,1,0,0.62217,-0.06211,0.62526
1996,10,2,0,0.69728,-0.12697,0.70875
1996,10,3,0,0.77349,-0.20982,0.80145
1996,10,4,0,0.84939,-0.30219,0.90154
1996,10,5,0,0.9245,-0.39278,1.00448
1996,10,6,0,0.99963,-0.46754,1.10356
1996,10,7,0,1.07614,-0.51028,1.19099
1996,10,8,0,1.15282,-0.5058,1.2589
1996,10,9,0,1.22061,-0.44818,1.30029
1996,10,10,0,1.26184,-0.35127,1.30982
1996,10,11,0,1.26119,-0.24335,1.28445
1996,10,12,0,1.21539,-0.14473,1.22398
1996,10,13,0,1.12988,-0.05827,1.13138
1996,10,14,0,1.013,0.02306,1.01326
1996,10,15,0,0.87394,0.10764,0.88054
1996,10,16,0,0.72232,0.20158,0.74992
1996,10,17,0,0.56767,0.30766,0.64568
1996,10,18,0,0.41866,0.42549,0.59693
1996,10,19,0,0.28223,0.552,0.61996
1996,10,20,0,0.16293,0.68211,0.7013
1996,10,21,0,0.0119,0.81456,0.81464
1996,10,22,0,-0.13774,0.9232,0.93342
1996,10,23,0,-0.28575,1.00252,1.04245
1996,10,24,0,-0.43251,1.04828,1.134
1996,10,25,0,-0.57871,1.05768,1.20565
1996,10,26,0,-0.72496,1.02943,1.25908
1996,10,27,0,-0.87141,0.96378,1.29932
1996,10,28,0,-1.01741,0.86245,1.33377
1996,10,29,0,-1.16119,0.72847,1.37078
1996,10,30,0,-1.29978,0.56603,1.41768
1996,10,31,0,-1.42895,0.38022,1.47867
1996,11,1,0,-1.5434,0.17683,1.5535
1996,11,2,0,-1.63707,-0.03793,1.63751
1996,11,3,0,-1.70358,-0.25765,1.72296
1996,11,4,0,-1.73676,-0.47601,1.80081
1996,11,5,0,-1.73125,-0.68691,1.86254
1996,11,6,0,-1.68303,-0.88472,1.9014
1996,11,7,0,-1.58997,-1.06442,1.91337
1996,11,8,0,-1.45214,-1.22166,1.89768
1996,11,9,0,-1.27207,-1.35295,1.85705
1996,11,10,0,-1.05471,-1.45562,1.79757
1996,11,11,0,-0.91568,-1.4716,1.73323
1996,11,12,0,-0.75416,-1.48822,1.6684
1996,11,13,0,-0.57546,-1.50684,1.61298
1996,11,14,0,-0.38506,-1.52648,1.57429
1996,11,15,0,-0.18686,-1.54347,1.55474
1996,11,16,0,0.01895,-1.55094,1.55106
1996,11,17,0,0.23877,-1.53721,1.55565
1996,11,18,0,0.48842,-1.48079,1.55926
1996,11,19,0,0.78612,-1.34023,1.55377
1996,11,20,0,1.10048,-1.06888,1.53413
1996,11,21,0,1.31384,-0.72232,1.49931
1996,11,22,0,1.38928,-0.42421,1.45261
1996,11,23,0,1.38747,-0.19764,1.40148
1996,11,24,0,1.35676,-0.01445,1.35684
1996,11,25,0,1.32327,0.14901,1.33164
1996,11,26,0,1.30286,0.3056,1.33822
1996,11,27,0,1.30614,0.46045,1.38493
1996,11,28,0,1.33974,0.61376,1.47364
1996,11,29,0,1.4062,0.76274,1.59974
1996,11,30,0,1.50391,0.90321,1.75429
1996,12,1,0,1.62715,1.03105,1.92631
1996,12,2,0,1.76661,1.14329,2.10429
1996,12,3,0,1.91018,1.23906,2.27686
1996,12,4,0,2.04392,1.32008,2.43315
1996,12,5,0,2.15318,1.39065,2.56322
1996,12,6,0,2.2236,1.45725,2.65857
1996,12,7,0,2.24178,1.52742,2.71267
1996,12,8,0,2.19581,1.60824,2.72177
1996,12,9,0,2.07561,1.70427,2.68564
1996,12,10,0,1.87337,1.81514,2.6085
1996,12,11,0,1.58472,1.93352,2.49997
1996,12,12,0,1.21082,2.04422,2.3759
1996,12,13,0,0.7611,2.12618,2.2583
1996,12,14,0,0.25483,2.15788,2.17288
1996,12,15,0,-0.28058,2.12416,2.14261
1996,12,16,0,-0.81456,2.02065,2.17866
1996,12,17,0,-1.31878,1.85306,2.27443
1996,12,18,0,-1.77027,1.63318,2.40856
1996,12,19,0,-2.15201,1.37465,2.55359
1996,12,20,0,-2.45244,1.09027,2.68387
1996,12,21,0,-2.66488,0.79085,2.77976
1996,12,22,0,-2.78716,0.48484,2.82902
1996,12,23,0,-2.82127,0.17858,2.82691
1996,12,24,0,-2.773,-0.12332,2.77574
1996,12,25,0,-2.65138,-0.41749,2.68405
1996,12,26,0,-2.46802,-0.70119,2.5657
1996,12,27,0,-2.23625,-0.97185,2.4383
1996,12,28,0,-1.9704,-1.22663,2.32101
1996,12,29,0,-1.6849,-1.46231,2.23097
1996,12,30,0,-1.39366,-1.67539,2.17927
1996,12,31,0,-1.15652,-1.83287,2.16724
1997,1,1,0,-0.88786,-2.00377,2.19166
1997,1,2,0,-0.65983,-2.13258,2.23233
1997,1,3,0,-0.46241,-2.23067,2.27809
1997,1,4,0,-0.29862,-2.29727,2.3166
1997,1,5,0,-0.16995,-2.33295,2.33913
1997,1,6,0,-0.07651,-2.33937,2.34062
1997,1,7,0,-0.0168,-2.31878,2.31884
1997,1,8,0,0.01261,-2.27343,2.27347
1997,1,9,0,0.01741,-2.20501,2.20508
1997,1,10,0,0.00525,-2.11449,2.11449
1997,1,11,0,-0.01487,-2.00237,2.00243
1997,1,12,0,-0.03364,-1.86921,1.86952
1997,1,13,0,-0.04243,-1.71598,1.71651
1997,1,14,0,-0.03418,-1.54453,1.54491
1997,1,15,0,-0.00408,-1.35761,1.35762
1997,1,16,0,0.05009,-1.1589,1.15998
1997,1,17,0,0.1279,-0.95289,0.96144
1997,1,18,0,0.22645,-0.74479,0.77845
1997,1,19,0,0.3409,-0.54039,0.63893
1997,1,20,0,0.46506,-0.34602,0.57967
1997,1,21,0,0.59223,-0.16832,0.61568
1997,1,22,0,0.71583,-0.014,0.71596
1997,1,23,0,0.83,0.11067,0.83735
1997,1,24,0,0.93006,0.20038,0.9514
1997,1,25,0,1.01266,0.2515,1.04343
1997,1,26,0,1.07604,0.26261,1.10762
1997,1,27,0,1.12004,0.23497,1.14442
1997,1,28,0,1.14635,0.17276,1.15929
1997,1,29,0,1.15857,0.08306,1.16154
1997,1,30,0,1.16235,-0.02424,1.16261
1997,1,31,0,1.16537,-0.13663,1.17336
1997,2,1,0,1.17682,-0.23919,1.20088
1997,2,2,0,1.20605,-0.3148,1.24646
1997,2,3,0,1.2597,-0.34531,1.30617
1997,2,4,0,1.33714,-0.31516,1.37378
1997,2,5,0,1.42781,-0.21783,1.44433
1997,2,6,0,1.51566,-0.05957,1.51683
1997,2,7,0,1.58868,0.14651,1.59542
1997,2,8,0,1.64322,0.38954,1.68877
1997,2,9,0,1.68124,0.66311,1.80729
1997,2,10,0,1.70657,0.96216,1.95911
1997,2,11,0,1.72272,1.28011,2.14626
1997,2,12,0,1.73184,1.60772,2.36306
1997,2,13,0,1.73402,1.93341,2.5971
1997,2,14,0,1.72698,2.24414,2.83172
1997,2,15,0,1.70574,2.52679,3.04864
1997,2,16,0,1.66268,2.76939,3.23017
1997,2,17,0,1.58758,2.96231,3.36091
1997,2,18,0,1.46777,3.09901,3.42902
1997,2,19,0,1.28787,3.17598,3.42716
1997,2,20,0,1.02928,3.19125,3.35313
1997,2,21,0,0.67001,3.13961,3.2103
1997,2,22,0,0.19149,3.00183,3.00793
1997,2,23,0,-0.38738,2.734,2.7613
1997,2,24,0,-0.95246,2.30282,2.49202
1997,2,25,0,-1.35749,1.7667,2.22801
1997,2,26,0,-1.58218,1.22716,2.0023
1997,2,27,0,-1.69532,0.73533,1.84793
1997,2,28,0,-1.76032,0.30423,1.78642
1997,3,1,0,-1.81234,0.00669,1.81235
1997,3,2,0,-1.88763,-0.27217,1.90715
1997,3,3,0,-1.97822,-0.48255,2.03623
1997,3,4,0,-2.08211,-0.62244,2.17315
1997,3,5,0,-2.1943,-0.69423,2.3015
1997,3,6,0,-2.30842,-0.70532,2.41376
1997,3,7,0,-2.41784,-0.66807,2.50844
1997,3,8,0,-2.51668,-0.59952,2.58711
1997,3,9,0,-2.6003,-0.52098,2.65198
1997,3,10,0,-2.66524,-0.45784,2.70428
1997,3,11,0,-2.70819,-0.4401,2.74372
1997,3,12,0,-2.72263,-0.50398,2.76888
1997,3,13,0,-2.69074,-0.69298,2.77855
1997,3,14,0,-2.56889,-1.04466,2.77317
1997,3,15,0,-2.29399,-1.52802,2.75631
1997,3,16,0,-1.87349,-1.99304,2.73535
1997,3,17,0,-1.41057,-2.327,2.72114
1997,3,18,0,-0.96728,-2.54871,2.72609
1997,3,19,0,-0.54589,-2.70636,2.76087
1997,3,20,0,-0.13714,-2.82732,2.83064
1997,3,21,0,0.2627,-2.92082,2.93261
1997,3,22,0,0.65144,-2.98582,3.05606
1997,3,23,0,1.02344,-3.01591,3.18483
1997,3,24,0,1.37158,-3.00225,3.30072
1997,3,25,0,1.68859,-2.93554,3.38655
1997,3,26,0,1.96772,-2.80744,3.42836
1997,3,27,0,2.20297,-2.61183,3.41683
1997,3,28,0,2.38908,-2.34549,3.34799
1997,3,29,0,2.52115,-2.0088,3.22358
1997,3,30,0,2.59418,-1.60603,3.05108
1997,3,31,0,2.60243,-1.14551,2.84338
1997,4,1,0,2.5394,-0.63813,2.61835
1997,4,2,0,2.39544,-0.10351,2.39767
1997,4,3,0,2.16169,0.43385,2.2048
1997,4,4,0,1.83277,0.94217,2.06076
1997,4,5,0,1.41326,1.38398,1.97806
1997,4,6,0,0.92422,1.72333,1.95551
1997,4,7,0,0.40299,1.93706,1.97854
1997,4,8,0,-0.10668,2.02256,2.02537
1997,4,9,0,-0.56748,1.99522,2.07436
1997,4,10,0,-0.95506,1.8795,2.10823
1997,4,11,0,-1.25735,1.70102,2.11528
1997,4,12,0,-1.47105,1.48292,2.08879
1997,4,13,0,-1.59846,1.24492,2.02606
1997,4,14,0,-1.64559,1.00342,1.92739
1997,4,15,0,-1.62096,0.77165,1.79526
1997,4,16,0,-1.5349,0.55959,1.63372
1997,4,17,0,-1.39889,0.37386,1.44798
1997,4,18,0,-1.22493,0.21766,1.24412
1997,4,19,0,-1.02488,0.09091,1.02891
1997,4,20,0,-0.80983,-0.00934,0.80989
1997,4,21,0,-0.58955,-0.08828,0.59612
1997,4,22,0,-0.37206,-0.15242,0.40207
1997,4,23,0,-0.16333,-0.20873,0.26504
1997,4,24,0,0.03293,-0.26364,0.26569
1997,4,25,0,0.21531,-0.32227,0.38758
1997,4,26,0,0.38466,-0.38769,0.54614
1997,4,27,0,0.5438,-0.46048,0.71257
1997,4,28,0,0.69702,-0.5384,0.88074
1997,4,29,0,0.84931,-0.61649,1.04947
1997,4,30,0,1.00921,-0.67658,1.21502
1997,5,1,0,1.17479,-0.72679,1.38143
1997,5,2,0,1.34855,-0.74933,1.54275
1997,5,3,0,1.52832,-0.73476,1.69577
1997,5,4,0,1.70945,-0.67506,1.83791
1997,5,5,0,1.88537,-0.56433,1.96802
1997,5,6,0,2.04831,-0.39929,2.08687
1997,5,7,0,2.18961,-0.17967,2.19697
1997,5,8,0,2.29991,0.0916,2.30173
1997,5,9,0,2.36913,0.40815,2.40403
1997,5,10,0,2.38651,0.76015,2.50464
1997,5,11,0,2.34092,1.13425,2.60124
1997,5,12,0,2.22165,1.51359,2.68825
1997,5,13,0,2.0199,1.87779,2.75792
1997,5,14,0,1.73112,2.20335,2.80205
1997,5,15,0,1.35778,2.46497,2.81419
1997,5,16,0,0.91163,2.63858,2.79163
1997,5,17,0,0.41357,2.70576,2.73719
1997,5,18,0,-0.10967,2.65806,2.66032
1997,5,19,0,-0.63096,2.49877,2.5772
1997,5,20,0,-1.12745,2.24128,2.50888
1997,5,21,0,-1.58244,1.90541,2.47684
1997,5,22,0,-1.98457,1.5135,2.49584
1997,5,23,0,-2.32581,1.08761,2.56755
1997,5,24,0,-2.59973,0.64787,2.67924
1997,5,25,0,-2.80038,0.21158,2.80837
1997,5,26,0,-2.92211,-0.20721,2.92945
1997,5,27,0,-2.95988,-0.59762,3.01961
1997,5,28,0,-2.90998,-0.95158,3.06161
1997,5,29,0,-2.77098,-1.26287,3.04519
1997,5,30,0,-2.54492,-1.52573,2.96723
1997,5,31,0,-2.23886,-1.73338,2.83145
1997,6,1,0,-1.86681,-1.87735,2.64753
1997,6,2,0,-1.45113,-1.94917,2.43003
1997,6,3,0,-1.02138,-1.94501,2.19688
1997,6,4,0,-0.60897,-1.87074,1.96736
1997,6,5,0,-0.23996,-1.7431,1.75954
1997,6,6,0,0.06946,-1.58521,1.58674
1997,6,7,0,0.31251,-1.42013,1.45411
1997,6,8,0,0.48871,-1.26621,1.35724
1997,6,9,0,0.60107,-1.13527,1.28457
1997,6,10,0,0.65458,-1.03288,1.22283
1997,6,11,0,0.65583,-0.95935,1.16209
1997,6,12,0,0.61305,-0.91107,1.09813
1997,6,13,0,0.53612,-0.88192,1.03209
1997,6,14,0,0.43636,-0.86448,0.96837
1997,6,15,0,0.32595,-0.85113,0.91141
1997,6,16,0,0.21725,-0.83495,0.86275
1997,6,17,0,0.1218,-0.81028,0.81939
1997,6,18,0,0.04954,-0.77314,0.77472
1997,6,19,0,0.00799,-0.72125,0.72129
1997,6,20,0,0.00176,-0.65398,0.65398
1997,6,21,0,0.03225,-0.57198,0.57289
1997,6,22,0,0.09762,-0.47679,0.48668
1997,6,23,0,0.19299,-0.37034,0.41761
1997,6,24,0,0.31078,-0.25461,0.40176
1997,6,25,0,0.44126,-0.13128,0.46038
1997,6,26,0,0.57326,-0.00181,0.57326
1997,6,27,0,0.69502,0.1322,0.70748
1997,6,28,0,0.79535,0.26827,0.83938
1997,6,29,0,0.86512,0.40221,0.95404
1997,6,30,0,0.89868,0.52775,1.04218
1997,7,1,0,0.895,0.63738,1.09876
1997,7,2,0,0.85749,0.72426,1.12242
1997,7,3,0,0.7927,0.78432,1.11514
1997,7,4,0,0.70855,0.81734,1.0817
1997,7,5,0,0.61299,0.82657,1.02907
1997,7,6,0,0.51346,0.81746,0.96534
1997,7,7,0,0.41679,0.79617,0.89867
1997,7,8,0,0.32915,0.76834,0.83588
1997,7,9,0,0.2559,0.73838,0.78147
1997,7,10,0,0.20133,0.70909,0.73712
1997,7,11,0,0.16823,0.68182,0.70227
1997,7,12,0,0.15763,0.6568,0.67545
1997,7,13,0,0.16851,0.63376,0.65578
1997,7,14,0,0.19781,0.61244,0.64359
1997,7,15,0,0.24054,0.5931,0.64002
1997,7,16,0,0.29009,0.57672,0.64556
1997,7,17,0,0.33875,0.5649,0.65868
1997,7,18,0,0.37826,0.55949,0.67536
1997,7,19,0,0.40056,0.56194,0.69009
1997,7,20,0,0.39846,0.57257,0.69758
1997,7,21,0,0.3665,0.58993,0.69451
1997,7,22,0,0.30168,0.61049,0.68096
1997,7,23,0,0.20409,0.62891,0.6612
1997,7,24,0,0.0773,0.63874,0.6434
1997,7,25,0,-0.07181,0.63354,0.6376
1997,7,26,0,-0.23355,0.60793,0.65125
1997,7,27,0,-0.3965,0.55841,0.68486
1997,7,28,0,-0.54856,0.48376,0.7314
1997,7,29,0,-0.67822,0.38509,0.77993
1997,7,30,0,-0.77566,0.26568,0.8199
1997,7,31,0,-0.83369,0.13053,0.84385
1997,8,1,0,-0.84856,-0.01469,0.84869
1997,8,2,0,-0.82003,-0.1638,0.83623
1997,8,3,0,-0.75148,-0.3111,0.81333
1997,8,4,0,-0.64943,-0.45174,0.79109
1997,8,5,0,-0.52284,-0.58178,0.78219
1997,8,6,0,-0.38229,-0.698,0.79583
1997,8,7,0,-0.23912,-0.79747,0.83255
1997,8,8,0,-0.10454,-0.87734,0.88355
1997,8,9,0,0.01121,-0.93474,0.93481
1997,8,10,0,0.09959,-0.96689,0.972
1997,8,11,0,0.15444,-0.97146,0.98366
1997,8,12,0,0.17233,-0.94703,0.96258
1997,8,13,0,0.15281,-0.89351,0.90649
1997,8,14,0,0.09817,-0.81258,0.81849
1997,8,15,0,0.01316,-0.70786,0.70798
1997,8,16,0,-0.09559,-0.58492,0.59268
1997,8,17,0,-0.22015,-0.45094,0.50181
1997,8,18,0,-0.35163,-0.31395,0.47139
1997,8,19,0,-0.48053,-0.18195,0.51383
1997,8,20,0,-0.59683,-0.06175,0.60002
1997,8,21,0,-0.6903,0.04169,0.69155
1997,8,22,0,-0.75109,0.12544,0.76149
1997,8,23,0,-0.77076,0.18807,0.79338
1997,8,24,0,-0.74331,0.22887,0.77775
1997,8,25,0,-0.66609,0.24725,0.7105
1997,8,26,0,-0.54029,0.24263,0.59226
1997,8,27,0,-0.37094,0.21483,0.42866
1997,8,28,0,-0.16654,0.1646,0.23415
1997,8,29,0,0.06171,0.09413,0.11255
1997,8,30,0,0.3009,0.00734,0.30099
1997,8,31,0,0.53747,-0.09016,0.54498
1997,9,1,0,0.75826,-0.19144,0.78206
1997,9,2,0,0.95143,-0.28884,0.9943
1997,9,3,0,1.10707,-0.37478,1.16879
1997,9,4,0,1.21767,-0.44261,1.29562
1997,9,5,0,1.27825,-0.48736,1.36801
1997,9,6,0,1.2864,-0.50628,1.38244
1997,9,7,0,1.24224,-0.49894,1.33869
1997,9,8,0,1.14835,-0.46696,1.23966
1997,9,9,0,1.00971,-0.41345,1.09108
1997,9,10,0,0.83354,-0.34221,0.90105
1997,9,11,0,0.6289,-0.25724,0.67948
1997,9,12,0,0.40621,-0.16241,0.43748
1997,9,13,0,0.17653,-0.06143,0.18691
1997,9,14,0,-0.04918,0.04204,0.0647
1997,9,15,0,-0.2607,0.14437,0.298
1997,9,16,0,-0.44917,0.242,0.51022
1997,9,17,0,-0.60749,0.33182,0.69221
1997,9,18,0,-0.73056,0.41142,0.83844
1997,9,19,0,-0.81545,0.47944,0.94595
1997,9,20,0,-0.86139,0.53565,1.01435
1997,9,21,0,-0.86972,0.58075,1.0458
1997,9,22,0,-0.84371,0.6159,1.04459
1997,9,23,0,-0.78818,0.6422,1.01668
1997,9,24,0,-0.70912,0.66018,0.96885
1997,9,25,0,-0.6131,0.66949,0.90781
1997,9,26,0,-0.50671,0.66896,0.83921
1997,9,27,0,-0.39602,0.65677,0.76693
1997,9,28,0,-0.28622,0.63086,0.69276
1997,9,29,0,-0.18134,0.58934,0.61661
1997,9,30,0,-0.08417,0.53087,0.5375
1997,10,1,0,0.0037,0.4549,0.45491
1997,10,2,0,0.08189,0.36191,0.37105
1997,10,3,0,0.15112,0.25347,0.29511
1997,10,4,0,0.21339,0.13243,0.25114
1997,10,5,0,0.27217,0.00307,0.27219
1997,10,6,0,0.33284,-0.1284,0.35675
1997,10,7,0,0.40279,-0.25328,0.4758
1997,10,8,0,0.48986,-0.36025,0.60807
1997,10,9,0,0.59706,-0.43822,0.74062
1997,10,10,0,0.71546,-0.48382,0.86369
1997,10,11,0,0.82596,-0.5059,0.96858
1997,10,12,0,0.9106,-0.51708,1.04717
1997,10,13,0,0.95837,-0.5238,1.09217
1997,10,14,0,0.96363,-0.52547,1.09759
1997,10,15,0,0.92404,-0.51787,1.05927
1997,10,16,0,0.83999,-0.49581,0.9754
1997,10,17,0,0.71457,-0.45454,0.84689
1997,10,18,0,0.55363,-0.39054,0.67751
1997,10,19,0,0.36546,-0.3021,0.47415
1997,10,20,0,0.1603,-0.18969,0.24835
1997,10,21,0,-0.04744,-0.05459,0.07232
1997,10,22,0,-0.26701,0.06905,0.2758
1997,10,23,0,-0.48699,0.17289,0.51677
1997,10,24,0,-0.69504,0.25013,0.73868
1997,10,25,0,-0.87883,0.29613,0.92738
1997,10,26,0,-1.02691,0.30882,1.07234
1997,10,27,0,-1.12967,0.2889,1.16603
1997,10,28,0,-1.18012,0.23984,1.20424
1997,10,29,0,-1.17447,0.16756,1.18636
1997,10,30,0,-1.11261,0.07995,1.11548
1997,10,31,0,-0.99811,-0.01385,0.99821
1997,11,1,0,-0.83812,-0.10423,0.84458
1997,11,2,0,-0.64281,-0.18201,0.66808
1997,11,3,0,-0.42467,-0.23923,0.48742
1997,11,4,0,-0.1976,-0.26989,0.33449
1997,11,5,0,0.0242,-0.27048,0.27156
1997,11,6,0,0.22727,-0.24029,0.33074
1997,11,7,0,0.39992,-0.18148,0.43917
1997,11,8,0,0.53311,-0.09882,0.54219
1997,11,9,0,0.62109,0.00071,0.62109
1997,11,10,0,0.66177,0.10862,0.67063
1997,11,11,0,0.6669,0.16324,0.68659
1997,11,12,0,0.64471,0.21396,0.67929
1997,11,13,0,0.60019,0.2594,0.65385
1997,11,14,0,0.53861,0.29727,0.6152
1997,11,15,0,0.46491,0.32466,0.56705
1997,11,16,0,0.38318,0.33856,0.51132
1997,11,17,0,0.29642,0.33623,0.44823
1997,11,18,0,0.2069,0.3152,0.37704
1997,11,19,0,0.11917,0.27217,0.29712
1997,11,20,0,0.051,0.20323,0.20953
1997,11,21,0,0.03357,0.11644,0.12118
1997,11,22,0,0.0699,0.03196,0.07686
1997,11,23,0,0.13781,-0.04125,0.14385
1997,11,24,0,0.21938,-0.10244,0.24212
1997,11,25,0,0.3037,-0.15171,0.33949
1997,11,26,0,0.38371,-0.18861,0.42756
1997,11,27,0,0.45452,-0.21258,0.50178
1997,11,28,0,0.5129,-0.22337,0.55943
1997,11,29,0,0.55692,-0.22149,0.59934
1997,11,30,0,0.5858,-0.20842,0.62178
1997,12,1,0,0.59976,-0.18669,0.62814
1997,12,2,0,0.59975,-0.15971,0.62065
1997,12,3,0,0.5874,-0.13148,0.60194
1997,12,4,0,0.56488,-0.10613,0.57476
1997,12,5,0,0.53477,-0.08732,0.54186
1997,12,6,0,0.50005,-0.07769,0.50604
1997,12,7,0,0.4639,-0.07837,0.47047
1997,12,8,0,0.42959,-0.0886,0.43863
1997,12,9,0,0.40012,-0.10556,0.41381
1997,12,10,0,0.37776,-0.12446,0.39773
1997,12,11,0,0.36326,-0.13895,0.38893
1997,12,12,0,0.35507,-0.14197,0.3824
1997,12,13,0,0.34863,-0.12692,0.37101
1997,12,14,0,0.33647,-0.089,0.34804
1997,12,15,0,0.30935,-0.02613,0.31045
1997,12,16,0,0.25813,0.06096,0.26523
1997,12,17,0,0.1755,0.16929,0.24384
1997,12,18,0,0.05693,0.29425,0.2997
1997,12,19,0,-0.09905,0.42995,0.44121
1997,12,20,0,-0.29091,0.56939,0.6394
1997,12,21,0,-0.51421,0.7046,0.87228
1997,12,22,0,-0.76181,0.82686,1.1243
1997,12,23,0,-1.02416,0.92722,1.38154
1997,12,24,0,-1.28971,0.99698,1.63013
1997,12,25,0,-1.54555,1.02839,1.85642
1997,12,26,0,-1.77807,1.0153,2.04753
1997,12,27,0,-1.97387,0.95374,2.19221
1997,12,28,0,-2.12044,0.84252,2.28169
1997,12,29,0,-2.20702,0.68355,2.31045
1997,12,30,0,-2.22522,0.48225,2.27688
1997,12,31,0,-2.16284,0.30282,2.18394
1998,1,1,0,-2.03682,0.03748,2.03717
1998,1,2,0,-1.83837,-0.22276,1.85182
1998,1,3,0,-1.57378,-0.47913,1.6451
1998,1,4,0,-1.25205,-0.71438,1.44152
1998,1,5,0,-0.88654,-0.91157,1.27158
1998,1,6,0,-0.49481,-1.05645,1.16659
1998,1,7,0,-0.09758,-1.13977,1.14394
1998,1,8,0,0.28352,-1.15866,1.19285
1998,1,9,0,0.62835,-1.11642,1.2811
1998,1,10,0,0.92037,-1.0211,1.37467
1998,1,11,0,1.14775,-0.88359,1.44847
1998,1,12,0,1.30368,-0.71605,1.48738
1998,1,13,0,1.38599,-0.53085,1.48417
1998,1,14,0,1.39667,-0.34006,1.43748
1998,1,15,0,1.34127,-0.1552,1.35022
1998,1,16,0,1.22827,0.01301,1.22834
1998,1,17,0,1.0686,0.15495,1.07977
1998,1,18,0,0.87499,0.26254,0.91353
1998,1,19,0,0.66137,0.32983,0.73906
1998,1,20,0,0.44205,0.35353,0.56603
1998,1,21,0,0.23089,0.33335,0.4055
1998,1,22,0,0.04043,0.27214,0.27513
1998,1,23,0,-0.11897,0.17562,0.21212
1998,1,24,0,-0.23959,0.05176,0.24512
1998,1,25,0,-0.31671,-0.09001,0.32926
1998,1,26,0,-0.34848,-0.23962,0.42291
1998,1,27,0,-0.33552,-0.38715,0.51231
1998,1,28,0,-0.28047,-0.52333,0.59374
1998,1,29,0,-0.18736,-0.63981,0.66668
1998,1,30,0,-0.06115,-0.72918,0.73174
1998,1,31,0,0.09258,-0.78466,0.79011
1998,2,1,0,0.26745,-0.79962,0.84316
1998,2,2,0,0.45538,-0.76728,0.89224
1998,2,3,0,0.64472,-0.68172,0.9383
1998,2,4,0,0.81845,-0.54188,0.98158
1998,2,5,0,0.95653,-0.35837,1.02146
1998,2,6,0,1.04493,-0.15524,1.0564
1998,2,7,0,1.08339,0.03993,1.08412
1998,2,8,0,1.08225,0.20807,1.10206
1998,2,9,0,1.05391,0.34114,1.10775
1998,2,10,0,1.00804,0.43832,1.09922
1998,2,11,0,0.95087,0.50222,1.07535
1998,2,12,0,0.88597,0.53703,1.03603
1998,2,13,0,0.81529,0.54779,0.98223
1998,2,14,0,0.73976,0.54003,0.9159
1998,2,15,0,0.6599,0.51954,0.83988
1998,2,16,0,0.57611,0.4921,0.75767
1998,2,17,0,0.48885,0.46311,0.67339
1998,2,18,0,0.39864,0.43724,0.59169
1998,2,19,0,0.30576,0.41798,0.51788
1998,2,20,0,0.20973,0.40707,0.45792
1998,2,21,0,0.10844,0.40352,0.41784
1998,2,22,0,-0.00212,0.40183,0.40184
1998,2,23,0,-0.12417,0.3905,0.40977
1998,2,24,0,-0.24816,0.3594,0.43675
1998,2,25,0,-0.35559,0.31593,0.47566
1998,2,26,0,-0.43986,0.27692,0.51977
1998,2,27,0,-0.50539,0.24978,0.56374
1998,2,28,0,-0.55664,0.23339,0.60359
1998,3,1,0,-0.58595,0.24549,0.6353
1998,3,2,0,-0.61208,0.24536,0.65942
1998,3,3,0,-0.62868,0.24321,0.67408
1998,3,4,0,-0.63714,0.23717,0.67986
1998,3,5,0,-0.63951,0.22648,0.67843
1998,3,6,0,-0.63829,0.21135,0.67237
1998,3,7,0,-0.63616,0.19281,0.66474
1998,3,8,0,-0.63571,0.17228,0.65864
1998,3,9,0,-0.63913,0.15103,0.65673
1998,3,10,0,-0.64807,0.12947,0.66088
1998,3,11,0,-0.66352,0.10613,0.67195
1998,3,12,0,-0.6857,0.07622,0.68993
1998,3,13,0,-0.71338,0.02981,0.714
1998,3,14,0,-0.74128,-0.0476,0.7428
1998,3,15,0,-0.75767,-0.16049,0.77448
1998,3,16,0,-0.75694,-0.2793,0.80682
1998,3,17,0,-0.75212,-0.36798,0.83731
1998,3,18,0,-0.7532,-0.42175,0.86324
1998,3,19,0,-0.75802,-0.45056,0.88181
1998,3,20,0,-0.76028,-0.46333,0.89033
1998,3,21,0,-0.75398,-0.46607,0.8864
1998,3,22,0,-0.73446,-0.46283,0.86813
1998,3,23,0,-0.69846,-0.45649,0.8344
1998,3,24,0,-0.64404,-0.44902,0.78511
1998,3,25,0,-0.5705,-0.44164,0.72147
1998,3,26,0,-0.47826,-0.43482,0.64638
1998,3,27,0,-0.36872,-0.42826,0.56512
1998,3,28,0,-0.24413,-0.42087,0.48655
1998,3,29,0,-0.10738,-0.41083,0.42463
1998,3,30,0,0.03802,-0.39555,0.39738
1998,3,31,0,0.18804,-0.37173,0.41659
1998,4,1,0,0.33822,-0.33529,0.47625
1998,4,2,0,0.48284,-0.28202,0.55917
1998,4,3,0,0.61519,-0.20833,0.64951
1998,4,4,0,0.72746,-0.11274,0.73614
1998,4,5,0,0.81146,0.00205,0.81146
1998,4,6,0,0.86076,0.1278,0.8702
1998,4,7,0,0.87311,0.25206,0.90876
1998,4,8,0,0.85117,0.36222,0.92504
1998,4,9,0,0.80073,0.44944,0.91824
1998,4,10,0,0.72812,0.50985,0.88888
1998,4,11,0,0.6387,0.5436,0.83871
1998,4,12,0,0.53646,0.55321,0.7706
1998,4,13,0,0.4244,0.54233,0.68865
1998,4,14,0,0.3048,0.51488,0.59834
1998,4,15,0,0.17966,0.47449,0.50736
1998,4,16,0,0.05093,0.42415,0.4272
1998,4,17,0,-0.07924,0.36608,0.37455
1998,4,18,0,-0.20839,0.30158,0.36658
1998,4,19,0,-0.3336,0.23113,0.40585
1998,4,20,0,-0.45147,0.15444,0.47715
1998,4,21,0,-0.55811,0.07063,0.56257
1998,4,22,0,-0.6492,-0.02152,0.64956
1998,4,23,0,-0.71999,-0.12329,0.73047
1998,4,24,0,-0.7654,-0.23567,0.80086
1998,4,25,0,-0.7801,-0.35886,0.85868
1998,4,26,0,-0.75873,-0.49174,0.90415
1998,4,27,0,-0.69625,-0.63141,0.93992
1998,4,28,0,-0.58849,-0.77272,0.9713
1998,4,29,0,-0.43297,-0.90823,1.00616
1998,4,30,0,-0.22011,-1.02451,1.04789
1998,5,1,0,0.03023,-1.11705,1.11746
1998,5,2,0,0.31741,-1.17262,1.21482
1998,5,3,0,0.62975,-1.18326,1.34041
1998,5,4,0,0.95293,-1.14443,1.48923
1998,5,5,0,1.27126,-1.05529,1.65219
1998,5,6,0,1.56887,-0.91817,1.8178
1998,5,7,0,1.83041,-0.73777,1.9735
1998,5,8,0,2.04148,-0.5204,2.10677
1998,5,9,0,2.18887,-0.27357,2.2059
1998,5,10,0,2.26082,-0.0059,2.26083
1998,5,11,0,2.24749,0.27255,2.26395
1998,5,12,0,2.14168,0.54968,2.21109
1998,5,13,0,1.94002,0.81077,2.10263
1998,5,14,0,1.64454,1.03839,1.94493
1998,5,15,0,1.26438,1.21343,1.75245
1998,5,16,0,0.81696,1.31805,1.5507
1998,5,17,0,0.32725,1.34006,1.37944
1998,5,18,0,-0.17533,1.2769,1.28888
1998,5,19,0,-0.66137,1.13689,1.31526
1998,5,20,0,-1.10534,0.93691,1.44899
1998,5,21,0,-1.48722,0.69823,1.64297
1998,5,22,0,-1.7925,0.44225,1.84625
1998,5,23,0,-2.01126,0.18778,2.02001
1998,5,24,0,-2.13763,-0.05032,2.13822
1998,5,25,0,-2.16948,-0.26131,2.18516
1998,5,26,0,-2.10863,-0.43821,2.15368
1998,5,27,0,-1.96107,-0.57689,2.04416
1998,5,28,0,-1.73715,-0.67501,1.86369
1998,5,29,0,-1.45161,-0.73109,1.62532
1998,5,30,0,-1.12335,-0.74369,1.34722
1998,5,31,0,-0.77498,-0.71158,1.05211
1998,6,1,0,-0.43183,-0.63503,0.76795
1998,6,2,0,-0.11983,-0.51862,0.53229
1998,6,3,0,0.13823,-0.37391,0.39864
1998,6,4,0,0.32702,-0.2194,0.39379
1998,6,5,0,0.44109,-0.07631,0.44764
1998,6,6,0,0.48374,0.03739,0.48519
1998,6,7,0,0.46385,0.11114,0.47698
1998,6,8,0,0.393,0.1426,0.41807
1998,6,9,0,0.28409,0.13627,0.31509
1998,6,10,0,0.15084,0.10137,0.18173
1998,6,11,0,0.00753,0.04966,0.05022
1998,6,12,0,-0.13137,-0.0063,0.13152
1998,6,13,0,-0.25198,-0.05458,0.25782
1998,6,14,0,-0.34208,-0.08491,0.35246
1998,6,15,0,-0.39217,-0.08935,0.40222
1998,6,16,0,-0.39659,-0.06266,0.40151
1998,6,17,0,-0.35423,-0.00253,0.35424
1998,6,18,0,-0.26892,0.09042,0.28372
1998,6,19,0,-0.14924,0.21272,0.25985
1998,6,20,0,-0.0078,0.35826,0.35835
1998,6,21,0,0.13982,0.51865,0.53717
1998,6,22,0,0.27664,0.68366,0.73751
1998,6,23,0,0.38587,0.84181,0.92603
1998,6,24,0,0.45268,0.98095,1.08036
1998,6,25,0,0.46586,1.08887,1.18434
1998,6,26,0,0.4194,1.15375,1.22761
1998,6,27,0,0.31393,1.16473,1.2063
1998,6,28,0,0.15771,1.11279,1.12391
1998,6,29,0,-0.03342,0.99235,0.99292
1998,6,30,0,-0.23776,0.80358,0.83801
1998,7,1,0,-0.43155,0.55434,0.70252
1998,7,2,0,-0.59369,0.2605,0.64832
1998,7,3,0,-0.70907,-0.05643,0.71131
1998,7,4,0,-0.76934,-0.37311,0.85504
1998,7,5,0,-0.77136,-0.66798,1.02039
1998,7,6,0,-0.71536,-0.92367,1.16829
1998,7,7,0,-0.6036,-1.12809,1.27942
1998,7,8,0,-0.44002,-1.27461,1.34843
1998,7,9,0,-0.2304,-1.36169,1.38104
1998,7,10,0,0.01728,-1.39206,1.39216
1998,7,11,0,0.29258,-1.37164,1.4025
1998,7,12,0,0.5827,-1.30836,1.43225
1998,7,13,0,0.87289,-1.21093,1.49274
1998,7,14,0,1.14718,-1.08781,1.58093
1998,7,15,0,1.38943,-0.94647,1.68117
1998,7,16,0,1.58445,-0.7931,1.77186
1998,7,17,0,1.71916,-0.63264,1.83187
1998,7,18,0,1.78367,-0.46929,1.84437
1998,7,19,0,1.77211,-0.30712,1.79853
1998,7,20,0,1.6833,-0.15074,1.69004
1998,7,21,0,1.52098,-0.00556,1.52099
1998,7,22,0,1.29379,0.12249,1.29957
1998,7,23,0,1.01474,0.22786,1.04001
1998,7,24,0,0.70023,0.30665,0.76443
1998,7,25,0,0.36853,0.35768,0.51356
1998,7,26,0,0.03814,0.38289,0.38478
1998,7,27,0,-0.27391,0.38698,0.47411
1998,7,28,0,-0.55324,0.37646,0.66918
1998,7,29,0,-0.78897,0.35852,0.86661
1998,7,30,0,-0.97402,0.34012,1.03169
1998,7,31,0,-1.10497,0.32754,1.1525
1998,8,1,0,-1.18223,0.32429,1.2259
1998,8,2,0,-1.20896,0.33221,1.25377
1998,8,3,0,-1.19072,0.35073,1.2413
1998,8,4,0,-1.13483,0.37702,1.19582
1998,8,5,0,-1.04974,0.40654,1.12572
1998,8,6,0,-0.94446,0.4339,1.03936
1998,8,7,0,-0.82793,0.45378,0.94413
1998,8,8,0,-0.70844,0.46186,0.8457
1998,8,9,0,-0.59305,0.4554,0.74773
1998,8,10,0,-0.48707,0.4336,0.65211
1998,8,11,0,-0.39376,0.39756,0.55955
1998,8,12,0,-0.3142,0.35007,0.47039
1998,8,13,0,-0.24744,0.29514,0.38514
1998,8,14,0,-0.19093,0.23746,0.3047
1998,8,15,0,-0.14112,0.18178,0.23013
1998,8,16,0,-0.09422,0.13239,0.1625
1998,8,17,0,-0.04691,0.09266,0.10385
1998,8,18,0,0.00303,0.06463,0.0647
1998,8,19,0,0.05637,0.04873,0.07451
1998,8,20,0,0.11242,0.04351,0.12055
1998,8,21,0,0.16937,0.0456,0.17541
1998,8,22,0,0.22471,0.04995,0.2302
1998,8,23,0,0.27563,0.05044,0.28021
1998,8,24,0,0.31921,0.04077,0.32181
1998,8,25,0,0.35247,0.0154,0.35281
1998,8,26,0,0.37238,-0.02958,0.37356
1998,8,27,0,0.37609,-0.09599,0.38815
1998,8,28,0,0.36125,-0.18325,0.40507
1998,8,29,0,0.32651,-0.28853,0.43572
1998,8,30,0,0.27196,-0.40703,0.48953
1998,8,31,0,0.19953,-0.53253,0.56868
1998,9,1,0,0.11308,-0.65795,0.6676
1998,9,2,0,0.01819,-0.776,0.77621
1998,9,3,0,-0.07825,-0.87965,0.88313
1998,9,4,0,-0.16887,-0.96261,0.97731
1998,9,5,0,-0.24664,-1.01956,1.04897
1998,9,6,0,-0.30578,-1.0464,1.09016
1998,9,7,0,-0.34236,-1.04042,1.0953
1998,9,8,0,-0.3546,-1.00056,1.06154
1998,9,9,0,-0.34279,-0.92763,0.98894
1998,9,10,0,-0.30891,-0.82448,0.88045
1998,9,11,0,-0.25614,-0.69596,0.74159
1998,9,12,0,-0.18848,-0.54856,0.58004
1998,9,13,0,-0.11049,-0.3899,0.40525
1998,9,14,0,-0.02714,-0.2279,0.22951
1998,9,15,0,0.0564,-0.07006,0.08994
1998,9,16,0,0.13495,0.07722,0.15548
1998,9,17,0,0.2037,0.20913,0.29194
1998,9,18,0,0.25856,0.32271,0.41351
1998,9,19,0,0.29655,0.41683,0.51155
1998,9,20,0,0.31602,0.49209,0.58483
1998,9,21,0,0.31674,0.55059,0.63519
1998,9,22,0,0.29982,0.5955,0.66672
1998,9,23,0,0.26745,0.6307,0.68506
1998,9,24,0,0.22269,0.66017,0.69672
1998,9,25,0,0.16911,0.68745,0.70794
1998,9,26,0,0.11056,0.71498,0.72347
1998,9,27,0,0.05078,0.74365,0.74538
1998,9,28,0,-0.00693,0.7725,0.77253
1998,9,29,0,-0.06007,0.79864,0.80089
1998,9,30,0,-0.10737,0.81752,0.82454
1998,10,1,0,-0.14894,0.82342,0.83678
1998,10,2,0,-0.18635,0.81013,0.83129
1998,10,3,0,-0.22229,0.77166,0.80304
1998,10,4,0,-0.25991,0.70285,0.74937
1998,10,5,0,-0.30158,0.59981,0.67135
1998,10,6,0,-0.34707,0.46,0.57625
1998,10,7,0,-0.39104,0.28257,0.48245
1998,10,8,0,-0.42069,0.06992,0.42646
1998,10,9,0,-0.41771,-0.16779,0.45015
1998,10,10,0,-0.37047,-0.40923,0.55201
1998,10,11,0,-0.28746,-0.62944,0.69197
1998,10,12,0,-0.19099,-0.81209,0.83424
1998,10,13,0,-0.10021,-0.95002,0.95529
1998,10,14,0,-0.0242,-1.03929,1.03957
1998,10,15,0,0.03645,-1.07669,1.0773
1998,10,16,0,0.08675,-1.06057,1.06411
1998,10,17,0,0.13502,-0.99228,1.00142
1998,10,18,0,0.19097,-0.87718,0.89772
1998,10,19,0,0.26384,-0.72494,0.77146
1998,10,20,0,0.36079,-0.54908,0.65701
1998,10,21,0,0.50863,-0.33674,0.61
1998,10,22,0,0.66002,-0.11409,0.6698
1998,10,23,0,0.81032,0.10499,0.81709
1998,10,24,0,0.95453,0.30752,1.00285
1998,10,25,0,1.08743,0.48248,1.18966
1998,10,26,0,1.20378,0.6217,1.35484
1998,10,27,0,1.29849,0.72045,1.48497
1998,10,28,0,1.3669,0.77772,1.57266
1998,10,29,0,1.40489,0.79612,1.61479
1998,10,30,0,1.40914,0.78146,1.61132
1998,10,31,0,1.3773,0.74195,1.56443
1998,11,1,0,1.30817,0.68725,1.47771
1998,11,2,0,1.20184,0.62737,1.35573
1998,11,3,0,1.05983,0.5715,1.2041
1998,11,4,0,0.88514,0.52703,1.03016
1998,11,5,0,0.68228,0.49871,0.84511
1998,11,6,0,0.45717,0.4881,0.66877
1998,11,7,0,0.21704,0.49346,0.53908
1998,11,8,0,-0.02982,0.50986,0.51074
1998,11,9,0,-0.27443,0.52981,0.59667
1998,11,10,0,-0.50743,0.54406,0.74396
1998,11,11,0,-0.67994,0.5938,0.90273
1998,11,12,0,-0.82244,0.641,1.04273
1998,11,13,0,-0.93382,0.66857,1.14848
1998,11,14,0,-1.01751,0.66083,1.21327
1998,11,15,0,-1.08005,0.60472,1.23782
1998,11,16,0,-1.12861,0.49,1.23039
1998,11,17,0,-1.16698,0.30739,1.20678
1998,11,18,0,-1.18757,0.04481,1.18841
1998,11,19,0,-1.15511,-0.31114,1.19628
1998,11,20,0,-1.00291,-0.73147,1.24132
1998,11,21,0,-0.73686,-1.09254,1.31781
1998,11,22,0,-0.47385,-1.32389,1.40613
1998,11,23,0,-0.27588,-1.45546,1.48138
1998,11,24,0,-0.14517,-1.51355,1.5205
1998,11,25,0,-0.07054,-1.50431,1.50597
1998,11,26,0,-0.03896,-1.42667,1.4272
1998,11,27,0,-0.03666,-1.28028,1.28081
1998,11,28,0,-0.04984,-1.06926,1.07042
1998,11,29,0,-0.06595,-0.80333,0.80603
1998,11,30,0,-0.07516,-0.4977,0.50335
1998,12,1,0,-0.07155,-0.17181,0.18611
1998,12,2,0,-0.05386,0.15254,0.16177
1998,12,3,0,-0.02534,0.45327,0.45398
1998,12,4,0,0.00696,0.71017,0.7102
1998,12,5,0,0.03366,0.9066,0.90722
1998,12,6,0,0.04491,1.03077,1.03175
1998,12,7,0,0.03242,1.07629,1.07678
1998,12,8,0,-0.00858,1.04219,1.04222
1998,12,9,0,-0.07774,0.93246,0.93569
1998,12,10,0,-0.16877,0.75548,0.7741
1998,12,11,0,-0.26977,0.52367,0.58907
1998,12,12,0,-0.36515,0.25354,0.44454
1998,12,13,0,-0.4395,-0.03413,0.44083
1998,12,14,0,-0.48243,-0.31491,0.57612
1998,12,15,0,-0.49204,-0.56323,0.74788
1998,12,16,0,-0.47475,-0.75615,0.89283
1998,12,17,0,-0.4416,-0.87681,0.98174
1998,12,18,0,-0.4038,-0.91602,1.00108
1998,12,19,0,-0.36958,-0.87241,0.94746
1998,12,20,0,-0.34311,-0.75161,0.82623
1998,12,21,0,-0.32478,-0.56528,0.65193
1998,12,22,0,-0.31209,-0.32984,0.45409
1998,12,23,0,-0.30084,-0.06525,0.30783
1998,12,24,0,-0.2862,0.20652,0.35293
1998,12,25,0,-0.26372,0.46298,0.53282
1998,12,26,0,-0.23002,0.68273,0.72044
1998,12,27,0,-0.18317,0.84695,0.86653
1998,12,28,0,-0.12259,0.94082,0.94877
1998,12,29,0,-0.04872,0.95467,0.95591
1998,12,30,0,0.03756,0.88479,0.88559
1998,12,31,0,0.15454,0.72958,0.74577
1999,1,1,0,0.25654,0.50814,0.56923
1999,1,2,0,0.37098,0.22416,0.43344
1999,1,3,0,0.4933,-0.09788,0.50292
1999,1,4,0,0.62437,-0.43477,0.76083
1999,1,5,0,0.76366,-0.76209,1.07887
1999,1,6,0,0.90796,-1.05638,1.39296
1999,1,7,0,1.05089,-1.29734,1.66956
1999,1,8,0,1.18394,-1.4693,1.88695
1999,1,9,0,1.29861,-1.56204,2.03135
1999,1,10,0,1.3886,-1.57081,2.09658
1999,1,11,0,1.45126,-1.49605,2.08431
1999,1,12,0,1.48785,-1.34305,2.00436
1999,1,13,0,1.5027,-1.12139,1.875
1999,1,14,0,1.50189,-0.84445,1.72301
1999,1,15,0,1.49169,-0.52852,1.58255
1999,1,16,0,1.47737,-0.19176,1.48976
1999,1,17,0,1.46239,0.14708,1.46976
1999,1,18,0,1.44805,0.46993,1.52239
1999,1,19,0,1.43362,0.76059,1.62289
1999,1,20,0,1.41672,1.00584,1.73747
1999,1,21,0,1.39377,1.1962,1.83671
1999,1,22,0,1.36044,1.32658,1.90016
1999,1,23,0,1.31197,1.39652,1.91613
1999,1,24,0,1.24357,1.4102,1.88019
1999,1,25,0,1.15069,1.37599,1.79372
1999,1,26,0,1.02951,1.30572,1.66277
1999,1,27,0,0.87734,1.21343,1.49738
1999,1,28,0,0.69302,1.11384,1.31184
1999,1,29,0,0.4771,1.02043,1.12646
1999,1,30,0,0.23167,0.94348,0.97151
1999,1,31,0,-0.04014,0.88802,0.88892
1999,2,1,0,-0.33481,0.85188,0.91531
1999,2,2,0,-0.64856,0.82455,1.04906
1999,2,3,0,-0.9762,0.78799,1.25455
1999,2,4,0,-1.30775,0.72261,1.49411
1999,2,5,0,-1.62605,0.61957,1.74009
1999,2,6,0,-1.9109,0.49,1.97272
1999,2,7,0,-2.14769,0.35737,2.17722
1999,2,8,0,-2.33002,0.24054,2.3424
1999,2,9,0,-2.45601,0.14591,2.46034
1999,2,10,0,-2.52552,0.07016,2.52649
1999,2,11,0,-2.53974,0.00546,2.53974
1999,2,12,0,-2.50176,-0.05682,2.5024
1999,2,13,0,-2.41675,-0.12388,2.41992
1999,2,14,0,-2.29167,-0.20033,2.30041
1999,2,15,0,-2.1346,-0.2878,2.15392
1999,2,16,0,-1.95382,-0.385,1.99139
1999,2,17,0,-1.75689,-0.48833,1.82349
1999,2,18,0,-1.5498,-0.59271,1.65927
1999,2,19,0,-1.33609,-0.69268,1.50497
1999,2,20,0,-1.116,-0.78321,1.3634
1999,2,21,0,-0.88565,-0.85952,1.23416
1999,2,22,0,-0.63795,-0.91418,1.11477
1999,2,23,0,-0.37255,-0.93059,1.0024
1999,2,24,0,-0.11939,-0.88736,0.89536
1999,2,25,0,0.07115,-0.79087,0.79406
1999,2,26,0,0.1855,-0.67619,0.70117
1999,2,27,0,0.24641,-0.57022,0.62118
1999,2,28,0,0.27992,-0.48451,0.55956
1999,3,1,0,0.2883,-0.4358,0.52254
1999,3,2,0,0.31348,-0.40609,0.51301
1999,3,3,0,0.34777,-0.40513,0.53393
1999,3,4,0,0.39395,-0.43345,0.58573
1999,3,5,0,0.45313,-0.48974,0.66721
1999,3,6,0,0.52544,-0.57054,0.77563
1999,3,7,0,0.6106,-0.67011,0.90658
1999,3,8,0,0.70846,-0.78037,1.05399
1999,3,9,0,0.8195,-0.89095,1.21053
1999,3,10,0,0.94535,-0.98891,1.36808
1999,3,11,0,1.08927,-1.05788,1.51843
1999,3,12,0,1.25629,-1.07557,1.65381
1999,3,13,0,1.45094,-1.00929,1.76745
1999,3,14,0,1.66486,-0.81541,1.85382
1999,3,15,0,1.84868,-0.47534,1.90882
1999,3,16,0,1.92836,-0.07317,1.92975
1999,3,17,0,1.89658,0.26644,1.91521
1999,3,18,0,1.79461,0.50745,1.86498
1999,3,19,0,1.64976,0.66824,1.77996
1999,3,20,0,1.4732,0.76981,1.6622
1999,3,21,0,1.27046,0.82575,1.51523
1999,3,22,0,1.04612,0.84448,1.34444
1999,3,23,0,0.80535,0.83202,1.15795
1999,3,24,0,0.55428,0.79359,0.96799
1999,3,25,0,0.30018,0.73435,0.79334
1999,3,26,0,0.05128,0.65967,0.66166
1999,3,27,0,-0.18338,0.57496,0.6035
1999,3,28,0,-0.3943,0.48554,0.62547
1999,3,29,0,-0.57196,0.39636,0.69588
1999,3,30,0,-0.70755,0.31196,0.77327
1999,3,31,0,-0.79362,0.23659,0.82813
1999,4,1,0,-0.82519,0.17408,0.84335
1999,4,2,0,-0.80042,0.13017,0.81094
1999,4,3,0,-0.72214,0.11186,0.73075
1999,4,4,0,-0.59871,0.12796,0.61223
1999,4,5,0,-0.44432,0.18747,0.48225
1999,4,6,0,-0.27744,0.29594,0.40565
1999,4,7,0,-0.11698,0.45097,0.46589
1999,4,8,0,0.02206,0.64071,0.64109
1999,4,9,0,0.13042,0.84657,0.85655
1999,4,10,0,0.20358,1.04778,1.06737
1999,4,11,0,0.23983,1.22515,1.24841
1999,4,12,0,0.23893,1.36308,1.38386
1999,4,13,0,0.20168,1.45035,1.46431
1999,4,14,0,0.12996,1.48046,1.48615
1999,4,15,0,0.02687,1.45141,1.45166
1999,4,16,0,-0.10316,1.36538,1.36927
1999,4,17,0,-0.25434,1.22808,1.25414
1999,4,18,0,-0.41965,1.04799,1.12889
1999,4,19,0,-0.59111,0.83541,1.02339
1999,4,20,0,-0.76004,0.60152,0.96927
1999,4,21,0,-0.91745,0.35744,0.98462
1999,4,22,0,-1.05458,0.11341,1.06066
1999,4,23,0,-1.16333,-0.12178,1.16969
1999,4,24,0,-1.23686,-0.34118,1.28305
1999,4,25,0,-1.27005,-0.53972,1.37998
1999,4,26,0,-1.25999,-0.71409,1.44827
1999,4,27,0,-1.20623,-0.86235,1.48278
1999,4,28,0,-1.11096,-0.98361,1.48382
1999,4,29,0,-0.97895,-1.07773,1.45597
1999,4,30,0,-0.80781,-1.14544,1.40164
1999,5,1,0,-0.62214,-1.18872,1.34168
1999,5,2,0,-0.42459,-1.2085,1.28091
1999,5,3,0,-0.22486,-1.20826,1.22901
1999,5,4,0,-0.03131,-1.19268,1.19309
1999,5,5,0,0.14987,-1.16682,1.17641
1999,5,6,0,0.31485,-1.13512,1.17798
1999,5,7,0,0.46208,-1.10053,1.1936
1999,5,8,0,0.59173,-1.06403,1.2175
1999,5,9,0,0.70515,-1.02454,1.24376
1999,5,10,0,0.8042,-0.97927,1.26716
1999,5,11,0,0.89051,-0.92427,1.28347
1999,5,12,0,0.96486,-0.85529,1.28937
1999,5,13,0,1.02658,-0.76866,1.28246
1999,5,14,0,1.07319,-0.6624,1.26115
1999,5,15,0,1.10055,-0.53719,1.22466
1999,5,16,0,1.10372,-0.3969,1.17292
1999,5,17,0,1.07831,-0.24838,1.10654
1999,5,18,0,1.02187,-0.10001,1.02675
1999,5,19,0,0.93459,0.04018,0.93545
1999,5,20,0,0.81895,0.16609,0.83563
1999,5,21,0,0.67884,0.27421,0.73213
1999,5,22,0,0.51875,0.36332,0.63332
1999,5,23,0,0.34335,0.43386,0.55329
1999,5,24,0,0.15748,0.48724,0.51205
1999,5,25,0,-0.03376,0.52525,0.52633
1999,5,26,0,-0.22488,0.54968,0.5939
1999,5,27,0,-0.40997,0.5621,0.69572
1999,5,28,0,-0.58289,0.56371,0.81088
1999,5,29,0,-0.73754,0.55556,0.92337
1999,5,30,0,-0.86835,0.53887,1.02196
1999,5,31,0,-0.97071,0.51583,1.09925
1999,6,1,0,-1.04146,0.49058,1.15122
1999,6,2,0,-1.0794,0.46991,1.17726
1999,6,3,0,-1.08576,0.46264,1.18022
1999,6,4,0,-1.06414,0.47706,1.16618
1999,6,5,0,-1.01988,0.51757,1.14369
1999,6,6,0,-0.95893,0.58273,1.12211
1999,6,7,0,-0.8871,0.66571,1.10911
1999,6,8,0,-0.80987,0.75621,1.10804
1999,6,9,0,-0.73251,0.84261,1.11649
1999,6,10,0,-0.66018,0.91359,1.12715
1999,6,11,0,-0.59768,0.95925,1.13021
1999,6,12,0,-0.54908,0.97175,1.11615
1999,6,13,0,-0.51717,0.94564,1.07782
1999,6,14,0,-0.50292,0.87802,1.01185
1999,6,15,0,-0.50505,0.76854,0.91963
1999,6,16,0,-0.51995,0.6193,0.80863
1999,6,17,0,-0.54173,0.43472,0.69458
1999,6,18,0,-0.56269,0.22124,0.60462
1999,6,19,0,-0.57397,-0.01291,0.57411
1999,6,20,0,-0.56637,-0.25813,0.62242
1999,6,21,0,-0.53126,-0.50393,0.73224
1999,6,22,0,-0.46132,-0.73936,0.87148
1999,6,23,0,-0.35133,-0.95354,1.0162
1999,6,24,0,-0.19867,-1.13597,1.15322
1999,6,25,0,-0.00382,-1.27692,1.27692
1999,6,26,0,0.2292,-1.36762,1.3867
1999,6,27,0,0.49236,-1.40085,1.48486
1999,6,28,0,0.77333,-1.37185,1.57481
1999,6,29,0,1.05576,-1.28003,1.65925
1999,6,30,0,1.32088,-1.13086,1.73884
1999,7,1,0,1.5505,-0.93674,1.8115
1999,7,2,0,1.73053,-0.71556,1.87264
1999,7,3,0,1.85314,-0.487,1.91606
1999,7,4,0,1.91647,-0.26847,1.93519
1999,7,5,0,1.92287,-0.07247,1.92423
1999,7,6,0,1.87682,0.09405,1.87917
1999,7,7,0,1.78364,0.22908,1.7983
1999,7,8,0,1.64903,0.33431,1.68258
1999,7,9,0,1.47887,0.41387,1.53569
1999,7,10,0,1.27947,0.47309,1.36413
1999,7,11,0,1.05758,0.5175,1.17741
1999,7,12,0,0.82044,0.55197,0.98883
1999,7,13,0,0.57558,0.58016,0.81724
1999,7,14,0,0.3306,0.6042,0.68874
1999,7,15,0,0.09282,0.62462,0.63148
1999,7,16,0,-0.13109,0.64053,0.65381
1999,7,17,0,-0.33547,0.65,0.73146
1999,7,18,0,-0.51593,0.65052,0.83027
1999,7,19,0,-0.6695,0.63956,0.92589
1999,7,20,0,-0.79465,0.61506,1.00487
1999,7,21,0,-0.89114,0.57585,1.061
1999,7,22,0,-0.95986,0.52179,1.09252
1999,7,23,0,-1.00257,0.45381,1.10049
1999,7,24,0,-1.02172,0.37359,1.08787
1999,7,25,0,-1.02019,0.28324,1.05877
1999,7,26,0,-1.00106,0.18498,1.018
1999,7,27,0,-0.96734,0.08102,0.97073
1999,7,28,0,-0.92176,-0.02633,0.92213
1999,7,29,0,-0.86669,-0.1345,0.87706
1999,7,30,0,-0.80418,-0.24051,0.83937
1999,7,31,0,-0.73613,-0.3406,0.81111
1999,8,1,0,-0.66425,-0.43201,0.79238
1999,8,2,0,-0.59004,-0.51142,0.78083
1999,8,3,0,-0.51464,-0.57598,0.7724
1999,8,4,0,-0.43865,-0.62358,0.7624
1999,8,5,0,-0.36192,-0.65295,0.74655
1999,8,6,0,-0.28362,-0.66372,0.72178
1999,8,7,0,-0.20237,-0.65633,0.68682
1999,8,8,0,-0.11659,-0.63192,0.64258
1999,8,9,0,-0.02499,-0.59203,0.59256
1999,8,10,0,0.073,-0.53842,0.54335
1999,8,11,0,0.17688,-0.47276,0.50477
1999,8,12,0,0.28479,-0.39641,0.4881
1999,8,13,0,0.39345,-0.31028,0.50108
1999,8,14,0,0.49821,-0.21486,0.54257
1999,8,15,0,0.59333,-0.11039,0.60351
1999,8,16,0,0.67233,0.00284,0.67233
1999,8,17,0,0.72858,0.12395,0.73905
1999,8,18,0,0.75601,0.25103,0.7966
1999,8,19,0,0.74987,0.38078,0.84101
1999,8,20,0,0.70761,0.50857,0.87141
1999,8,21,0,0.62944,0.62913,0.88994
1999,8,22,0,0.51841,0.7375,0.90148
1999,8,23,0,0.37985,0.83001,0.9128
1999,8,24,0,0.22053,0.90459,0.93109
1999,8,25,0,0.04783,0.96056,0.96175
1999,8,26,0,-0.13093,0.9979,1.00645
1999,8,27,0,-0.30885,1.01661,1.06249
1999,8,28,0,-0.47967,1.0162,1.12372
1999,8,29,0,-0.63801,0.99555,1.18245
1999,8,30,0,-0.77951,0.95302,1.23121
1999,8,31,0,-0.90094,0.88677,1.26414
1999,9,1,0,-1.00024,0.79525,1.27785
1999,9,2,0,-1.07642,0.67761,1.27194
1999,9,3,0,-1.1294,0.53415,1.24935
1999,9,4,0,-1.15974,0.36663,1.21632
1999,9,5,0,-1.16844,0.17843,1.18199
1999,9,6,0,-1.15677,-0.02544,1.15705
1999,9,7,0,-1.12631,-0.23855,1.1513
1999,9,8,0,-1.07891,-0.45335,1.17028
1999,9,9,0,-1.01673,-0.66172,1.21311
1999,9,10,0,-0.9421,-0.85552,1.27258
1999,9,11,0,-0.85714,-1.02707,1.33775
1999,9,12,0,-0.76343,-1.16967,1.39677
1999,9,13,0,-0.66167,-1.27783,1.43897
1999,9,14,0,-0.55155,-1.34754,1.45604
1999,9,15,0,-0.43196,-1.37643,1.44261
1999,9,16,0,-0.30132,-1.3638,1.39669
1999,9,17,0,-0.15811,-1.31072,1.32022
1999,9,18,0,-0.00137,-1.21992,1.21993
1999,9,19,0,0.16888,-1.09583,1.10877
1999,9,20,0,0.35139,-0.94445,1.0077
1999,9,21,0,0.54371,-0.77328,0.9453
1999,9,22,0,0.74225,-0.59112,0.94887
1999,9,23,0,0.94249,-0.4076,1.02685
1999,9,24,0,1.13914,-0.23268,1.16266
1999,9,25,0,1.32623,-0.07581,1.3284
1999,9,26,0,1.49732,0.05488,1.49833
1999,9,27,0,1.64572,0.15338,1.65285
1999,9,28,0,1.76493,0.21643,1.77815
1999,9,29,0,1.84921,0.24386,1.86522
1999,9,30,0,1.89423,0.23873,1.90921
1999,10,1,0,1.89764,0.20706,1.9089
1999,10,2,0,1.85962,0.15732,1.86626
1999,10,3,0,1.78309,0.09972,1.78588
1999,10,4,0,1.67364,0.04532,1.67425
1999,10,5,0,1.53895,0.00505,1.53896
1999,10,6,0,1.38779,-0.01145,1.38783
1999,10,7,0,1.22821,0.00251,1.22821
1999,10,8,0,1.06546,0.0478,1.06653
1999,10,9,0,0.90102,0.11575,0.90842
1999,10,10,0,0.73557,0.18966,0.75962
1999,10,11,0,0.57296,0.25699,0.62796
1999,10,12,0,0.41864,0.31893,0.52629
1999,10,13,0,0.27649,0.38423,0.47337
1999,10,14,0,0.14882,0.45991,0.48339
1999,10,15,0,0.03714,0.54802,0.54928
1999,10,16,0,-0.0579,0.64632,0.64891
1999,10,17,0,-0.13695,0.74998,0.76239
1999,10,18,0,-0.20213,0.8531,0.87671
1999,10,19,0,-0.25693,0.94984,0.98398
1999,10,20,0,-0.30578,1.03537,1.07958
1999,10,21,0,-0.42115,1.08563,1.16446
1999,10,22,0,-0.54686,1.10642,1.23419
1999,10,23,0,-0.6816,1.09599,1.29065
1999,10,24,0,-0.82267,1.05419,1.3372
1999,10,25,0,-0.96616,0.98249,1.37795
1999,10,26,0,-1.10727,0.88382,1.41675
1999,10,27,0,-1.24067,0.76242,1.45621
1999,10,28,0,-1.36091,0.62351,1.49695
1999,10,29,0,-1.46287,0.47302,1.53744
1999,10,30,0,-1.5421,0.31717,1.57438
1999,10,31,0,-1.59517,0.16215,1.60339
1999,11,1,0,-1.61984,0.01373,1.6199
1999,11,2,0,-1.61521,-0.12308,1.61989
1999,11,3,0,-1.58165,-0.24429,1.6004
1999,11,4,0,-1.52073,-0.34717,1.55985
1999,11,5,0,-1.43498,-0.43035,1.49813
1999,11,6,0,-1.32764,-0.4939,1.41653
1999,11,7,0,-1.2023,-0.53922,1.31768
1999,11,8,0,-1.06267,-0.56893,1.20538
1999,11,9,0,-0.91226,-0.58664,1.0846
1999,11,10,0,-0.7542,-0.59658,0.96163
1999,11,11,0,-0.63418,-0.56205,0.8474
1999,11,12,0,-0.5096,-0.55082,0.7504
1999,11,13,0,-0.38461,-0.56635,0.6846
1999,11,14,0,-0.2628,-0.61016,0.66435
1999,11,15,0,-0.14605,-0.68146,0.69694
1999,11,16,0,-0.03267,-0.7767,0.77738
1999,11,17,0,0.08597,-0.88854,0.89269
1999,11,18,0,0.23099,-1.00264,1.02891
1999,11,19,0,0.43927,-1.08874,1.17402
1999,11,20,0,0.72763,-1.09859,1.3177
1999,11,21,0,1.01498,-1.03645,1.45066
1999,11,22,0,1.21818,-0.98124,1.56423
1999,11,23,0,1.33983,-0.9637,1.65041
1999,11,24,0,1.39941,-0.96908,1.7022
1999,11,25,0,1.40851,-0.97653,1.71392
1999,11,26,0,1.37473,-0.96865,1.68172
1999,11,27,0,1.30526,-0.93212,1.60391
1999,11,28,0,1.20818,-0.85745,1.48152
1999,11,29,0,1.0924,-0.73905,1.31891
1999,11,30,0,0.96708,-0.57524,1.12524
1999,12,1,0,0.84067,-0.36828,0.9178
1999,12,2,0,0.72004,-0.12407,0.73065
1999,12,3,0,0.60967,0.14835,0.62746
1999,12,4,0,0.51124,0.43752,0.6729
1999,12,5,0,0.42346,0.73041,0.84429
1999,12,6,0,0.34237,1.01334,1.06962
1999,12,7,0,0.26198,1.27286,1.29954
1999,12,8,0,0.17537,1.49641,1.50665
1999,12,9,0,0.07599,1.6728,1.67452
1999,12,10,0,-0.04052,1.79259,1.79304
1999,12,11,0,-0.17442,1.84846,1.85668
1999,12,12,0,-0.32013,1.83601,1.86371
1999,12,13,0,-0.4658,1.75506,1.81583
1999,12,14,0,-0.59526,1.61108,1.71753
1999,12,15,0,-0.69256,1.41525,1.57562
1999,12,16,0,-0.74661,1.18257,1.39854
1999,12,17,0,-0.75345,0.92875,1.19593
1999,12,18,0,-0.71523,0.66775,0.97849
1999,12,19,0,-0.63786,0.41078,0.75869
1999,12,20,0,-0.52872,0.16642,0.5543
1999,12,21,0,-0.39538,-0.05899,0.39976
1999,12,22,0,-0.24501,-0.26088,0.35789
1999,12,23,0,-0.08429,-0.43614,0.44421
1999,12,24,0,0.08054,-0.5829,0.58844
1999,12,25,0,0.24357,-0.70035,0.7415
1999,12,26,0,0.39916,-0.78848,0.88376
1999,12,27,0,0.54193,-0.84796,1.00634
1999,12,28,0,0.66684,-0.87993,1.10406
1999,12,29,0,0.7693,-0.88596,1.17335
1999,12,30,0,0.84534,-0.86802,1.21163
1999,12,31,0,0.87089,-0.85084,1.21753
2000,1,1,0,0.88938,-0.79086,1.19015
2000,1,2,0,0.87115,-0.72046,1.13047
2000,1,3,0,0.82346,-0.63646,1.04076
2000,1,4,0,0.74866,-0.54297,0.92483
2000,1,5,0,0.6505,-0.44457,0.7879
2000,1,6,0,0.53419,-0.34579,0.63634
2000,1,7,0,0.40629,-0.25035,0.47723
2000,1,8,0,0.27423,-0.16076,0.31788
2000,1,9,0,0.14572,-0.07826,0.1654
2000,1,10,0,0.02788,-0.00337,0.02809
2000,1,11,0,-0.07341,0.06346,0.09703
2000,1,12,0,-0.15405,0.12131,0.19608
2000,1,13,0,-0.21195,0.16868,0.27088
2000,1,14,0,-0.24706,0.20366,0.32018
2000,1,15,0,-0.26114,0.22443,0.34433
2000,1,16,0,-0.25751,0.22987,0.34518
2000,1,17,0,-0.24058,0.22002,0.32602
2000,1,18,0,-0.2155,0.19646,0.29161
2000,1,19,0,-0.18771,0.16235,0.24817
2000,1,20,0,-0.16255,0.12217,0.20335
2000,1,21,0,-0.14494,0.08137,0.16622
2000,1,22,0,-0.13896,0.04571,0.14628
2000,1,23,0,-0.14746,0.02067,0.1489
2000,1,24,0,-0.17171,0.01082,0.17205
2000,1,25,0,-0.21115,0.0193,0.21203
2000,1,26,0,-0.26331,0.04741,0.26755
2000,1,27,0,-0.32405,0.09431,0.3375
2000,1,28,0,-0.38809,0.1569,0.4186
2000,1,29,0,-0.44973,0.22994,0.5051
2000,1,30,0,-0.50377,0.30634,0.5896
2000,1,31,0,-0.5463,0.37768,0.66414
2000,2,1,0,-0.5751,0.43508,0.72113
2000,2,2,0,-0.58941,0.47038,0.7541
2000,2,3,0,-0.58853,0.47794,0.75815
2000,2,4,0,-0.56959,0.4571,0.73032
2000,2,5,0,-0.52658,0.41374,0.66968
2000,2,6,0,-0.45331,0.35764,0.5774
2000,2,7,0,-0.34823,0.29576,0.45688
2000,2,8,0,-0.21592,0.22867,0.31451
2000,2,9,0,-0.06498,0.15306,0.16628
2000,2,10,0,0.09435,0.06585,0.11506
2000,2,11,0,0.25179,-0.03325,0.25398
2000,2,12,0,0.39803,-0.14121,0.42233
2000,2,13,0,0.52558,-0.2521,0.58292
2000,2,14,0,0.62941,-0.35815,0.72417
2000,2,15,0,0.7072,-0.45087,0.8387
2000,2,16,0,0.75941,-0.5222,0.92162
2000,2,17,0,0.78887,-0.5654,0.97056
2000,2,18,0,0.80015,-0.57556,0.98565
2000,2,19,0,0.79862,-0.54959,0.96945
2000,2,20,0,0.78917,-0.48558,0.92659
2000,2,21,0,0.77419,-0.38199,0.8633
2000,2,22,0,0.74991,-0.23793,0.78675
2000,2,23,0,0.70179,-0.06071,0.70441
2000,2,24,0,0.61197,0.11833,0.6233
2000,2,25,0,0.48599,0.25614,0.54935
2000,2,26,0,0.34848,0.34017,0.48698
2000,2,27,0,0.21481,0.383,0.43913
2000,2,28,0,0.08876,0.3982,0.40797
2000,2,29,0,-0.03036,0.39466,0.39583
2000,3,1,0,-0.14405,0.37855,0.40503
2000,3,2,0,-0.25269,0.35571,0.43633
2000,3,3,0,-0.35727,0.33125,0.4872
2000,3,4,0,-0.45687,0.31026,0.55226
2000,3,5,0,-0.54952,0.2973,0.62479
2000,3,6,0,-0.63245,0.29566,0.69815
2000,3,7,0,-0.70258,0.30668,0.7666
2000,3,8,0,-0.75712,0.3293,0.82563
2000,3,9,0,-0.79425,0.35981,0.87195
2000,3,10,0,-0.81393,0.39187,0.90335
2000,3,11,0,-0.81854,0.41667,0.91848
2000,3,12,0,-0.81313,0.42296,0.91656
2000,3,13,0,-0.80469,0.39698,0.89729
2000,3,14,0,-0.79727,0.32476,0.86088
2000,3,15,0,-0.78122,0.20721,0.80823
2000,3,16,0,-0.73702,0.08018,0.74137
2000,3,17,0,-0.66384,-0.02128,0.66419
2000,3,18,0,-0.57492,-0.10136,0.58379
2000,3,19,0,-0.48058,-0.17872,0.51273
2000,3,20,0,-0.38789,-0.2663,0.4705
2000,3,21,0,-0.30263,-0.3691,0.47731
2000,3,22,0,-0.22937,-0.48613,0.53753
2000,3,23,0,-0.17094,-0.6122,0.63562
2000,3,24,0,-0.12791,-0.73954,0.75052
2000,3,25,0,-0.09846,-0.85908,0.86471
2000,3,26,0,-0.07852,-0.96176,0.96496
2000,3,27,0,-0.06227,-1.03947,1.04133
2000,3,28,0,-0.04298,-1.08588,1.08673
2000,3,29,0,-0.01395,-1.09688,1.09697
2000,3,30,0,0.03038,-1.07065,1.07108
2000,3,31,0,0.09348,-1.00746,1.01179
2000,4,1,0,0.17641,-0.90918,0.92614
2000,4,2,0,0.27543,-0.77869,0.82597
2000,4,3,0,0.38353,-0.61972,0.7288
2000,4,4,0,0.49041,-0.43733,0.65708
2000,4,5,0,0.58441,-0.23907,0.63142
2000,4,6,0,0.65606,-0.03608,0.65705
2000,4,7,0,0.70161,0.15788,0.71915
2000,4,8,0,0.72396,0.32959,0.79545
2000,4,9,0,0.72989,0.46974,0.86798
2000,4,10,0,0.7263,0.57397,0.92572
2000,4,11,0,0.71805,0.64215,0.96331
2000,4,12,0,0.70762,0.67697,0.97929
2000,4,13,0,0.69579,0.68279,0.97485
2000,4,14,0,0.68254,0.66496,0.95291
2000,4,15,0,0.66769,0.62928,0.9175
2000,4,16,0,0.65127,0.58181,0.87331
2000,4,17,0,0.63356,0.52864,0.82514
2000,4,18,0,0.61493,0.47568,0.77743
2000,4,19,0,0.59553,0.42848,0.73366
2000,4,20,0,0.57503,0.39191,0.69588
2000,4,21,0,0.5523,0.3698,0.66467
2000,4,22,0,0.52546,0.36458,0.63955
2000,4,23,0,0.49193,0.37703,0.6198
2000,4,24,0,0.44874,0.40616,0.60525
2000,4,25,0,0.3929,0.44921,0.59679
2000,4,26,0,0.32186,0.50184,0.59618
2000,4,27,0,0.23392,0.55848,0.60549
2000,4,28,0,0.12858,0.6128,0.62615
2000,4,29,0,0.00681,0.6582,0.65824
2000,4,30,0,-0.13262,0.69025,0.70288
2000,5,1,0,-0.27909,0.69846,0.75216
2000,5,2,0,-0.43021,0.68109,0.80558
2000,5,3,0,-0.57985,0.6362,0.8608
2000,5,4,0,-0.72214,0.56385,0.9162
2000,5,5,0,-0.85209,0.46572,0.97106
2000,5,6,0,-0.96589,0.34465,1.02554
2000,5,7,0,-1.06094,0.20425,1.08042
2000,5,8,0,-1.13558,0.04871,1.13663
2000,5,9,0,-1.18885,-0.11733,1.19463
2000,5,10,0,-1.22017,-0.28878,1.25388
2000,5,11,0,-1.22906,-0.46017,1.31238
2000,5,12,0,-1.2151,-0.62567,1.36672
2000,5,13,0,-1.17799,-0.77906,1.4123
2000,5,14,0,-1.11794,-0.91376,1.44387
2000,5,15,0,-1.03635,-1.02284,1.4561
2000,5,16,0,-0.93628,-1.09955,1.44417
2000,5,17,0,-0.82236,-1.13822,1.40421
2000,5,18,0,-0.69973,-1.1354,1.3337
2000,5,19,0,-0.57238,-1.09075,1.23181
2000,5,20,0,-0.44181,-1.00705,1.09971
2000,5,21,0,-0.30691,-0.88977,0.94122
2000,5,22,0,-0.16479,-0.74622,0.7642
2000,5,23,0,-0.01222,-0.5848,0.58493
2000,5,24,0,0.15299,-0.41434,0.44168
2000,5,25,0,0.33088,-0.2433,0.4107
2000,5,26,0,0.51864,-0.07905,0.52463
2000,5,27,0,0.71051,0.07275,0.71422
2000,5,28,0,0.89795,0.20872,0.92189
2000,5,29,0,1.07043,0.32771,1.11947
2000,5,30,0,1.2165,0.43026,1.29034
2000,5,31,0,1.32515,0.5172,1.4225
2000,6,1,0,1.38759,0.58755,1.50686
2000,6,2,0,1.39895,0.63674,1.53704
2000,6,3,0,1.35934,0.65665,1.50963
2000,6,4,0,1.27316,0.6387,1.42438
2000,6,5,0,1.14685,0.57825,1.28438
2000,6,6,0,0.98658,0.47733,1.09599
2000,6,7,0,0.79776,0.3442,0.86885
2000,6,8,0,0.58591,0.19103,0.61627
2000,6,9,0,0.35805,0.03135,0.35942
2000,6,10,0,0.12339,-0.12202,0.17353
2000,6,11,0,-0.10671,-0.25828,0.27946
2000,6,12,0,-0.3195,-0.36939,0.48839
2000,6,13,0,-0.50201,-0.4503,0.67438
2000,6,14,0,-0.64239,-0.49886,0.81334
2000,6,15,0,-0.73116,-0.51532,0.89451
2000,6,16,0,-0.76228,-0.50183,0.91263
2000,6,17,0,-0.73374,-0.46171,0.86692
2000,6,18,0,-0.64787,-0.39884,0.76079
2000,6,19,0,-0.51113,-0.31712,0.60152
2000,6,20,0,-0.33363,-0.22002,0.39964
2000,6,21,0,-0.12834,-0.1103,0.16923
2000,6,22,0,0.08973,0.0101,0.0903
2000,6,23,0,0.30449,0.14002,0.33515
2000,6,24,0,0.49965,0.2788,0.57218
2000,6,25,0,0.65958,0.42569,0.78502
2000,6,26,0,0.77015,0.57904,0.96354
2000,6,27,0,0.81976,0.73526,1.10118
2000,6,28,0,0.80057,0.88787,1.1955
2000,6,29,0,0.71002,1.02717,1.24868
2000,6,30,0,0.55206,1.14141,1.26791
2000,7,1,0,0.33737,1.21942,1.26523
2000,7,2,0,0.08161,1.25382,1.25648
2000,7,3,0,-0.19763,1.24291,1.25852
2000,7,4,0,-0.48367,1.19016,1.28469
2000,7,5,0,-0.76233,1.10223,1.34017
2000,7,6,0,-1.02216,0.98661,1.42064
2000,7,7,0,-1.25405,0.85009,1.51502
2000,7,8,0,-1.45079,0.69797,1.60995
2000,7,9,0,-1.60683,0.53405,1.69325
2000,7,10,0,-1.71816,0.36094,1.75567
2000,7,11,0,-1.78232,0.18057,1.79144
2000,7,12,0,-1.79829,-0.00528,1.7983
2000,7,13,0,-1.76644,-0.19457,1.77712
2000,7,14,0,-1.68834,-0.3847,1.73161
2000,7,15,0,-1.56651,-0.57236,1.6678
2000,7,16,0,-1.40421,-0.75357,1.59363
2000,7,17,0,-1.20518,-0.92363,1.5184
2000,7,18,0,-0.97357,-1.07733,1.45206
2000,7,19,0,-0.71399,-1.20912,1.40419
2000,7,20,0,-0.43172,-1.31338,1.38252
2000,7,21,0,-0.13302,-1.38499,1.39136
2000,7,22,0,0.17467,-1.41998,1.43068
2000,7,23,0,0.48278,-1.41638,1.4964
2000,7,24,0,0.78211,-1.37488,1.58177
2000,7,25,0,1.06366,-1.29898,1.6789
2000,7,26,0,1.31952,-1.19466,1.77998
2000,7,27,0,1.54357,-1.06946,1.87786
2000,7,28,0,1.73174,-0.93147,1.96636
2000,7,29,0,1.88189,-0.78836,2.04035
2000,7,30,0,1.99348,-0.64659,2.09572
2000,7,31,0,2.06699,-0.51127,2.12928
2000,8,1,0,2.10383,-0.3841,2.13861
2000,8,2,0,2.10532,-0.26515,2.12195
2000,8,3,0,2.07259,-0.15208,2.07816
2000,8,4,0,2.00657,-0.04058,2.00698
2000,8,5,0,1.9081,0.075,1.90958
2000,8,6,0,1.77825,0.20063,1.78953
2000,8,7,0,1.61866,0.34165,1.65433
2000,8,8,0,1.43184,0.50183,1.51724
2000,8,9,0,1.22123,0.68259,1.39904
2000,8,10,0,0.99101,0.88266,1.32709
2000,8,11,0,0.74578,1.09782,1.32717
2000,8,12,0,0.49005,1.32108,1.40904
2000,8,13,0,0.22777,1.543,1.55972
2000,8,14,0,-0.03795,1.75217,1.75258
2000,8,15,0,-0.30485,1.9359,1.95976
2000,8,16,0,-0.57108,2.08096,2.1579
2000,8,17,0,-0.83433,2.17456,2.32912
2000,8,18,0,-1.09081,2.20552,2.46052
2000,8,19,0,-1.33442,2.16573,2.54383
2000,8,20,0,-1.55674,2.05153,2.57531
2000,8,21,0,-1.74837,1.86454,2.55603
2000,8,22,0,-1.90106,1.6116,2.49224
2000,8,23,0,-2.00992,1.30356,2.39563
2000,8,24,0,-2.07448,0.95374,2.28322
2000,8,25,0,-2.09837,0.57648,2.17612
2000,8,26,0,-2.08791,0.18636,2.09621
2000,8,27,0,-2.05049,-0.20234,2.06045
2000,8,28,0,-1.99308,-0.57596,2.07463
2000,8,29,0,-1.92116,-0.92193,2.13092
2000,8,30,0,-1.8382,-1.22932,2.21139
2000,8,31,0,-1.74553,-1.48939,2.29459
2000,9,1,0,-1.64256,-1.69601,2.36103
2000,9,2,0,-1.52734,-1.8459,2.39585
2000,9,3,0,-1.39723,-1.93854,2.3896
2000,9,4,0,-1.24954,-1.9759,2.33785
2000,9,5,0,-1.08222,-1.962,2.24068
2000,9,6,0,-0.89417,-1.9024,2.10207
2000,9,7,0,-0.68551,-1.80374,1.92962
2000,9,8,0,-0.4574,-1.67348,1.73486
2000,9,9,0,-0.21187,-1.5196,1.5343
2000,9,10,0,0.04838,-1.35041,1.35128
2000,9,11,0,0.32008,-1.1742,1.21704
2000,9,12,0,0.59926,-0.99873,1.16472
2000,9,13,0,0.88107,-0.83078,1.21098
2000,9,14,0,1.15973,-0.67563,1.34218
2000,9,15,0,1.42849,-0.53676,1.52601
2000,9,16,0,1.67993,-0.41571,1.7306
2000,9,17,0,1.90625,-0.31226,1.93166
2000,9,18,0,2.09973,-0.22483,2.11173
2000,9,19,0,2.25313,-0.15098,2.25819
2000,9,20,0,2.36008,-0.088,2.36172
2000,9,21,0,2.41542,-0.03327,2.41565
2000,9,22,0,2.41563,0.01553,2.41568
2000,9,23,0,2.35906,0.0605,2.35984
2000,9,24,0,2.24634,0.10368,2.24873
2000,9,25,0,2.08052,0.14716,2.08572
2000,9,26,0,1.86713,0.19311,1.87709
2000,9,27,0,1.61406,0.24366,1.63235
2000,9,28,0,1.33111,0.30056,1.36462
2000,9,29,0,1.02942,0.3649,1.09218
2000,9,30,0,0.72066,0.43669,0.84265
2000,10,1,0,0.41618,0.51458,0.66181
2000,10,2,0,0.12607,0.59561,0.60881
2000,10,3,0,-0.14162,0.67513,0.68983
2000,10,4,0,-0.38156,0.74677,0.83861
2000,10,5,0,-0.59158,0.80255,0.99702
2000,10,6,0,-0.77256,0.8331,1.13618
2000,10,7,0,-0.92736,0.82849,1.24354
2000,10,8,0,-1.05748,0.78127,1.31478
2000,10,9,0,-1.15828,0.69449,1.35052
2000,10,10,0,-1.21927,0.59064,1.3548
2000,10,11,0,-1.23539,0.50381,1.33417
2000,10,12,0,-1.21399,0.45629,1.29691
2000,10,13,0,-1.16829,0.45032,1.25208
2000,10,14,0,-1.11023,0.47726,1.20847
2000,10,15,0,-1.04874,0.52638,1.17343
2000,10,16,0,-0.99014,0.58838,1.15176
2000,10,17,0,-0.93868,0.65595,1.14516
2000,10,18,0,-0.89686,0.72345,1.15227
2000,10,19,0,-0.86565,0.78634,1.16948
2000,10,20,0,-0.84486,0.84062,1.19182
2000,10,21,0,-0.88606,0.83238,1.21571
2000,10,22,0,-0.93741,0.80144,1.23331
2000,10,23,0,-0.99292,0.74256,1.23987
2000,10,24,0,-1.04558,0.65162,1.23201
2000,10,25,0,-1.08786,0.52617,1.20842
2000,10,26,0,-1.11222,0.3658,1.17083
2000,10,27,0,-1.11162,0.17246,1.12492
2000,10,28,0,-1.07994,-0.04941,1.08107
2000,10,29,0,-1.01244,-0.29295,1.05397
2000,10,30,0,-0.90607,-0.54908,1.05946
2000,10,31,0,-0.7597,-0.8069,1.10826
2000,11,1,0,-0.57422,-1.05427,1.2005
2000,11,2,0,-0.3526,-1.27844,1.32617
2000,11,3,0,-0.09976,-1.46687,1.47026
2000,11,4,0,0.17759,-1.60799,1.61776
2000,11,5,0,0.47121,-1.69193,1.75632
2000,11,6,0,0.77169,-1.71127,1.87722
2000,11,7,0,1.06881,-1.66156,1.97564
2000,11,8,0,1.35198,-1.54168,2.05052
2000,11,9,0,1.61067,-1.35407,2.10422
2000,11,10,0,1.83484,-1.10467,2.14171
2000,11,11,0,1.95927,-0.94797,2.17656
2000,11,12,0,2.07422,-0.76194,2.20974
2000,11,13,0,2.1775,-0.55003,2.2459
2000,11,14,0,2.26458,-0.31491,2.28637
2000,11,15,0,2.32808,-0.05686,2.32878
2000,11,16,0,2.35662,0.22841,2.36767
2000,11,17,0,2.33127,0.55279,2.39591
2000,11,18,0,2.21619,0.93782,2.40645
2000,11,19,0,1.94197,1.39965,2.3938
2000,11,20,0,1.43648,1.86645,2.35523
2000,11,21,0,0.80721,2.1445,2.29139
2000,11,22,0,0.26647,2.19031,2.20646
2000,11,23,0,-0.14563,2.1028,2.10784
2000,11,24,0,-0.47005,1.9494,2.00527
2000,11,25,0,-0.73952,1.7603,1.90933
2000,11,26,0,-0.97089,1.55058,1.82946
2000,11,27,0,-1.1712,1.32937,1.7717
2000,11,28,0,-1.34233,1.10287,1.73729
2000,11,29,0,-1.48372,0.87542,1.72273
2000,11,30,0,-1.59414,0.64994,1.72154
2000,12,1,0,-1.67269,0.42839,1.72668
2000,12,2,0,-1.71941,0.21221,1.73246
2000,12,3,0,-1.73546,0.00278,1.73547
2000,12,4,0,-1.72307,-0.19821,1.73443
2000,12,5,0,-1.68516,-0.38842,1.72934
2000,12,6,0,-1.625,-0.56479,1.72035
2000,12,7,0,-1.54582,-0.72357,1.70679
2000,12,8,0,-1.4506,-0.86055,1.68665
2000,12,9,0,-1.34212,-0.97133,1.65673
2000,12,10,0,-1.22341,-1.05167,1.61331
2000,12,11,0,-1.09846,-1.09789,1.55306
2000,12,12,0,-0.97301,-1.10732,1.47408
2000,12,13,0,-0.85474,-1.07915,1.37664
2000,12,14,0,-0.7522,-1.01536,1.26363
2000,12,15,0,-0.67227,-0.92136,1.14055
2000,12,16,0,-0.61759,-0.80566,1.01514
2000,12,17,0,-0.58558,-0.67859,0.89632
2000,12,18,0,-0.5695,-0.5509,0.79235
2000,12,19,0,-0.56056,-0.43282,0.70821
2000,12,20,0,-0.55002,-0.33355,0.64325
2000,12,21,0,-0.53064,-0.26098,0.59134
2000,12,22,0,-0.4975,-0.22137,0.54452
2000,12,23,0,-0.44831,-0.21892,0.49891
2000,12,24,0,-0.38336,-0.25537,0.46063
2000,12,25,0,-0.30514,-0.32956,0.44914
2000,12,26,0,-0.21777,-0.4372,0.48844
2000,12,27,0,-0.12634,-0.57081,0.58463
2000,12,28,0,-0.03618,-0.72003,0.72094
2000,12,29,0,0.04778,-0.87228,0.87359
2000,12,30,0,0.12146,-1.01371,1.02096
2000,12,31,0,0.15406,-1.13486,1.14527
2001,1,1,0,0.19752,-1.21343,1.2294
2001,1,2,0,0.22096,-1.24694,1.26637
2001,1,3,0,0.23225,-1.22486,1.24668
2001,1,4,0,0.23322,-1.14391,1.16744
2001,1,5,0,0.22582,-1.00528,1.03033
2001,1,6,0,0.21253,-0.81448,0.84176
2001,1,7,0,0.1972,-0.58073,0.6133
2001,1,8,0,0.18564,-0.31621,0.36668
2001,1,9,0,0.18552,-0.03531,0.18885
2001,1,10,0,0.20527,0.24615,0.3205
2001,1,11,0,0.25243,0.51159,0.57048
2001,1,12,0,0.33206,0.74466,0.81534
2001,1,13,0,0.44563,0.93033,1.03155
2001,1,14,0,0.59068,1.05626,1.2102
2001,1,15,0,0.76121,1.11402,1.34926
2001,1,16,0,0.94857,1.10014,1.45261
2001,1,17,0,1.14259,1.0166,1.52938
2001,1,18,0,1.33279,0.87087,1.59208
2001,1,19,0,1.50931,0.67531,1.6535
2001,1,20,0,1.66363,0.44624,1.72244
2001,1,21,0,1.78905,0.20261,1.80048
2001,1,22,0,1.88094,-0.03533,1.88127
2001,1,23,0,1.93703,-0.24745,1.95277
2001,1,24,0,1.95755,-0.41509,2.00107
2001,1,25,0,1.94532,-0.52221,2.0142
2001,1,26,0,1.90552,-0.55653,1.98513
2001,1,27,0,1.84496,-0.51042,1.91427
2001,1,28,0,1.77099,-0.38136,1.81158
2001,1,29,0,1.68975,-0.17213,1.6985
2001,1,30,0,1.60423,0.1096,1.60797
2001,1,31,0,1.51206,0.45186,1.57813
2001,2,1,0,1.4036,0.83905,1.63527
2001,2,2,0,1.26131,1.25155,1.77687
2001,2,3,0,1.06279,1.66369,1.97418
2001,2,4,0,0.79163,2.04108,2.18922
2001,2,5,0,0.45457,2.34408,2.38775
2001,2,6,0,0.08776,2.5422,2.54371
2001,2,7,0,-0.2635,2.62678,2.63997
2001,2,8,0,-0.57113,2.60634,2.66819
2001,2,9,0,-0.83028,2.49428,2.62883
2001,2,10,0,-1.05064,2.30323,2.53154
2001,2,11,0,-1.24718,2.04535,2.3956
2001,2,12,0,-1.43437,1.73382,2.25023
2001,2,13,0,-1.62319,1.38341,2.13273
2001,2,14,0,-1.81957,1.00992,2.08105
2001,2,15,0,-2.02383,0.62887,2.11928
2001,2,16,0,-2.23069,0.25379,2.24508
2001,2,17,0,-2.42983,-0.10566,2.43213
2001,2,18,0,-2.60666,-0.44542,2.64445
2001,2,19,0,-2.74274,-0.76879,2.84845
2001,2,20,0,-2.81512,-1.08786,3.018
2001,2,21,0,-2.79344,-1.42344,3.1352
2001,2,22,0,-2.63565,-1.7964,3.18963
2001,2,23,0,-2.29961,-2.19259,3.17737
2001,2,24,0,-1.81135,-2.51568,3.09995
2001,2,25,0,-1.30858,-2.65869,2.96328
2001,2,26,0,-0.90249,-2.62581,2.77658
2001,2,27,0,-0.60145,-2.4792,2.55112
2001,2,28,0,-0.37471,-2.26842,2.29916
2001,3,1,0,-0.27018,-2.01329,2.03134
2001,3,2,0,-0.12684,-1.75775,1.76232
2001,3,3,0,0.00234,-1.49957,1.49957
2001,3,4,0,0.11717,-1.24523,1.25073
2001,3,5,0,0.21614,-0.99872,1.02184
2001,3,6,0,0.29764,-0.76226,0.8183
2001,3,7,0,0.36064,-0.53699,0.64686
2001,3,8,0,0.40496,-0.32371,0.51844
2001,3,9,0,0.43105,-0.12329,0.44833
2001,3,10,0,0.4394,0.063,0.44389
2001,3,11,0,0.42953,0.23349,0.48889
2001,3,12,0,0.39848,0.38626,0.55496
2001,3,13,0,0.339,0.51857,0.61954
2001,3,14,0,0.24074,0.62356,0.66842
2001,3,15,0,0.10688,0.6847,0.69299
2001,3,16,0,-0.01906,0.68819,0.68846
2001,3,17,0,-0.08706,0.64755,0.65337
2001,3,18,0,-0.08867,0.58318,0.58989
2001,3,19,0,-0.03788,0.5035,0.50492
2001,3,20,0,0.04965,0.41028,0.41328
2001,3,21,0,0.16042,0.30462,0.34428
2001,3,22,0,0.28266,0.18895,0.33999
2001,3,23,0,0.40601,0.06744,0.41157
2001,3,24,0,0.52164,-0.05419,0.52445
2001,3,25,0,0.62254,-0.16925,0.64514
2001,3,26,0,0.70371,-0.27072,0.75399
2001,3,27,0,0.76231,-0.35193,0.83963
2001,3,28,0,0.79749,-0.40725,0.89546
2001,3,29,0,0.80998,-0.43263,0.91828
2001,3,30,0,0.80155,-0.42605,0.90775
2001,3,31,0,0.77432,-0.38779,0.86599
2001,4,1,0,0.73032,-0.32006,0.79737
2001,4,2,0,0.67012,-0.22888,0.70813
2001,4,3,0,0.59376,-0.1225,0.60626
2001,4,4,0,0.50114,-0.01179,0.50127
2001,4,5,0,0.39375,0.09063,0.40404
2001,4,6,0,0.27663,0.17263,0.32608
2001,4,7,0,0.15896,0.2258,0.27614
2001,4,8,0,0.05214,0.24761,0.25304
2001,4,9,0,-0.03329,0.24096,0.24325
2001,4,10,0,-0.08973,0.21182,0.23004
2001,4,11,0,-0.11294,0.1672,0.20177
2001,4,12,0,-0.10154,0.11403,0.15269
2001,4,13,0,-0.0564,0.05866,0.08138
2001,4,14,0,0.01994,0.00679,0.02107
2001,4,15,0,0.12371,-0.03663,0.12902
2001,4,16,0,0.25013,-0.06751,0.25908
2001,4,17,0,0.39371,-0.08263,0.40229
2001,4,18,0,0.54833,-0.07969,0.55409
2001,4,19,0,0.70735,-0.05733,0.70967
2001,4,20,0,0.86367,-0.0151,0.86381
2001,4,21,0,1.00987,0.04659,1.01094
2001,4,22,0,1.13831,0.12647,1.14531
2001,4,23,0,1.2414,0.22243,1.26117
2001,4,24,0,1.31188,0.33156,1.35313
2001,4,25,0,1.34324,0.45008,1.41664
2001,4,26,0,1.33008,0.57331,1.44837
2001,4,27,0,1.26863,0.69563,1.44683
2001,4,28,0,1.15723,0.81052,1.41284
2001,4,29,0,0.99671,0.91081,1.35019
2001,4,30,0,0.78602,0.99101,1.26489
2001,5,1,0,0.53845,1.04087,1.1719
2001,5,2,0,0.2608,1.05567,1.08741
2001,5,3,0,-0.03555,1.03278,1.03339
2001,5,4,0,-0.33866,0.97294,1.0302
2001,5,5,0,-0.63713,0.8798,1.08627
2001,5,6,0,-0.9208,0.75891,1.19324
2001,5,7,0,-1.18098,0.61648,1.3322
2001,5,8,0,-1.41035,0.4585,1.483
2001,5,9,0,-1.60276,0.29007,1.6288
2001,5,10,0,-1.75312,0.11529,1.7569
2001,5,11,0,-1.8572,-0.06259,1.85825
2001,5,12,0,-1.91167,-0.24058,1.92675
2001,5,13,0,-1.91425,-0.4152,1.95876
2001,5,14,0,-1.86415,-0.58156,1.95275
2001,5,15,0,-1.76275,-0.73282,1.90901
2001,5,16,0,-1.61435,-0.86054,1.82939
2001,5,17,0,-1.42647,-0.95619,1.7173
2001,5,18,0,-1.20901,-1.0135,1.57762
2001,5,19,0,-0.97256,-1.03035,1.41686
2001,5,20,0,-0.72664,-1.00918,1.24357
2001,5,21,0,-0.47869,-0.95595,1.0691
2001,5,22,0,-0.23407,-0.87851,0.90916
2001,5,23,0,0.00336,-0.78508,0.78509
2001,5,24,0,0.23056,-0.68319,0.72104
2001,5,25,0,0.44479,-0.57897,0.7301
2001,5,26,0,0.64323,-0.47686,0.80071
2001,5,27,0,0.82294,-0.3794,0.90619
2001,5,28,0,0.98078,-0.2873,1.022
2001,5,29,0,1.11355,-0.19976,1.13133
2001,5,30,0,1.21807,-0.11513,1.2235
2001,5,31,0,1.29143,-0.03207,1.29183
2001,6,1,0,1.33136,0.0489,1.33226
2001,6,2,0,1.33692,0.12414,1.34267
2001,6,3,0,1.30921,0.18695,1.32249
2001,6,4,0,1.25155,0.22996,1.2725
2001,6,5,0,1.16845,0.24845,1.19457
2001,6,6,0,1.0643,0.24248,1.09157
2001,6,7,0,0.94251,0.21657,0.96707
2001,6,8,0,0.80569,0.17802,0.82512
2001,6,9,0,0.65629,0.13508,0.67005
2001,6,10,0,0.49715,0.09566,0.50627
2001,6,11,0,0.33171,0.06652,0.33832
2001,6,12,0,0.16403,0.05281,0.17232
2001,6,13,0,-0.00152,0.05789,0.05791
2001,6,14,0,-0.16053,0.08326,0.18084
2001,6,15,0,-0.30896,0.12869,0.33469
2001,6,16,0,-0.44348,0.19235,0.4834
2001,6,17,0,-0.56165,0.27107,0.62365
2001,6,18,0,-0.6621,0.36056,0.75391
2001,6,19,0,-0.74447,0.45573,0.87288
2001,6,20,0,-0.80936,0.55092,0.97907
2001,6,21,0,-0.85814,0.64027,1.07068
2001,6,22,0,-0.89271,0.71798,1.14561
2001,6,23,0,-0.9153,0.77862,1.20167
2001,6,24,0,-0.92819,0.81743,1.23682
2001,6,25,0,-0.93346,0.83056,1.24947
2001,6,26,0,-0.93268,0.81529,1.23879
2001,6,27,0,-0.92645,0.77028,1.20484
2001,6,28,0,-0.91415,0.69579,1.14882
2001,6,29,0,-0.89384,0.59387,1.07315
2001,6,30,0,-0.86276,0.46844,0.98173
2001,7,1,0,-0.81843,0.32472,0.8805
2001,7,2,0,-0.75987,0.16839,0.7783
2001,7,3,0,-0.68816,0.00464,0.68818
2001,7,4,0,-0.60616,-0.16226,0.6275
2001,7,5,0,-0.51758,-0.32875,0.61316
2001,7,6,0,-0.42616,-0.49152,0.65054
2001,7,7,0,-0.33499,-0.64724,0.72879
2001,7,8,0,-0.24621,-0.79255,0.82991
2001,7,9,0,-0.16087,-0.92431,0.93821
2001,7,10,0,-0.07891,-1.03997,1.04296
2001,7,11,0,0.00079,-1.13778,1.13778
2001,7,12,0,0.08028,-1.21692,1.21957
2001,7,13,0,0.16237,-1.27742,1.28769
2001,7,14,0,0.2503,-1.3198,1.34333
2001,7,15,0,0.34745,-1.34475,1.38891
2001,7,16,0,0.45689,-1.35261,1.42769
2001,7,17,0,0.58088,-1.34298,1.46322
2001,7,18,0,0.72037,-1.31454,1.49898
2001,7,19,0,0.87449,-1.26499,1.53784
2001,7,20,0,1.04019,-1.19139,1.58158
2001,7,21,0,1.21197,-1.09074,1.63052
2001,7,22,0,1.38212,-0.96081,1.68327
2001,7,23,0,1.54112,-0.8009,1.7368
2001,7,24,0,1.67861,-0.61243,1.78684
2001,7,25,0,1.78434,-0.39901,1.82841
2001,7,26,0,1.84913,-0.16606,1.85657
2001,7,27,0,1.86541,0.07968,1.86711
2001,7,28,0,1.82762,0.33074,1.8573
2001,7,29,0,1.73241,0.57918,1.82667
2001,7,30,0,1.57895,0.81697,1.77779
2001,7,31,0,1.3694,1.03624,1.71728
2001,8,1,0,1.10804,1.23072,1.65602
2001,8,2,0,0.80222,1.39514,1.60934
2001,8,3,0,0.46162,1.52624,1.59453
2001,8,4,0,0.09764,1.62282,1.62576
2001,8,5,0,-0.27726,1.68534,1.70799
2001,8,6,0,-0.65013,1.71532,1.83439
2001,8,7,0,-1.0081,1.71469,1.98907
2001,8,8,0,-1.33895,1.68525,2.15241
2001,8,9,0,-1.63157,1.62841,2.30516
2001,8,10,0,-1.87653,1.54508,2.43078
2001,8,11,0,-2.06644,1.4359,2.51634
2001,8,12,0,-2.19624,1.3015,2.55292
2001,8,13,0,-2.26333,1.14304,2.53559
2001,8,14,0,-2.2675,0.96262,2.46337
2001,8,15,0,-2.21071,0.76383,2.33894
2001,8,16,0,-2.09682,0.55203,2.16827
2001,8,17,0,-1.93145,0.33455,1.96021
2001,8,18,0,-1.72189,0.12033,1.72609
2001,8,19,0,-1.47721,-0.08088,1.47943
2001,8,20,0,-1.20836,-0.25998,1.23601
2001,8,21,0,-0.92782,-0.41021,1.01446
2001,8,22,0,-0.64869,-0.52848,0.83671
2001,8,23,0,-0.38331,-0.61562,0.7252
2001,8,24,0,-0.1419,-0.67554,0.69028
2001,8,25,0,0.0683,-0.71374,0.717
2001,8,26,0,0.24326,-0.73594,0.7751
2001,8,27,0,0.38192,-0.74715,0.8391
2001,8,28,0,0.48558,-0.75139,0.89464
2001,8,29,0,0.55732,-0.75173,0.93579
2001,8,30,0,0.60136,-0.75054,0.96174
2001,8,31,0,0.62248,-0.74976,0.97448
2001,9,1,0,0.62563,-0.75108,0.97751
2001,9,2,0,0.61554,-0.75601,0.9749
2001,9,3,0,0.59657,-0.7658,0.97074
2001,9,4,0,0.57254,-0.78135,0.96866
2001,9,5,0,0.54671,-0.80295,0.97141
2001,9,6,0,0.52174,-0.83016,0.9805
2001,9,7,0,0.49961,-0.86159,0.99596
2001,9,8,0,0.4816,-0.89488,1.01624
2001,9,9,0,0.46836,-0.92679,1.03842
2001,9,10,0,0.45995,-0.95337,1.05853
2001,9,11,0,0.45609,-0.97025,1.0721
2001,9,12,0,0.45637,-0.97301,1.07472
2001,9,13,0,0.46054,-0.9575,1.0625
2001,9,14,0,0.46853,-0.92021,1.03263
2001,9,15,0,0.48051,-0.85847,0.9838
2001,9,16,0,0.49663,-0.77066,0.91682
2001,9,17,0,0.51677,-0.65633,0.83536
2001,9,18,0,0.5403,-0.51632,0.74733
2001,9,19,0,0.56585,-0.35276,0.66681
2001,9,20,0,0.5913,-0.16919,0.61503
2001,9,21,0,0.61389,0.0295,0.61459
2001,9,22,0,0.63044,0.23719,0.67359
2001,9,23,0,0.63763,0.44672,0.77854
2001,9,24,0,0.63209,0.65035,0.90691
2001,9,25,0,0.61051,0.8402,1.03859
2001,9,26,0,0.56967,1.00882,1.15855
2001,9,27,0,0.50646,1.14967,1.25628
2001,9,28,0,0.41803,1.25759,1.32525
2001,9,29,0,0.30207,1.32903,1.36293
2001,9,30,0,0.15714,1.36209,1.37113
2001,10,1,0,-0.01687,1.35635,1.35646
2001,10,2,0,-0.21834,1.31241,1.33045
2001,10,3,0,-0.44356,1.23108,1.30855
2001,10,4,0,-0.68635,1.11241,1.30711
2001,10,5,0,-0.93767,0.95436,1.33792
2001,10,6,0,-1.18462,0.75169,1.40299
2001,10,7,0,-1.40861,0.49622,1.49346
2001,10,8,0,-1.58289,0.18234,1.59336
2001,10,9,0,-1.67525,-0.17799,1.68468
2001,10,10,0,-1.66549,-0.54058,1.75103
2001,10,11,0,-1.56546,-0.84623,1.77955
2001,10,12,0,-1.40774,-1.05918,1.7617
2001,10,13,0,-1.21881,-1.17595,1.69362
2001,10,14,0,-1.01115,-1.20928,1.57632
2001,10,15,0,-0.78879,-1.17599,1.41603
2001,10,16,0,-0.5531,-1.09297,1.22495
2001,10,17,0,-0.30602,-0.97644,1.02327
2001,10,18,0,-0.05132,-0.84177,0.84333
2001,10,19,0,0.20514,-0.70315,0.73247
2001,10,20,0,0.4556,-0.57305,0.73209
2001,10,21,0,0.71918,-0.42208,0.83389
2001,10,22,0,0.9461,-0.26925,0.98367
2001,10,23,0,1.12936,-0.12391,1.13614
2001,10,24,0,1.26482,0.00572,1.26483
2001,10,25,0,1.35133,0.11313,1.35606
2001,10,26,0,1.39062,0.19395,1.40408
2001,10,27,0,1.38695,0.24617,1.40863
2001,10,28,0,1.34665,0.27028,1.3735
2001,10,29,0,1.27745,0.26906,1.30548
2001,10,30,0,1.18786,0.24738,1.21334
2001,10,31,0,1.08642,0.21166,1.10685
2001,11,1,0,0.98112,0.16933,0.99562
2001,11,2,0,0.87879,0.12817,0.88809
2001,11,3,0,0.78479,0.09567,0.7906
2001,11,4,0,0.70273,0.07835,0.70708
2001,11,5,0,0.63444,0.08128,0.63963
2001,11,6,0,0.58013,0.10763,0.59003
2001,11,7,0,0.53855,0.15849,0.56139
2001,11,8,0,0.50746,0.23279,0.55831
2001,11,9,0,0.48396,0.32745,0.58433
2001,11,10,0,0.46495,0.4377,0.63856
2001,11,11,0,0.48606,0.52627,0.71639
2001,11,12,0,0.52081,0.61794,0.80815
2001,11,13,0,0.5652,0.7054,0.9039
2001,11,14,0,0.61333,0.78306,0.99466
2001,11,15,0,0.65759,0.84798,1.07308
2001,11,16,0,0.68844,0.90084,1.13378
2001,11,17,0,0.69319,0.94682,1.17345
2001,11,18,0,0.65286,0.99598,1.19088
2001,11,19,0,0.53936,1.05716,1.1868
2001,11,20,0,0.34127,1.1125,1.16367
2001,11,21,0,0.13357,1.11732,1.12528
2001,11,22,0,-0.00167,1.07644,1.07644
2001,11,23,0,-0.07479,1.01989,1.02263
2001,11,24,0,-0.12035,0.96225,0.96975
2001,11,25,0,-0.16158,0.90982,0.92406
2001,11,26,0,-0.21136,0.8668,0.89219
2001,11,27,0,-0.27634,0.83625,0.88073
2001,11,28,0,-0.35933,0.81998,0.89526
2001,11,29,0,-0.46057,0.81802,0.93877
2001,11,30,0,-0.57859,0.82853,1.01056
2001,12,1,0,-0.71076,0.84768,1.10623
2001,12,2,0,-0.85383,0.86991,1.21892
2001,12,3,0,-1.00423,0.88819,1.34066
2001,12,4,0,-1.15834,0.8945,1.46351
2001,12,5,0,-1.31252,0.88021,1.58034
2001,12,6,0,-1.46299,0.83663,1.68532
2001,12,7,0,-1.60551,0.75545,1.77436
2001,12,8,0,-1.73471,0.62937,1.84535
2001,12,9,0,-1.84347,0.45292,1.89829
2001,12,10,0,-1.92227,0.22382,1.93525
2001,12,11,0,-1.95926,-0.05526,1.96004
2001,12,12,0,-1.94173,-0.37455,1.97752
2001,12,13,0,-1.8595,-0.71601,1.99259
2001,12,14,0,-1.70951,-1.05483,2.00876
2001,12,15,0,-1.49914,-1.36428,2.02699
2001,12,16,0,-1.24545,-1.62186,2.04489
2001,12,17,0,-0.97109,-1.81324,2.05691
2001,12,18,0,-0.69936,-1.93265,2.05529
2001,12,19,0,-0.45083,-1.98098,2.03163
2001,12,20,0,-0.24184,-1.96362,1.97845
2001,12,21,0,-0.08389,-1.88876,1.89062
2001,12,22,0,0.01637,-1.76626,1.76634
2001,12,23,0,0.05696,-1.60696,1.60797
2001,12,24,0,0.04022,-1.42204,1.42261
2001,12,25,0,-0.02775,-1.22275,1.22307
2001,12,26,0,-0.1378,-1.02017,1.02943
2001,12,27,0,-0.27848,-0.82501,0.87074
2001,12,28,0,-0.43676,-0.64751,0.78104
2001,12,29,0,-0.59867,-0.49714,0.77818
2001,12,30,0,-0.74984,-0.38215,0.84161
2001,12,31,0,-0.88302,-0.28457,0.92774
2002,1,1,0,-0.97073,-0.26138,1.00531
2002,1,2,0,-1.00798,-0.27425,1.04463
2002,1,3,0,-0.98442,-0.33093,1.03856
2002,1,4,0,-0.89255,-0.42403,0.98816
2002,1,5,0,-0.72854,-0.54168,0.90785
2002,1,6,0,-0.4934,-0.66884,0.83114
2002,1,7,0,-0.19374,-0.78958,0.813
2002,1,8,0,0.15844,-0.8896,0.9036
2002,1,9,0,0.54696,-0.95799,1.10313
2002,1,10,0,0.95333,-0.98782,1.37282
2002,1,11,0,1.35859,-0.97572,1.67266
2002,1,12,0,1.74487,-0.92092,1.97299
2002,1,13,0,2.0964,-0.82449,2.25271
2002,1,14,0,2.40019,-0.68887,2.49709
2002,1,15,0,2.64638,-0.51779,2.69656
2002,1,16,0,2.82843,-0.31638,2.84607
2002,1,17,0,2.94317,-0.09134,2.94458
2002,1,18,0,2.99064,0.14904,2.99436
2002,1,19,0,2.97407,0.39511,3.0002
2002,1,20,0,2.89945,0.63636,2.96846
2002,1,21,0,2.77515,0.86219,2.906
2002,1,22,0,2.61126,1.06281,2.81926
2002,1,23,0,2.41871,1.23007,2.71353
2002,1,24,0,2.20842,1.35816,2.59263
2002,1,25,0,1.99032,1.44397,2.45895
2002,1,26,0,1.77274,1.48721,2.31396
2002,1,27,0,1.56187,1.49032,2.15882
2002,1,28,0,1.36166,1.45819,1.99511
2002,1,29,0,1.1739,1.39777,1.82532
2002,1,30,0,0.99839,1.31755,1.65309
2002,1,31,0,0.83334,1.22685,1.48311
2002,2,1,0,0.67554,1.13491,1.32075
2002,2,2,0,0.52086,1.04947,1.17161
2002,2,3,0,0.36506,0.9751,1.0412
2002,2,4,0,0.20548,0.91205,0.93491
2002,2,5,0,0.04271,0.85735,0.85841
2002,2,6,0,-0.12052,0.80882,0.81775
2002,2,7,0,-0.28314,0.76754,0.8181
2002,2,8,0,-0.447,0.73603,0.86113
2002,2,9,0,-0.61447,0.71544,0.94309
2002,2,10,0,-0.78599,0.70473,1.05567
2002,2,11,0,-0.95957,0.70107,1.18839
2002,2,12,0,-1.13149,0.70042,1.33074
2002,2,13,0,-1.29727,0.69811,1.47319
2002,2,14,0,-1.45254,0.68926,1.60778
2002,2,15,0,-1.59362,0.66914,1.7284
2002,2,16,0,-1.71779,0.63339,1.83084
2002,2,17,0,-1.82327,0.57799,1.91269
2002,2,18,0,-1.909,0.49887,1.9731
2002,2,19,0,-1.97392,0.39095,2.01226
2002,2,20,0,-2.01589,0.2465,2.03091
2002,2,21,0,-2.02907,0.05332,2.02977
2002,2,22,0,-1.99893,-0.20327,2.00923
2002,2,23,0,-1.89922,-0.52016,1.96916
2002,2,24,0,-1.71699,-0.83443,1.90902
2002,2,25,0,-1.4964,-1.05031,1.82821
2002,2,26,0,-1.29717,-1.13951,1.7266
2002,2,27,0,-1.138,-1.13165,1.60489
2002,2,28,0,-1.01125,-1.06009,1.46506
2002,3,1,0,-0.93827,-0.9163,1.31147
2002,3,2,0,-0.84216,-0.77823,1.14668
2002,3,3,0,-0.74369,-0.63384,0.97715
2002,3,4,0,-0.64019,-0.49428,0.8088
2002,3,5,0,-0.5311,-0.3699,0.64722
2002,3,6,0,-0.41776,-0.2697,0.49725
2002,3,7,0,-0.30294,-0.20059,0.36333
2002,3,8,0,-0.19027,-0.1668,0.25303
2002,3,9,0,-0.08334,-0.16932,0.18872
2002,3,10,0,0.01541,-0.20568,0.20625
2002,3,11,0,0.10611,-0.26978,0.2899
2002,3,12,0,0.19323,-0.35154,0.40114
2002,3,13,0,0.28757,-0.43567,0.52202
2002,3,14,0,0.40515,-0.49956,0.6432
2002,3,15,0,0.55185,-0.51841,0.75716
2002,3,16,0,0.70049,-0.49356,0.8569
2002,3,17,0,0.81718,-0.45688,0.93623
2002,3,18,0,0.89396,-0.42612,0.99032
2002,3,19,0,0.93513,-0.39806,1.01633
2002,3,20,0,0.94598,-0.36448,1.01376
2002,3,21,0,0.93149,-0.31917,0.98465
2002,3,22,0,0.89671,-0.25935,0.93346
2002,3,23,0,0.84662,-0.18548,0.8667
2002,3,24,0,0.78573,-0.10073,0.79216
2002,3,25,0,0.71756,-0.01039,0.71764
2002,3,26,0,0.64437,0.07905,0.6492
2002,3,27,0,0.567,0.16057,0.58929
2002,3,28,0,0.48504,0.2275,0.53574
2002,3,29,0,0.39726,0.2741,0.48264
2002,3,30,0,0.30221,0.29599,0.42302
2002,3,31,0,0.19901,0.29042,0.35207
2002,4,1,0,0.08799,0.25632,0.27101
2002,4,2,0,-0.02812,0.19367,0.1957
2002,4,3,0,-0.14429,0.10402,0.17788
2002,4,4,0,-0.25336,-0.00927,0.25353
2002,4,5,0,-0.34746,-0.14012,0.37465
2002,4,6,0,-0.42075,-0.27894,0.50482
2002,4,7,0,-0.47195,-0.41335,0.62737
2002,4,8,0,-0.50446,-0.53088,0.73233
2002,4,9,0,-0.52383,-0.62189,0.81311
2002,4,10,0,-0.53465,-0.68106,0.86584
2002,4,11,0,-0.53881,-0.70721,0.88908
2002,4,12,0,-0.53546,-0.70264,0.88342
2002,4,13,0,-0.52161,-0.67234,0.85095
2002,4,14,0,-0.493,-0.62319,0.79461
2002,4,15,0,-0.44489,-0.5632,0.71772
2002,4,16,0,-0.3728,-0.50074,0.62428
2002,4,17,0,-0.27299,-0.44372,0.52097
2002,4,18,0,-0.14295,-0.3988,0.42365
2002,4,19,0,0.01831,-0.37073,0.37118
2002,4,20,0,0.21009,-0.36177,0.41835
2002,4,21,0,0.42998,-0.37135,0.56814
2002,4,22,0,0.67394,-0.39584,0.78159
2002,4,23,0,0.93647,-0.42873,1.02995
2002,4,24,0,1.2108,-0.46097,1.29558
2002,4,25,0,1.48903,-0.48169,1.565
2002,4,26,0,1.76221,-0.47917,1.8262
2002,4,27,0,2.02038,-0.44215,2.06819
2002,4,28,0,2.25248,-0.36127,2.28127
2002,4,29,0,2.44666,-0.23059,2.4575
2002,4,30,0,2.58862,-0.03001,2.58879
2002,5,1,0,2.66889,0.20702,2.67691
2002,5,2,0,2.67569,0.48086,2.71856
2002,5,3,0,2.6026,0.77629,2.71591
2002,5,4,0,2.44754,1.07615,2.67368
2002,5,5,0,2.21269,1.36355,2.59909
2002,5,6,0,1.90371,1.62319,2.50177
2002,5,7,0,1.52879,1.84196,2.39375
2002,5,8,0,1.09797,2.0088,2.28929
2002,5,9,0,0.62276,2.11447,2.20427
2002,5,10,0,0.11607,2.15131,2.15444
2002,5,11,0,-0.40756,2.11325,2.15219
2002,5,12,0,-0.93168,1.99615,2.20287
2002,5,13,0,-1.43766,1.79873,2.30267
2002,5,14,0,-1.90495,1.52409,2.43961
2002,5,15,0,-2.3123,1.18184,2.59682
2002,5,16,0,-2.64036,0.78972,2.75593
2002,5,17,0,-2.87538,0.37327,2.89951
2002,5,18,0,-3.01221,-0.03763,3.01244
2002,5,19,0,-3.05475,-0.41434,3.08273
2002,5,20,0,-3.01363,-0.73473,3.10191
2002,5,21,0,-2.90246,-0.98582,3.06531
2002,5,22,0,-2.73481,-1.16366,2.97209
2002,5,23,0,-2.5227,-1.27168,2.8251
2002,5,24,0,-2.27627,-1.31856,2.63059
2002,5,25,0,-2.00405,-1.3162,2.39762
2002,5,26,0,-1.7134,-1.27804,2.13755
2002,5,27,0,-1.41078,-1.21743,1.86345
2002,5,28,0,-1.10183,-1.14631,1.58999
2002,5,29,0,-0.7912,-1.07398,1.33395
2002,5,30,0,-0.48242,-1.00603,1.11571
2002,5,31,0,-0.17801,-0.94389,0.96053
2002,6,1,0,0.12006,-0.88517,0.89328
2002,6,2,0,0.40952,-0.82525,0.92128
2002,6,3,0,0.68721,-0.75979,1.02448
2002,6,4,0,0.9492,-0.68665,1.17152
2002,6,5,0,1.19143,-0.60571,1.33656
2002,6,6,0,1.41017,-0.51697,1.50194
2002,6,7,0,1.60174,-0.41892,1.65562
2002,6,8,0,1.76228,-0.30819,1.78903
2002,6,9,0,1.88767,-0.18041,1.89627
2002,6,10,0,1.97374,-0.03142,1.97399
2002,6,11,0,2.01664,0.14154,2.0216
2002,6,12,0,2.01305,0.33899,2.04139
2002,6,13,0,1.96034,0.55869,2.0384
2002,6,14,0,1.85679,0.79533,2.01996
2002,6,15,0,1.70178,1.04064,1.99474
2002,6,16,0,1.49605,1.2837,1.97131
2002,6,17,0,1.24206,1.51149,1.95635
2002,6,18,0,0.94443,1.70974,1.95324
2002,6,19,0,0.61024,1.86398,1.96133
2002,6,20,0,0.24926,1.96072,1.9765
2002,6,21,0,-0.12612,1.9886,1.9926
2002,6,22,0,-0.50112,1.93959,2.00328
2002,6,23,0,-0.8592,1.80982,2.00341
2002,6,24,0,-1.18279,1.60027,1.98994
2002,6,25,0,-1.4542,1.31716,1.96205
2002,6,26,0,-1.65666,0.9722,1.92086
2002,6,27,0,-1.7757,0.58264,1.86885
2002,6,28,0,-1.801,0.17115,1.80912
2002,6,29,0,-1.72896,-0.23519,1.74488
2002,6,30,0,-1.56528,-0.60769,1.6791
2002,7,1,0,-1.32608,-0.92073,1.61438
2002,7,2,0,-1.03584,-1.15705,1.55297
2002,7,3,0,-0.7224,-1.31084,1.49671
2002,7,4,0,-0.41155,-1.38704,1.44681
2002,7,5,0,-0.12359,-1.39801,1.40347
2002,7,6,0,0.12756,-1.35959,1.36556
2002,7,7,0,0.33365,-1.28813,1.33064
2002,7,8,0,0.4909,-1.19867,1.2953
2002,7,9,0,0.59886,-1.10411,1.25607
2002,7,10,0,0.65965,-1.01485,1.21039
2002,7,11,0,0.67744,-0.93874,1.15766
2002,7,12,0,0.65815,-0.88132,1.09995
2002,7,13,0,0.60917,-0.84592,1.04243
2002,7,14,0,0.5392,-0.83394,0.99308
2002,7,15,0,0.45799,-0.84503,0.96116
2002,7,16,0,0.37599,-0.87714,0.95433
2002,7,17,0,0.30388,-0.92657,0.97513
2002,7,18,0,0.25196,-0.98781,1.01944
2002,7,19,0,0.2293,-1.05349,1.07815
2002,7,20,0,0.24263,-1.11436,1.14047
2002,7,21,0,0.29529,-1.15966,1.19666
2002,7,22,0,0.38615,-1.17781,1.23949
2002,7,23,0,0.50913,-1.15777,1.26477
2002,7,24,0,0.65341,-1.09059,1.27135
2002,7,25,0,0.80457,-0.97097,1.261
2002,7,26,0,0.94635,-0.79817,1.23801
2002,7,27,0,1.06264,-0.57636,1.20888
2002,7,28,0,1.13926,-0.3141,1.18177
2002,7,29,0,1.16545,-0.02333,1.16568
2002,7,30,0,1.13481,0.28189,1.16929
2002,7,31,0,1.04602,0.58695,1.19944
2002,8,1,0,0.90215,0.87849,1.25921
2002,8,2,0,0.71045,1.14507,1.34756
2002,8,3,0,0.4812,1.37817,1.45976
2002,8,4,0,0.22632,1.57229,1.5885
2002,8,5,0,-0.04182,1.72447,1.72498
2002,8,6,0,-0.31128,1.83347,1.85971
2002,8,7,0,-0.57113,1.89901,1.98304
2002,8,8,0,-0.81174,1.92119,2.08564
2002,8,9,0,-1.02491,1.9002,2.15898
2002,8,10,0,-1.20394,1.83638,2.19585
2002,8,11,0,-1.34371,1.73043,2.19087
2002,8,12,0,-1.4406,1.58377,2.14095
2002,8,13,0,-1.49242,1.399,2.04561
2002,8,14,0,-1.49831,1.18022,1.90731
2002,8,15,0,-1.45847,0.93333,1.73154
2002,8,16,0,-1.37408,0.66618,1.52705
2002,8,17,0,-1.24729,0.38848,1.30639
2002,8,18,0,-1.08151,0.11148,1.08724
2002,8,19,0,-0.88192,-0.15288,0.89507
2002,8,20,0,-0.65606,-0.39313,0.76483
2002,8,21,0,-0.41403,-0.59983,0.72884
2002,8,22,0,-0.16787,-0.76661,0.78478
2002,8,23,0,0.06969,-0.89062,0.89334
2002,8,24,0,0.2868,-0.97186,1.0133
2002,8,25,0,0.47362,-1.01216,1.11749
2002,8,26,0,0.62289,-1.01419,1.1902
2002,8,27,0,0.72995,-0.98096,1.22274
2002,8,28,0,0.79248,-0.91573,1.21103
2002,8,29,0,0.81012,-0.82232,1.15435
2002,8,30,0,0.78414,-0.70534,1.05469
2002,8,31,0,0.71708,-0.57047,0.91632
2002,9,1,0,0.6126,-0.42448,0.74529
2002,9,2,0,0.47524,-0.27508,0.54911
2002,9,3,0,0.31037,-0.13062,0.33673
2002,9,4,0,0.12417,0.0005,0.12417
2002,9,5,0,-0.07636,0.11043,0.13426
2002,9,6,0,-0.28343,0.19266,0.34271
2002,9,7,0,-0.4886,0.24272,0.54557
2002,9,8,0,-0.6831,0.2587,0.73044
2002,9,9,0,-0.85829,0.24146,0.89161
2002,9,10,0,-1.00627,0.19443,1.02488
2002,9,11,0,-1.12034,0.12305,1.12708
2002,9,12,0,-1.19536,0.03405,1.19584
2002,9,13,0,-1.22782,-0.06521,1.22955
2002,9,14,0,-1.21591,-0.16736,1.22737
2002,9,15,0,-1.15943,-0.26529,1.18939
2002,9,16,0,-1.05981,-0.35238,1.11685
2002,9,17,0,-0.92016,-0.42271,1.01261
2002,9,18,0,-0.7453,-0.47125,0.88179
2002,9,19,0,-0.54169,-0.49424,0.73328
2002,9,20,0,-0.31725,-0.48959,0.58339
2002,9,21,0,-0.08095,-0.45729,0.4644
2002,9,22,0,0.15778,-0.39967,0.42969
2002,9,23,0,0.38964,-0.3213,0.50503
2002,9,24,0,0.60605,-0.22855,0.64772
2002,9,25,0,0.79952,-0.12887,0.80984
2002,9,26,0,0.96383,-0.02989,0.9643
2002,9,27,0,1.09408,0.06138,1.0958
2002,9,28,0,1.18669,0.13933,1.19485
2002,9,29,0,1.23942,0.20011,1.25547
2002,9,30,0,1.25136,0.24188,1.27452
2002,10,1,0,1.22307,0.26474,1.25139
2002,10,2,0,1.15664,0.27042,1.18783
2002,10,3,0,1.05575,0.26175,1.08772
2002,10,4,0,0.92564,0.24202,0.95676
2002,10,5,0,0.77304,0.21412,0.80215
2002,10,6,0,0.60608,0.17951,0.6321
2002,10,7,0,0.43433,0.13711,0.45546
2002,10,8,0,0.26921,0.08283,0.28166
2002,10,9,0,0.12384,0.01151,0.12437
2002,10,10,0,0.0098,-0.07677,0.07739
2002,10,11,0,-0.06909,-0.17243,0.18576
2002,10,12,0,-0.11744,-0.26198,0.2871
2002,10,13,0,-0.142,-0.33593,0.36471
2002,10,14,0,-0.14745,-0.39073,0.41762
2002,10,15,0,-0.13637,-0.42716,0.4484
2002,10,16,0,-0.11074,-0.44856,0.46203
2002,10,17,0,-0.07304,-0.45951,0.46528
2002,10,18,0,-0.02684,-0.46488,0.46565
2002,10,19,0,0.02323,-0.46895,0.46953
2002,10,20,0,0.07185,-0.47486,0.48027
2002,10,21,0,0.14114,-0.47841,0.4988
2002,10,22,0,0.20126,-0.4797,0.52021
2002,10,23,0,0.2492,-0.47848,0.53948
2002,10,24,0,0.28369,-0.47374,0.55219
2002,10,25,0,0.30537,-0.46376,0.55527
2002,10,26,0,0.31668,-0.44619,0.54715
2002,10,27,0,0.32168,-0.41825,0.52764
2002,10,28,0,0.32558,-0.37699,0.49812
2002,10,29,0,0.33429,-0.31957,0.46247
2002,10,30,0,0.35368,-0.24356,0.42943
2002,10,31,0,0.38895,-0.1472,0.41587
2002,11,1,0,0.4439,-0.0297,0.4449
2002,11,2,0,0.5204,0.10862,0.53161
2002,11,3,0,0.61783,0.26618,0.67273
2002,11,4,0,0.73287,0.44008,0.85485
2002,11,5,0,0.85944,0.62621,1.06338
2002,11,6,0,0.98886,0.81933,1.28419
2002,11,7,0,1.11038,1.01333,1.50326
2002,11,8,0,1.21178,1.20149,1.70646
2002,11,9,0,1.28028,1.37683,1.88011
2002,11,10,0,1.30355,1.53242,2.01185
2002,11,11,0,1.39073,1.56979,2.09723
2002,11,12,0,1.41862,1.5843,2.12661
2002,11,13,0,1.37449,1.58712,2.09957
2002,11,14,0,1.24992,1.59104,2.02329
2002,11,15,0,1.04046,1.60791,1.91519
2002,11,16,0,0.74363,1.64495,1.80523
2002,11,17,0,0.35423,1.69877,1.73531
2002,11,18,0,-0.14306,1.74262,1.74849
2002,11,19,0,-0.77156,1.69987,1.86678
2002,11,20,0,-1.49244,1.44461,2.07709
2002,11,21,0,-2.12256,0.9902,2.34217
2002,11,22,0,-2.56403,0.53906,2.62008
2002,11,23,0,-2.86871,0.18856,2.8749
2002,11,24,0,-3.07877,-0.06693,3.07949
2002,11,25,0,-3.20565,-0.25228,3.21556
2002,11,26,0,-3.24987,-0.39146,3.27336
2002,11,27,0,-3.21177,-0.50599,3.25138
2002,11,28,0,-3.09565,-0.6147,3.15609
2002,11,29,0,-2.91065,-0.73291,3.00151
2002,11,30,0,-2.67019,-0.87136,2.80877
2002,12,1,0,-2.39018,-1.03542,2.60482
2002,12,2,0,-2.08716,-1.22483,2.42001
2002,12,3,0,-1.77618,-1.43411,2.28287
2002,12,4,0,-1.46908,-1.65351,2.21185
2002,12,5,0,-1.17334,-1.87043,2.20799
2002,12,6,0,-0.89157,-2.07092,2.25469
2002,12,7,0,-0.62181,-2.24119,2.32585
2002,12,8,0,-0.35857,-2.36864,2.39562
2002,12,9,0,-0.09459,-2.4425,2.44433
2002,12,10,0,0.17685,-2.45403,2.46039
2002,12,11,0,0.45919,-2.39662,2.44021
2002,12,12,0,0.75018,-2.26632,2.38725
2002,12,13,0,1.04095,-2.0634,2.31111
2002,12,14,0,1.31787,-1.79416,2.22617
2002,12,15,0,1.56706,-1.47147,2.14963
2002,12,16,0,1.77876,-1.11285,2.09819
2002,12,17,0,1.94883,-0.73693,2.08351
2002,12,18,0,2.07698,-0.36054,2.10804
2002,12,19,0,2.16394,0.00256,2.16394
2002,12,20,0,2.20945,0.34178,2.23573
2002,12,21,0,2.21165,0.6494,2.30502
2002,12,22,0,2.16738,0.92033,2.35469
2002,12,23,0,2.07313,1.15185,2.37163
2002,12,24,0,1.92606,1.34336,2.34826
2002,12,25,0,1.72495,1.49601,2.28331
2002,12,26,0,1.47106,1.61202,2.18234
2002,12,27,0,1.16861,1.69401,2.05799
2002,12,28,0,0.82504,1.74413,1.92942
2002,12,29,0,0.45091,1.76347,1.82021
2002,12,30,0,0.05959,1.75174,1.75275
2002,12,31,0,-0.28849,1.71593,1.74001
2003,1,1,0,-0.67548,1.64272,1.77618
2003,1,2,0,-1.01749,1.53794,1.84406
2003,1,3,0,-1.31534,1.39432,1.91684
2003,1,4,0,-1.55519,1.21055,1.9708
2003,1,5,0,-1.72595,0.98894,1.98919
2003,1,6,0,-1.82075,0.73589,1.96384
2003,1,7,0,-1.83845,0.46114,1.89541
2003,1,8,0,-1.78434,0.17602,1.793
2003,1,9,0,-1.66976,-0.10843,1.67328
2003,1,10,0,-1.51064,-0.38253,1.55832
2003,1,11,0,-1.32528,-0.63811,1.4709
2003,1,12,0,-1.13217,-0.86783,1.42651
2003,1,13,0,-0.94805,-1.06465,1.42558
2003,1,14,0,-0.78644,-1.22154,1.45281
2003,1,15,0,-0.65678,-1.33184,1.48497
2003,1,16,0,-0.5639,-1.38997,1.5
2003,1,17,0,-0.50809,-1.39244,1.48224
2003,1,18,0,-0.48543,-1.33865,1.42395
2003,1,19,0,-0.48842,-1.23157,1.32488
2003,1,20,0,-0.50675,-1.07785,1.19103
2003,1,21,0,-0.52829,-0.88768,1.03299
2003,1,22,0,-0.54014,-0.67424,0.86392
2003,1,23,0,-0.52986,-0.45289,0.69704
2003,1,24,0,-0.48685,-0.24024,0.5429
2003,1,25,0,-0.40366,-0.05299,0.40713
2003,1,26,0,-0.27711,0.09333,0.2924
2003,1,27,0,-0.10884,0.18587,0.21539
2003,1,28,0,0.0947,0.21599,0.23584
2003,1,29,0,0.32323,0.18073,0.37032
2003,1,30,0,0.56425,0.084,0.57047
2003,1,31,0,0.80531,-0.06276,0.80775
2003,2,1,0,1.03633,-0.24078,1.06393
2003,2,2,0,1.2511,-0.4255,1.32147
2003,2,3,0,1.44655,-0.59049,1.56243
2003,2,4,0,1.61833,-0.71533,1.76937
2003,2,5,0,1.75496,-0.79553,1.92685
2003,2,6,0,1.8378,-0.84461,2.02259
2003,2,7,0,1.84969,-0.88049,2.04856
2003,2,8,0,1.78301,-0.90946,2.00156
2003,2,9,0,1.64116,-0.92367,1.88324
2003,2,10,0,1.43683,-0.90825,1.69983
2003,2,11,0,1.18958,-0.84886,1.4614
2003,2,12,0,0.92329,-0.73636,1.18097
2003,2,13,0,0.66324,-0.56889,0.87379
2003,2,14,0,0.43317,-0.35217,0.55826
2003,2,15,0,0.25248,-0.09842,0.27098
2003,2,16,0,0.13391,0.17564,0.22086
2003,2,17,0,0.08204,0.45149,0.45889
2003,2,18,0,0.09245,0.71188,0.71785
2003,2,19,0,0.15163,0.9438,0.9559
2003,2,20,0,0.23691,1.14131,1.16564
2003,2,21,0,0.31635,1.30723,1.34496
2003,2,22,0,0.3495,1.45155,1.49304
2003,2,23,0,0.29977,1.58084,1.60901
2003,2,24,0,0.17526,1.68253,1.69163
2003,2,25,0,0.04238,1.7391,1.73961
2003,2,26,0,-0.05363,1.75168,1.7525
2003,2,27,0,-0.12093,1.7277,1.73192
2003,2,28,0,-0.18451,1.67261,1.68275
2003,3,1,0,-0.20111,1.60094,1.61353
2003,3,2,0,-0.29696,1.50932,1.53826
2003,3,3,0,-0.42678,1.40876,1.47198
2003,3,4,0,-0.58402,1.30474,1.42948
2003,3,5,0,-0.75831,1.19972,1.41929
2003,3,6,0,-0.93736,1.09263,1.43961
2003,3,7,0,-1.10867,0.97897,1.47903
2003,3,8,0,-1.26098,0.85162,1.52162
2003,3,9,0,-1.38506,0.70175,1.55269
2003,3,10,0,-1.47377,0.51989,1.56278
2003,3,11,0,-1.52082,0.29661,1.54947
2003,3,12,0,-1.51744,0.02289,1.51761
2003,3,13,0,-1.44569,-0.30805,1.47815
2003,3,14,0,-1.27025,-0.68897,1.44506
2003,3,15,0,-0.95568,-1.06408,1.43024
2003,3,16,0,-0.54368,-1.33097,1.43773
2003,3,17,0,-0.14603,-1.45354,1.46085
2003,3,18,0,0.17538,-1.47384,1.48424
2003,3,19,0,0.41271,-1.4307,1.48903
2003,3,20,0,0.57187,-1.34101,1.45786
2003,3,21,0,0.65967,-1.20979,1.37795
2003,3,22,0,0.68317,-1.03807,1.2427
2003,3,23,0,0.65057,-0.82718,1.05236
2003,3,24,0,0.57144,-0.5809,0.81486
2003,3,25,0,0.45629,-0.30654,0.5497
2003,3,26,0,0.31569,-0.01519,0.31606
2003,3,27,0,0.15931,0.27872,0.32103
2003,3,28,0,-0.00496,0.55832,0.55834
2003,3,29,0,-0.17147,0.80556,0.82361
2003,3,30,0,-0.33692,1.00267,1.05776
2003,3,31,0,-0.49966,1.13345,1.23869
2003,4,1,0,-0.65932,1.18403,1.35522
2003,4,2,0,-0.81237,1.14501,1.40392
2003,4,3,0,-0.9519,1.01196,1.38931
2003,4,4,0,-1.06531,0.78759,1.32484
2003,4,5,0,-1.13538,0.48426,1.23434
2003,4,6,0,-1.14563,0.12509,1.15244
2003,4,7,0,-1.08835,-0.25925,1.1188
2003,4,8,0,-0.96914,-0.63784,1.1602
2003,4,9,0,-0.80404,-0.98606,1.27232
2003,4,10,0,-0.61263,-1.28736,1.42569
2003,4,11,0,-0.41261,-1.53166,1.58626
2003,4,12,0,-0.21725,-1.71344,1.72716
2003,4,13,0,-0.03512,-1.83059,1.83093
2003,4,14,0,0.12938,-1.88411,1.88854
2003,4,15,0,0.2752,-1.87796,1.89802
2003,4,16,0,0.40372,-1.8189,1.86316
2003,4,17,0,0.51797,-1.71605,1.79252
2003,4,18,0,0.62184,-1.58028,1.69823
2003,4,19,0,0.71948,-1.4234,1.5949
2003,4,20,0,0.81475,-1.25724,1.49816
2003,4,21,0,0.91097,-1.09274,1.42265
2003,4,22,0,1.0107,-0.93895,1.37954
2003,4,23,0,1.11581,-0.80224,1.37427
2003,4,24,0,1.2275,-0.68559,1.40598
2003,4,25,0,1.34636,-0.58828,1.46927
2003,4,26,0,1.47228,-0.50581,1.55674
2003,4,27,0,1.60427,-0.43043,1.66101
2003,4,28,0,1.74005,-0.35203,1.7753
2003,4,29,0,1.87565,-0.25955,1.89353
2003,4,30,0,2.00806,-0.12366,2.01186
2003,5,1,0,2.12227,0.03168,2.1225
2003,5,2,0,2.21267,0.22423,2.224
2003,5,3,0,2.27021,0.45352,2.31507
2003,5,4,0,2.28701,0.71521,2.39624
2003,5,5,0,2.25705,1.00208,2.46951
2003,5,6,0,2.17636,1.30494,2.5376
2003,5,7,0,2.04264,1.61326,2.60288
2003,5,8,0,1.85488,1.91557,2.66646
2003,5,9,0,1.61299,2.19954,2.72758
2003,5,10,0,1.31772,2.45204,2.78368
2003,5,11,0,0.97114,2.65923,2.83101
2003,5,12,0,0.57742,2.80683,2.86561
2003,5,13,0,0.14428,2.88067,2.88428
2003,5,14,0,-0.31554,2.86813,2.88543
2003,5,15,0,-0.78325,2.76052,2.86949
2003,5,16,0,-1.23477,2.55606,2.83868
2003,5,17,0,-1.64388,2.26248,2.79663
2003,5,18,0,-1.98734,1.89699,2.74738
2003,5,19,0,-2.24943,1.48324,2.69443
2003,5,20,0,-2.4237,1.04647,2.63996
2003,5,21,0,-2.5116,0.60936,2.58446
2003,5,22,0,-2.51975,0.18983,2.52689
2003,5,23,0,-2.45728,-0.19926,2.46535
2003,5,24,0,-2.33423,-0.54942,2.39802
2003,5,25,0,-2.1607,-0.85558,2.32392
2003,5,26,0,-1.94661,-1.1151,2.24338
2003,5,27,0,-1.70181,-1.32701,2.15803
2003,5,28,0,-1.43611,-1.49133,2.07038
2003,5,29,0,-1.15943,-1.6087,1.98298
2003,5,30,0,-0.88208,-1.68014,1.89761
2003,5,31,0,-0.61511,-1.70728,1.81471
2003,6,1,0,-0.37079,-1.6932,1.73333
2003,6,2,0,-0.16247,-1.64372,1.65173
2003,6,3,0,-0.00282,-1.56836,1.56836
2003,6,4,0,0.09947,-1.47955,1.48289
2003,6,5,0,0.14269,-1.38953,1.39684
2003,6,6,0,0.13246,-1.30686,1.31356
2003,6,7,0,0.07964,-1.23485,1.23742
2003,6,8,0,-0.0024,-1.17227,1.17227
2003,6,9,0,-0.09978,-1.11516,1.11962
2003,6,10,0,-0.19925,-1.05875,1.07733
2003,6,11,0,-0.2888,-0.99879,1.0397
2003,6,12,0,-0.35803,-0.93238,0.99876
2003,6,13,0,-0.39856,-0.85826,0.94629
2003,6,14,0,-0.40431,-0.77671,0.87564
2003,6,15,0,-0.37175,-0.6892,0.78307
2003,6,16,0,-0.30014,-0.5979,0.669
2003,6,17,0,-0.19145,-0.50518,0.54024
2003,6,18,0,-0.05026,-0.41317,0.41622
2003,6,19,0,0.1166,-0.32344,0.34382
2003,6,20,0,0.30054,-0.23681,0.38263
2003,6,21,0,0.49181,-0.15336,0.51517
2003,6,22,0,0.68023,-0.0724,0.68407
2003,6,23,0,0.85585,0.00728,0.85588
2003,6,24,0,1.00964,0.08726,1.0134
2003,6,25,0,1.134,0.16912,1.14654
2003,6,26,0,1.22323,0.25403,1.24933
2003,6,27,0,1.27385,0.34212,1.319
2003,6,28,0,1.28489,0.43194,1.35555
2003,6,29,0,1.25817,0.52013,1.36144
2003,6,30,0,1.19851,0.60181,1.34112
2003,7,1,0,1.11338,0.6719,1.30041
2003,7,2,0,1.01188,0.72689,1.2459
2003,7,3,0,0.90311,0.76589,1.18414
2003,7,4,0,0.79476,0.79051,1.12096
2003,7,5,0,0.69239,0.80371,1.06083
2003,7,6,0,0.59936,0.80848,1.00641
2003,7,7,0,0.51714,0.80699,0.95847
2003,7,8,0,0.44567,0.80036,0.91607
2003,7,9,0,0.38362,0.78888,0.87721
2003,7,10,0,0.32869,0.77247,0.83949
2003,7,11,0,0.27787,0.7512,0.80095
2003,7,12,0,0.22781,0.7257,0.76062
2003,7,13,0,0.17507,0.69732,0.71897
2003,7,14,0,0.11657,0.66815,0.67824
2003,7,15,0,0.04976,0.64064,0.64257
2003,7,16,0,-0.02705,0.61717,0.61776
2003,7,17,0,-0.11464,0.59944,0.6103
2003,7,18,0,-0.21284,0.58788,0.62522
2003,7,19,0,-0.32046,0.58131,0.6638
2003,7,20,0,-0.43534,0.57679,0.72263
2003,7,21,0,-0.5542,0.5698,0.79487
2003,7,22,0,-0.67263,0.55491,0.87198
2003,7,23,0,-0.78503,0.5265,0.94524
2003,7,24,0,-0.88486,0.47973,1.00653
2003,7,25,0,-0.96506,0.4112,1.04901
2003,7,26,0,-1.01882,0.31944,1.06773
2003,7,27,0,-1.04031,0.20506,1.06033
2003,7,28,0,-1.02544,0.07071,1.02787
2003,7,29,0,-0.97236,-0.07918,0.97558
2003,7,30,0,-0.88192,-0.23875,0.91367
2003,7,31,0,-0.7578,-0.40125,0.85747
2003,8,1,0,-0.60594,-0.56016,0.82519
2003,8,2,0,-0.43428,-0.709,0.83143
2003,8,3,0,-0.25186,-0.84197,0.87884
2003,8,4,0,-0.06788,-0.95408,0.95649
2003,8,5,0,0.1092,-1.0409,1.04661
2003,8,6,0,0.27227,-1.09856,1.1318
2003,8,7,0,0.41589,-1.12375,1.19824
2003,8,8,0,0.53641,-1.11398,1.2364
2003,8,9,0,0.63181,-1.06804,1.24093
2003,8,10,0,0.70146,-0.98642,1.2104
2003,8,11,0,0.74573,-0.87169,1.14715
2003,8,12,0,0.7657,-0.7286,1.05696
2003,8,13,0,0.76278,-0.56405,0.94868
2003,8,14,0,0.73847,-0.38671,0.8336
2003,8,15,0,0.69421,-0.20651,0.72427
2003,8,16,0,0.63144,-0.03398,0.63236
2003,8,17,0,0.55191,0.12043,0.5649
2003,8,18,0,0.45807,0.24717,0.5205
2003,8,19,0,0.35347,0.33844,0.48937
2003,8,20,0,0.24299,0.38903,0.45868
2003,8,21,0,0.13231,0.39713,0.41859
2003,8,22,0,0.02702,0.36472,0.36572
2003,8,23,0,-0.06849,0.29732,0.30511
2003,8,24,0,-0.15181,0.20331,0.25373
2003,8,25,0,-0.2225,0.0928,0.24108
2003,8,26,0,-0.28164,-0.02332,0.2826
2003,8,27,0,-0.33105,-0.13438,0.35728
2003,8,28,0,-0.37261,-0.23068,0.43823
2003,8,29,0,-0.40775,-0.30416,0.5087
2003,8,30,0,-0.43726,-0.3489,0.5594
2003,8,31,0,-0.46125,-0.36147,0.58601
2003,9,1,0,-0.47942,-0.34107,0.58836
2003,9,2,0,-0.49137,-0.2894,0.57026
2003,9,3,0,-0.49692,-0.21047,0.53966
2003,9,4,0,-0.4964,-0.11013,0.50847
2003,9,5,0,-0.49064,0.00438,0.49066
2003,9,6,0,-0.48089,0.12498,0.49687
2003,9,7,0,-0.46844,0.24323,0.52782
2003,9,8,0,-0.45421,0.35089,0.57396
2003,9,9,0,-0.43852,0.44044,0.62152
2003,9,10,0,-0.42097,0.50561,0.65792
2003,9,11,0,-0.40059,0.54187,0.67387
2003,9,12,0,-0.37616,0.54681,0.6637
2003,9,13,0,-0.34641,0.52037,0.62513
2003,9,14,0,-0.31023,0.46482,0.55884
2003,9,15,0,-0.26666,0.38458,0.46799
2003,9,16,0,-0.21484,0.28582,0.35756
2003,9,17,0,-0.1539,0.17594,0.23375
2003,9,18,0,-0.083,0.06297,0.10418
2003,9,19,0,-0.00139,-0.04502,0.04504
2003,9,20,0,0.09136,-0.1405,0.16759
2003,9,21,0,0.19517,-0.21702,0.29187
2003,9,22,0,0.30925,-0.26962,0.41028
2003,9,23,0,0.43198,-0.29519,0.5232
2003,9,24,0,0.5609,-0.29264,0.63265
2003,9,25,0,0.69276,-0.26287,0.74095
2003,9,26,0,0.8235,-0.20863,0.84952
2003,9,27,0,0.94836,-0.13409,0.9578
2003,9,28,0,1.06189,-0.04432,1.06282
2003,9,29,0,1.15806,0.05532,1.15938
2003,9,30,0,1.23043,0.15985,1.24077
2003,10,1,0,1.27241,0.2652,1.29976
2003,10,2,0,1.27756,0.36857,1.32966
2003,10,3,0,1.2399,0.46848,1.32545
2003,10,4,0,1.15416,0.56432,1.28474
2003,10,5,0,1.01589,0.65539,1.20895
2003,10,6,0,0.82152,0.73876,1.10484
2003,10,7,0,0.56905,0.80614,0.98675
2003,10,8,0,0.26136,0.84011,0.87983
2003,10,9,0,-0.08607,0.81579,0.82032
2003,10,10,0,-0.44028,0.71698,0.84137
2003,10,11,0,-0.76512,0.55586,0.94572
2003,10,12,0,-1.04239,0.36559,1.10464
2003,10,13,0,-1.27073,0.17688,1.28298
2003,10,14,0,-1.45301,0.0084,1.45303
2003,10,15,0,-1.58987,-0.13137,1.59529
2003,10,16,0,-1.67954,-0.24061,1.69668
2003,10,17,0,-1.71949,-0.32209,1.7494
2003,10,18,0,-1.7082,-0.38178,1.75034
2003,10,19,0,-1.64635,-0.42771,1.701
2003,10,20,0,-1.53761,-0.46887,1.60751
2003,10,21,0,-1.35963,-0.59789,1.48529
2003,10,22,0,-1.13737,-0.71765,1.34486
2003,10,23,0,-0.88133,-0.8262,1.20803
2003,10,24,0,-0.60324,-0.92172,1.10158
2003,10,25,0,-0.31532,-1.00256,1.05097
2003,10,26,0,-0.02953,-1.06718,1.06759
2003,10,27,0,0.24305,-1.11424,1.14044
2003,10,28,0,0.4929,-1.14263,1.24441
2003,10,29,0,0.71243,-1.15154,1.35411
2003,10,30,0,0.89631,-1.14054,1.45059
2003,10,31,0,1.04156,-1.1097,1.52193
2003,11,1,0,1.1475,-1.05962,1.5619
2003,11,2,0,1.21549,-0.99154,1.56862
2003,11,3,0,1.24863,-0.90734,1.54349
2003,11,4,0,1.25126,-0.80956,1.49031
2003,11,5,0,1.22849,-0.70132,1.41458
2003,11,6,0,1.18568,-0.58626,1.3227
2003,11,7,0,1.12804,-0.46838,1.22141
2003,11,8,0,1.06018,-0.3519,1.11706
2003,11,9,0,0.98595,-0.24098,1.01497
2003,11,10,0,0.90822,-0.13955,0.91888
2003,11,11,0,0.82559,-0.1104,0.83294
2003,11,12,0,0.74849,-0.0841,0.7532
2003,11,13,0,0.67474,-0.06307,0.67768
2003,11,14,0,0.60166,-0.04834,0.6036
2003,11,15,0,0.52691,-0.03943,0.52838
2003,11,16,0,0.44921,-0.03458,0.45054
2003,11,17,0,0.36897,-0.03125,0.3703
2003,11,18,0,0.28863,-0.02711,0.2899
2003,11,19,0,0.21272,-0.0222,0.21387
2003,11,20,0,0.14772,-0.02322,0.14953
2003,11,21,0,0.09998,-0.03896,0.10731
2003,11,22,0,0.06983,-0.06193,0.09334
2003,11,23,0,0.05418,-0.07667,0.09388
2003,11,24,0,0.05319,-0.07361,0.09082
2003,11,25,0,0.0699,-0.04901,0.08537
2003,11,26,0,0.10816,-0.00288,0.10819
2003,11,27,0,0.17107,0.0623,0.18206
2003,11,28,0,0.25999,0.14245,0.29646
2003,11,29,0,0.37385,0.23286,0.44044
2003,11,30,0,0.50894,0.32909,0.60607
2003,12,1,0,0.65895,0.42776,0.78562
2003,12,2,0,0.81539,0.5272,0.97098
2003,12,3,0,0.96815,0.62781,1.15389
2003,12,4,0,1.10632,0.73198,1.32655
2003,12,5,0,1.21882,0.84379,1.48239
2003,12,6,0,1.29507,0.9682,1.61698
2003,12,7,0,1.32542,1.11008,1.72888
2003,12,8,0,1.30127,1.27286,1.8203
2003,12,9,0,1.21518,1.45706,1.89729
2003,12,10,0,1.06119,1.65884,1.96923
2003,12,11,0,0.83572,1.8688,2.04715
2003,12,12,0,0.53964,2.07187,2.14099
2003,12,13,0,0.18097,2.24931,2.25658
2003,12,14,0,-0.22339,2.38297,2.39342
2003,12,15,0,-0.649,2.46033,2.54449
2003,12,16,0,-1.06861,2.47705,2.69772
2003,12,17,0,-1.45744,2.43568,2.83843
2003,12,18,0,-1.79638,2.34219,2.95175
2003,12,19,0,-2.07249,2.20286,3.02453
2003,12,20,0,-2.27845,2.02289,3.04687
2003,12,21,0,-2.41169,1.80615,3.01304
2003,12,22,0,-2.47375,1.55571,2.92227
2003,12,23,0,-2.46975,1.27442,2.77918
2003,12,24,0,-2.40778,0.96556,2.59417
2003,12,25,0,-2.29811,0.63333,2.38378
2003,12,26,0,-2.15227,0.28318,2.17082
2003,12,27,0,-1.98207,-0.07798,1.98361
2003,12,28,0,-1.79861,-0.44189,1.8521
2003,12,29,0,-1.61148,-0.79914,1.79874
2003,12,30,0,-1.42829,-1.13978,1.82732
2003,12,31,0,-1.29079,-1.42116,1.91986
2004,1,1,0,-1.13171,-1.70603,2.04727
2004,1,2,0,-0.99798,-1.94168,2.18313
2004,1,3,0,-0.87574,-2.13288,2.30566
2004,1,4,0,-0.76204,-2.27747,2.40158
2004,1,5,0,-0.6541,-2.37608,2.46446
2004,1,6,0,-0.5495,-2.43196,2.49327
2004,1,7,0,-0.44578,-2.45076,2.49097
2004,1,8,0,-0.33978,-2.43997,2.46351
2004,1,9,0,-0.22709,-2.40827,2.41895
2004,1,10,0,-0.10234,-2.36472,2.36694
2004,1,11,0,0.03991,-2.31801,2.31836
2004,1,12,0,0.20394,-2.27559,2.28471
2004,1,13,0,0.39183,-2.24297,2.27694
2004,1,14,0,0.60274,-2.22303,2.30329
2004,1,15,0,0.83285,-2.2156,2.36696
2004,1,16,0,1.07558,-2.21729,2.4644
2004,1,17,0,1.32226,-2.2217,2.58541
2004,1,18,0,1.56288,-2.21998,2.71495
2004,1,19,0,1.7869,-2.20182,2.83567
2004,1,20,0,1.98411,-2.1564,2.93031
2004,1,21,0,2.14544,-2.07354,2.9837
2004,1,22,0,2.26375,-1.9446,2.9843
2004,1,23,0,2.33443,-1.76323,2.9255
2004,1,24,0,2.35585,-1.52583,2.80681
2004,1,25,0,2.32931,-1.23198,2.63504
2004,1,26,0,2.25866,-0.88462,2.42571
2004,1,27,0,2.14932,-0.49027,2.20453
2004,1,28,0,2.00709,-0.05889,2.00795
2004,1,29,0,1.83651,0.39628,1.87878
2004,1,30,0,1.63939,0.85921,1.8509
2004,1,31,0,1.41344,1.31155,1.9282
2004,2,1,0,1.15166,1.73275,2.08057
2004,2,2,0,0.84391,2.09959,2.26285
2004,2,3,0,0.48273,2.38524,2.43359
2004,2,4,0,0.07571,2.56111,2.56223
2004,2,5,0,-0.34218,2.60696,2.62932
2004,2,6,0,-0.71566,2.52564,2.62508
2004,2,7,0,-0.99927,2.34373,2.54786
2004,2,8,0,-1.17824,2.09424,2.40294
2004,2,9,0,-1.26306,1.80288,2.20129
2004,2,10,0,-1.2749,1.48687,1.95861
2004,2,11,0,-1.23591,1.15901,1.69434
2004,2,12,0,-1.16503,0.83073,1.43088
2004,2,13,0,-1.07666,0.51327,1.19275
2004,2,14,0,-0.98052,0.21746,1.00435
2004,2,15,0,-0.88197,-0.04714,0.88323
2004,2,16,0,-0.78269,-0.27313,0.82898
2004,2,17,0,-0.68151,-0.45599,0.81999
2004,2,18,0,-0.57531,-0.59434,0.82717
2004,2,19,0,-0.4597,-0.68965,0.82882
2004,2,20,0,-0.32957,-0.74512,0.81475
2004,2,21,0,-0.17937,-0.7633,0.78409
2004,2,22,0,-0.00508,-0.74211,0.74213
2004,2,23,0,0.18695,-0.67197,0.69749
2004,2,24,0,0.36594,-0.5487,0.65954
2004,2,25,0,0.49573,-0.39755,0.63545
2004,2,26,0,0.57442,-0.25344,0.62784
2004,2,27,0,0.6206,-0.13123,0.63432
2004,2,28,0,0.64868,-0.03079,0.64941
2004,2,29,0,0.66531,0.05324,0.66744
2004,3,1,0,0.67276,0.12809,0.68484
2004,3,2,0,0.67193,0.20088,0.70131
2004,3,3,0,0.6634,0.28156,0.72067
2004,3,4,0,0.64869,0.37852,0.75105
2004,3,5,0,0.63034,0.49885,0.80386
2004,3,6,0,0.61157,0.64735,0.89055
2004,3,7,0,0.5954,0.82571,1.01799
2004,3,8,0,0.58342,1.03217,1.18565
2004,3,9,0,0.57424,1.26155,1.38609
2004,3,10,0,0.56145,1.50579,1.60706
2004,3,11,0,0.53098,1.75487,1.83344
2004,3,12,0,0.45721,1.99701,2.04868
2004,3,13,0,0.29868,2.21599,2.23603
2004,3,14,0,0.00459,2.37962,2.37963
2004,3,15,0,-0.42721,2.42845,2.46574
2004,3,16,0,-0.8667,2.32778,2.48389
2004,3,17,0,-1.16992,2.12754,2.42799
2004,3,18,0,-1.32175,1.87919,2.29748
2004,3,19,0,-1.36655,1.59268,2.09859
2004,3,20,0,-1.34589,1.26397,1.84636
2004,3,21,0,-1.28988,0.89228,1.56843
2004,3,22,0,-1.21998,0.48373,1.31238
2004,3,23,0,-1.15121,0.05069,1.15233
2004,3,24,0,-1.09303,-0.39,1.16052
2004,3,25,0,-1.04976,-0.8191,1.33151
2004,3,26,0,-1.02102,-1.21705,1.58861
2004,3,27,0,-1.0025,-1.56594,1.85935
2004,3,28,0,-0.98703,-1.85108,2.09779
2004,3,29,0,-0.96594,-2.06216,2.27718
2004,3,30,0,-0.93069,-2.19375,2.38301
2004,3,31,0,-0.87447,-2.24539,2.40966
2004,4,1,0,-0.79211,-2.22148,2.35848
2004,4,2,0,-0.68651,-2.12908,2.23702
2004,4,3,0,-0.56514,-1.97838,2.05752
2004,4,4,0,-0.4418,-1.78212,1.83607
2004,4,5,0,-0.33486,-1.55589,1.59152
2004,4,6,0,-0.26254,-1.31875,1.34463
2004,4,7,0,-0.2361,-1.09219,1.11742
2004,4,8,0,-0.25542,-0.89686,0.93252
2004,4,9,0,-0.31033,-0.74873,0.8105
2004,4,10,0,-0.38582,-0.65714,0.76203
2004,4,11,0,-0.46663,-0.62495,0.77994
2004,4,12,0,-0.53976,-0.64947,0.84448
2004,4,13,0,-0.59495,-0.72355,0.93674
2004,4,14,0,-0.62447,-0.83662,1.04398
2004,4,15,0,-0.62266,-0.97565,1.15741
2004,4,16,0,-0.58555,-1.12627,1.26939
2004,4,17,0,-0.51052,-1.27376,1.37226
2004,4,18,0,-0.39626,-1.40402,1.45886
2004,4,19,0,-0.24266,-1.50438,1.52383
2004,4,20,0,-0.05101,-1.56424,1.56507
2004,4,21,0,0.17583,-1.57543,1.58521
2004,4,22,0,0.43316,-1.53244,1.59249
2004,4,23,0,0.71422,-1.43244,1.60063
2004,4,24,0,1.00997,-1.27522,1.62672
2004,4,25,0,1.30918,-1.063,1.68639
2004,4,26,0,1.59863,-0.80042,1.78782
2004,4,27,0,1.86377,-0.49448,1.92824
2004,4,28,0,2.08956,-0.15468,2.09528
2004,4,29,0,2.26189,0.20685,2.27133
2004,4,30,0,2.36602,0.59224,2.43902
2004,5,1,0,2.39538,0.9581,2.57989
2004,5,2,0,2.34725,1.29637,2.68145
2004,5,3,0,2.2251,1.58938,2.73445
2004,5,4,0,2.03733,1.82294,2.73383
2004,5,5,0,1.79547,1.98782,2.67865
2004,5,6,0,1.51235,2.08018,2.57184
2004,5,7,0,1.20084,2.10085,2.41983
2004,5,8,0,0.87323,2.05421,2.23211
2004,5,9,0,0.54118,1.94687,2.02069
2004,5,10,0,0.21576,1.78663,1.79961
2004,5,11,0,-0.09232,1.58175,1.58444
2004,5,12,0,-0.37264,1.34063,1.39146
2004,5,13,0,-0.61512,1.07195,1.2359
2004,5,14,0,-0.81049,0.78521,1.12847
2004,5,15,0,-0.95118,0.49155,1.07069
2004,5,16,0,-1.0329,0.2041,1.05288
2004,5,17,0,-1.0561,-0.06267,1.05796
2004,5,18,0,-1.02654,-0.29484,1.06804
2004,5,19,0,-0.95424,-0.48133,1.06876
2004,5,20,0,-0.85123,-0.61544,1.05041
2004,5,21,0,-0.72918,-0.69499,1.00733
2004,5,22,0,-0.59794,-0.72146,0.93703
2004,5,23,0,-0.46502,-0.69887,0.83944
2004,5,24,0,-0.33576,-0.63282,0.71637
2004,5,25,0,-0.21377,-0.52971,0.57122
2004,5,26,0,-0.10148,-0.39631,0.40909
2004,5,27,0,-0.00076,-0.23934,0.23934
2004,5,28,0,0.0865,-0.06524,0.10834
2004,5,29,0,0.15781,0.11997,0.19824
2004,5,30,0,0.20973,0.31057,0.37475
2004,5,31,0,0.23797,0.50073,0.5544
2004,6,1,0,0.23845,0.6839,0.72427
2004,6,2,0,0.20907,0.85234,0.87761
2004,6,3,0,0.1517,0.99752,1.00899
2004,6,4,0,0.0724,1.11152,1.11387
2004,6,5,0,-0.02076,1.18857,1.18875
2004,6,6,0,-0.12088,1.22567,1.23162
2004,6,7,0,-0.22417,1.22214,1.24253
2004,6,8,0,-0.32999,1.17901,1.22432
2004,6,9,0,-0.43986,1.09863,1.18341
2004,6,10,0,-0.55612,0.98445,1.13067
2004,6,11,0,-0.68085,0.84092,1.08199
2004,6,12,0,-0.81502,0.67311,1.05704
2004,6,13,0,-0.9579,0.4865,1.07437
2004,6,14,0,-1.10675,0.28652,1.14323
2004,6,15,0,-1.25668,0.07833,1.25912
2004,6,16,0,-1.40085,-0.13338,1.40719
2004,6,17,0,-1.53082,-0.34446,1.5691
2004,6,18,0,-1.63708,-0.55118,1.72738
2004,6,19,0,-1.70979,-0.75009,1.86709
2004,6,20,0,-1.73954,-0.93783,1.97624
2004,6,21,0,-1.71813,-1.11092,2.046
2004,6,22,0,-1.63936,-1.26563,2.07107
2004,6,23,0,-1.49962,-1.3979,2.05012
2004,6,24,0,-1.29846,-1.50319,1.98634
2004,6,25,0,-1.03897,-1.57648,1.88806
2004,6,26,0,-0.72814,-1.6124,1.76919
2004,6,27,0,-0.37711,-1.60557,1.64926
2004,6,28,0,-0.00119,-1.55175,1.55175
2004,6,29,0,0.3807,-1.44969,1.49885
2004,6,30,0,0.74782,-1.30356,1.50283
2004,7,1,0,1.08063,-1.1244,1.5595
2004,7,2,0,1.36421,-0.92925,1.65062
2004,7,3,0,1.59006,-0.73752,1.75278
2004,7,4,0,1.75571,-0.56655,1.84486
2004,7,5,0,1.86267,-0.42845,1.91132
2004,7,6,0,1.91444,-0.32892,1.94249
2004,7,7,0,1.9153,-0.26777,1.93393
2004,7,8,0,1.87005,-0.24016,1.88541
2004,7,9,0,1.78414,-0.2382,1.79997
2004,7,10,0,1.66401,-0.25231,1.68303
2004,7,11,0,1.51735,-0.27251,1.54162
2004,7,12,0,1.35295,-0.28937,1.38355
2004,7,13,0,1.18045,-0.29462,1.21666
2004,7,14,0,1.00966,-0.28155,1.04818
2004,7,15,0,0.84973,-0.24515,0.88439
2004,7,16,0,0.70825,-0.1821,0.73128
2004,7,17,0,0.59025,-0.09076,0.59719
2004,7,18,0,0.49763,0.02892,0.49847
2004,7,19,0,0.4287,0.17532,0.46316
2004,7,20,0,0.37847,0.34504,0.51215
2004,7,21,0,0.33938,0.53279,0.6317
2004,7,22,0,0.30262,0.73131,0.79145
2004,7,23,0,0.25967,0.93164,0.96715
2004,7,24,0,0.20381,1.12367,1.142
2004,7,25,0,0.13102,1.2971,1.3037
2004,7,26,0,0.04019,1.44259,1.44315
2004,7,27,0,-0.06729,1.55276,1.55422
2004,7,28,0,-0.18829,1.62289,1.63378
2004,7,29,0,-0.3187,1.65119,1.68167
2004,7,30,0,-0.45405,1.63876,1.7005
2004,7,31,0,-0.58973,1.58924,1.69513
2004,8,1,0,-0.7228,1.50818,1.67243
2004,8,2,0,-0.85053,1.40253,1.64028
2004,8,3,0,-0.97114,1.27985,1.60659
2004,8,4,0,-1.08359,1.14752,1.57828
2004,8,5,0,-1.18728,1.01215,1.56015
2004,8,6,0,-1.28161,0.87902,1.55409
2004,8,7,0,-1.36569,0.75179,1.55894
2004,8,8,0,-1.4382,0.63223,1.57103
2004,8,9,0,-1.49739,0.52021,1.58518
2004,8,10,0,-1.54117,0.41381,1.59576
2004,8,11,0,-1.56725,0.30955,1.59753
2004,8,12,0,-1.57327,0.20287,1.58629
2004,8,13,0,-1.55677,0.0887,1.5593
2004,8,14,0,-1.51529,-0.03786,1.51576
2004,8,15,0,-1.44619,-0.18069,1.45744
2004,8,16,0,-1.34674,-0.34184,1.38945
2004,8,17,0,-1.2142,-0.52064,1.32112
2004,8,18,0,-1.04642,-0.71323,1.26637
2004,8,19,0,-0.8427,-0.91249,1.24208
2004,8,20,0,-0.60499,-1.10877,1.26309
2004,8,21,0,-0.33886,-1.29136,1.33508
2004,8,22,0,-0.05359,-1.45025,1.45124
2004,8,23,0,0.23867,-1.57741,1.59536
2004,8,24,0,0.52442,-1.66725,1.74778
2004,8,25,0,0.79045,-1.71635,1.88962
2004,8,26,0,1.02507,-1.7229,2.00478
2004,8,27,0,1.21888,-1.68632,2.08071
2004,8,28,0,1.36512,-1.60707,2.10861
2004,8,29,0,1.45975,-1.48686,2.08365
2004,8,30,0,1.5013,-1.32879,2.00489
2004,8,31,0,1.4906,-1.13768,1.87515
2004,9,1,0,1.4304,-0.92016,1.70081
2004,9,2,0,1.32514,-0.68476,1.49161
2004,9,3,0,1.18062,-0.44171,1.26054
2004,9,4,0,1.00409,-0.20254,1.02431
2004,9,5,0,0.80435,0.02064,0.80461
2004,9,6,0,0.59194,0.21613,0.63016
2004,9,7,0,0.37917,0.37394,0.53255
2004,9,8,0,0.17979,0.48706,0.51919
2004,9,9,0,0.00804,0.55238,0.55243
2004,9,10,0,-0.1227,0.57113,0.58416
2004,9,11,0,-0.20141,0.54866,0.58446
2004,9,12,0,-0.22082,0.49358,0.54072
2004,9,13,0,-0.1783,0.41667,0.45322
2004,9,14,0,-0.07622,0.32976,0.33845
2004,9,15,0,0.07823,0.24462,0.25683
2004,9,16,0,0.27361,0.1721,0.32323
2004,9,17,0,0.49504,0.12129,0.50968
2004,9,18,0,0.72533,0.09882,0.73203
2004,9,19,0,0.94607,0.10833,0.95225
2004,9,20,0,1.13898,0.15015,1.14884
2004,9,21,0,1.28719,0.22136,1.30608
2004,9,22,0,1.37641,0.31632,1.41229
2004,9,23,0,1.39592,0.4276,1.45994
2004,9,24,0,1.33923,0.5471,1.44667
2004,9,25,0,1.20436,0.66706,1.37675
2004,9,26,0,0.99375,0.78081,1.2638
2004,9,27,0,0.71403,0.88304,1.1356
2004,9,28,0,0.37548,0.96973,1.03989
2004,9,29,0,-0.00861,1.03774,1.03778
2004,9,30,0,-0.42275,1.08418,1.16368
2004,10,1,0,-0.85013,1.10574,1.39477
2004,10,2,0,-1.27357,1.09796,1.68152
2004,10,3,0,-1.67639,1.05454,1.98048
2004,10,4,0,-2.04295,0.96661,2.26008
2004,10,5,0,-2.35864,0.82228,2.49786
2004,10,6,0,-2.6086,0.60682,2.67825
2004,10,7,0,-2.77466,0.3057,2.79145
2004,10,8,0,-2.83169,-0.08473,2.83296
2004,10,9,0,-2.75175,-0.53546,2.80336
2004,10,10,0,-2.52728,-0.97265,2.70799
2004,10,11,0,-2.19217,-1.31556,2.55662
2004,10,12,0,-1.79994,-1.53123,2.36314
2004,10,13,0,-1.38983,-1.63382,2.14499
2004,10,14,0,-0.98187,-1.65302,1.92264
2004,10,15,0,-0.5861,-1.61549,1.71853
2004,10,16,0,-0.20924,-1.54056,1.55471
2004,10,17,0,0.14308,-1.44106,1.44815
2004,10,18,0,0.4661,-1.32506,1.40465
2004,10,19,0,0.75641,-1.19746,1.41635
2004,10,20,0,1.0123,-1.0613,1.46666
2004,10,21,0,1.28901,-0.84687,1.54232
2004,10,22,0,1.51104,-0.598,1.62507
2004,10,23,0,1.6762,-0.32464,1.70735
2004,10,24,0,1.78477,-0.03812,1.78518
2004,10,25,0,1.8392,0.24937,1.85603
2004,10,26,0,1.84369,0.52544,1.9171
2004,10,27,0,1.80379,0.77817,1.96449
2004,10,28,0,1.72599,0.99675,1.99313
2004,10,29,0,1.61732,1.17218,1.99743
2004,10,30,0,1.485,1.29777,1.97216
2004,10,31,0,1.3362,1.36954,1.9134
2004,11,1,0,1.17776,1.38651,1.81921
2004,11,2,0,1.01605,1.3507,1.69019
2004,11,3,0,0.85685,1.26699,1.52953
2004,11,4,0,0.70525,1.14279,1.34289
2004,11,5,0,0.5656,0.9875,1.13801
2004,11,6,0,0.44141,0.81188,0.92412
2004,11,7,0,0.33534,0.6273,0.7113
2004,11,8,0,0.24906,0.44496,0.50993
2004,11,9,0,0.18329,0.27521,0.33066
2004,11,10,0,0.13766,0.12681,0.18717
2004,11,11,0,0.10876,-0.00227,0.10878
2004,11,12,0,0.08221,-0.09722,0.12732
2004,11,13,0,0.06253,-0.15806,0.16998
2004,11,14,0,0.05282,-0.18694,0.19426
2004,11,15,0,0.05405,-0.18742,0.19506
2004,11,16,0,0.06466,-0.16356,0.17588
2004,11,17,0,0.08017,-0.11898,0.14347
2004,11,18,0,0.09214,-0.0563,0.10798
2004,11,19,0,0.08565,0.02122,0.08824
2004,11,20,0,0.03972,0.10042,0.10799
2004,11,21,0,-0.05033,0.15481,0.16279
2004,11,22,0,-0.16504,0.17539,0.24083
2004,11,23,0,-0.29355,0.17175,0.34011
2004,11,24,0,-0.43508,0.15251,0.46103
2004,11,25,0,-0.5895,0.12354,0.6023
2004,11,26,0,-0.75452,0.08966,0.75982
2004,11,27,0,-0.92525,0.05482,0.92687
2004,11,28,0,-1.09454,0.02163,1.09475
2004,11,29,0,-1.25364,-0.00914,1.25367
2004,11,30,0,-1.39317,-0.03893,1.39371
2004,12,1,0,-1.50416,-0.07126,1.50585
2004,12,2,0,-1.57907,-0.11135,1.58299
2004,12,3,0,-1.61246,-0.16526,1.62091
2004,12,4,0,-1.60147,-0.23888,1.61919
2004,12,5,0,-1.54573,-0.33684,1.58201
2004,12,6,0,-1.44693,-0.4614,1.51872
2004,12,7,0,-1.30814,-0.61157,1.44404
2004,12,8,0,-1.13297,-0.78253,1.37695
2004,12,9,0,-0.925,-0.96537,1.337
2004,12,10,0,-0.68771,-1.14723,1.33757
2004,12,11,0,-0.42536,-1.31208,1.3793
2004,12,12,0,-0.14469,-1.44238,1.44962
2004,12,13,0,0.14323,-1.52201,1.52873
2004,12,14,0,0.42261,-1.53978,1.59672
2004,12,15,0,0.67545,-1.49195,1.63772
2004,12,16,0,0.8861,-1.38207,1.64173
2004,12,17,0,1.04494,-1.21824,1.605
2004,12,18,0,1.14948,-1.01014,1.53026
2004,12,19,0,1.20314,-0.7673,1.42699
2004,12,20,0,1.21319,-0.49888,1.31176
2004,12,21,0,1.1888,-0.21409,1.20792
2004,12,22,0,1.13956,0.07736,1.14218
2004,12,23,0,1.07437,0.36517,1.13474
2004,12,24,0,1.0007,0.6387,1.18715
2004,12,25,0,0.92403,0.88754,1.28123
2004,12,26,0,0.84765,1.10231,1.39054
2004,12,27,0,0.77265,1.27543,1.49121
2004,12,28,0,0.69813,1.40179,1.56602
2004,12,29,0,0.62171,1.47921,1.60455
2004,12,30,0,0.54017,1.50845,1.60225
2004,12,31,0,0.4887,1.48096,1.55951
2005,1,1,0,0.38262,1.43164,1.48188
2005,1,2,0,0.27219,1.34686,1.37409
2005,1,3,0,0.14577,1.23942,1.24797
2005,1,4,0,0.00552,1.11704,1.11705
2005,1,5,0,-0.14416,0.98693,0.9974
2005,1,6,0,-0.29717,0.85582,0.90595
2005,1,7,0,-0.44647,0.73001,0.85572
2005,1,8,0,-0.58488,0.6152,0.84886
2005,1,9,0,-0.7056,0.51599,0.87414
2005,1,10,0,-0.80254,0.43519,0.91294
2005,1,11,0,-0.87061,0.37326,0.94726
2005,1,12,0,-0.90601,0.32811,0.9636
2005,1,13,0,-0.90665,0.2954,0.95356
2005,1,14,0,-0.87247,0.26925,0.91308
2005,1,15,0,-0.8057,0.2433,0.84163
2005,1,16,0,-0.71073,0.21174,0.7416
2005,1,17,0,-0.59393,0.17028,0.61786
2005,1,18,0,-0.46309,0.11684,0.47761
2005,1,19,0,-0.32691,0.0519,0.331
2005,1,20,0,-0.1943,-0.02157,0.19549
2005,1,21,0,-0.0738,-0.09852,0.12309
2005,1,22,0,0.02707,-0.17232,0.17443
2005,1,23,0,0.10241,-0.23559,0.25689
2005,1,24,0,0.1485,-0.28095,0.31778
2005,1,25,0,0.16417,-0.30181,0.34357
2005,1,26,0,0.151,-0.29319,0.32979
2005,1,27,0,0.11308,-0.25252,0.27669
2005,1,28,0,0.0565,-0.18023,0.18888
2005,1,29,0,-0.01163,-0.08019,0.08103
2005,1,30,0,-0.08432,0.04019,0.09341
2005,1,31,0,-0.15586,0.17027,0.23083
2005,2,1,0,-0.22263,0.29689,0.37109
2005,2,2,0,-0.28306,0.4056,0.4946
2005,2,3,0,-0.33587,0.48251,0.5879
2005,2,4,0,-0.37654,0.51724,0.63978
2005,2,5,0,-0.39427,0.50627,0.64169
2005,2,6,0,-0.37488,0.45346,0.58836
2005,2,7,0,-0.30919,0.3649,0.47828
2005,2,8,0,-0.19837,0.24337,0.31398
2005,2,9,0,-0.0526,0.0883,0.10278
2005,2,10,0,0.11268,-0.10086,0.15123
2005,2,11,0,0.27993,-0.32153,0.42631
2005,2,12,0,0.43193,-0.5666,0.71246
2005,2,13,0,0.55371,-0.82445,0.99313
2005,2,14,0,0.63422,-1.07986,1.25233
2005,2,15,0,0.66742,-1.31559,1.47521
2005,2,16,0,0.65297,-1.51432,1.6491
2005,2,17,0,0.5962,-1.66059,1.76437
2005,2,18,0,0.50748,-1.74275,1.81514
2005,2,19,0,0.40119,-1.75449,1.79977
2005,2,20,0,0.29402,-1.69588,1.72118
2005,2,21,0,0.20257,-1.57404,1.58702
2005,2,22,0,0.13777,-1.40314,1.40989
2005,2,23,0,0.09149,-1.20445,1.20792
2005,2,24,0,0.02331,-1.00594,1.00621
2005,2,25,0,-0.10763,-0.83202,0.83896
2005,2,26,0,-0.29435,-0.6855,0.74603
2005,2,27,0,-0.50224,-0.55548,0.74887
2005,2,28,0,-0.70114,-0.43457,0.82489
2005,3,1,0,-0.88665,-0.29352,0.93397
2005,3,2,0,-1.01726,-0.18103,1.03325
2005,3,3,0,-1.10581,-0.08968,1.10944
2005,3,4,0,-1.15498,-0.02436,1.15523
2005,3,5,0,-1.16985,0.01258,1.16991
2005,3,6,0,-1.15643,0.02156,1.15663
2005,3,7,0,-1.12042,0.00547,1.12044
2005,3,8,0,-1.06619,-0.03097,1.06664
2005,3,9,0,-0.99605,-0.08212,0.99943
2005,3,10,0,-0.90997,-0.14237,0.92104
2005,3,11,0,-0.80536,-0.20672,0.83147
2005,3,12,0,-0.6771,-0.27066,0.7292
2005,3,13,0,-0.51764,-0.32784,0.61272
2005,3,14,0,-0.31973,-0.36285,0.48362
2005,3,15,0,-0.09003,-0.34325,0.35486
2005,3,16,0,0.13706,-0.24191,0.27803
2005,3,17,0,0.33516,-0.07565,0.34359
2005,3,18,0,0.51319,0.12136,0.52735
2005,3,19,0,0.68923,0.32692,0.76283
2005,3,20,0,0.87456,0.52792,1.02155
2005,3,21,0,1.07312,0.71493,1.28946
2005,3,22,0,1.28342,0.88056,1.55645
2005,3,23,0,1.50008,1.01961,1.81379
2005,3,24,0,1.71496,1.12957,2.05354
2005,3,25,0,1.91824,1.211,2.26851
2005,3,26,0,2.09937,1.26769,2.45243
2005,3,27,0,2.24796,1.30647,2.60004
2005,3,28,0,2.35441,1.33657,2.70733
2005,3,29,0,2.41026,1.3687,2.77177
2005,3,30,0,2.40829,1.41383,2.79263
2005,3,31,0,2.34213,1.48154,2.77138
2005,4,1,0,2.20464,1.57977,2.71222
2005,4,2,0,1.9906,1.70763,2.62269
2005,4,3,0,1.6945,1.85739,2.51421
2005,4,4,0,1.31386,2.01117,2.40229
2005,4,5,0,0.85377,2.14194,2.30583
2005,4,6,0,0.33136,2.21994,2.24453
2005,4,7,0,-0.22493,2.22286,2.23421
2005,4,8,0,-0.78281,2.14286,2.28137
2005,4,9,0,-1.31461,1.98484,2.38072
2005,4,10,0,-1.8005,1.75969,2.5176
2005,4,11,0,-2.22709,1.47864,2.67325
2005,4,12,0,-2.58474,1.15123,2.82952
2005,4,13,0,-2.8659,0.78558,2.97162
2005,4,14,0,-3.06443,0.38939,3.08907
2005,4,15,0,-3.1757,-0.0292,3.17583
2005,4,16,0,-3.19681,-0.46096,3.22988
2005,4,17,0,-3.12697,-0.89543,3.25265
2005,4,18,0,-2.96764,-1.32102,3.24838
2005,4,19,0,-2.72267,-1.72537,3.22333
2005,4,20,0,-2.39826,-2.09579,3.18497
2005,4,21,0,-2.00285,-2.41972,3.14109
2005,4,22,0,-1.54697,-2.68526,3.09899
2005,4,23,0,-1.04313,-2.88151,3.06451
2005,4,24,0,-0.50574,-2.99907,3.04142
2005,4,25,0,0.0489,-3.03048,3.03088
2005,4,26,0,0.60255,-2.97079,3.03128
2005,4,27,0,1.13521,-2.81831,3.03835
2005,4,28,0,1.62543,-2.57562,3.04562
2005,4,29,0,2.05128,-2.25059,3.04514
2005,4,30,0,2.40265,-1.84219,3.0276
2005,5,1,0,2.64124,-1.39162,2.98542
2005,5,2,0,2.76214,-0.91674,2.91029
2005,5,3,0,2.7604,-0.44624,2.79623
2005,5,4,0,2.63975,-0.00759,2.63976
2005,5,5,0,2.41146,0.37624,2.44063
2005,5,6,0,2.09214,0.68864,2.20256
2005,5,7,0,1.70152,0.91951,1.93408
2005,5,8,0,1.26081,1.06447,1.65007
2005,5,9,0,0.79171,1.12355,1.37447
2005,5,10,0,0.31589,1.09999,1.14445
2005,5,11,0,-0.1452,0.99945,1.00995
2005,5,12,0,-0.5706,0.82972,1.00698
2005,5,13,0,-0.94035,0.60106,1.11603
2005,5,14,0,-1.23659,0.32712,1.27912
2005,5,15,0,-1.44546,0.02585,1.44569
2005,5,16,0,-1.55966,-0.28045,1.58467
2005,5,17,0,-1.5807,-0.56705,1.67934
2005,5,18,0,-1.5195,-0.8107,1.72224
2005,5,19,0,-1.39423,-0.99397,1.71227
2005,5,20,0,-1.22655,-1.10789,1.65283
2005,5,21,0,-1.03775,-1.15196,1.55047
2005,5,22,0,-0.84641,-1.13217,1.41358
2005,5,23,0,-0.66738,-1.05855,1.25137
2005,5,24,0,-0.51172,-0.943,1.0729
2005,5,25,0,-0.38697,-0.79777,0.88667
2005,5,26,0,-0.29739,-0.63456,0.70079
2005,5,27,0,-0.24418,-0.46418,0.52449
2005,5,28,0,-0.22569,-0.29636,0.37252
2005,5,29,0,-0.23755,-0.13978,0.27563
2005,5,30,0,-0.27284,-0.00186,0.27284
2005,5,31,0,-0.32216,0.11172,0.34099
2005,6,1,0,-0.3739,0.19815,0.42316
2005,6,2,0,-0.41475,0.25892,0.48893
2005,6,3,0,-0.43119,0.30064,0.52565
2005,6,4,0,-0.41176,0.33398,0.53018
2005,6,5,0,-0.34929,0.37047,0.50917
2005,6,6,0,-0.242,0.4189,0.48378
2005,6,7,0,-0.09323,0.4833,0.49221
2005,6,8,0,0.08927,0.56285,0.56989
2005,6,9,0,0.29422,0.65296,0.71619
2005,6,10,0,0.5077,0.74669,0.90295
2005,6,11,0,0.71406,0.83619,1.09959
2005,6,12,0,0.89712,0.9138,1.28057
2005,6,13,0,1.04143,0.97301,1.42525
2005,6,14,0,1.13361,1.00897,1.5176
2005,6,15,0,1.16362,1.01885,1.54663
2005,6,16,0,1.12575,1.00181,1.50696
2005,6,17,0,1.01931,0.95889,1.39945
2005,6,18,0,0.84886,0.89271,1.23187
2005,6,19,0,0.62397,0.80714,1.0202
2005,6,20,0,0.35853,0.70687,0.79259
2005,6,21,0,0.06973,0.59703,0.60108
2005,6,22,0,-0.22325,0.48275,0.53187
2005,6,23,0,-0.50068,0.36879,0.62184
2005,6,24,0,-0.74372,0.25928,0.78762
2005,6,25,0,-0.93585,0.15768,0.94904
2005,6,26,0,-1.06407,0.06703,1.06618
2005,6,27,0,-1.11996,-0.0095,1.12
2005,6,28,0,-1.10044,-0.06805,1.10254
2005,6,29,0,-1.00819,-0.10409,1.01355
2005,6,30,0,-0.85135,-0.11357,0.85889
2005,7,1,0,-0.64233,-0.09533,0.64936
2005,7,2,0,-0.39583,-0.0535,0.39943
2005,7,3,0,-0.12679,0.00162,0.1268
2005,7,4,0,0.15082,0.05531,0.16064
2005,7,5,0,0.42416,0.09175,0.43397
2005,7,6,0,0.68132,0.09751,0.68826
2005,7,7,0,0.91121,0.06421,0.91347
2005,7,8,0,1.1039,-0.01004,1.10394
2005,7,9,0,1.25125,-0.12047,1.25704
2005,7,10,0,1.34771,-0.25631,1.37186
2005,7,11,0,1.39081,-0.40237,1.44785
2005,7,12,0,1.38152,-0.54095,1.48365
2005,7,13,0,1.32403,-0.65399,1.47674
2005,7,14,0,1.22518,-0.72517,1.4237
2005,7,15,0,1.09347,-0.74167,1.32127
2005,7,16,0,0.93786,-0.69555,1.16764
2005,7,17,0,0.76646,-0.58456,0.96393
2005,7,18,0,0.58535,-0.4124,0.71604
2005,7,19,0,0.39795,-0.18857,0.44037
2005,7,20,0,0.20496,0.07236,0.21735
2005,7,21,0,0.00511,0.35175,0.35178
2005,7,22,0,-0.20328,0.62837,0.66044
2005,7,23,0,-0.4206,0.88019,0.97552
2005,7,24,0,-0.64438,1.08631,1.26306
2005,7,25,0,-0.86872,1.22902,1.50505
2005,7,26,0,-1.08461,1.29539,1.6895
2005,7,27,0,-1.28117,1.27846,1.80993
2005,7,28,0,-1.44706,1.17777,1.86577
2005,7,29,0,-1.57199,0.99937,1.86276
2005,7,30,0,-1.64804,0.75518,1.81282
2005,7,31,0,-1.67059,0.46233,1.73338
2005,8,1,0,-1.63956,0.1398,1.64551
2005,8,2,0,-1.55858,-0.19167,1.57032
2005,8,3,0,-1.43471,-0.51203,1.52334
2005,8,4,0,-1.27721,-0.80351,1.50894
2005,8,5,0,-1.09611,-1.05149,1.51891
2005,8,6,0,-0.9008,-1.24514,1.53682
2005,8,7,0,-0.69925,-1.37764,1.54494
2005,8,8,0,-0.49753,-1.44629,1.52947
2005,8,9,0,-0.2999,-1.45241,1.48305
2005,8,10,0,-0.10914,-1.40108,1.40533
2005,8,11,0,0.07297,-1.30072,1.30276
2005,8,12,0,0.24523,-1.16228,1.18787
2005,8,13,0,0.40661,-0.99842,1.07804
2005,8,14,0,0.55616,-0.82239,0.99279
2005,8,15,0,0.69307,-0.64699,0.94813
2005,8,16,0,0.81696,-0.48359,0.94936
2005,8,17,0,0.92822,-0.34134,0.98899
2005,8,18,0,1.02835,-0.2266,1.05302
2005,8,19,0,1.11996,-0.14265,1.129
2005,8,20,0,1.20629,-0.08966,1.20962
2005,8,21,0,1.29037,-0.06481,1.29199
2005,8,22,0,1.37375,-0.06269,1.37518
2005,8,23,0,1.45568,-0.07575,1.45765
2005,8,24,0,1.53276,-0.09509,1.53571
2005,8,25,0,1.59939,-0.11125,1.60326
2005,8,26,0,1.64865,-0.1151,1.65266
2005,8,27,0,1.67334,-0.09867,1.67625
2005,8,28,0,1.66695,-0.05586,1.66789
2005,8,29,0,1.62415,0.01701,1.62424
2005,8,30,0,1.54113,0.12081,1.54586
2005,8,31,0,1.41566,0.25337,1.43815
2005,9,1,0,1.24692,0.40945,1.31243
2005,9,2,0,1.03548,0.58088,1.18728
2005,9,3,0,0.78333,0.75698,1.08933
2005,9,4,0,0.49411,0.9252,1.04888
2005,9,5,0,0.17356,1.07207,1.08603
2005,9,6,0,-0.17011,1.18454,1.1967
2005,9,7,0,-0.52604,1.25146,1.35752
2005,9,8,0,-0.88101,1.26503,1.54158
2005,9,9,0,-1.22036,1.22194,1.72697
2005,9,10,0,-1.52933,1.1237,1.89778
2005,9,11,0,-1.79453,0.97628,2.04291
2005,9,12,0,-2.00511,0.78905,2.15477
2005,9,13,0,-2.15349,0.57355,2.22856
2005,9,14,0,-2.23563,0.34224,2.26168
2005,9,15,0,-2.25092,0.10748,2.25348
2005,9,16,0,-2.20185,-0.11911,2.20507
2005,9,17,0,-2.09371,-0.32717,2.11911
2005,9,18,0,-1.93419,-0.50796,1.99978
2005,9,19,0,-1.73296,-0.65475,1.85252
2005,9,20,0,-1.50112,-0.76318,1.68399
2005,9,21,0,-1.25053,-0.83162,1.5018
2005,9,22,0,-0.99294,-0.86124,1.31441
2005,9,23,0,-0.73914,-0.85594,1.13091
2005,9,24,0,-0.49817,-0.82171,0.96092
2005,9,25,0,-0.27682,-0.76586,0.81436
2005,9,26,0,-0.07939,-0.69613,0.70064
2005,9,27,0,0.09225,-0.61975,0.62658
2005,9,28,0,0.2384,-0.54286,0.5929
2005,9,29,0,0.36119,-0.47002,0.59277
2005,9,30,0,0.4641,-0.40411,0.61538
2005,10,1,0,0.55152,-0.34627,0.65121
2005,10,2,0,0.62822,-0.29602,0.69447
2005,10,3,0,0.69885,-0.25134,0.74268
2005,10,4,0,0.76738,-0.20859,0.79523
2005,10,5,0,0.83652,-0.16233,0.85212
2005,10,6,0,0.90692,-0.10493,0.91297
2005,10,7,0,0.97611,-0.0267,0.97647
2005,10,8,0,1.03696,0.08148,1.04015
2005,10,9,0,1.07814,0.22049,1.10045
2005,10,10,0,1.09064,0.37411,1.15302
2005,10,11,0,1.07615,0.51539,1.1932
2005,10,12,0,1.0434,0.62561,1.21659
2005,10,13,0,0.99832,0.70062,1.21964
2005,10,14,0,0.94171,0.74421,1.20028
2005,10,15,0,0.87203,0.76248,1.15836
2005,10,16,0,0.78798,0.76191,1.09609
2005,10,17,0,0.68985,0.74887,1.01818
2005,10,18,0,0.58001,0.72937,0.93187
2005,10,19,0,0.46279,0.70871,0.84643
2005,10,20,0,0.34409,0.691,0.77193
2005,10,21,0,0.18967,0.69395,0.71941
2005,10,22,0,0.04507,0.68811,0.68958
2005,10,23,0,-0.08331,0.67393,0.67906
2005,10,24,0,-0.19056,0.65178,0.67907
2005,10,25,0,-0.2736,0.62178,0.67932
2005,10,26,0,-0.33146,0.5838,0.67133
2005,10,27,0,-0.36528,0.53742,0.6498
2005,10,28,0,-0.37816,0.48203,0.61266
2005,10,29,0,-0.3748,0.41696,0.56065
2005,10,30,0,-0.361,0.34168,0.49706
2005,10,31,0,-0.34306,0.25592,0.42801
2005,11,1,0,-0.32711,0.15997,0.36413
2005,11,2,0,-0.31849,0.05474,0.32316
2005,11,3,0,-0.32123,-0.05811,0.32645
2005,11,4,0,-0.33763,-0.17617,0.38082
2005,11,5,0,-0.36801,-0.29633,0.47249
2005,11,6,0,-0.41071,-0.415,0.58387
2005,11,7,0,-0.46227,-0.52829,0.70199
2005,11,8,0,-0.51772,-0.63237,0.81727
2005,11,9,0,-0.57115,-0.72374,0.92196
2005,11,10,0,-0.61627,-0.79955,1.00949
2005,11,11,0,-0.70632,-0.8122,1.07636
2005,11,12,0,-0.77885,-0.8035,1.11903
2005,11,13,0,-0.82594,-0.77984,1.13592
2005,11,14,0,-0.84233,-0.74981,1.12771
2005,11,15,0,-0.82548,-0.72321,1.09748
2005,11,16,0,-0.77477,-0.70993,1.05084
2005,11,17,0,-0.68904,-0.71886,0.99576
2005,11,18,0,-0.56196,-0.75596,0.94195
2005,11,19,0,-0.37695,-0.81665,0.89945
2005,11,20,0,-0.12693,-0.86682,0.87606
2005,11,21,0,0.12563,-0.8655,0.87457
2005,11,22,0,0.31039,-0.83559,0.89137
2005,11,23,0,0.42789,-0.81227,0.91808
2005,11,24,0,0.49575,-0.80399,0.94455
2005,11,25,0,0.52404,-0.8062,0.96155
2005,11,26,0,0.51845,-0.81047,0.96211
2005,11,27,0,0.48454,-0.80764,0.94184
2005,11,28,0,0.42951,-0.7894,0.89868
2005,11,29,0,0.36252,-0.74932,0.83241
2005,11,30,0,0.29404,-0.68369,0.74424
2005,12,1,0,0.23467,-0.59181,0.63664
2005,12,2,0,0.19384,-0.47594,0.5139
2005,12,3,0,0.17851,-0.34088,0.38479
2005,12,4,0,0.19232,-0.19318,0.27259
2005,12,5,0,0.23503,-0.04017,0.23843
2005,12,6,0,0.30262,0.11105,0.32235
2005,12,7,0,0.38781,0.25449,0.46386
2005,12,8,0,0.48096,0.38597,0.61668
2005,12,9,0,0.57121,0.50332,0.76133
2005,12,10,0,0.64776,0.60615,0.88713
2005,12,11,0,0.70107,0.69495,0.98714
2005,12,12,0,0.72406,0.76997,1.05694
2005,12,13,0,0.71308,0.83014,1.09436
2005,12,14,0,0.66833,0.87295,1.09941
2005,12,15,0,0.59321,0.89563,1.07427
2005,12,16,0,0.49301,0.89677,1.02335
2005,12,17,0,0.37355,0.87732,0.95354
2005,12,18,0,0.24075,0.84036,0.87417
2005,12,19,0,0.10085,0.79027,0.79667
2005,12,20,0,-0.03916,0.73168,0.73273
2005,12,21,0,-0.17144,0.66884,0.69047
2005,12,22,0,-0.28769,0.60498,0.6699
2005,12,23,0,-0.37979,0.54201,0.66183
2005,12,24,0,-0.44055,0.48037,0.6518
2005,12,25,0,-0.46441,0.41902,0.62551
2005,12,26,0,-0.44795,0.35569,0.57199
2005,12,27,0,-0.39007,0.28745,0.48454
2005,12,28,0,-0.29208,0.21139,0.36055
2005,12,29,0,-0.15746,0.1255,0.20136
2005,12,30,0,0.00845,0.02943,0.03062
2005,12,31,0,0.19711,-0.0792,0.21243
2006,1,1,0,0.40053,-0.19516,0.44554
2006,1,2,0,0.61115,-0.30797,0.68437
2006,1,3,0,0.81917,-0.41139,0.91667
2006,1,4,0,1.01525,-0.49573,1.12981
2006,1,5,0,1.18972,-0.55198,1.31153
2006,1,6,0,1.33287,-0.57314,1.45087
2006,1,7,0,1.4357,-0.55488,1.53919
2006,1,8,0,1.49101,-0.49538,1.57115
2006,1,9,0,1.4945,-0.39455,1.54571
2006,1,10,0,1.4454,-0.25329,1.46743
2006,1,11,0,1.3464,-0.07325,1.34839
2006,1,12,0,1.20308,0.14291,1.21154
2006,1,13,0,1.02297,0.39087,1.0951
2006,1,14,0,0.8145,0.6641,1.05093
2006,1,15,0,0.58619,0.95356,1.11933
2006,1,16,0,0.34587,1.24777,1.29482
2006,1,17,0,0.10043,1.53333,1.53662
2006,1,18,0,-0.14429,1.7958,1.80158
2006,1,19,0,-0.38335,2.02074,2.05678
2006,1,20,0,-0.61254,2.19485,2.27873
2006,1,21,0,-0.82833,2.30705,2.45124
2006,1,22,0,-1.0279,2.3492,2.56424
2006,1,23,0,-1.20943,2.3167,2.6134
2006,1,24,0,-1.37233,2.20863,2.60026
2006,1,25,0,-1.51732,2.02759,2.53246
2006,1,26,0,-1.64619,1.77929,2.42401
2006,1,27,0,-1.76127,1.472,2.2954
2006,1,28,0,-1.86449,1.11571,2.17282
2006,1,29,0,-1.95625,0.7212,2.08496
2006,1,30,0,-2.03421,0.29909,2.05608
2006,1,31,0,-2.09203,-0.14111,2.09678
2006,2,1,0,-2.11821,-0.59137,2.19921
2006,2,2,0,-2.09581,-1.04394,2.34142
2006,2,3,0,-2.00506,-1.4873,2.49647
2006,2,4,0,-1.83244,-1.89968,2.63943
2006,2,5,0,-1.58614,-2.24717,2.75056
2006,2,6,0,-1.30233,-2.49665,2.81591
2006,2,7,0,-1.02624,-2.63423,2.82707
2006,2,8,0,-0.78634,-2.66722,2.78071
2006,2,9,0,-0.58798,-2.61266,2.67801
2006,2,10,0,-0.42191,-2.48874,2.52425
2006,2,11,0,-0.27368,-2.31236,2.3285
2006,2,12,0,-0.12914,-2.09954,2.10351
2006,2,13,0,0.02289,-1.86587,1.86601
2006,2,14,0,0.18948,-1.62627,1.63727
2006,2,15,0,0.37325,-1.39431,1.44341
2006,2,16,0,0.57263,-1.18116,1.31265
2006,2,17,0,0.78249,-0.99425,1.26524
2006,2,18,0,0.99523,-0.836,1.29976
2006,2,19,0,1.20206,-0.70224,1.39215
2006,2,20,0,1.39425,-0.58051,1.51028
2006,2,21,0,1.56337,-0.44813,1.62633
2006,2,22,0,1.69834,-0.27318,1.72017
2006,2,23,0,1.77784,-0.03269,1.77814
2006,2,24,0,1.77541,0.2384,1.79135
2006,2,25,0,1.6964,0.44817,1.75461
2006,2,26,0,1.57284,0.54904,1.66592
2006,2,27,0,1.42064,0.55816,1.52636
2006,2,28,0,1.23972,0.50892,1.34011
2006,3,1,0,1.03992,0.3895,1.11047
2006,3,2,0,0.79968,0.30227,0.8549
2006,3,3,0,0.53886,0.22763,0.58496
2006,3,4,0,0.27101,0.17315,0.3216
2006,3,5,0,0.01147,0.14188,0.14234
2006,3,6,0,-0.22442,0.1325,0.26062
2006,3,7,0,-0.42294,0.13988,0.44547
2006,3,8,0,-0.57327,0.15592,0.5941
2006,3,9,0,-0.66833,0.17071,0.68979
2006,3,10,0,-0.70502,0.17411,0.7262
2006,3,11,0,-0.68376,0.15741,0.70165
2006,3,12,0,-0.60735,0.11562,0.61826
2006,3,13,0,-0.47887,0.05125,0.48161
2006,3,14,0,-0.30013,-0.01803,0.30067
2006,3,15,0,-0.07736,-0.05173,0.09306
2006,3,16,0,0.16484,-0.01109,0.16521
2006,3,17,0,0.39705,0.09452,0.40815
2006,3,18,0,0.60716,0.23057,0.64947
2006,3,19,0,0.79058,0.37401,0.87458
2006,3,20,0,0.94178,0.51461,1.07321
2006,3,21,0,1.05465,0.64888,1.23827
2006,3,22,0,1.12416,0.77639,1.36621
2006,3,23,0,1.14754,0.89788,1.45707
2006,3,24,0,1.12454,1.01404,1.51422
2006,3,25,0,1.05732,1.12466,1.54362
2006,3,26,0,0.94995,1.22803,1.55257
2006,3,27,0,0.80784,1.32069,1.54817
2006,3,28,0,0.63709,1.39742,1.53579
2006,3,29,0,0.44405,1.45148,1.51789
2006,3,30,0,0.23512,1.47519,1.49381
2006,3,31,0,0.01687,1.46045,1.46055
2006,4,1,0,-0.20434,1.39956,1.4144
2006,4,2,0,-0.41875,1.28586,1.35233
2006,4,3,0,-0.61447,1.11577,1.27378
2006,4,4,0,-0.77608,0.89098,1.18158
2006,4,5,0,-0.88606,0.6213,1.08218
2006,4,6,0,-0.92951,0.32624,0.9851
2006,4,7,0,-0.90051,0.03224,0.90109
2006,4,8,0,-0.80526,-0.23425,0.83864
2006,4,9,0,-0.659,-0.45303,0.7997
2006,4,10,0,-0.48015,-0.61191,0.7778
2006,4,11,0,-0.28586,-0.70518,0.76091
2006,4,12,0,-0.09029,-0.73154,0.73709
2006,4,13,0,0.09555,-0.69289,0.69944
2006,4,14,0,0.26337,-0.59383,0.64961
2006,4,15,0,0.40716,-0.44152,0.6006
2006,4,16,0,0.5227,-0.24555,0.57751
2006,4,17,0,0.6073,-0.0176,0.60756
2006,4,18,0,0.65938,0.22902,0.69802
2006,4,19,0,0.67815,0.48007,0.83088
2006,4,20,0,0.66333,0.72106,0.97976
2006,4,21,0,0.61489,0.93805,1.12162
2006,4,22,0,0.53305,1.11838,1.23892
2006,4,23,0,0.41839,1.25125,1.31934
2006,4,24,0,0.27215,1.32827,1.35587
2006,4,25,0,0.09674,1.3439,1.34737
2006,4,26,0,-0.10385,1.29562,1.29978
2006,4,27,0,-0.32368,1.18423,1.22767
2006,4,28,0,-0.5548,1.01387,1.15574
2006,4,29,0,-0.78769,0.79208,1.11707
2006,4,30,0,-1.01338,0.52454,1.14109
2006,5,1,0,-1.21799,0.23088,1.23968
2006,5,2,0,-1.39413,-0.07501,1.39615
2006,5,3,0,-1.5359,-0.37567,1.58117
2006,5,4,0,-1.64021,-0.65437,1.76592
2006,5,5,0,-1.70588,-0.89696,1.92732
2006,5,6,0,-1.73242,-1.09313,2.04847
2006,5,7,0,-1.71913,-1.23697,2.1179
2006,5,8,0,-1.6649,-1.32679,2.12891
2006,5,9,0,-1.56859,-1.36456,2.07906
2006,5,10,0,-1.4298,-1.35494,1.96982
2006,5,11,0,-1.24977,-1.30424,1.80637
2006,5,12,0,-1.03209,-1.21928,1.59745
2006,5,13,0,-0.78311,-1.10647,1.35556
2006,5,14,0,-0.51197,-0.97138,1.09804
2006,5,15,0,-0.23003,-0.81899,0.85069
2006,5,16,0,0.05021,-0.65466,0.65658
2006,5,17,0,0.31667,-0.4853,0.57948
2006,5,18,0,0.55913,-0.31987,0.64416
2006,5,19,0,0.76989,-0.16849,0.78811
2006,5,20,0,0.94339,-0.04067,0.94426
2006,5,21,0,1.07538,0.0565,1.07686
2006,5,22,0,1.16232,0.11931,1.16843
2006,5,23,0,1.20137,0.1475,1.21039
2006,5,24,0,1.19089,0.14369,1.19953
2006,5,25,0,1.13113,0.11237,1.1367
2006,5,26,0,1.02487,0.05885,1.02656
2006,5,27,0,0.87783,-0.01192,0.87791
2006,5,28,0,0.69884,-0.09619,0.70543
2006,5,29,0,0.49965,-0.19205,0.53528
2006,5,30,0,0.29461,-0.29937,0.42002
2006,5,31,0,0.09992,-0.41906,0.43081
2006,6,1,0,-0.06771,-0.55122,0.55536
2006,6,2,0,-0.19324,-0.6927,0.71915
2006,6,3,0,-0.26604,-0.83546,0.87679
2006,6,4,0,-0.28183,-0.96722,1.00744
2006,6,5,0,-0.24232,-1.07461,1.10159
2006,6,6,0,-0.15292,-1.14664,1.15679
2006,6,7,0,-0.02045,-1.17642,1.17659
2006,6,8,0,0.14793,-1.16106,1.17044
2006,6,9,0,0.34467,-1.10076,1.15346
2006,6,10,0,0.56148,-0.99779,1.14492
2006,6,11,0,0.78911,-0.85565,1.16397
2006,6,12,0,1.01735,-0.67855,1.22287
2006,6,13,0,1.23536,-0.47111,1.32214
2006,6,14,0,1.43211,-0.23829,1.4518
2006,6,15,0,1.59683,0.01454,1.59689
2006,6,16,0,1.71965,0.28143,1.74253
2006,6,17,0,1.79214,0.5556,1.87629
2006,6,18,0,1.8078,0.82931,1.98894
2006,6,19,0,1.76257,1.09383,2.0744
2006,6,20,0,1.6551,1.33961,2.1293
2006,6,21,0,1.48701,1.55654,2.15268
2006,6,22,0,1.26286,1.73452,2.14555
2006,6,23,0,0.99008,1.86391,2.11055
2006,6,24,0,0.67877,1.93611,2.05165
2006,6,25,0,0.34149,1.94415,1.97391
2006,6,26,0,-0.00689,1.88325,1.88327
2006,6,27,0,-0.34932,1.75177,1.78626
2006,6,28,0,-0.66711,1.55234,1.68962
2006,6,29,0,-0.9412,1.29341,1.59962
2006,6,30,0,-1.15483,0.99016,1.5212
2006,7,1,0,-1.2971,0.66361,1.45699
2006,7,2,0,-1.36568,0.33739,1.40673
2006,7,3,0,-1.36687,0.0331,1.36727
2006,7,4,0,-1.31294,-0.23324,1.33349
2006,7,5,0,-1.21833,-0.4524,1.29962
2006,7,6,0,-1.09681,-0.62124,1.26053
2006,7,7,0,-0.95985,-0.7411,1.21266
2006,7,8,0,-0.81631,-0.81627,1.15441
2006,7,9,0,-0.67269,-0.85282,1.0862
2006,7,10,0,-0.53363,-0.85772,1.01017
2006,7,11,0,-0.40246,-0.83814,0.92976
2006,7,12,0,-0.28167,-0.80108,0.84916
2006,7,13,0,-0.17317,-0.7529,0.77256
2006,7,14,0,-0.0785,-0.6991,0.7035
2006,7,15,0,0.00116,-0.64409,0.64409
2006,7,16,0,0.0651,-0.59106,0.59463
2006,7,17,0,0.11317,-0.54186,0.55355
2006,7,18,0,0.14589,-0.49706,0.51803
2006,7,19,0,0.16447,-0.4559,0.48466
2006,7,20,0,0.1706,-0.41643,0.45002
2006,7,21,0,0.16615,-0.37569,0.41079
2006,7,22,0,0.15273,-0.32995,0.36358
2006,7,23,0,0.13125,-0.2751,0.3048
2006,7,24,0,0.10159,-0.20718,0.23074
2006,7,25,0,0.0626,-0.12297,0.13799
2006,7,26,0,0.01227,-0.02067,0.02404
2006,7,27,0,-0.05182,0.09959,0.11227
2006,7,28,0,-0.13188,0.2354,0.26983
2006,7,29,0,-0.22926,0.38202,0.44553
2006,7,30,0,-0.34377,0.53264,0.63394
2006,7,31,0,-0.47305,0.67895,0.8275
2006,8,1,0,-0.61281,0.81211,1.01738
2006,8,2,0,-0.75666,0.92333,1.19376
2006,8,3,0,-0.89682,1.00462,1.34668
2006,8,4,0,-1.02506,1.04931,1.4669
2006,8,5,0,-1.13363,1.05232,1.54677
2006,8,6,0,-1.21606,1.01056,1.58115
2006,8,7,0,-1.26764,0.92309,1.56813
2006,8,8,0,-1.28568,0.79145,1.50975
2006,8,9,0,-1.26936,0.61972,1.41256
2006,8,10,0,-1.21955,0.41455,1.28808
2006,8,11,0,-1.13834,0.18488,1.15325
2006,8,12,0,-1.02862,-0.05846,1.03028
2006,8,13,0,-0.89369,-0.30336,0.94378
2006,8,14,0,-0.73705,-0.53715,0.91202
2006,8,15,0,-0.56237,-0.74736,0.93531
2006,8,16,0,-0.37368,-0.92258,0.99538
2006,8,17,0,-0.17585,-1.05327,1.06785
2006,8,18,0,0.02508,-1.13274,1.13302
2006,8,19,0,0.22182,-1.15807,1.17913
2006,8,20,0,0.40638,-1.13086,1.20166
2006,8,21,0,0.57146,-1.05747,1.20201
2006,8,22,0,0.71212,-0.94834,1.18594
2006,8,23,0,0.82704,-0.81647,1.16216
2006,8,24,0,0.9188,-0.67556,1.14042
2006,8,25,0,0.99295,-0.53845,1.12955
2006,8,26,0,1.0566,-0.41599,1.13554
2006,8,27,0,1.11685,-0.31654,1.16084
2006,8,28,0,1.17967,-0.24564,1.20497
2006,8,29,0,1.24922,-0.20596,1.26609
2006,8,30,0,1.32763,-0.1972,1.34219
2006,8,31,0,1.4151,-0.21611,1.43151
2006,9,1,0,1.51021,-0.25671,1.53187
2006,9,2,0,1.61021,-0.31059,1.63989
2006,9,3,0,1.71125,-0.3676,1.75028
2006,9,4,0,1.80841,-0.41665,1.85579
2006,9,5,0,1.89574,-0.44685,1.94769
2006,9,6,0,1.96618,-0.44874,2.01673
2006,9,7,0,2.01184,-0.41544,2.05429
2006,9,8,0,2.02457,-0.34352,2.0535
2006,9,9,0,1.99688,-0.23333,2.01047
2006,9,10,0,1.92314,-0.08875,1.92518
2006,9,11,0,1.80042,0.08351,1.80236
2006,9,12,0,1.62918,0.2749,1.65221
2006,9,13,0,1.41319,0.4759,1.49117
2006,9,14,0,1.15906,0.67687,1.34223
2006,9,15,0,0.87556,0.86857,1.2333
2006,9,16,0,0.57265,1.04265,1.18956
2006,9,17,0,0.26072,1.19198,1.22016
2006,9,18,0,-0.05006,1.31101,1.31196
2006,9,19,0,-0.35026,1.39603,1.4393
2006,9,20,0,-0.63157,1.44544,1.57739
2006,9,21,0,-0.88716,1.4598,1.70823
2006,9,22,0,-1.11202,1.44165,1.8207
2006,9,23,0,-1.30324,1.39518,1.90918
2006,9,24,0,-1.46019,1.32554,1.97211
2006,9,25,0,-1.58446,1.23821,2.01089
2006,9,26,0,-1.67948,1.1384,2.02895
2006,9,27,0,-1.75008,1.03048,2.03092
2006,9,28,0,-1.8017,0.9176,2.0219
2006,9,29,0,-1.83973,0.80149,2.00674
2006,9,30,0,-1.86876,0.68236,1.98945
2006,10,1,0,-1.89199,0.55885,1.9728
2006,10,2,0,-1.91069,0.42813,1.95807
2006,10,3,0,-1.92393,0.28601,1.94507
2006,10,4,0,-1.92806,0.127,1.93224
2006,10,5,0,-1.91627,-0.05544,1.91707
2006,10,6,0,-1.87753,-0.26808,1.89658
2006,10,7,0,-1.79539,-0.51526,1.86786
2006,10,8,0,-1.64855,-0.79165,1.82878
2006,10,9,0,-1.41987,-1.07109,1.77855
2006,10,10,0,-1.11587,-1.30675,1.71836
2006,10,11,0,-0.77255,-1.45989,1.6517
2006,10,12,0,-0.42883,-1.52531,1.58444
2006,10,13,0,-0.10527,-1.52044,1.52408
2006,10,14,0,0.19186,-1.46569,1.4782
2006,10,15,0,0.46074,-1.37686,1.45191
2006,10,16,0,0.69897,-1.26516,1.44541
2006,10,17,0,0.90247,-1.13862,1.4529
2006,10,18,0,1.06603,-1.003,1.46371
2006,10,19,0,1.18416,-0.86237,1.4649
2006,10,20,0,1.25214,-0.71926,1.44402
2006,10,21,0,1.30207,-0.49614,1.39339
2006,10,22,0,1.2761,-0.2709,1.30454
2006,10,23,0,1.1752,-0.05578,1.17652
2006,10,24,0,1.00513,0.13761,1.01451
2006,10,25,0,0.77627,0.29919,0.83193
2006,10,26,0,0.50299,0.4211,0.65599
2006,10,27,0,0.20272,0.49836,0.53802
2006,10,28,0,-0.1052,0.5292,0.53955
2006,10,29,0,-0.40084,0.51515,0.65273
2006,10,30,0,-0.66514,0.46089,0.80922
2006,10,31,0,-0.88117,0.37382,0.95719
2006,11,1,0,-1.03535,0.2634,1.06833
2006,11,2,0,-1.11833,0.1403,1.1271
2006,11,3,0,-1.12564,0.01554,1.12575
2006,11,4,0,-1.05783,-0.10048,1.0626
2006,11,5,0,-0.92038,-0.19884,0.94161
2006,11,6,0,-0.72309,-0.27274,0.77282
2006,11,7,0,-0.47933,-0.31809,0.57527
2006,11,8,0,-0.20486,-0.33364,0.39151
2006,11,9,0,0.08331,-0.32104,0.33167
2006,11,10,0,0.36822,-0.28449,0.46531
2006,11,11,0,0.61548,-0.27839,0.67551
2006,11,12,0,0.83614,-0.29371,0.88622
2006,11,13,0,1.01864,-0.32722,1.0699
2006,11,14,0,1.15477,-0.37249,1.21336
2006,11,15,0,1.24066,-0.42027,1.30991
2006,11,16,0,1.27757,-0.45878,1.35744
2006,11,17,0,1.27243,-0.47326,1.35759
2006,11,18,0,1.23767,-0.44483,1.31518
2006,11,19,0,1.18622,-0.35281,1.23758
2006,11,20,0,1.11489,-0.20674,1.1339
2006,11,21,0,1.00969,-0.09534,1.01418
2006,11,22,0,0.88473,-0.08021,0.88836
2006,11,23,0,0.7543,-0.12944,0.76533
2006,11,24,0,0.62058,-0.19955,0.65188
2006,11,25,0,0.48473,-0.26399,0.55195
2006,11,26,0,0.34959,-0.30884,0.46647
2006,11,27,0,0.21891,-0.32798,0.39432
2006,11,28,0,0.09618,-0.32047,0.33459
2006,11,29,0,-0.01602,-0.28904,0.28949
2006,11,30,0,-0.11641,-0.23907,0.2659
2006,12,1,0,-0.20498,-0.1776,0.27122
2006,12,2,0,-0.28278,-0.11266,0.3044
2006,12,3,0,-0.35143,-0.05248,0.35532
2006,12,4,0,-0.41249,-0.00493,0.41252
2006,12,5,0,-0.46689,0.02295,0.46745
2006,12,6,0,-0.51421,0.02543,0.51484
2006,12,7,0,-0.55223,-0.00149,0.55223
2006,12,8,0,-0.57652,-0.05969,0.5796
2006,12,9,0,-0.58038,-0.14826,0.59902
2006,12,10,0,-0.5552,-0.26275,0.61423
2006,12,11,0,-0.49155,-0.39425,0.63012
2006,12,12,0,-0.38131,-0.52886,0.65198
2006,12,13,0,-0.22057,-0.64828,0.68478
2006,12,14,0,-0.01239,-0.73243,0.73253
2006,12,15,0,0.23251,-0.76349,0.79811
2006,12,16,0,0.49783,-0.72963,0.88329
2006,12,17,0,0.76532,-0.62623,0.98887
2006,12,18,0,1.01768,-0.455,1.11477
2006,12,19,0,1.24007,-0.22227,1.25983
2006,12,20,0,1.42039,0.06252,1.42177
2006,12,21,0,1.54928,0.38774,1.59707
2006,12,22,0,1.62001,0.74024,1.78112
2006,12,23,0,1.62843,1.10588,1.96844
2006,12,24,0,1.57293,1.47005,2.15294
2006,12,25,0,1.45437,1.81818,2.3283
2006,12,26,0,1.27598,2.13618,2.48825
2006,12,27,0,1.04323,2.41082,2.62686
2006,12,28,0,0.76378,2.63015,2.7388
2006,12,29,0,0.44737,2.78386,2.81957
2006,12,30,0,0.10585,2.86374,2.8657
2006,12,31,0,-0.17328,2.87044,2.87566
2007,1,1,0,-0.53473,2.79523,2.84592
2007,1,2,0,-0.85682,2.64574,2.78102
2007,1,3,0,-1.1494,2.42197,2.68087
2007,1,4,0,-1.39729,2.13196,2.54905
2007,1,5,0,-1.58657,1.78843,2.39075
2007,1,6,0,-1.7067,1.4084,2.21279
2007,1,7,0,-1.75264,1.01151,2.02358
2007,1,8,0,-1.72595,0.61747,1.83308
2007,1,9,0,-1.63448,0.24347,1.65252
2007,1,10,0,-1.49063,-0.09753,1.49381
2007,1,11,0,-1.30912,-0.39729,1.36807
2007,1,12,0,-1.10503,-0.65172,1.2829
2007,1,13,0,-0.8924,-0.85994,1.23931
2007,1,14,0,-0.68355,-1.02322,1.23053
2007,1,15,0,-0.48872,-1.14421,1.24422
2007,1,16,0,-0.31613,-1.22638,1.26647
2007,1,17,0,-0.17199,-1.27364,1.2852
2007,1,18,0,-0.06069,-1.29012,1.29155
2007,1,19,0,0.01514,-1.28002,1.28011
2007,1,20,0,0.05447,-1.24744,1.24863
2007,1,21,0,0.0578,-1.19625,1.19765
2007,1,22,0,0.02708,-1.13002,1.13034
2007,1,23,0,-0.03437,-1.05193,1.05249
2007,1,24,0,-0.12208,-0.96489,0.97258
2007,1,25,0,-0.23052,-0.8717,0.90166
2007,1,26,0,-0.35342,-0.77532,0.85207
2007,1,27,0,-0.48403,-0.67923,0.83404
2007,1,28,0,-0.61546,-0.58769,0.85098
2007,1,29,0,-0.741,-0.50602,0.89729
2007,1,30,0,-0.85432,-0.44068,0.96128
2007,1,31,0,-0.94951,-0.3992,1.03001
2007,2,1,0,-1.02076,-0.38967,1.09261
2007,2,2,0,-1.06165,-0.4195,1.14152
2007,2,3,0,-1.06443,-0.49255,1.17287
2007,2,4,0,-1.02094,-0.60455,1.1865
2007,2,5,0,-0.92695,-0.74005,1.18613
2007,2,6,0,-0.78731,-0.87779,1.17914
2007,2,7,0,-0.61455,-1.00252,1.17589
2007,2,8,0,-0.42198,-1.11016,1.18765
2007,2,9,0,-0.21977,-1.20322,1.22313
2007,2,10,0,-0.01554,-1.28481,1.2849
2007,2,11,0,0.1842,-1.35553,1.36799
2007,2,12,0,0.37351,-1.41287,1.46141
2007,2,13,0,0.54723,-1.45165,1.55136
2007,2,14,0,0.70151,-1.46488,1.62419
2007,2,15,0,0.83431,-1.44482,1.6684
2007,2,16,0,0.9456,-1.38393,1.67613
2007,2,17,0,1.03716,-1.27575,1.64415
2007,2,18,0,1.1119,-1.11539,1.57494
2007,2,19,0,1.17249,-0.89956,1.47781
2007,2,20,0,1.21877,-0.62574,1.37002
2007,2,21,0,1.24315,-0.29124,1.27681
2007,2,22,0,1.2227,0.10494,1.2272
2007,2,23,0,1.11542,0.54631,1.24202
2007,2,24,0,0.89494,0.97093,1.32046
2007,2,25,0,0.61197,1.30382,1.44029
2007,2,26,0,0.35045,1.53135,1.57094
2007,2,27,0,0.15347,1.6775,1.6845
2007,2,28,0,0.02997,1.7596,1.75985
2007,3,1,0,0.04425,1.7805,1.78105
2007,3,2,0,0.06382,1.74393,1.7451
2007,3,3,0,0.12396,1.6445,1.64916
2007,3,4,0,0.21186,1.48408,1.49912
2007,3,5,0,0.3137,1.26927,1.30746
2007,3,6,0,0.41607,1.01165,1.09387
2007,3,7,0,0.50731,0.72736,0.8868
2007,3,8,0,0.57876,0.43604,0.72464
2007,3,9,0,0.62564,0.15935,0.64562
2007,3,10,0,0.6474,-0.08079,0.65242
2007,3,11,0,0.64749,-0.26398,0.69923
2007,3,12,0,0.63214,-0.37271,0.73383
2007,3,13,0,0.60697,-0.39383,0.72354
2007,3,14,0,0.56845,-0.32271,0.65366
2007,3,15,0,0.49141,-0.17828,0.52275
2007,3,16,0,0.34318,-0.01388,0.34346
2007,3,17,0,0.12679,0.12947,0.18121
2007,3,18,0,-0.12895,0.25402,0.28488
2007,3,19,0,-0.3968,0.37303,0.54461
2007,3,20,0,-0.65463,0.49141,0.81856
2007,3,21,0,-0.88413,0.60552,1.07161
2007,3,22,0,-1.07081,0.70633,1.28279
2007,3,23,0,-1.20466,0.78241,1.43645
2007,3,24,0,-1.28046,0.82228,1.52175
2007,3,25,0,-1.29767,0.81637,1.53311
2007,3,26,0,-1.25985,0.75871,1.47067
2007,3,27,0,-1.17371,0.64797,1.3407
2007,3,28,0,-1.0479,0.48803,1.15597
2007,3,29,0,-0.8918,0.2879,0.93712
2007,3,30,0,-0.71438,0.0612,0.717
2007,3,31,0,-0.52344,-0.17499,0.55191
2007,4,1,0,-0.32514,-0.40191,0.51695
2007,4,2,0,-0.12453,-0.59927,0.61207
2007,4,3,0,0.0727,-0.74883,0.75235
2007,4,4,0,0.25825,-0.83639,0.87535
2007,4,5,0,0.41938,-0.85503,0.95234
2007,4,6,0,0.53968,-0.80809,0.97173
2007,4,7,0,0.60384,-0.70931,0.93153
2007,4,8,0,0.60383,-0.57853,0.83625
2007,4,9,0,0.54187,-0.43554,0.69521
2007,4,10,0,0.42863,-0.29625,0.52105
2007,4,11,0,0.27963,-0.17214,0.32836
2007,4,12,0,0.11199,-0.07112,0.13266
2007,4,13,0,-0.05763,0.00156,0.05765
2007,4,14,0,-0.21433,0.04301,0.21861
2007,4,15,0,-0.34581,0.05264,0.3498
2007,4,16,0,-0.44287,0.03225,0.44404
2007,4,17,0,-0.49966,-0.01399,0.49985
2007,4,18,0,-0.51371,-0.07974,0.51986
2007,4,19,0,-0.48571,-0.15684,0.51041
2007,4,20,0,-0.41906,-0.23588,0.48088
2007,4,21,0,-0.31935,-0.30676,0.44282
2007,4,22,0,-0.19384,-0.35942,0.40835
2007,4,23,0,-0.05086,-0.38452,0.38787
2007,4,24,0,0.10054,-0.37422,0.38749
2007,4,25,0,0.25092,-0.32284,0.40889
2007,4,26,0,0.39068,-0.2276,0.45214
2007,4,27,0,0.51034,-0.08917,0.51808
2007,4,28,0,0.601,0.08784,0.60739
2007,4,29,0,0.65502,0.29481,0.71831
2007,4,30,0,0.6617,0.51654,0.83944
2007,5,1,0,0.62579,0.74482,0.97281
2007,5,2,0,0.5463,0.95869,1.10342
2007,5,3,0,0.42932,1.14165,1.21971
2007,5,4,0,0.28429,1.27963,1.31083
2007,5,5,0,0.12219,1.36236,1.36782
2007,5,6,0,-0.04615,1.38389,1.38465
2007,5,7,0,-0.21128,1.34254,1.35907
2007,5,8,0,-0.36576,1.24053,1.29333
2007,5,9,0,-0.50406,1.08342,1.19493
2007,5,10,0,-0.62217,0.87957,1.07738
2007,5,11,0,-0.71717,0.6396,0.96095
2007,5,12,0,-0.78675,0.37577,0.87189
2007,5,13,0,-0.82924,0.10139,0.83542
2007,5,14,0,-0.84396,-0.16973,0.86086
2007,5,15,0,-0.83213,-0.42403,0.93394
2007,5,16,0,-0.79785,-0.64908,1.02853
2007,5,17,0,-0.74842,-0.83497,1.12129
2007,5,18,0,-0.69334,-0.97554,1.19683
2007,5,19,0,-0.64206,-1.06915,1.24712
2007,5,20,0,-0.60149,-1.11844,1.26992
2007,5,21,0,-0.57461,-1.12937,1.26715
2007,5,22,0,-0.56032,-1.11015,1.24353
2007,5,23,0,-0.55423,-1.07022,1.20522
2007,5,24,0,-0.54992,-1.01959,1.15844
2007,5,25,0,-0.53997,-0.96808,1.10849
2007,5,26,0,-0.51685,-0.92461,1.05927
2007,5,27,0,-0.47348,-0.89633,1.01371
2007,5,28,0,-0.40353,-0.88772,0.97513
2007,5,29,0,-0.3016,-0.89965,0.94886
2007,5,30,0,-0.16355,-0.9286,0.94289
2007,5,31,0,0.01278,-0.96628,0.96636
2007,6,1,0,0.22625,-1.00032,1.02558
2007,6,2,0,0.47066,-1.01658,1.12025
2007,6,3,0,0.73398,-1.00314,1.24299
2007,6,4,0,1.00003,-0.95401,1.3821
2007,6,5,0,1.25214,-0.87001,1.52472
2007,6,6,0,1.47654,-0.75639,1.659
2007,6,7,0,1.6636,-0.6196,1.77524
2007,6,8,0,1.80743,-0.46524,1.86634
2007,6,9,0,1.90492,-0.29771,1.92804
2007,6,10,0,1.9551,-0.12061,1.95882
2007,6,11,0,1.9587,0.06259,1.9597
2007,6,12,0,1.91789,0.24811,1.93387
2007,6,13,0,1.83607,0.43158,1.88611
2007,6,14,0,1.71764,0.60818,1.82213
2007,6,15,0,1.56777,0.77286,1.74792
2007,6,16,0,1.39209,0.92077,1.66905
2007,6,17,0,1.19641,1.04772,1.59031
2007,6,18,0,0.98634,1.15058,1.51549
2007,6,19,0,0.76706,1.22759,1.44753
2007,6,20,0,0.54295,1.27838,1.3889
2007,6,21,0,0.31749,1.30392,1.34201
2007,6,22,0,0.09314,1.30614,1.30946
2007,6,23,0,-0.12859,1.28758,1.29398
2007,6,24,0,-0.34694,1.25079,1.29801
2007,6,25,0,-0.56156,1.19789,1.32299
2007,6,26,0,-0.77208,1.13024,1.36877
2007,6,27,0,-0.97754,1.04832,1.43338
2007,6,28,0,-1.1759,0.95219,1.51308
2007,6,29,0,-1.36359,0.8423,1.60276
2007,6,30,0,-1.53558,0.72061,1.69626
2007,7,1,0,-1.68602,0.59114,1.78665
2007,7,2,0,-1.80898,0.45927,1.86637
2007,7,3,0,-1.89889,0.33008,1.92736
2007,7,4,0,-1.95051,0.20665,1.96143
2007,7,5,0,-1.95863,0.08932,1.96067
2007,7,6,0,-1.91814,-0.02403,1.91829
2007,7,7,0,-1.82451,-0.13702,1.82964
2007,7,8,0,-1.67461,-0.25369,1.69372
2007,7,9,0,-1.46751,-0.37738,1.51526
2007,7,10,0,-1.20504,-0.50982,1.30845
2007,7,11,0,-0.89219,-0.65039,1.10408
2007,7,12,0,-0.53707,-0.79567,0.95996
2007,7,13,0,-0.15072,-0.93928,0.9513
2007,7,14,0,0.25339,-1.07207,1.10161
2007,7,15,0,0.65995,-1.18267,1.35435
2007,7,16,0,1.05242,-1.25849,1.64054
2007,7,17,0,1.41371,-1.28693,1.91174
2007,7,18,0,1.72666,-1.25706,2.13578
2007,7,19,0,1.97469,-1.16133,2.29087
2007,7,20,0,2.14235,-0.99732,2.36311
2007,7,21,0,2.21628,-0.76914,2.34595
2007,7,22,0,2.18647,-0.48807,2.24028
2007,7,23,0,2.04792,-0.17205,2.05514
2007,7,24,0,1.80226,0.15616,1.80901
2007,7,25,0,1.45871,0.4717,1.53308
2007,7,26,0,1.0341,0.75062,1.27781
2007,7,27,0,0.55172,0.97238,1.118
2007,7,28,0,0.03946,1.12155,1.12225
2007,7,29,0,-0.47238,1.18883,1.27924
2007,7,30,0,-0.95348,1.17156,1.51053
2007,7,31,0,-1.37574,1.07398,1.74531
2007,8,1,0,-1.71658,0.90573,1.94087
2007,8,2,0,-1.95973,0.681,2.07468
2007,8,3,0,-2.09695,0.4165,2.13791
2007,8,4,0,-2.1282,0.12937,2.13213
2007,8,5,0,-2.06099,-0.16435,2.06753
2007,8,6,0,-1.90879,-0.45054,1.96124
2007,8,7,0,-1.68927,-0.71716,1.83519
2007,8,8,0,-1.42226,-0.95407,1.71262
2007,8,9,0,-1.12801,-1.15273,1.61282
2007,8,10,0,-0.82551,-1.30605,1.54506
2007,8,11,0,-0.53134,-1.40841,1.50531
2007,8,12,0,-0.25885,-1.45593,1.47876
2007,8,13,0,-0.01774,-1.44678,1.44689
2007,8,14,0,0.18585,-1.38164,1.39408
2007,8,15,0,0.34903,-1.26403,1.31133
2007,8,16,0,0.47164,-1.10054,1.19734
2007,8,17,0,0.55573,-0.90074,1.05838
2007,8,18,0,0.60532,-0.67682,0.90802
2007,8,19,0,0.62642,-0.44272,0.76707
2007,8,20,0,0.62727,-0.21289,0.66241
2007,8,21,0,0.61832,-0.00081,0.61832
2007,8,22,0,0.61148,0.18242,0.63811
2007,8,23,0,0.61855,0.32891,0.70056
2007,8,24,0,0.64919,0.43421,0.78102
2007,8,25,0,0.70923,0.49703,0.86605
2007,8,26,0,0.79969,0.51881,0.95324
2007,8,27,0,0.91675,0.50345,1.04589
2007,8,28,0,1.05242,0.45704,1.14738
2007,8,29,0,1.19569,0.38763,1.25696
2007,8,30,0,1.33389,0.3048,1.36827
2007,8,31,0,1.45408,0.21898,1.47048
2007,9,1,0,1.54433,0.14058,1.55071
2007,9,2,0,1.59468,0.07903,1.59664
2007,9,3,0,1.59792,0.0418,1.59847
2007,9,4,0,1.54989,0.0336,1.55025
2007,9,5,0,1.44959,0.05602,1.45067
2007,9,6,0,1.29908,0.10744,1.30352
2007,9,7,0,1.10323,0.18355,1.11839
2007,9,8,0,0.86931,0.27813,0.91272
2007,9,9,0,0.60655,0.38405,0.71791
2007,9,10,0,0.32553,0.49405,0.59165
2007,9,11,0,0.0374,0.60131,0.60247
2007,9,12,0,-0.24687,0.69959,0.74187
2007,9,13,0,-0.51721,0.78327,0.93863
2007,9,14,0,-0.76509,0.8474,1.14168
2007,9,15,0,-0.98381,0.8878,1.32517
2007,9,16,0,-1.1687,0.90145,1.47597
2007,9,17,0,-1.3171,0.88681,1.58782
2007,9,18,0,-1.42814,0.84414,1.65896
2007,9,19,0,-1.50258,0.77556,1.69093
2007,9,20,0,-1.54245,0.68493,1.68769
2007,9,21,0,-1.55083,0.57736,1.65482
2007,9,22,0,-1.53145,0.4586,1.59864
2007,9,23,0,-1.48836,0.3344,1.52547
2007,9,24,0,-1.42552,0.20997,1.4409
2007,9,25,0,-1.34639,0.08955,1.34937
2007,9,26,0,-1.25366,-0.02376,1.25388
2007,9,27,0,-1.14914,-0.12811,1.15626
2007,9,28,0,-1.03385,-0.22287,1.0576
2007,9,29,0,-0.90823,-0.30853,0.9592
2007,9,30,0,-0.77248,-0.38653,0.86379
2007,10,1,0,-0.62692,-0.45891,0.77693
2007,10,2,0,-0.47217,-0.52789,0.70824
2007,10,3,0,-0.30924,-0.59512,0.67067
2007,10,4,0,-0.13927,-0.66094,0.67546
2007,10,5,0,0.0369,-0.7233,0.72424
2007,10,6,0,0.2193,-0.77667,0.80704
2007,10,7,0,0.40857,-0.81115,0.90823
2007,10,8,0,0.60325,-0.81315,1.01249
2007,10,9,0,0.79357,-0.77174,1.10695
2007,10,10,0,0.95821,-0.6912,1.18149
2007,10,11,0,1.07548,-0.59374,1.22849
2007,10,12,0,1.13715,-0.50145,1.2428
2007,10,13,0,1.1468,-0.42172,1.22188
2007,10,14,0,1.1123,-0.34994,1.16604
2007,10,15,0,1.04263,-0.27702,1.0788
2007,10,16,0,0.94783,-0.19423,0.96753
2007,10,17,0,0.83905,-0.09559,0.84448
2007,10,18,0,0.72819,0.02106,0.72849
2007,10,19,0,0.62688,0.15358,0.64542
2007,10,20,0,0.54533,0.29579,0.62038
2007,10,21,0,0.46477,0.46672,0.65866
2007,10,22,0,0.39561,0.62453,0.73928
2007,10,23,0,0.34079,0.76042,0.83329
2007,10,24,0,0.30164,0.86649,0.91749
2007,10,25,0,0.27781,0.9364,0.97674
2007,10,26,0,0.26738,0.96594,1.00227
2007,10,27,0,0.26699,0.95354,0.99022
2007,10,28,0,0.27219,0.90046,0.9407
2007,10,29,0,0.27785,0.81081,0.8571
2007,10,30,0,0.27855,0.69132,0.74533
2007,10,31,0,0.26902,0.55086,0.61304
2007,11,1,0,0.24459,0.39978,0.46866
2007,11,2,0,0.20148,0.24905,0.32034
2007,11,3,0,0.13708,0.10938,0.17538
2007,11,4,0,0.05015,-0.0097,0.05107
2007,11,5,0,-0.05923,-0.10071,0.11684
2007,11,6,0,-0.18959,-0.15891,0.24738
2007,11,7,0,-0.33827,-0.18272,0.38447
2007,11,8,0,-0.50161,-0.174,0.53094
2007,11,9,0,-0.67515,-0.13791,0.68909
2007,11,10,0,-0.85388,-0.08255,0.85786
2007,11,11,0,-1.02729,0.05792,1.02892
2007,11,12,0,-1.18175,0.21778,1.20165
2007,11,13,0,-1.31514,0.37893,1.36864
2007,11,14,0,-1.42983,0.52201,1.52214
2007,11,15,0,-1.53214,0.62717,1.65554
2007,11,16,0,-1.63118,0.67356,1.76477
2007,11,17,0,-1.73648,0.63601,1.84929
2007,11,18,0,-1.85192,0.47717,1.91241
2007,11,19,0,-1.95562,0.14247,1.9608
2007,11,20,0,-1.96643,-0.38085,2.00297
2007,11,21,0,-1.82325,-0.93027,2.04686
2007,11,22,0,-1.6077,-1.34661,2.09716
2007,11,23,0,-1.39311,-1.64232,2.15359
2007,11,24,0,-1.19159,-1.86234,2.21093
2007,11,25,0,-0.99683,-2.02904,2.26068
2007,11,26,0,-0.80018,-2.14977,2.29386
2007,11,27,0,-0.59317,-2.22614,2.30381
2007,11,28,0,-0.36798,-2.25885,2.28863
2007,11,29,0,-0.11819,-2.24985,2.25295
2007,11,30,0,0.16037,-2.203,2.20883
2007,12,1,0,0.46872,-2.12384,2.17495
2007,12,2,0,0.80418,-2.01887,2.17314
2007,12,3,0,1.16027,-1.89438,2.22146
2007,12,4,0,1.52705,-1.75545,2.32669
2007,12,5,0,1.89194,-1.60501,2.48103
2007,12,6,0,2.2408,-1.44321,2.66534
2007,12,7,0,2.55907,-1.26734,2.8557
2007,12,8,0,2.8328,-1.07234,3.02898
2007,12,9,0,3.04928,-0.85197,3.16606
2007,12,10,0,3.19736,-0.60082,3.25332
2007,12,11,0,3.26761,-0.31692,3.28295
2007,12,12,0,3.25303,-0.00463,3.25304
2007,12,13,0,3.15065,0.32392,3.16726
2007,12,14,0,2.96395,0.65058,3.03451
2007,12,15,0,2.70428,0.95672,2.86853
2007,12,16,0,2.38942,1.22967,2.68727
2007,12,17,0,2.03995,1.4658,2.51196
2007,12,18,0,1.67562,1.66911,2.36509
2007,12,19,0,1.31334,1.84732,2.26659
2007,12,20,0,0.96653,2.00814,2.22863
2007,12,21,0,0.64519,2.15693,2.25136
2007,12,22,0,0.35598,2.29558,2.32301
2007,12,23,0,0.10233,2.42241,2.42457
2007,12,24,0,-0.11553,2.53266,2.53529
2007,12,25,0,-0.30031,2.61932,2.63648
2007,12,26,0,-0.45732,2.67416,2.71298
2007,12,27,0,-0.59386,2.68889,2.75369
2007,12,28,0,-0.71836,2.65617,2.75159
2007,12,29,0,-0.83942,2.57041,2.70401
2007,12,30,0,-0.96478,2.42848,2.6131
2007,12,31,0,-1.04237,2.25733,2.48638
2008,1,1,0,-1.20396,2.00466,2.33841
2008,1,2,0,-1.36633,1.71139,2.18991
2008,1,3,0,-1.54515,1.37469,2.06815
2008,1,4,0,-1.73383,1.00247,2.00278
2008,1,5,0,-1.92304,0.60472,2.01588
2008,1,6,0,-2.10248,0.19347,2.11136
2008,1,7,0,-2.26265,-0.21763,2.27309
2008,1,8,0,-2.39597,-0.61446,2.47351
2008,1,9,0,-2.49696,-0.98413,2.6839
2008,1,10,0,-2.5616,-1.31652,2.88011
2008,1,11,0,-2.5866,-1.60534,3.04427
2008,1,12,0,-2.56892,-1.84842,3.16481
2008,1,13,0,-2.506,-2.04734,3.23599
2008,1,14,0,-2.39612,-2.20658,3.25736
2008,1,15,0,-2.23904,-2.33245,3.23321
2008,1,16,0,-2.03631,-2.43181,3.17179
2008,1,17,0,-1.79159,-2.51098,3.08461
2008,1,18,0,-1.51053,-2.57479,2.98517
2008,1,19,0,-1.20051,-2.62605,2.88745
2008,1,20,0,-0.87027,-2.66531,2.80379
2008,1,21,0,-0.52931,-2.69102,2.74259
2008,1,22,0,-0.18734,-2.69989,2.70639
2008,1,23,0,0.14649,-2.68741,2.6914
2008,1,24,0,0.46412,-2.64832,2.68868
2008,1,25,0,0.75923,-2.57709,2.6866
2008,1,26,0,1.02753,-2.46835,2.67368
2008,1,27,0,1.2668,-2.31729,2.64095
2008,1,28,0,1.47665,-2.11994,2.58353
2008,1,29,0,1.65774,-1.87337,2.50152
2008,1,30,0,1.81073,-1.57578,2.40038
2008,1,31,0,1.93462,-1.22636,2.29057
2008,2,1,0,2.02467,-0.82546,2.18648
2008,2,2,0,2.07008,-0.37578,2.10391
2008,2,3,0,2.05303,0.11363,2.05617
2008,2,4,0,1.95337,0.62026,2.04949
2008,2,5,0,1.76299,1.10445,2.08037
2008,2,6,0,1.5004,1.52146,2.13683
2008,2,7,0,1.20463,1.84384,2.20247
2008,2,8,0,0.91281,2.06858,2.26102
2008,2,9,0,0.64686,2.20643,2.29929
2008,2,10,0,0.41492,2.271,2.30859
2008,2,11,0,0.21714,2.27459,2.28493
2008,2,12,0,0.0502,2.22809,2.22866
2008,2,13,0,-0.09015,2.14178,2.14368
2008,2,14,0,-0.20775,2.02576,2.03638
2008,2,15,0,-0.3055,1.88992,1.91445
2008,2,16,0,-0.38518,1.7435,1.78555
2008,2,17,0,-0.4478,1.59444,1.65613
2008,2,18,0,-0.49413,1.44866,1.53062
2008,2,19,0,-0.52566,1.30953,1.41109
2008,2,20,0,-0.54562,1.17739,1.29768
2008,2,21,0,-0.55978,1.04939,1.18936
2008,2,22,0,-0.57515,0.91992,1.08492
2008,2,23,0,-0.5921,0.78537,0.98356
2008,2,24,0,-0.59272,0.65688,0.88476
2008,2,25,0,-0.55526,0.55882,0.78778
2008,2,26,0,-0.48094,0.49563,0.69061
2008,2,27,0,-0.38365,0.44745,0.58941
2008,2,28,0,-0.27579,0.391,0.47848
2008,2,29,0,-0.16719,0.30898,0.35131
2008,3,1,0,-0.06669,0.19098,0.20229
2008,3,2,0,0.01762,0.0328,0.03724
2008,3,3,0,0.07784,-0.1642,0.18172
2008,3,4,0,0.10875,-0.39339,0.40815
2008,3,5,0,0.10812,-0.64405,0.65307
2008,3,6,0,0.07742,-0.9026,0.90591
2008,3,7,0,0.02231,-1.15397,1.15418
2008,3,8,0,-0.04734,-1.38321,1.38402
2008,3,9,0,-0.11773,-1.57691,1.5813
2008,3,10,0,-0.17165,-1.72431,1.73283
2008,3,11,0,-0.18895,-1.81776,1.82755
2008,3,12,0,-0.14698,-1.85171,1.85753
2008,3,13,0,-0.02248,-1.8187,1.81884
2008,3,14,0,0.19618,-1.70093,1.71221
2008,3,15,0,0.46735,-1.47109,1.54354
2008,3,16,0,0.67569,-1.13928,1.32458
2008,3,17,0,0.75024,-0.76913,1.07444
2008,3,18,0,0.71882,-0.40367,0.82441
2008,3,19,0,0.62844,-0.05434,0.63079
2008,3,20,0,0.50916,0.2732,0.57782
2008,3,21,0,0.37612,0.57037,0.68322
2008,3,22,0,0.23545,0.82658,0.85946
2008,3,23,0,0.08796,1.03146,1.0352
2008,3,24,0,-0.06839,1.17663,1.17861
2008,3,25,0,-0.2366,1.25677,1.27885
2008,3,26,0,-0.41912,1.27003,1.3374
2008,3,27,0,-0.61649,1.21794,1.36508
2008,3,28,0,-0.82628,1.10479,1.37961
2008,3,29,0,-1.04246,0.93696,1.40165
2008,3,30,0,-1.25508,0.72206,1.44796
2008,3,31,0,-1.45047,0.46837,1.52422
2008,4,1,0,-1.61184,0.1837,1.62227
2008,4,2,0,-1.72007,-0.12143,1.72435
2008,4,3,0,-1.75638,-0.43399,1.8092
2008,4,4,0,-1.70558,-0.73537,1.85736
2008,4,5,0,-1.56138,-1.00004,1.85418
2008,4,6,0,-1.33135,-1.19839,1.79126
2008,4,7,0,-1.03715,-1.30526,1.66715
2008,4,8,0,-0.70747,-1.30896,1.48791
2008,4,9,0,-0.36842,-1.2137,1.26839
2008,4,10,0,-0.03844,-1.03532,1.03603
2008,4,11,0,0.27129,-0.7951,0.84011
2008,4,12,0,0.55413,-0.51549,0.75683
2008,4,13,0,0.80556,-0.21784,0.83449
2008,4,14,0,1.02173,0.07855,1.02474
2008,4,15,0,1.19906,0.3569,1.25105
2008,4,16,0,1.3343,0.60322,1.46432
2008,4,17,0,1.42492,0.80656,1.63736
2008,4,18,0,1.46953,0.95923,1.75489
2008,4,19,0,1.46831,1.05702,1.8092
2008,4,20,0,1.42325,1.09934,1.79839
2008,4,21,0,1.33827,1.08915,1.72546
2008,4,22,0,1.21905,1.03273,1.59769
2008,4,23,0,1.07279,0.93918,1.42581
2008,4,24,0,0.90762,0.8197,1.22298
2008,4,25,0,0.73211,0.68669,1.00376
2008,4,26,0,0.55448,0.55277,0.78294
2008,4,27,0,0.38191,0.42989,0.57503
2008,4,28,0,0.21993,0.32851,0.39533
2008,4,29,0,0.07192,0.25693,0.26681
2008,4,30,0,-0.0629,0.2176,0.22651
2008,5,1,0,-0.1825,0.2192,0.28523
2008,5,2,0,-0.29099,0.25847,0.38921
2008,5,3,0,-0.39181,0.33206,0.51359
2008,5,4,0,-0.48809,0.43363,0.65289
2008,5,5,0,-0.58212,0.5541,0.80367
2008,5,6,0,-0.67523,0.68209,0.95979
2008,5,7,0,-0.76806,0.80463,1.11236
2008,5,8,0,-0.8608,0.90785,1.25107
2008,5,9,0,-0.95335,0.97795,1.36575
2008,5,10,0,-1.04509,1.00208,1.44789
2008,5,11,0,-1.1344,0.96933,1.49213
2008,5,12,0,-1.21785,0.87168,1.49766
2008,5,13,0,-1.2895,0.70513,1.4697
2008,5,14,0,-1.3406,0.47075,1.42085
2008,5,15,0,-1.36038,0.17573,1.37168
2008,5,16,0,-1.33816,-0.16621,1.34844
2008,5,17,0,-1.26647,-0.53578,1.37514
2008,5,18,0,-1.14369,-0.91063,1.46194
2008,5,19,0,-0.97459,-1.26865,1.59978
2008,5,20,0,-0.76851,-1.59056,1.76649
2008,5,21,0,-0.53636,-1.86108,1.93682
2008,5,22,0,-0.2882,-2.06884,2.08881
2008,5,23,0,-0.03184,-2.20598,2.20621
2008,5,24,0,0.22736,-2.26772,2.27909
2008,5,25,0,0.48597,-2.25211,2.30395
2008,5,26,0,0.74155,-2.15979,2.28355
2008,5,27,0,0.99154,-1.99374,2.22669
2008,5,28,0,1.23205,-1.75883,2.14743
2008,5,29,0,1.45683,-1.46158,2.06363
2008,5,30,0,1.65641,-1.11017,1.99404
2008,5,31,0,1.81807,-0.71534,1.95374
2008,6,1,0,1.92726,-0.29215,1.94928
2008,6,2,0,1.97138,0.13828,1.97623
2008,6,3,0,1.94499,0.54925,2.02105
2008,6,4,0,1.85333,0.91313,2.06607
2008,6,5,0,1.71067,1.20809,2.09425
2008,6,6,0,1.53432,1.42248,2.09227
2008,6,7,0,1.33912,1.5546,2.05183
2008,6,8,0,1.13503,1.60996,1.96984
2008,6,9,0,0.92768,1.59837,1.84807
2008,6,10,0,0.71994,1.53194,1.69267
2008,6,11,0,0.51351,1.42383,1.51361
2008,6,12,0,0.31005,1.28736,1.32417
2008,6,13,0,0.11168,1.1353,1.14078
2008,6,14,0,-0.07875,0.97925,0.98241
2008,6,15,0,-0.25795,0.82913,0.86833
2008,6,16,0,-0.42246,0.69282,0.81146
2008,6,17,0,-0.56913,0.57586,0.80965
2008,6,18,0,-0.69554,0.48147,0.84592
2008,6,19,0,-0.80027,0.41051,0.89942
2008,6,20,0,-0.88313,0.36177,0.95436
2008,6,21,0,-0.94514,0.33212,1.0018
2008,6,22,0,-0.98836,0.31691,1.03792
2008,6,23,0,-1.01564,0.31031,1.06198
2008,6,24,0,-1.0302,0.30572,1.0746
2008,6,25,0,-1.03515,0.29621,1.0767
2008,6,26,0,-1.03287,0.27506,1.06887
2008,6,27,0,-1.02441,0.2364,1.05133
2008,6,28,0,-1.00895,0.17598,1.02418
2008,6,29,0,-0.98371,0.09204,0.98801
2008,6,30,0,-0.94446,-0.01416,0.94456
2008,7,1,0,-0.88672,-0.1384,0.89745
2008,7,2,0,-0.8072,-0.27453,0.8526
2008,7,3,0,-0.70457,-0.41577,0.81809
2008,7,4,0,-0.57947,-0.55574,0.80289
2008,7,5,0,-0.43396,-0.68884,0.81414
2008,7,6,0,-0.271,-0.81007,0.8542
2008,7,7,0,-0.09412,-0.91492,0.91974
2008,7,8,0,0.09264,-0.99916,1.00345
2008,7,9,0,0.28468,-1.059,1.0966
2008,7,10,0,0.47675,-1.09109,1.1907
2008,7,11,0,0.66294,-1.09272,1.2781
2008,7,12,0,0.83674,-1.06197,1.352
2008,7,13,0,0.99119,-0.99782,1.40645
2008,7,14,0,1.11912,-0.90037,1.43635
2008,7,15,0,1.21349,-0.77099,1.4377
2008,7,16,0,1.26777,-0.61254,1.40799
2008,7,17,0,1.27633,-0.42962,1.3467
2008,7,18,0,1.23488,-0.22873,1.25589
2008,7,19,0,1.14097,-0.01837,1.14112
2008,7,20,0,0.99452,0.19113,1.01272
2008,7,21,0,0.79838,0.38804,0.88768
2008,7,22,0,0.55881,0.56019,0.79125
2008,7,23,0,0.28564,0.69633,0.75264
2008,7,24,0,-0.00813,0.78765,0.78769
2008,7,25,0,-0.30739,0.82904,0.88419
2008,7,26,0,-0.59641,0.81974,1.01374
2008,7,27,0,-0.86049,0.76326,1.15022
2008,7,28,0,-1.08731,0.66668,1.27543
2008,7,29,0,-1.26794,0.5397,1.37803
2008,7,30,0,-1.39737,0.39363,1.45175
2008,7,31,0,-1.47464,0.24052,1.49412
2008,8,1,0,-1.50287,0.09071,1.5056
2008,8,2,0,-1.4881,-0.0467,1.48884
2008,8,3,0,-1.43854,-0.16518,1.44799
2008,8,4,0,-1.36326,-0.26109,1.38804
2008,8,5,0,-1.27114,-0.33344,1.31415
2008,8,6,0,-1.16988,-0.38337,1.23109
2008,8,7,0,-1.06542,-0.41347,1.14283
2008,8,8,0,-0.96165,-0.42722,1.05228
2008,8,9,0,-0.8604,-0.42852,0.96121
2008,8,10,0,-0.76154,-0.42141,0.87036
2008,8,11,0,-0.66327,-0.40988,0.77969
2008,8,12,0,-0.56253,-0.39772,0.68893
2008,8,13,0,-0.45544,-0.38827,0.59848
2008,8,14,0,-0.33772,-0.38415,0.5115
2008,8,15,0,-0.20525,-0.38686,0.43794
2008,8,16,0,-0.05452,-0.39635,0.40008
2008,8,17,0,0.1168,-0.41081,0.42709
2008,8,18,0,0.30929,-0.42664,0.52695
2008,8,19,0,0.52124,-0.43903,0.68149
2008,8,20,0,0.74828,-0.44287,0.86952
2008,8,21,0,0.98342,-0.43394,1.0749
2008,8,22,0,1.21748,-0.4097,1.28456
2008,8,23,0,1.44004,-0.36933,1.48665
2008,8,24,0,1.64043,-0.31308,1.67004
2008,8,25,0,1.80858,-0.24128,1.82461
2008,8,26,0,1.93572,-0.15368,1.94181
2008,8,27,0,2.01486,-0.0492,2.01546
2008,8,28,0,2.04115,0.07369,2.04248
2008,8,29,0,2.01211,0.21636,2.02371
2008,8,30,0,1.92772,0.37915,1.96465
2008,8,31,0,1.79031,0.56064,1.87604
2008,9,1,0,1.60442,0.75703,1.77405
2008,9,2,0,1.37647,0.96193,1.67928
2008,9,3,0,1.11447,1.1665,1.61331
2008,9,4,0,0.82776,1.36005,1.59215
2008,9,5,0,0.52674,1.53097,1.61905
2008,9,6,0,0.22255,1.66791,1.68269
2008,9,7,0,-0.07333,1.76108,1.7626
2008,9,8,0,-0.34983,1.80326,1.83688
2008,9,9,0,-0.59719,1.79043,1.8874
2008,9,10,0,-0.80796,1.72182,1.90197
2008,9,11,0,-0.97776,1.59956,1.87473
2008,9,12,0,-1.10561,1.42812,1.80607
2008,9,13,0,-1.19367,1.21378,1.70238
2008,9,14,0,-1.24655,0.9643,1.57599
2008,9,15,0,-1.27037,0.68871,1.44505
2008,9,16,0,-1.27187,0.39709,1.33242
2008,9,17,0,-1.25765,0.1003,1.26164
2008,9,18,0,-1.23363,-0.1905,1.24825
2008,9,19,0,-1.2048,-0.46446,1.29123
2008,9,20,0,-1.17506,-0.71176,1.37382
2008,9,21,0,-1.14701,-0.92431,1.47308
2008,9,22,0,-1.1217,-1.09625,1.56843
2008,9,23,0,-1.0984,-1.22442,1.64489
2008,9,24,0,-1.07434,-1.30841,1.69297
2008,9,25,0,-1.04483,-1.35061,1.70757
2008,9,26,0,-1.00366,-1.35594,1.68698
2008,9,27,0,-0.94395,-1.33152,1.63218
2008,9,28,0,-0.85911,-1.28616,1.5467
2008,9,29,0,-0.74388,-1.22963,1.43713
2008,9,30,0,-0.59517,-1.17182,1.3143
2008,10,1,0,-0.41254,-1.12161,1.19508
2008,10,2,0,-0.19823,-1.08572,1.10367
2008,10,3,0,0.04337,-1.06731,1.06819
2008,10,4,0,0.30652,-1.06465,1.10789
2008,10,5,0,0.58535,-1.06972,1.2194
2008,10,6,0,0.87453,-1.06692,1.37954
2008,10,7,0,1.16847,-1.03268,1.55941
2008,10,8,0,1.45666,-0.93925,1.73321
2008,10,9,0,1.71582,-0.76908,1.88029
2008,10,10,0,1.91092,-0.53719,1.98499
2008,10,11,0,2.01591,-0.28931,2.03656
2008,10,12,0,2.02841,-0.06495,2.02945
2008,10,13,0,1.95988,0.12459,1.96383
2008,10,14,0,1.82384,0.28724,1.84632
2008,10,15,0,1.63348,0.43642,1.69077
2008,10,16,0,1.40262,0.58364,1.51921
2008,10,17,0,1.14616,0.73587,1.36206
2008,10,18,0,0.87937,0.8948,1.25457
2008,10,19,0,0.61654,1.057,1.22367
2008,10,20,0,0.36953,1.21485,1.26981
2008,10,21,0,0.06199,1.36933,1.37073
2008,10,22,0,-0.23632,1.46575,1.48468
2008,10,23,0,-0.5161,1.49498,1.58156
2008,10,24,0,-0.76946,1.45177,1.64308
2008,10,25,0,-0.99011,1.33537,1.66239
2008,10,26,0,-1.17339,1.14984,1.64286
2008,10,27,0,-1.31621,0.90396,1.59674
2008,10,28,0,-1.41692,0.61086,1.54299
2008,10,29,0,-1.47514,0.28716,1.50283
2008,10,30,0,-1.49153,-0.04803,1.4923
2008,10,31,0,-1.46762,-0.37448,1.51465
2008,11,1,0,-1.40566,-0.67218,1.55811
2008,11,2,0,-1.30849,-0.92279,1.60116
2008,11,3,0,-1.17951,-1.11098,1.62035
2008,11,4,0,-1.02263,-1.2255,1.59613
2008,11,5,0,-0.84237,-1.26002,1.51567
2008,11,6,0,-0.64383,-1.21358,1.37379
2008,11,7,0,-0.43274,-1.09062,1.17334
2008,11,8,0,-0.21547,-0.90066,0.92608
2008,11,9,0,0.00107,-0.65755,0.65755
2008,11,10,0,0.20958,-0.37843,0.43259
2008,11,11,0,0.39356,-0.10877,0.40832
2008,11,12,0,0.59286,0.1329,0.60757
2008,11,13,0,0.79287,0.3324,0.85973
2008,11,14,0,0.97571,0.48211,1.08832
2008,11,15,0,1.12221,0.58233,1.2643
2008,11,16,0,1.21381,0.64185,1.37306
2008,11,17,0,1.23375,0.67765,1.4076
2008,11,18,0,1.16634,0.7127,1.36686
2008,11,19,0,0.99588,0.76381,1.25507
2008,11,20,0,0.72716,0.80043,1.08141
2008,11,21,0,0.43924,0.73911,0.85977
2008,11,22,0,0.20706,0.57322,0.60947
2008,11,23,0,0.01791,0.36181,0.36225
2008,11,24,0,-0.15637,0.15074,0.21719
2008,11,25,0,-0.3257,-0.03189,0.32725
2008,11,26,0,-0.48574,-0.16886,0.51426
2008,11,27,0,-0.62489,-0.25152,0.67361
2008,11,28,0,-0.72934,-0.2791,0.78092
2008,11,29,0,-0.78682,-0.25785,0.828
2008,11,30,0,-0.78916,-0.19965,0.81402
2008,12,1,0,-0.73382,-0.11995,0.74356
2008,12,2,0,-0.62443,-0.03543,0.62543
2008,12,3,0,-0.47029,0.03835,0.47185
2008,12,4,0,-0.28509,0.08905,0.29867
2008,12,5,0,-0.08508,0.10897,0.13825
2008,12,6,0,0.11299,0.09582,0.14815
2008,12,7,0,0.29388,0.05256,0.29855
2008,12,8,0,0.44541,-0.01353,0.44562
2008,12,9,0,0.55943,-0.09245,0.56702
2008,12,10,0,0.6321,-0.17348,0.65547
2008,12,11,0,0.66338,-0.24731,0.70798
2008,12,12,0,0.65614,-0.30763,0.72468
2008,12,13,0,0.61507,-0.35182,0.70858
2008,12,14,0,0.54598,-0.38017,0.6653
2008,12,15,0,0.45576,-0.39389,0.60239
2008,12,16,0,0.35253,-0.39317,0.52807
2008,12,17,0,0.2455,-0.37641,0.4494
2008,12,18,0,0.1444,-0.34102,0.37033
2008,12,19,0,0.05833,-0.28479,0.2907
2008,12,20,0,-0.00539,-0.20724,0.20731
2008,12,21,0,-0.04223,-0.1104,0.1182
2008,12,22,0,-0.05105,0.00116,0.05107
2008,12,23,0,-0.03427,0.1207,0.12547
2008,12,24,0,0.0024,0.24017,0.24018
2008,12,25,0,0.05051,0.3513,0.35491
2008,12,26,0,0.0998,0.4467,0.45771
2008,12,27,0,0.13921,0.52077,0.53906
2008,12,28,0,0.15793,0.57031,0.59177
2008,12,29,0,0.14653,0.59456,0.61235
2008,12,30,0,0.09785,0.59489,0.60289
2008,12,31,0,0.02162,0.57323,0.57364
2009,1,1,0,-0.11142,0.53891,0.55031
2009,1,2,0,-0.28067,0.48942,0.56419
2009,1,3,0,-0.48204,0.42873,0.64511
2009,1,4,0,-0.70453,0.35738,0.78999
2009,1,5,0,-0.9341,0.27512,0.97377
2009,1,6,0,-1.15472,0.18183,1.16895
2009,1,7,0,-1.34978,0.07829,1.35205
2009,1,8,0,-1.50352,-0.03377,1.50389
2009,1,9,0,-1.60234,-0.15246,1.60958
2009,1,10,0,-1.63597,-0.27669,1.6592
2009,1,11,0,-1.59818,-0.4068,1.64914
2009,1,12,0,-1.48725,-0.54446,1.58378
2009,1,13,0,-1.30612,-0.69188,1.47806
2009,1,14,0,-1.06226,-0.85058,1.36084
2009,1,15,0,-0.76703,-1.02029,1.27645
2009,1,16,0,-0.43488,-1.19797,1.27446
2009,1,17,0,-0.08229,-1.37746,1.37991
2009,1,18,0,0.2734,-1.54962,1.57355
2009,1,19,0,0.61506,-1.70306,1.81072
2009,1,20,0,0.92679,-1.82512,2.04695
2009,1,21,0,1.19487,-1.90309,2.2471
2009,1,22,0,1.4086,-1.92539,2.38564
2009,1,23,0,1.56105,-1.88259,2.44561
2009,1,24,0,1.6495,-1.76819,2.41813
2009,1,25,0,1.67559,-1.57933,2.30258
2009,1,26,0,1.64487,-1.31735,2.10737
2009,1,27,0,1.5658,-0.98811,1.85151
2009,1,28,0,1.44829,-0.60217,1.56848
2009,1,29,0,1.30176,-0.17453,1.31341
2009,1,30,0,1.13321,0.27592,1.16631
2009,1,31,0,0.94533,0.72723,1.19269
2009,2,1,0,0.73551,1.15526,1.36952
2009,2,2,0,0.49672,1.53406,1.61247
2009,2,3,0,0.22254,1.83624,1.84967
2009,2,4,0,-0.08186,2.03529,2.03694
2009,2,5,0,-0.3883,2.114,2.14937
2009,2,6,0,-0.65059,2.07512,2.17471
2009,2,7,0,-0.83,1.94013,2.11021
2009,2,8,0,-0.9142,1.73461,1.96077
2009,2,9,0,-0.91384,1.47814,1.73781
2009,2,10,0,-0.8504,1.18478,1.45838
2009,2,11,0,-0.74722,0.86718,1.1447
2009,2,12,0,-0.62504,0.53938,0.8256
2009,2,13,0,-0.49992,0.21739,0.54514
2009,2,14,0,-0.38245,-0.08168,0.39107
2009,2,15,0,-0.27764,-0.34117,0.43986
2009,2,16,0,-0.18548,-0.54662,0.57724
2009,2,17,0,-0.10203,-0.68729,0.69483
2009,2,18,0,-0.02096,-0.75706,0.75735
2009,2,19,0,0.06453,-0.75445,0.75721
2009,2,20,0,0.15932,-0.68169,0.70006
2009,2,21,0,0.26301,-0.5425,0.60289
2009,2,22,0,0.36427,-0.34002,0.49831
2009,2,23,0,0.43382,-0.08101,0.44132
2009,2,24,0,0.4353,0.2061,0.48163
2009,2,25,0,0.37008,0.47146,0.59936
2009,2,26,0,0.2796,0.68464,0.73953
2009,2,27,0,0.19806,0.84065,0.86367
2009,2,28,0,0.13898,0.93987,0.95009
2009,3,1,0,0.13688,0.97953,0.98904
2009,3,2,0,0.12713,0.96405,0.9724
2009,3,3,0,0.12162,0.89487,0.9031
2009,3,4,0,0.11183,0.77935,0.78734
2009,3,5,0,0.09041,0.62893,0.63539
2009,3,6,0,0.05237,0.458,0.46099
2009,3,7,0,-0.00422,0.28249,0.28252
2009,3,8,0,-0.07809,0.11804,0.14153
2009,3,9,0,-0.16504,-0.02179,0.16648
2009,3,10,0,-0.25888,-0.12722,0.28845
2009,3,11,0,-0.35259,-0.19384,0.40236
2009,3,12,0,-0.43998,-0.22419,0.49381
2009,3,13,0,-0.51746,-0.2294,0.56603
2009,3,14,0,-0.58591,-0.22921,0.62915
2009,3,15,0,-0.65247,-0.24154,0.69575
2009,3,16,0,-0.73086,-0.2598,0.77567
2009,3,17,0,-0.83105,-0.26337,0.87178
2009,3,18,0,-0.94733,-0.24906,0.97952
2009,3,19,0,-1.06565,-0.22747,1.08966
2009,3,20,0,-1.17301,-0.21188,1.19199
2009,3,21,0,-1.25994,-0.21429,1.27804
2009,3,22,0,-1.32034,-0.24432,1.34275
2009,3,23,0,-1.35064,-0.30854,1.38544
2009,3,24,0,-1.34904,-0.41008,1.40999
2009,3,25,0,-1.31463,-0.54852,1.42447
2009,3,26,0,-1.24675,-0.71998,1.43971
2009,3,27,0,-1.1444,-0.91751,1.46679
2009,3,28,0,-1.00587,-1.13155,1.514
2009,3,29,0,-0.82867,-1.35039,1.58438
2009,3,30,0,-0.60973,-1.56053,1.67541
2009,3,31,0,-0.34598,-1.74676,1.7807
2009,4,1,0,-0.03415,-1.89216,1.89247
2009,4,2,0,0.32369,-1.97737,2.00369
2009,4,3,0,0.72035,-1.98209,2.10893
2009,4,4,0,1.13904,-1.88756,2.20461
2009,4,5,0,1.5512,-1.68258,2.28851
2009,4,6,0,1.91957,-1.3713,2.35907
2009,4,7,0,2.20831,-0.9767,2.41466
2009,4,8,0,2.39421,-0.53461,2.45318
2009,4,9,0,2.47067,-0.08204,2.47203
2009,4,10,0,2.44333,0.35111,2.46843
2009,4,11,0,2.32388,0.74396,2.44006
2009,4,12,0,2.12583,1.08296,2.38578
2009,4,13,0,1.86289,1.35976,2.30636
2009,4,14,0,1.54857,1.56962,2.20494
2009,4,15,0,1.1963,1.71061,2.08742
2009,4,16,0,0.81938,1.78312,1.96237
2009,4,17,0,0.43099,1.78948,1.84065
2009,4,18,0,0.0439,1.73376,1.73432
2009,4,19,0,-0.32974,1.62152,1.6547
2009,4,20,0,-0.67878,1.45953,1.60965
2009,4,21,0,-0.99337,1.25562,1.60105
2009,4,22,0,-1.26525,1.01841,1.6242
2009,4,23,0,-1.48793,0.75716,1.6695
2009,4,24,0,-1.65684,0.4816,1.72542
2009,4,25,0,-1.76939,0.20176,1.78086
2009,4,26,0,-1.82492,-0.07214,1.82635
2009,4,27,0,-1.82474,-0.32986,1.85432
2009,4,28,0,-1.7721,-0.56132,1.85887
2009,4,29,0,-1.6722,-0.75693,1.83554
2009,4,30,0,-1.52368,-0.91501,1.77731
2009,5,1,0,-1.34897,-1.01711,1.68944
2009,5,2,0,-1.15233,-1.06266,1.56752
2009,5,3,0,-0.94405,-1.05035,1.41226
2009,5,4,0,-0.73307,-0.98285,1.22613
2009,5,5,0,-0.52589,-0.8665,1.01359
2009,5,6,0,-0.32641,-0.71038,0.78178
2009,5,7,0,-0.13633,-0.52534,0.54274
2009,5,8,0,0.04391,-0.32289,0.32587
2009,5,9,0,0.21427,-0.1144,0.24289
2009,5,10,0,0.37424,0.08976,0.38486
2009,5,11,0,0.52248,0.28072,0.59312
2009,5,12,0,0.6567,0.45162,0.79701
2009,5,13,0,0.77404,0.59766,0.97793
2009,5,14,0,0.87167,0.71588,1.12796
2009,5,15,0,0.94755,0.80463,1.2431
2009,5,16,0,1.00099,0.86298,1.32164
2009,5,17,0,1.03263,0.89056,1.36361
2009,5,18,0,1.04364,0.88795,1.37027
2009,5,19,0,1.0347,0.85743,1.3438
2009,5,20,0,1.00534,0.80347,1.28696
2009,5,21,0,0.95409,0.7327,1.20297
2009,5,22,0,0.87936,0.65321,1.09543
2009,5,23,0,0.78045,0.5736,0.96856
2009,5,24,0,0.65831,0.50182,0.82777
2009,5,25,0,0.51583,0.44419,0.68073
2009,5,26,0,0.3576,0.40455,0.53994
2009,5,27,0,0.18937,0.3837,0.42789
2009,5,28,0,0.01731,0.37927,0.37966
2009,5,29,0,-0.15272,0.38589,0.41501
2009,5,30,0,-0.31561,0.39588,0.50629
2009,5,31,0,-0.46702,0.40032,0.61511
2009,6,1,0,-0.60289,0.39082,0.71848
2009,6,2,0,-0.71893,0.36143,0.80467
2009,6,3,0,-0.81075,0.31025,0.86809
2009,6,4,0,-0.87492,0.23926,0.90704
2009,6,5,0,-0.91034,0.15246,0.92302
2009,6,6,0,-0.91875,0.05359,0.92031
2009,6,7,0,-0.90408,-0.05478,0.90574
2009,6,8,0,-0.87132,-0.17083,0.88791
2009,6,9,0,-0.82541,-0.29253,0.87572
2009,6,10,0,-0.77045,-0.41695,0.87603
2009,6,11,0,-0.70914,-0.54001,0.89135
2009,6,12,0,-0.64255,-0.6568,0.91883
2009,6,13,0,-0.57004,-0.762,0.95162
2009,6,14,0,-0.48957,-0.85055,0.98138
2009,6,15,0,-0.39822,-0.91821,1.00085
2009,6,16,0,-0.29279,-0.96202,1.00559
2009,6,17,0,-0.17056,-0.98054,0.99527
2009,6,18,0,-0.02994,-0.974,0.97446
2009,6,19,0,0.12899,-0.94411,0.95288
2009,6,20,0,0.30414,-0.89387,0.9442
2009,6,21,0,0.49135,-0.82713,0.96207
2009,6,22,0,0.68447,-0.74817,1.01403
2009,6,23,0,0.87575,-0.66119,1.09732
2009,6,24,0,1.05633,-0.56994,1.20028
2009,6,25,0,1.21694,-0.47751,1.30727
2009,6,26,0,1.34853,-0.38635,1.40278
2009,6,27,0,1.44308,-0.29874,1.47367
2009,6,28,0,1.49432,-0.21748,1.51007
2009,6,29,0,1.49845,-0.14651,1.5056
2009,6,30,0,1.45461,-0.09085,1.45745
2009,7,1,0,1.365,-0.05516,1.36612
2009,7,2,0,1.23436,-0.0414,1.23505
2009,7,3,0,1.06901,-0.0469,1.07004
2009,7,4,0,0.87611,-0.06406,0.87845
2009,7,5,0,0.66339,-0.08179,0.66841
2009,7,6,0,0.43934,-0.08789,0.44805
2009,7,7,0,0.21329,-0.07133,0.2249
2009,7,8,0,-0.00481,-0.02403,0.0245
2009,7,9,0,-0.20499,0.05816,0.21308
2009,7,10,0,-0.37821,0.17507,0.41677
2009,7,11,0,-0.51735,0.3225,0.60964
2009,7,12,0,-0.61815,0.4929,0.7906
2009,7,13,0,-0.67988,0.67636,0.95901
2009,7,14,0,-0.70562,0.8618,1.11382
2009,7,15,0,-0.70212,1.03795,1.25312
2009,7,16,0,-0.6792,1.19437,1.37398
2009,7,17,0,-0.64868,1.32202,1.47259
2009,7,18,0,-0.62306,1.41365,1.54487
2009,7,19,0,-0.61399,1.46381,1.58736
2009,7,20,0,-0.6307,1.46875,1.59844
2009,7,21,0,-0.67875,1.4263,1.57957
2009,7,22,0,-0.75926,1.33583,1.53653
2009,7,23,0,-0.86884,1.19848,1.48028
2009,7,24,0,-1.00023,1.01752,1.42682
2009,7,25,0,-1.14346,0.7986,1.39473
2009,7,26,0,-1.28716,0.54973,1.39964
2009,7,27,0,-1.41964,0.28089,1.44716
2009,7,28,0,-1.52973,0.0034,1.52973
2009,7,29,0,-1.60734,-0.27074,1.62998
2009,7,30,0,-1.64404,-0.52956,1.72722
2009,7,31,0,-1.63361,-0.76143,1.80235
2009,8,1,0,-1.57171,-0.95751,1.8404
2009,8,2,0,-1.45652,-1.11075,1.83173
2009,8,3,0,-1.28846,-1.21732,1.77257
2009,8,4,0,-1.07001,-1.27689,1.66594
2009,8,5,0,-0.80562,-1.2925,1.52302
2009,8,6,0,-0.50178,-1.27004,1.36557
2009,8,7,0,-0.16706,-1.21729,1.2287
2009,8,8,0,0.18791,-1.14292,1.15826
2009,8,9,0,0.55079,-1.05538,1.19046
2009,8,10,0,0.90804,-0.96199,1.32286
2009,8,11,0,1.24574,-0.86823,1.51845
2009,8,12,0,1.55047,-0.77721,1.73436
2009,8,13,0,1.8102,-0.68962,1.93711
2009,8,14,0,2.01503,-0.60397,2.1036
2009,8,15,0,2.15767,-0.51725,2.2188
2009,8,16,0,2.23366,-0.4259,2.2739
2009,8,17,0,2.24139,-0.32699,2.26511
2009,8,18,0,2.18191,-0.21938,2.19292
2009,8,19,0,2.05888,-0.10434,2.06152
2009,8,20,0,1.87848,0.01462,1.87853
2009,8,21,0,1.64954,0.13285,1.65488
2009,8,22,0,1.38337,0.24613,1.4051
2009,8,23,0,1.09324,0.35185,1.14847
2009,8,24,0,0.7936,0.44916,0.91189
2009,8,25,0,0.4991,0.53824,0.73403
2009,8,26,0,0.2237,0.61915,0.65832
2009,8,27,0,-0.02015,0.69087,0.69116
2009,8,28,0,-0.22219,0.75094,0.78312
2009,8,29,0,-0.37489,0.79569,0.87959
2009,8,30,0,-0.47383,0.82077,0.94772
2009,8,31,0,-0.51777,0.82199,0.97147
2009,9,1,0,-0.50855,0.79617,0.94473
2009,9,2,0,-0.45069,0.74188,0.86805
2009,9,3,0,-0.35095,0.6599,0.74742
2009,9,4,0,-0.21772,0.55338,0.59467
2009,9,5,0,-0.06057,0.42766,0.43193
2009,9,6,0,0.11016,0.28971,0.30994
2009,9,7,0,0.2836,0.14729,0.31957
2009,9,8,0,0.44857,0.00817,0.44864
2009,9,9,0,0.59395,-0.12073,0.6061
2009,9,10,0,0.70918,-0.23374,0.7467
2009,9,11,0,0.78491,-0.3266,0.85015
2009,9,12,0,0.81385,-0.39649,0.90529
2009,9,13,0,0.79137,-0.4418,0.90634
2009,9,14,0,0.71595,-0.46214,0.85215
2009,9,15,0,0.58943,-0.45827,0.74662
2009,9,16,0,0.41677,-0.43207,0.60032
2009,9,17,0,0.20575,-0.38641,0.43778
2009,9,18,0,-0.0336,-0.32487,0.3266
2009,9,19,0,-0.28971,-0.25131,0.38352
2009,9,20,0,-0.55014,-0.16943,0.57564
2009,9,21,0,-0.80229,-0.08236,0.8065
2009,9,22,0,-1.03407,0.00747,1.03409
2009,9,23,0,-1.23452,0.09821,1.23842
2009,9,24,0,-1.39439,0.1882,1.40703
2009,9,25,0,-1.50658,0.2756,1.53158
2009,9,26,0,-1.56658,0.35809,1.60699
2009,9,27,0,-1.57277,0.43278,1.63123
2009,9,28,0,-1.52655,0.49642,1.60524
2009,9,29,0,-1.43241,0.54577,1.53286
2009,9,30,0,-1.29768,0.57796,1.42057
2009,10,1,0,-1.13215,0.59096,1.27711
2009,10,2,0,-0.94743,0.58388,1.11289
2009,10,3,0,-0.7561,0.55714,0.9392
2009,10,4,0,-0.57079,0.51252,0.76713
2009,10,5,0,-0.4031,0.45303,0.60641
2009,10,6,0,-0.26247,0.38256,0.46394
2009,10,7,0,-0.15494,0.30511,0.3422
2009,10,8,0,-0.08189,0.2236,0.23813
2009,10,9,0,-0.03927,0.13823,0.1437
2009,10,10,0,-0.01971,0.04588,0.04994
2009,10,11,0,-0.01776,-0.0578,0.06047
2009,10,12,0,-0.03279,-0.17489,0.17794
2009,10,13,0,-0.06636,-0.3034,0.31058
2009,10,14,0,-0.11878,-0.43798,0.45381
2009,10,15,0,-0.18762,-0.5715,0.60151
2009,10,16,0,-0.26777,-0.69661,0.7463
2009,10,17,0,-0.35197,-0.80689,0.88031
2009,10,18,0,-0.4317,-0.89771,0.99611
2009,10,19,0,-0.49799,-0.96673,1.08745
2009,10,20,0,-0.54241,-1.01413,1.15008
2009,10,21,0,-0.49613,-1.07426,1.18329
2009,10,22,0,-0.40902,-1.11542,1.18805
2009,10,23,0,-0.28078,-1.13587,1.17006
2009,10,24,0,-0.1133,-1.13423,1.13988
2009,10,25,0,0.08933,-1.10947,1.11306
2009,10,26,0,0.3211,-1.06088,1.10841
2009,10,27,0,0.57429,-0.98805,1.14282
2009,10,28,0,0.83986,-0.8909,1.22436
2009,10,29,0,1.10786,-0.76967,1.34898
2009,10,30,0,1.36789,-0.625,1.50391
2009,10,31,0,1.60951,-0.45799,1.6734
2009,11,1,0,1.82274,-0.27033,1.84268
2009,11,2,0,1.99846,-0.06436,1.99949
2009,11,3,0,2.12877,0.15675,2.13453
2009,11,4,0,2.20732,0.38898,2.24134
2009,11,5,0,2.22957,0.62742,2.31617
2009,11,6,0,2.19291,0.86626,2.35781
2009,11,7,0,2.09685,1.09891,2.36736
2009,11,8,0,1.94296,1.31814,2.34789
2009,11,9,0,1.73489,1.51639,2.30419
2009,11,10,0,1.47819,1.68604,2.24227
2009,11,11,0,1.31183,1.7337,2.17408
2009,11,12,0,1.11792,1.77923,2.10128
2009,11,13,0,0.89825,1.82154,2.03097
2009,11,14,0,0.65364,1.85814,1.96976
2009,11,15,0,0.38312,1.88468,1.92323
2009,11,16,0,0.08243,1.89355,1.89534
2009,11,17,0,-0.25817,1.87015,1.88789
2009,11,18,0,-0.65596,1.78341,1.90022
2009,11,19,0,-1.12392,1.56811,1.92929
2009,11,20,0,-1.60171,1.14716,1.97014
2009,11,21,0,-1.92566,0.5988,2.01661
2009,11,22,0,-2.05896,0.11368,2.0621
2009,11,23,0,-2.08446,-0.25789,2.10035
2009,11,24,0,-2.05562,-0.54269,2.12605
2009,11,25,0,-1.99303,-0.76648,2.13533
2009,11,26,0,-1.9046,-0.94498,2.12614
2009,11,27,0,-1.79441,-1.08775,2.09835
2009,11,28,0,-1.66579,-1.20123,2.05373
2009,11,29,0,-1.5224,-1.29023,1.99559
2009,11,30,0,-1.36853,-1.35852,1.92833
2009,12,1,0,-1.20894,-1.40899,1.85656
2009,12,2,0,-1.04861,-1.44369,1.78432
2009,12,3,0,-0.89232,-1.46374,1.71428
2009,12,4,0,-0.7443,-1.46947,1.64722
2009,12,5,0,-0.60784,-1.46059,1.58202
2009,12,6,0,-0.4851,-1.43648,1.51618
2009,12,7,0,-0.37701,-1.39669,1.44668
2009,12,8,0,-0.28327,-1.34132,1.3709
2009,12,9,0,-0.20253,-1.27141,1.28744
2009,12,10,0,-0.13261,-1.18914,1.19651
2009,12,11,0,-0.07075,-1.09769,1.09997
2009,12,12,0,-0.01377,-1.00084,1.00094
2009,12,13,0,0.04199,-0.90226,0.90323
2009,12,14,0,0.10098,-0.80471,0.81102
2009,12,15,0,0.16869,-0.70953,0.7293
2009,12,16,0,0.25132,-0.61643,0.66569
2009,12,17,0,0.35476,-0.524,0.6328
2009,12,18,0,0.48316,-0.43041,0.64707
2009,12,19,0,0.63771,-0.33422,0.71998
2009,12,20,0,0.81614,-0.23491,0.84927
2009,12,21,0,1.01277,-0.13297,1.02146
2009,12,22,0,1.21902,-0.0298,1.21939
2009,12,23,0,1.4242,0.07277,1.42606
2009,12,24,0,1.61639,0.17303,1.62562
2009,12,25,0,1.78332,0.26991,1.80362
2009,12,26,0,1.91322,0.36334,1.94742
2009,12,27,0,1.99561,0.45432,2.04668
2009,12,28,0,2.02188,0.54468,2.09396
2009,12,29,0,1.98591,0.63649,2.08541
2009,12,30,0,1.88448,0.73136,2.02142
2009,12,31,0,1.73895,0.78556,1.90816
2010,1,1,0,1.5094,0.8962,1.75541
2010,1,2,0,1.23227,0.99686,1.585
2010,1,3,0,0.91019,1.09755,1.42585
2010,1,4,0,0.55576,1.19205,1.31524
2010,1,5,0,0.18419,1.27378,1.28703
2010,1,6,0,-0.18751,1.33758,1.35066
2010,1,7,0,-0.54183,1.38106,1.48355
2010,1,8,0,-0.86251,1.40493,1.64856
2010,1,9,0,-1.13625,1.41206,1.81245
2010,1,10,0,-1.35391,1.40583,1.95178
2010,1,11,0,-1.51099,1.38869,2.05221
2010,1,12,0,-1.60752,1.36135,2.10651
2010,1,13,0,-1.64754,1.32291,2.11293
2010,1,14,0,-1.63829,1.27146,2.07379
2010,1,15,0,-1.58938,1.20494,1.99449
2010,1,16,0,-1.51181,1.12188,1.8826
2010,1,17,0,-1.41703,1.02192,1.74708
2010,1,18,0,-1.31608,0.90598,1.59777
2010,1,19,0,-1.21884,0.77608,1.44494
2010,1,20,0,-1.13342,0.63502,1.29919
2010,1,21,0,-1.06575,0.48596,1.17132
2010,1,22,0,-1.01928,0.33201,1.07199
2010,1,23,0,-0.9948,0.17595,1.01024
2010,1,24,0,-0.99054,0.02001,0.99074
2010,1,25,0,-1.00227,-0.13419,1.01122
2010,1,26,0,-1.02369,-0.28572,1.06281
2010,1,27,0,-1.04687,-0.43437,1.13341
2010,1,28,0,-1.06291,-0.58067,1.21118
2010,1,29,0,-1.06238,-0.72572,1.28659
2010,1,30,0,-1.0358,-0.87095,1.3533
2010,1,31,0,-0.97375,-1.01743,1.40832
2010,2,1,0,-0.86693,-1.16471,1.45193
2010,2,2,0,-0.70643,-1.30882,1.4873
2010,2,3,0,-0.48605,-1.43974,1.51958
2010,2,4,0,-0.20805,-1.54049,1.55447
2010,2,5,0,0.10942,-1.5928,1.59655
2010,2,6,0,0.43394,-1.58941,1.64758
2010,2,7,0,0.73387,-1.53978,1.70572
2010,2,8,0,0.99094,-1.46142,1.7657
2010,2,9,0,1.19911,-1.36909,1.81996
2010,2,10,0,1.35808,-1.27107,1.86011
2010,2,11,0,1.4692,-1.17035,1.87837
2010,2,12,0,1.5343,-1.06662,1.86862
2010,2,13,0,1.55585,-0.95796,1.82711
2010,2,14,0,1.53739,-0.84195,1.75284
2010,2,15,0,1.48365,-0.71647,1.64759
2010,2,16,0,1.40041,-0.58014,1.51582
2010,2,17,0,1.29392,-0.43266,1.36434
2010,2,18,0,1.1702,-0.27485,1.20205
2010,2,19,0,1.03392,-0.10858,1.03961
2010,2,20,0,0.88694,0.06331,0.88919
2010,2,21,0,0.72638,0.23637,0.76387
2010,2,22,0,0.54304,0.40151,0.67536
2010,2,23,0,0.3265,0.53783,0.62917
2010,2,24,0,0.08788,0.61367,0.61993
2010,2,25,0,-0.13064,0.61984,0.63346
2010,2,26,0,-0.29939,0.58185,0.65436
2010,2,27,0,-0.41853,0.52506,0.67146
2010,2,28,0,-0.49831,0.46082,0.67873
2010,3,1,0,-0.53268,0.41093,0.67277
2010,3,2,0,-0.5596,0.34584,0.65785
2010,3,3,0,-0.5722,0.27603,0.6353
2010,3,4,0,-0.57453,0.20258,0.6092
2010,3,5,0,-0.56972,0.12719,0.58374
2010,3,6,0,-0.55973,0.05196,0.56213
2010,3,7,0,-0.54531,-0.02082,0.54571
2010,3,8,0,-0.52597,-0.08899,0.53345
2010,3,9,0,-0.5,-0.15075,0.52223
2010,3,10,0,-0.46456,-0.20483,0.50772
2010,3,11,0,-0.41579,-0.25037,0.48536
2010,3,12,0,-0.34876,-0.2864,0.45129
2010,3,13,0,-0.25777,-0.30987,0.40307
2010,3,14,0,-0.13912,-0.31114,0.34083
2010,3,15,0,-0.00202,-0.27029,0.2703
2010,3,16,0,0.12353,-0.17346,0.21295
2010,3,17,0,0.21657,-0.03354,0.21915
2010,3,18,0,0.28283,0.13032,0.31141
2010,3,19,0,0.3339,0.30765,0.45402
2010,3,20,0,0.37659,0.49232,0.61984
2010,3,21,0,0.41328,0.67859,0.79453
2010,3,22,0,0.44358,0.86006,0.96771
2010,3,23,0,0.4655,1.02971,1.13004
2010,3,24,0,0.47611,1.18034,1.27275
2010,3,25,0,0.4721,1.30506,1.38782
2010,3,26,0,0.45023,1.39776,1.46848
2010,3,27,0,0.40773,1.4536,1.5097
2010,3,28,0,0.34273,1.46924,1.50869
2010,3,29,0,0.25458,1.44301,1.4653
2010,3,30,0,0.14432,1.37483,1.38238
2010,3,31,0,0.01503,1.26598,1.26607
2010,4,1,0,-0.12863,1.11869,1.12606
2010,4,2,0,-0.27723,0.93614,0.97632
2010,4,3,0,-0.4192,0.72282,0.83558
2010,4,4,0,-0.54061,0.48565,0.72671
2010,4,5,0,-0.62754,0.2357,0.67034
2010,4,6,0,-0.67031,-0.01084,0.6704
2010,4,7,0,-0.66774,-0.23471,0.70779
2010,4,8,0,-0.62759,-0.4184,0.75427
2010,4,9,0,-0.56262,-0.55026,0.78697
2010,4,10,0,-0.48577,-0.62561,0.79206
2010,4,11,0,-0.40742,-0.6456,0.76341
2010,4,12,0,-0.33485,-0.6157,0.70086
2010,4,13,0,-0.27289,-0.54457,0.60912
2010,4,14,0,-0.22452,-0.44335,0.49696
2010,4,15,0,-0.19142,-0.32492,0.37712
2010,4,16,0,-0.17426,-0.20316,0.26766
2010,4,17,0,-0.17285,-0.09202,0.19582
2010,4,18,0,-0.1862,-0.00462,0.18626
2010,4,19,0,-0.21264,0.04777,0.21794
2010,4,20,0,-0.24977,0.05652,0.25608
2010,4,21,0,-0.29445,0.0163,0.2949
2010,4,22,0,-0.34274,-0.07447,0.35074
2010,4,23,0,-0.38983,-0.21346,0.44445
2010,4,24,0,-0.42995,-0.39462,0.58359
2010,4,25,0,-0.45648,-0.60839,0.7606
2010,4,26,0,-0.46227,-0.84231,0.96083
2010,4,27,0,-0.44021,-1.08159,1.16775
2010,4,28,0,-0.38415,-1.30986,1.36503
2010,4,29,0,-0.29007,-1.51011,1.53772
2010,4,30,0,-0.1461,-1.66694,1.67333
2010,5,1,0,0.02794,-1.76152,1.76174
2010,5,2,0,0.23037,-1.78442,1.79923
2010,5,3,0,0.44983,-1.72933,1.78688
2010,5,4,0,0.67361,-1.59586,1.73221
2010,5,5,0,0.88943,-1.3895,1.64979
2010,5,6,0,1.08636,-1.12071,1.56082
2010,5,7,0,1.25496,-0.80377,1.49029
2010,5,8,0,1.38697,-0.45549,1.45985
2010,5,9,0,1.47489,-0.094,1.47788
2010,5,10,0,1.51177,0.26225,1.53435
2010,5,11,0,1.49165,0.59527,1.60604
2010,5,12,0,1.4103,0.8881,1.66664
2010,5,13,0,1.26657,1.1252,1.69419
2010,5,14,0,1.06386,1.29292,1.67435
2010,5,15,0,0.81147,1.38049,1.60133
2010,5,16,0,0.52465,1.38177,1.47802
2010,5,17,0,0.22283,1.29745,1.31644
2010,5,18,0,-0.07397,1.13644,1.13885
2010,5,19,0,-0.34892,0.91536,0.9796
2010,5,20,0,-0.5905,0.65579,0.88247
2010,5,21,0,-0.79219,0.38091,0.87901
2010,5,22,0,-0.95077,0.11246,0.9574
2010,5,23,0,-1.06449,-0.13116,1.07254
2010,5,24,0,-1.13198,-0.33587,1.18075
2010,5,25,0,-1.15204,-0.49218,1.25277
2010,5,26,0,-1.1241,-0.59501,1.27187
2010,5,27,0,-1.04904,-0.64317,1.23051
2010,5,28,0,-0.93014,-0.63848,1.12819
2010,5,29,0,-0.77391,-0.5848,0.97001
2010,5,30,0,-0.59062,-0.48712,0.76558
2010,5,31,0,-0.39433,-0.35104,0.52794
2010,6,1,0,-0.2019,-0.1832,0.27263
2010,6,2,0,-0.03066,0.0074,0.03154
2010,6,3,0,0.10513,0.20809,0.23314
2010,6,4,0,0.19762,0.40285,0.44871
2010,6,5,0,0.24597,0.57503,0.62543
2010,6,6,0,0.25417,0.71087,0.75494
2010,6,7,0,0.22779,0.80181,0.83354
2010,6,8,0,0.17219,0.84495,0.86231
2010,6,9,0,0.09211,0.84233,0.84735
2010,6,10,0,-0.00775,0.79982,0.79986
2010,6,11,0,-0.12207,0.7258,0.736
2010,6,12,0,-0.24455,0.63001,0.6758
2010,6,13,0,-0.36783,0.52234,0.63886
2010,6,14,0,-0.48392,0.41195,0.63552
2010,6,15,0,-0.5847,0.30649,0.66016
2010,6,16,0,-0.66263,0.21166,0.69561
2010,6,17,0,-0.71143,0.13105,0.7234
2010,6,18,0,-0.72669,0.06622,0.7297
2010,6,19,0,-0.70622,0.01706,0.70643
2010,6,20,0,-0.65035,-0.01782,0.65059
2010,6,21,0,-0.56184,-0.04055,0.5633
2010,6,22,0,-0.44577,-0.05352,0.44897
2010,6,23,0,-0.30913,-0.05902,0.31471
2010,6,24,0,-0.16034,-0.059,0.17085
2010,6,25,0,-0.00859,-0.05497,0.05564
2010,6,26,0,0.13686,-0.04825,0.14511
2010,6,27,0,0.26747,-0.04026,0.27048
2010,6,28,0,0.37626,-0.0331,0.37771
2010,6,29,0,0.45853,-0.03,0.45951
2010,6,30,0,0.51241,-0.03534,0.51363
2010,7,1,0,0.53896,-0.05383,0.54164
2010,7,2,0,0.54162,-0.08904,0.54889
2010,7,3,0,0.5253,-0.14193,0.54413
2010,7,4,0,0.49549,-0.21014,0.53821
2010,7,5,0,0.45771,-0.28842,0.54101
2010,7,6,0,0.41734,-0.36965,0.55751
2010,7,7,0,0.3796,-0.44614,0.58578
2010,7,8,0,0.34945,-0.51067,0.61879
2010,7,9,0,0.33133,-0.55722,0.64828
2010,7,10,0,0.32875,-0.58134,0.66786
2010,7,11,0,0.34385,-0.58023,0.67446
2010,7,12,0,0.37692,-0.55255,0.66887
2010,7,13,0,0.42615,-0.4982,0.65559
2010,7,14,0,0.48743,-0.41797,0.64209
2010,7,15,0,0.55443,-0.31345,0.6369
2010,7,16,0,0.61892,-0.18696,0.64655
2010,7,17,0,0.67131,-0.04174,0.67261
2010,7,18,0,0.7014,0.11775,0.71122
2010,7,19,0,0.69942,0.28547,0.75543
2010,7,20,0,0.65719,0.45353,0.79849
2010,7,21,0,0.56944,0.61225,0.83612
2010,7,22,0,0.43493,0.75068,0.86757
2010,7,23,0,0.25732,0.85775,0.89552
2010,7,24,0,0.04516,0.92383,0.92493
2010,7,25,0,-0.18877,0.94225,0.96097
2010,7,26,0,-0.429,0.91044,1.00645
2010,7,27,0,-0.65903,0.8303,1.06006
2010,7,28,0,-0.86302,0.70787,1.11619
2010,7,29,0,-1.02707,0.55259,1.16629
2010,7,30,0,-1.14028,0.37626,1.20075
2010,7,31,0,-1.19538,0.19215,1.21072
2010,8,1,0,-1.18929,0.01277,1.18936
2010,8,2,0,-1.12276,-0.15039,1.13279
2010,8,3,0,-1.00019,-0.28829,1.04091
2010,8,4,0,-0.829,-0.39503,0.91831
2010,8,5,0,-0.61896,-0.46801,0.77598
2010,8,6,0,-0.38157,-0.50755,0.63498
2010,8,7,0,-0.12945,-0.51638,0.53236
2010,8,8,0,0.12416,-0.49887,0.51408
2010,8,9,0,0.366,-0.46042,0.58817
2010,8,10,0,0.58344,-0.4069,0.71131
2010,8,11,0,0.76514,-0.34419,0.83899
2010,8,12,0,0.90176,-0.27788,0.9436
2010,8,13,0,0.98653,-0.21314,1.0093
2010,8,14,0,1.01575,-0.15467,1.02746
2010,8,15,0,0.98902,-0.10674,0.99476
2010,8,16,0,0.90937,-0.07331,0.91232
2010,8,17,0,0.78309,-0.05801,0.78524
2010,8,18,0,0.6194,-0.06392,0.62269
2010,8,19,0,0.42974,-0.09292,0.43967
2010,8,20,0,0.22681,-0.14485,0.26912
2010,8,21,0,0.02335,-0.21661,0.21786
2010,8,22,0,-0.16914,-0.30194,0.34609
2010,8,23,0,-0.34125,-0.39204,0.51976
2010,8,24,0,-0.48605,-0.47686,0.68091
2010,8,25,0,-0.59896,-0.5467,0.81094
2010,8,26,0,-0.67752,-0.59341,0.90065
2010,8,27,0,-0.72122,-0.61114,0.94533
2010,8,28,0,-0.73137,-0.59657,0.94382
2010,8,29,0,-0.71115,-0.54893,0.89836
2010,8,30,0,-0.66555,-0.46976,0.81463
2010,8,31,0,-0.60111,-0.36267,0.70205
2010,9,1,0,-0.5256,-0.23306,0.57495
2010,9,2,0,-0.44733,-0.08783,0.45587
2010,9,3,0,-0.37446,0.06491,0.38005
2010,9,4,0,-0.31407,0.21614,0.38126
2010,9,5,0,-0.27127,0.35637,0.44786
2010,9,6,0,-0.2485,0.47612,0.53707
2010,9,7,0,-0.24504,0.56663,0.61735
2010,9,8,0,-0.25699,0.62059,0.6717
2010,9,9,0,-0.27773,0.63281,0.69107
2010,9,10,0,-0.29878,0.60084,0.67103
2010,9,11,0,-0.31094,0.52521,0.61036
2010,9,12,0,-0.30524,0.40945,0.51071
2010,9,13,0,-0.27382,0.2599,0.37753
2010,9,14,0,-0.21048,0.0854,0.22714
2010,9,15,0,-0.11117,-0.10313,0.15164
2010,9,16,0,0.02571,-0.2931,0.29423
2010,9,17,0,0.19889,-0.47095,0.51123
2010,9,18,0,0.40399,-0.62295,0.74248
2010,9,19,0,0.63338,-0.73633,0.97126
2010,9,20,0,0.87637,-0.80043,1.18689
2010,9,21,0,1.11993,-0.8079,1.38092
2010,9,22,0,1.34974,-0.75543,1.54676
2010,9,23,0,1.55161,-0.64408,1.67998
2010,9,24,0,1.71285,-0.47896,1.77855
2010,9,25,0,1.82333,-0.26851,1.843
2010,9,26,0,1.8761,-0.02357,1.87625
2010,9,27,0,1.86749,0.24353,1.8833
2010,9,28,0,1.79682,0.51972,1.87047
2010,9,29,0,1.66598,0.79175,1.84455
2010,9,30,0,1.47877,1.04666,1.8117
2010,10,1,0,1.24034,1.27202,1.77665
2010,10,2,0,0.95665,1.45617,1.74229
2010,10,3,0,0.63407,1.58819,1.71009
2010,10,4,0,0.27928,1.65769,1.68105
2010,10,5,0,-0.10045,1.65398,1.65703
2010,10,6,0,-0.49583,1.56486,1.64154
2010,10,7,0,-0.89199,1.37576,1.63962
2010,10,8,0,-1.26163,1.07319,1.65634
2010,10,9,0,-1.56043,0.66017,1.69433
2010,10,10,0,-1.74247,0.17874,1.75161
2010,10,11,0,-1.79637,-0.29786,1.8209
2010,10,12,0,-1.75244,-0.70973,1.8907
2010,10,13,0,-1.65184,-1.03163,1.94753
2010,10,14,0,-1.52471,-1.26031,1.97816
2010,10,15,0,-1.38798,-1.4,1.97142
2010,10,16,0,-1.24965,-1.45676,1.91932
2010,10,17,0,-1.11235,-1.43764,1.81773
2010,10,18,0,-0.9757,-1.35114,1.66661
2010,10,19,0,-0.83786,-1.20773,1.4699
2010,10,20,0,-0.69662,-1.01993,1.23512
2010,10,21,0,-0.50104,-0.83909,0.9773
2010,10,22,0,-0.32427,-0.6233,0.70261
2010,10,23,0,-0.17194,-0.38754,0.42397
2010,10,24,0,-0.04768,-0.14724,0.15477
2010,10,25,0,0.04691,0.08272,0.0951
2010,10,26,0,0.11209,0.28893,0.30991
2010,10,27,0,0.14975,0.46017,0.48393
2010,10,28,0,0.16313,0.58801,0.61021
2010,10,29,0,0.15645,0.66705,0.68515
2010,10,30,0,0.13454,0.69509,0.70799
2010,10,31,0,0.10255,0.67291,0.68068
2010,11,1,0,0.06558,0.60397,0.60752
2010,11,2,0,0.02849,0.49398,0.4948
2010,11,3,0,-0.00434,0.35027,0.35029
2010,11,4,0,-0.02914,0.18126,0.18359
2010,11,5,0,-0.04281,-0.00413,0.04301
2010,11,6,0,-0.04302,-0.19702,0.20166
2010,11,7,0,-0.02815,-0.38897,0.38999
2010,11,8,0,0.00265,-0.57231,0.57232
2010,11,9,0,0.04955,-0.74035,0.74201
2010,11,10,0,0.112,-0.88747,0.89451
2010,11,11,0,0.11721,-1.02477,1.03145
2010,11,12,0,0.12372,-1.1405,1.14719
2010,11,13,0,0.13672,-1.23278,1.24034
2010,11,14,0,0.16187,-1.30042,1.31046
2010,11,15,0,0.20561,-1.34235,1.35801
2010,11,16,0,0.2759,-1.35653,1.3843
2010,11,17,0,0.38372,-1.3376,1.39155
2010,11,18,0,0.5444,-1.2712,1.38287
2010,11,19,0,0.77023,-1.12355,1.36221
2010,11,20,0,1.02473,-0.85455,1.33429
2010,11,21,0,1.19827,-0.51494,1.30423
2010,11,22,0,1.25857,-0.21566,1.27691
2010,11,23,0,1.25604,0.01931,1.25619
2010,11,24,0,1.22624,0.20859,1.24386
2010,11,25,0,1.18367,0.36655,1.23913
2010,11,26,0,1.13345,0.49952,1.23864
2010,11,27,0,1.07673,0.6093,1.23717
2010,11,28,0,1.0127,0.69581,1.2287
2010,11,29,0,0.93961,0.75855,1.20759
2010,11,30,0,0.85531,0.79745,1.16939
2010,12,1,0,0.75782,0.8132,1.11157
2010,12,2,0,0.64572,0.80743,1.03387
2010,12,3,0,0.51865,0.7825,0.93878
2010,12,4,0,0.37755,0.74137,0.83197
2010,12,5,0,0.22489,0.6872,0.72306
2010,12,6,0,0.06467,0.62311,0.62645
2010,12,7,0,-0.09774,0.55191,0.5605
2010,12,8,0,-0.25594,0.47598,0.54042
2010,12,9,0,-0.40297,0.39731,0.5659
2010,12,10,0,-0.53199,0.31787,0.61972
2010,12,11,0,-0.63695,0.24009,0.6807
2010,12,12,0,-0.71343,0.16765,0.73286
2010,12,13,0,-0.75943,0.10583,0.76676
2010,12,14,0,-0.77589,0.06104,0.77829
2010,12,15,0,-0.76647,0.03916,0.76747
2010,12,16,0,-0.7363,0.0435,0.73758
2010,12,17,0,-0.69053,0.07356,0.69444
2010,12,18,0,-0.63331,0.12528,0.64558
2010,12,19,0,-0.5675,0.19215,0.59915
2010,12,20,0,-0.49509,0.26656,0.56229
2010,12,21,0,-0.41763,0.34093,0.53912
2010,12,22,0,-0.3367,0.40847,0.52935
2010,12,23,0,-0.25408,0.46376,0.5288
2010,12,24,0,-0.17186,0.50311,0.53165
2010,12,25,0,-0.09235,0.52479,0.53285
2010,12,26,0,-0.01791,0.52912,0.52942
2010,12,27,0,0.04917,0.5184,0.52073
2010,12,28,0,0.10685,0.49666,0.50803
2010,12,29,0,0.15342,0.4692,0.49365
2010,12,30,0,0.18748,0.44199,0.48011
2010,12,31,0,0.21939,0.41494,0.46937
2011,1,1,0,0.22224,0.40823,0.4648
2011,1,2,0,0.21488,0.41219,0.46484
2011,1,3,0,0.19191,0.43317,0.47378
2011,1,4,0,0.15314,0.47044,0.49474
2011,1,5,0,0.09894,0.52074,0.53006
2011,1,6,0,0.03067,0.57869,0.5795
2011,1,7,0,-0.04913,0.63745,0.63934
2011,1,8,0,-0.13671,0.68964,0.70306
2011,1,9,0,-0.22767,0.72798,0.76275
2011,1,10,0,-0.31759,0.74584,0.81065
2011,1,11,0,-0.40272,0.73755,0.84033
2011,1,12,0,-0.48036,0.69865,0.84785
2011,1,13,0,-0.54889,0.62625,0.83275
2011,1,14,0,-0.60756,0.51936,0.79929
2011,1,15,0,-0.65608,0.37923,0.7578
2011,1,16,0,-0.69422,0.20953,0.72515
2011,1,17,0,-0.72146,0.0164,0.72164
2011,1,18,0,-0.73689,-0.19176,0.76143
2011,1,19,0,-0.73929,-0.40472,0.84283
2011,1,20,0,-0.72736,-0.6111,0.95
2011,1,21,0,-0.7,-0.79921,1.06243
2011,1,22,0,-0.6566,-0.95809,1.16149
2011,1,23,0,-0.59706,-1.07848,1.23272
2011,1,24,0,-0.52181,-1.15373,1.26625
2011,1,25,0,-0.43168,-1.18047,1.25692
2011,1,26,0,-0.32784,-1.15888,1.20436
2011,1,27,0,-0.21196,-1.09267,1.11304
2011,1,28,0,-0.08636,-0.98857,0.99233
2011,1,29,0,0.04561,-0.85549,0.8567
2011,1,30,0,0.17931,-0.70346,0.72595
2011,1,31,0,0.30862,-0.54243,0.62409
2011,2,1,0,0.42599,-0.38129,0.5717
2011,2,2,0,0.52288,-0.22748,0.57022
2011,2,3,0,0.59096,-0.08803,0.59748
2011,2,4,0,0.62452,0.02793,0.62514
2011,2,5,0,0.62418,0.10718,0.63332
2011,2,6,0,0.59822,0.13556,0.61339
2011,2,7,0,0.55764,0.10535,0.5675
2011,2,8,0,0.50937,0.01904,0.50973
2011,2,9,0,0.45447,-0.11285,0.46827
2011,2,10,0,0.39074,-0.27532,0.478
2011,2,11,0,0.31597,-0.4513,0.55092
2011,2,12,0,0.22985,-0.62319,0.66422
2011,2,13,0,0.13488,-0.77421,0.78587
2011,2,14,0,0.03631,-0.8898,0.89054
2011,2,15,0,-0.05846,-0.95883,0.96061
2011,2,16,0,-0.14088,-0.97459,0.98472
2011,2,17,0,-0.20253,-0.9353,0.95698
2011,2,18,0,-0.23654,-0.84403,0.87655
2011,2,19,0,-0.23909,-0.70802,0.7473
2011,2,20,0,-0.21105,-0.53734,0.5773
2011,2,21,0,-0.16008,-0.34297,0.37849
2011,2,22,0,-0.10362,-0.13502,0.1702
2011,2,23,0,-0.07003,0.07675,0.1039
2011,2,24,0,-0.0836,0.27806,0.29035
2011,2,25,0,-0.13447,0.45194,0.47152
2011,2,26,0,-0.18895,0.58916,0.61872
2011,2,27,0,-0.22449,0.68546,0.72128
2011,2,28,0,-0.23494,0.73644,0.773
2011,3,1,0,-0.19069,0.74786,0.77179
2011,3,2,0,-0.15949,0.70045,0.71838
2011,3,3,0,-0.12464,0.60534,0.61804
2011,3,4,0,-0.09181,0.47028,0.47915
2011,3,5,0,-0.06456,0.30616,0.31289
2011,3,6,0,-0.04371,0.12591,0.13328
2011,3,7,0,-0.0273,-0.0568,0.06302
2011,3,8,0,-0.01083,-0.22879,0.22905
2011,3,9,0,0.01217,-0.37835,0.37855
2011,3,10,0,0.04934,-0.49576,0.49821
2011,3,11,0,0.10869,-0.57304,0.58325
2011,3,12,0,0.19752,-0.60243,0.63398
2011,3,13,0,0.32006,-0.57308,0.6564
2011,3,14,0,0.46963,-0.46743,0.6626
2011,3,15,0,0.61204,-0.27203,0.66977
2011,3,16,0,0.69563,-0.01556,0.6958
2011,3,17,0,0.71087,0.24368,0.75148
2011,3,18,0,0.68559,0.47717,0.8353
2011,3,19,0,0.64214,0.68118,0.93613
2011,3,20,0,0.59054,0.85578,1.03976
2011,3,21,0,0.53386,0.9999,1.13349
2011,3,22,0,0.47183,1.11203,1.20799
2011,3,23,0,0.40275,1.19152,1.25774
2011,3,24,0,0.32465,1.23914,1.28097
2011,3,25,0,0.2361,1.25735,1.27932
2011,3,26,0,0.1368,1.25001,1.25747
2011,3,27,0,0.02781,1.22196,1.22228
2011,3,28,0,-0.08852,1.17845,1.18177
2011,3,29,0,-0.20884,1.12444,1.14367
2011,3,30,0,-0.32941,1.06403,1.11385
2011,3,31,0,-0.44669,0.99988,1.09513
2011,4,1,0,-0.55856,0.9325,1.08699
2011,4,2,0,-0.66251,0.86098,1.08637
2011,4,3,0,-0.75727,0.78261,1.08901
2011,4,4,0,-0.84132,0.69397,1.0906
2011,4,5,0,-0.91194,0.59258,1.08756
2011,4,6,0,-0.96515,0.4784,1.07721
2011,4,7,0,-0.99699,0.35394,1.05795
2011,4,8,0,-1.00518,0.22247,1.02951
2011,4,9,0,-0.98961,0.08602,0.99334
2011,4,10,0,-0.95159,-0.05494,0.95317
2011,4,11,0,-0.89297,-0.20045,0.9152
2011,4,12,0,-0.81571,-0.34974,0.88752
2011,4,13,0,-0.7217,-0.50054,0.87829
2011,4,14,0,-0.61281,-0.64885,0.89249
2011,4,15,0,-0.49082,-0.78917,0.92935
2011,4,16,0,-0.35744,-0.91492,0.98227
2011,4,17,0,-0.21437,-1.01891,1.04122
2011,4,18,0,-0.06336,-1.09396,1.09579
2011,4,19,0,0.0936,-1.13343,1.13729
2011,4,20,0,0.254,-1.13185,1.16
2011,4,21,0,0.41462,-1.08541,1.1619
2011,4,22,0,0.57121,-0.9925,1.14513
2011,4,23,0,0.71838,-0.85404,1.116
2011,4,24,0,0.84956,-0.6738,1.08432
2011,4,25,0,0.95717,-0.45843,1.06129
2011,4,26,0,1.03304,-0.21748,1.05569
2011,4,27,0,1.06916,0.03676,1.06979
2011,4,28,0,1.05863,0.2897,1.09755
2011,4,29,0,0.99692,0.52506,1.12673
2011,4,30,0,0.87801,0.72758,1.14029
2011,5,1,0,0.71226,0.87894,1.1313
2011,5,2,0,0.50495,0.96523,1.08933
2011,5,3,0,0.26815,0.97709,1.01321
2011,5,4,0,0.01593,0.91115,0.91129
2011,5,5,0,-0.23759,0.77025,0.80606
2011,5,6,0,-0.4795,0.56267,0.73927
2011,5,7,0,-0.69861,0.30091,0.76066
2011,5,8,0,-0.88536,0.00026,0.88536
2011,5,9,0,-1.03146,-0.32243,1.08068
2011,5,10,0,-1.12967,-0.64981,1.30323
2011,5,11,0,-1.17389,-0.96475,1.51946
2011,5,12,0,-1.1597,-1.25089,1.70576
2011,5,13,0,-1.08537,-1.49295,1.84579
2011,5,14,0,-0.95318,-1.67714,1.92908
2011,5,15,0,-0.77072,-1.79187,1.9506
2011,5,16,0,-0.55122,-1.82925,1.91049
2011,5,17,0,-0.31204,-1.78697,1.81401
2011,5,18,0,-0.07131,-1.66978,1.6713
2011,5,19,0,0.15598,-1.48921,1.49736
2011,5,20,0,0.36045,-1.26163,1.31211
2011,5,21,0,0.53834,-1.00542,1.14048
2011,5,22,0,0.68989,-0.73849,1.0106
2011,5,23,0,0.81721,-0.47657,0.94602
2011,5,24,0,0.92268,-0.23212,0.95143
2011,5,25,0,1.00794,-0.01382,1.00803
2011,5,26,0,1.07351,0.17372,1.08747
2011,5,27,0,1.1189,0.32983,1.1665
2011,5,28,0,1.1428,0.45738,1.23093
2011,5,29,0,1.14336,0.56191,1.27398
2011,5,30,0,1.1185,0.65035,1.29383
2011,5,31,0,1.06622,0.72929,1.29177
2011,6,1,0,0.98509,0.8032,1.27103
2011,6,2,0,0.87515,0.87323,1.23629
2011,6,3,0,0.73871,0.93745,1.19353
2011,6,4,0,0.58039,0.99285,1.15004
2011,6,5,0,0.4061,1.03752,1.11417
2011,6,6,0,0.22177,1.07134,1.09405
2011,6,7,0,0.03279,1.095,1.09549
2011,6,8,0,-0.15581,1.10869,1.11959
2011,6,9,0,-0.33893,1.11122,1.16176
2011,6,10,0,-0.51133,1.09996,1.213
2011,6,11,0,-0.66767,1.07127,1.2623
2011,6,12,0,-0.8028,1.02127,1.29903
2011,6,13,0,-0.91201,0.94669,1.31453
2011,6,14,0,-0.99124,0.84577,1.30302
2011,6,15,0,-1.03735,0.71889,1.2621
2011,6,16,0,-1.04829,0.56904,1.19278
2011,6,17,0,-1.02334,0.40188,1.09942
2011,6,18,0,-0.96328,0.22543,0.9893
2011,6,19,0,-0.87056,0.04941,0.87196
2011,6,20,0,-0.74936,-0.11566,0.75824
2011,6,21,0,-0.60551,-0.25957,0.6588
2011,6,22,0,-0.44624,-0.37343,0.58188
2011,6,23,0,-0.27981,-0.45061,0.53042
2011,6,24,0,-0.11507,-0.48735,0.50075
2011,6,25,0,0.03904,-0.48318,0.48476
2011,6,26,0,0.17392,-0.44105,0.4741
2011,6,27,0,0.2819,-0.36733,0.46303
2011,6,28,0,0.35687,-0.27168,0.44852
2011,6,29,0,0.39533,-0.16659,0.42899
2011,6,30,0,0.39746,-0.06629,0.40295
2011,7,1,0,0.36789,0.0152,0.3682
2011,7,2,0,0.31524,0.0665,0.32218
2011,7,3,0,0.25035,0.08082,0.26307
2011,7,4,0,0.184,0.05667,0.19253
2011,7,5,0,0.1251,-0.00258,0.12513
2011,7,6,0,0.07986,-0.08971,0.1201
2011,7,7,0,0.05162,-0.19474,0.20147
2011,7,8,0,0.04125,-0.30594,0.30871
2011,7,9,0,0.04751,-0.41072,0.41346
2011,7,10,0,0.06757,-0.4967,0.50128
2011,7,11,0,0.09743,-0.5527,0.56122
2011,7,12,0,0.13228,-0.56974,0.5849
2011,7,13,0,0.16689,-0.54191,0.56703
2011,7,14,0,0.19585,-0.467,0.5064
2011,7,15,0,0.21384,-0.34681,0.40744
2011,7,16,0,0.21586,-0.18718,0.28571
2011,7,17,0,0.19748,0.00242,0.1975
2011,7,18,0,0.15514,0.20948,0.26067
2011,7,19,0,0.08656,0.41936,0.4282
2011,7,20,0,-0.00865,0.61635,0.61641
2011,7,21,0,-0.12839,0.78493,0.79536
2011,7,22,0,-0.26754,0.91111,0.94958
2011,7,23,0,-0.41781,0.98387,1.06891
2011,7,24,0,-0.56829,0.99635,1.14702
2011,7,25,0,-0.70656,0.94667,1.18127
2011,7,26,0,-0.82032,0.83803,1.1727
2011,7,27,0,-0.89885,0.67834,1.12609
2011,7,28,0,-0.93419,0.47931,1.04998
2011,7,29,0,-0.92193,0.2554,0.95665
2011,7,30,0,-0.86164,0.02252,0.86194
2011,7,31,0,-0.75698,-0.2031,0.78375
2011,8,1,0,-0.61527,-0.40735,0.7379
2011,8,2,0,-0.44658,-0.57834,0.73069
2011,8,3,0,-0.26255,-0.70771,0.75484
2011,8,4,0,-0.075,-0.79105,0.7946
2011,8,5,0,0.10536,-0.82772,0.8344
2011,8,6,0,0.26979,-0.82045,0.86367
2011,8,7,0,0.41198,-0.7747,0.87743
2011,8,8,0,0.52808,-0.698,0.87526
2011,8,9,0,0.61643,-0.5992,0.85967
2011,8,10,0,0.67717,-0.48776,0.83455
2011,8,11,0,0.71179,-0.37302,0.80361
2011,8,12,0,0.7227,-0.26353,0.76925
2011,8,13,0,0.71289,-0.1665,0.73207
2011,8,14,0,0.68574,-0.08745,0.6913
2011,8,15,0,0.64492,-0.03,0.64561
2011,8,16,0,0.59427,0.00413,0.59428
2011,8,17,0,0.53786,0.01502,0.53807
2011,8,18,0,0.47986,0.00432,0.47988
2011,8,19,0,0.42428,-0.02485,0.42501
2011,8,20,0,0.3746,-0.06816,0.38075
2011,8,21,0,0.33334,-0.12026,0.35437
2011,8,22,0,0.30178,-0.17516,0.34893
2011,8,23,0,0.27996,-0.22671,0.36024
2011,8,24,0,0.26709,-0.26921,0.37923
2011,8,25,0,0.26207,-0.29784,0.39673
2011,8,26,0,0.2639,-0.30911,0.40644
2011,8,27,0,0.27187,-0.30104,0.40563
2011,8,28,0,0.2856,-0.27326,0.39527
2011,8,29,0,0.30478,-0.22699,0.38002
2011,8,30,0,0.32893,-0.16479,0.3679
2011,8,31,0,0.35722,-0.0903,0.36846
2011,9,1,0,0.38828,-0.00781,0.38835
2011,9,2,0,0.42017,0.07816,0.42738
2011,9,3,0,0.45053,0.16329,0.47921
2011,9,4,0,0.4767,0.24377,0.53542
2011,9,5,0,0.49598,0.31654,0.58838
2011,9,6,0,0.50582,0.37941,0.6323
2011,9,7,0,0.50403,0.43106,0.66322
2011,9,8,0,0.48888,0.47103,0.67887
2011,9,9,0,0.45903,0.49962,0.67848
2011,9,10,0,0.41362,0.51785,0.66276
2011,9,11,0,0.35216,0.52728,0.63407
2011,9,12,0,0.27463,0.52986,0.5968
2011,9,13,0,0.18155,0.52768,0.55803
2011,9,14,0,0.07403,0.52271,0.52792
2011,9,15,0,-0.04609,0.51655,0.5186
2011,9,16,0,-0.17634,0.51022,0.53984
2011,9,17,0,-0.31365,0.50409,0.5937
2011,9,18,0,-0.45451,0.49789,0.67415
2011,9,19,0,-0.59519,0.49084,0.77147
2011,9,20,0,-0.73189,0.48191,0.8763
2011,9,21,0,-0.86104,0.47003,0.98097
2011,9,22,0,-0.97945,0.45426,1.07967
2011,9,23,0,-1.08463,0.43391,1.1682
2011,9,24,0,-1.17486,0.40852,1.24386
2011,9,25,0,-1.2494,0.37788,1.30529
2011,9,26,0,-1.30839,0.34196,1.35233
2011,9,27,0,-1.35277,0.30096,1.38585
2011,9,28,0,-1.38404,0.25528,1.40738
2011,9,29,0,-1.4039,0.20554,1.41887
2011,9,30,0,-1.41396,0.15246,1.42215
2011,10,1,0,-1.41531,0.09676,1.41861
2011,10,2,0,-1.40831,0.03887,1.40885
2011,10,3,0,-1.39236,-0.02141,1.39253
2011,10,4,0,-1.36572,-0.08526,1.36837
2011,10,5,0,-1.32537,-0.15512,1.33441
2011,10,6,0,-1.2667,-0.23447,1.28822
2011,10,7,0,-1.18318,-0.32638,1.22738
2011,10,8,0,-1.06675,-0.42928,1.14989
2011,10,9,0,-0.91163,-0.53056,1.05478
2011,10,10,0,-0.72189,-0.6068,0.94304
2011,10,11,0,-0.51175,-0.63988,0.81935
2011,10,12,0,-0.29303,-0.63105,0.69577
2011,10,13,0,-0.0681,-0.59467,0.59855
2011,10,14,0,0.16541,-0.5469,0.57136
2011,10,15,0,0.40885,-0.50106,0.64669
2011,10,16,0,0.66014,-0.46704,0.80865
2011,10,17,0,0.91362,-0.45154,1.01911
2011,10,18,0,1.16081,-0.45806,1.24792
2011,10,19,0,1.39161,-0.48689,1.47433
2011,10,20,0,1.59556,-0.53511,1.6829
2011,10,21,0,1.79915,-0.4926,1.86536
2011,10,22,0,1.96181,-0.43151,2.0087
2011,10,23,0,2.07558,-0.34994,2.10487
2011,10,24,0,2.13405,-0.24736,2.14834
2011,10,25,0,2.13272,-0.12503,2.13638
2011,10,26,0,2.06933,0.0138,2.06938
2011,10,27,0,1.94409,0.16375,1.95098
2011,10,28,0,1.75977,0.31751,1.78818
2011,10,29,0,1.52161,0.4661,1.5914
2011,10,30,0,1.23724,0.59946,1.37482
2011,10,31,0,0.9164,0.70709,1.15749
2011,11,1,0,0.57052,0.77889,0.96549
2011,11,2,0,0.21232,0.80601,0.8335
2011,11,3,0,-0.14472,0.78171,0.79499
2011,11,4,0,-0.48694,0.70211,0.85444
2011,11,5,0,-0.80104,0.56677,0.98127
2011,11,6,0,-1.07465,0.37904,1.13954
2011,11,7,0,-1.29689,0.14613,1.3051
2011,11,8,0,-1.45883,-0.12117,1.46385
2011,11,9,0,-1.55388,-0.40896,1.60679
2011,11,10,0,-1.57813,-0.70111,1.72686
2011,11,11,0,-1.59786,-0.86824,1.81852
2011,11,12,0,-1.57368,-1.01873,1.87464
2011,11,13,0,-1.50092,-1.14958,1.89058
2011,11,14,0,-1.37448,-1.25918,1.86406
2011,11,15,0,-1.18894,-1.34711,1.79674
2011,11,16,0,-0.9381,-1.41297,1.69602
2011,11,17,0,-0.61352,-1.45293,1.57715
2011,11,18,0,-0.20226,-1.45063,1.46466
2011,11,19,0,0.30591,-1.35638,1.39045
2011,11,20,0,0.85974,-1.08397,1.38353
2011,11,21,0,1.3007,-0.64707,1.45277
2011,11,22,0,1.56657,-0.20182,1.57952
2011,11,23,0,1.72098,0.16767,1.72913
2011,11,24,0,1.81081,0.45087,1.86609
2011,11,25,0,1.85013,0.65159,1.96152
2011,11,26,0,1.83809,0.77518,1.99486
2011,11,27,0,1.76923,0.82897,1.95381
2011,11,28,0,1.63861,0.8235,1.8339
2011,11,29,0,1.44461,0.77242,1.63815
2011,11,30,0,1.19059,0.69155,1.37686
2011,12,1,0,0.88545,0.59739,1.06813
2011,12,2,0,0.54349,0.50535,0.74213
2011,12,3,0,0.18341,0.42815,0.46579
2011,12,4,0,-0.17326,0.37467,0.41279
2011,12,5,0,-0.50415,0.34926,0.61331
2011,12,6,0,-0.78823,0.35195,0.86324
2011,12,7,0,-1.00785,0.3792,1.07682
2011,12,8,0,-1.15045,0.42541,1.22658
2011,12,9,0,-1.20974,0.48476,1.30326
2011,12,10,0,-1.18621,0.5532,1.30886
2011,12,11,0,-1.0869,0.62989,1.25623
2011,12,12,0,-0.9245,0.71762,1.17033
2011,12,13,0,-0.71576,0.82112,1.08929
2011,12,14,0,-0.47931,0.94377,1.05851
2011,12,15,0,-0.23349,1.08379,1.10866
2011,12,16,0,0.00535,1.23274,1.23275
2011,12,17,0,0.2233,1.37698,1.39497
2011,12,18,0,0.40875,1.50116,1.55582
2011,12,19,0,0.55208,1.59152,1.68456
2011,12,20,0,0.64575,1.63807,1.76075
2011,12,21,0,0.68476,1.63549,1.77306
2011,12,22,0,0.66707,1.58317,1.71797
2011,12,23,0,0.59401,1.48456,1.59899
2011,12,24,0,0.47034,1.34619,1.42598
2011,12,25,0,0.30407,1.17656,1.21521
2011,12,26,0,0.10604,0.98484,0.99053
2011,12,27,0,-0.11081,0.77978,0.78761
2011,12,28,0,-0.33225,0.56877,0.6587
2011,12,29,0,-0.54375,0.35739,0.65069
2011,12,30,0,-0.73142,0.14929,0.7465
2011,12,31,0,-0.88267,-0.0313,0.88322
2012,1,1,0,-0.99594,-0.2257,1.0212
2012,1,2,0,-1.05458,-0.40866,1.13099
2012,1,3,0,-1.05736,-0.58585,1.20881
2012,1,4,0,-1.00339,-0.75575,1.25617
2012,1,5,0,-0.89552,-0.9149,1.28023
2012,1,6,0,-0.7404,-1.05821,1.29151
2012,1,7,0,-0.54801,-1.18009,1.30113
2012,1,8,0,-0.33062,-1.27545,1.31761
2012,1,9,0,-0.10134,-1.34037,1.3442
2012,1,10,0,0.1274,-1.372,1.37791
2012,1,11,0,0.34499,-1.36816,1.41098
2012,1,12,0,0.54321,-1.32683,1.43372
2012,1,13,0,0.71638,-1.2461,1.43735
2012,1,14,0,0.86109,-1.12447,1.4163
2012,1,15,0,0.97566,-0.96143,1.36977
2012,1,16,0,1.05951,-0.75816,1.30283
2012,1,17,0,1.11251,-0.51815,1.22726
2012,1,18,0,1.13447,-0.24764,1.16118
2012,1,19,0,1.12486,0.04431,1.12573
2012,1,20,0,1.08281,0.34605,1.13676
2012,1,21,0,1.00726,0.64398,1.19553
2012,1,22,0,0.89728,0.92348,1.28761
2012,1,23,0,0.75226,1.17008,1.39104
2012,1,24,0,0.57211,1.37062,1.48523
2012,1,25,0,0.35734,1.51431,1.5559
2012,1,26,0,0.10921,1.59349,1.59723
2012,1,27,0,-0.16999,1.60387,1.61285
2012,1,28,0,-0.47653,1.54434,1.61619
2012,1,29,0,-0.80455,1.41622,1.6288
2012,1,30,0,-1.14528,1.22199,1.67479
2012,1,31,0,-1.48608,0.96379,1.77125
2012,2,1,0,-1.80912,0.64224,1.91974
2012,2,2,0,-2.0901,0.25695,2.10584
2012,2,3,0,-2.29788,-0.18876,2.30562
2012,2,4,0,-2.39951,-0.67692,2.49317
2012,2,5,0,-2.37519,-1.16459,2.64533
2012,2,6,0,-2.23479,-1.59266,2.74424
2012,2,7,0,-2.01323,-1.91481,2.77842
2012,2,8,0,-1.74674,-2.11546,2.7434
2012,2,9,0,-1.45779,-2.2033,2.64191
2012,2,10,0,-1.15643,-2.19821,2.48384
2012,2,11,0,-0.84697,-2.12328,2.28597
2012,2,12,0,-0.53311,-2.00141,2.0712
2012,2,13,0,-0.22043,-1.8538,1.86686
2012,2,14,0,0.08309,-1.69873,1.70077
2012,2,15,0,0.3677,-1.55055,1.59355
2012,2,16,0,0.62328,-1.41879,1.54966
2012,2,17,0,0.84104,-1.30773,1.55484
2012,2,18,0,1.01539,-1.21622,1.58436
2012,2,19,0,1.14568,-1.13784,1.6147
2012,2,20,0,1.23749,-1.06105,1.63009
2012,2,21,0,1.30287,-0.96889,1.62365
2012,2,22,0,1.35686,-0.83968,1.59566
2012,2,23,0,1.40528,-0.65678,1.55119
2012,2,24,0,1.43208,-0.43892,1.49783
2012,2,25,0,1.42396,-0.24131,1.44427
2012,2,26,0,1.39726,-0.08747,1.4
2012,2,27,0,1.37545,0.04389,1.37615
2012,2,28,0,1.3745,0.18057,1.38631
2012,2,29,0,1.40465,0.33964,1.44513
2012,3,1,0,1.47227,0.52674,1.56366
2012,3,2,0,1.58105,0.73588,1.74391
2012,3,3,0,1.72794,0.96076,1.97707
2012,3,4,0,1.90512,1.18925,2.24584
2012,3,5,0,2.0995,1.40869,2.5283
2012,3,6,0,2.2934,1.60813,2.80103
2012,3,7,0,2.46593,1.78012,3.04132
2012,3,8,0,2.59458,1.92197,3.2289
2012,3,9,0,2.65679,2.0364,3.34745
2012,3,10,0,2.63106,2.13134,3.38601
2012,3,11,0,2.49669,2.21873,3.34009
2012,3,12,0,2.23143,2.31132,3.2127
2012,3,13,0,1.80739,2.41353,3.01526
2012,3,14,0,1.19635,2.49662,2.76846
2012,3,15,0,0.42634,2.46661,2.50318
2012,3,16,0,-0.34215,2.23453,2.26057
2012,3,17,0,-0.95904,1.85426,2.08759
2012,3,18,0,-1.42554,1.43449,2.02236
2012,3,19,0,-1.79453,1.03705,2.07263
2012,3,20,0,-2.09997,0.68799,2.2098
2012,3,21,0,-2.3543,0.39801,2.3877
2012,3,22,0,-2.55813,0.16978,2.56376
2012,3,23,0,-2.70746,0.00022,2.70746
2012,3,24,0,-2.79799,-0.1184,2.80049
2012,3,25,0,-2.82756,-0.19722,2.83443
2012,3,26,0,-2.79739,-0.24944,2.80849
2012,3,27,0,-2.71232,-0.28883,2.72766
2012,3,28,0,-2.58026,-0.32829,2.60106
2012,3,29,0,-2.41118,-0.37873,2.44074
2012,3,30,0,-2.21564,-0.44822,2.26052
2012,3,31,0,-2.00327,-0.54152,2.07517
2012,4,1,0,-1.7809,-0.66124,1.89969
2012,4,2,0,-1.55226,-0.80348,1.74789
2012,4,3,0,-1.3173,-0.96184,1.63108
2012,4,4,0,-1.07359,-1.12598,1.55577
2012,4,5,0,-0.81943,-1.2822,1.52168
2012,4,6,0,-0.55742,-1.41594,1.52171
2012,4,7,0,-0.29548,-1.51574,1.54428
2012,4,8,0,-0.04382,-1.57608,1.57669
2012,4,9,0,0.18938,-1.5967,1.60789
2012,4,10,0,0.40005,-1.57991,1.62977
2012,4,11,0,0.58743,-1.52859,1.63757
2012,4,12,0,0.7523,-1.44561,1.62964
2012,4,13,0,0.89555,-1.33418,1.60688
2012,4,14,0,1.01736,-1.19832,1.57194
2012,4,15,0,1.11701,-1.043,1.52826
2012,4,16,0,1.19296,-0.87416,1.47896
2012,4,17,0,1.24321,-0.69837,1.42593
2012,4,18,0,1.26572,-0.5224,1.36929
2012,4,19,0,1.25898,-0.35277,1.30747
2012,4,20,0,1.22232,-0.19529,1.23782
2012,4,21,0,1.15636,-0.05472,1.15765
2012,4,22,0,1.06317,0.06548,1.06518
2012,4,23,0,0.94633,0.16314,0.96029
2012,4,24,0,0.81081,0.2374,0.84485
2012,4,25,0,0.66271,0.28848,0.72277
2012,4,26,0,0.50886,0.31751,0.5998
2012,4,27,0,0.35637,0.32635,0.48322
2012,4,28,0,0.21202,0.31743,0.38173
2012,4,29,0,0.0818,0.29372,0.3049
2012,4,30,0,-0.03393,0.25646,0.25869
2012,5,1,0,-0.12349,0.2137,0.24682
2012,5,2,0,-0.19062,0.16724,0.25358
2012,5,3,0,-0.2368,0.12079,0.26583
2012,5,4,0,-0.26555,0.07733,0.27658
2012,5,5,0,-0.28189,0.03874,0.28454
2012,5,6,0,-0.29165,0.0057,0.2917
2012,5,7,0,-0.30067,-0.02215,0.30149
2012,5,8,0,-0.31415,-0.04594,0.31749
2012,5,9,0,-0.33593,-0.06729,0.3426
2012,5,10,0,-0.36796,-0.08813,0.37837
2012,5,11,0,-0.40991,-0.11056,0.42456
2012,5,12,0,-0.45895,-0.13662,0.47885
2012,5,13,0,-0.50977,-0.168,0.53674
2012,5,14,0,-0.55504,-0.20539,0.59182
2012,5,15,0,-0.58607,-0.24772,0.63628
2012,5,16,0,-0.59404,-0.29155,0.66173
2012,5,17,0,-0.57124,-0.33103,0.66022
2012,5,18,0,-0.51214,-0.35894,0.6254
2012,5,19,0,-0.41392,-0.36843,0.55414
2012,5,20,0,-0.27646,-0.3546,0.44963
2012,5,21,0,-0.10214,-0.31536,0.33149
2012,5,22,0,0.10418,-0.25141,0.27214
2012,5,23,0,0.33511,-0.1655,0.37375
2012,5,24,0,0.58078,-0.06152,0.58403
2012,5,25,0,0.82904,0.05649,0.83097
2012,5,26,0,1.06593,0.18508,1.08188
2012,5,27,0,1.27642,0.32187,1.31638
2012,5,28,0,1.44528,0.46553,1.5184
2012,5,29,0,1.55797,0.61509,1.675
2012,5,30,0,1.60181,0.76859,1.77667
2012,5,31,0,1.5673,0.92106,1.81791
2012,6,1,0,1.45011,1.06265,1.79779
2012,6,2,0,1.25358,1.17836,1.72046
2012,6,3,0,0.99021,1.25122,1.59564
2012,6,4,0,0.68019,1.26833,1.43921
2012,6,5,0,0.34672,1.22588,1.27397
2012,6,6,0,0.01102,1.12968,1.12973
2012,6,7,0,-0.30996,0.99159,1.03891
2012,6,8,0,-0.60331,0.82533,1.02233
2012,6,9,0,-0.85915,0.64349,1.07342
2012,6,10,0,-1.0699,0.45625,1.16312
2012,6,11,0,-1.23012,0.27109,1.25964
2012,6,12,0,-1.33675,0.09305,1.33998
2012,6,13,0,-1.38925,-0.07467,1.39126
2012,6,14,0,-1.38976,-0.23003,1.40867
2012,6,15,0,-1.34285,-0.37154,1.3933
2012,6,16,0,-1.25524,-0.49768,1.3503
2012,6,17,0,-1.13527,-0.6066,1.28717
2012,6,18,0,-0.99227,-0.69608,1.21207
2012,6,19,0,-0.83591,-0.76362,1.13219
2012,6,20,0,-0.67555,-0.80685,1.05232
2012,6,21,0,-0.51959,-0.82392,0.97407
2012,6,22,0,-0.37494,-0.81396,0.89617
2012,6,23,0,-0.24667,-0.77739,0.81558
2012,6,24,0,-0.13768,-0.71608,0.7292
2012,6,25,0,-0.04884,-0.63333,0.63521
2012,6,26,0,0.0209,-0.53363,0.53404
2012,6,27,0,0.07409,-0.42228,0.42873
2012,6,28,0,0.11438,-0.30493,0.32567
2012,6,29,0,0.14626,-0.1871,0.23749
2012,6,30,0,0.17496,-0.07374,0.18986
2012,7,1,0,0.20619,0.0311,0.20853
2012,7,2,0,0.24573,0.12425,0.27535
2012,7,3,0,0.29835,0.20326,0.36101
2012,7,4,0,0.36679,0.26613,0.45317
2012,7,5,0,0.45088,0.31117,0.54784
2012,7,6,0,0.5473,0.33728,0.64288
2012,7,7,0,0.64986,0.34432,0.73544
2012,7,8,0,0.75025,0.33355,0.82106
2012,7,9,0,0.83894,0.30799,0.89369
2012,7,10,0,0.90628,0.27235,0.94632
2012,7,11,0,0.94356,0.23276,0.97184
2012,7,12,0,0.94392,0.19619,0.96409
2012,7,13,0,0.90306,0.16964,0.91886
2012,7,14,0,0.81963,0.15929,0.83497
2012,7,15,0,0.69522,0.16963,0.71562
2012,7,16,0,0.53413,0.2028,0.57133
2012,7,17,0,0.34276,0.25807,0.42905
2012,7,18,0,0.12901,0.33173,0.35593
2012,7,19,0,-0.09847,0.41734,0.4288
2012,7,20,0,-0.33071,0.50634,0.60477
2012,7,21,0,-0.55878,0.58908,0.81195
2012,7,22,0,-0.7739,0.65602,1.01454
2012,7,23,0,-0.96752,0.69892,1.19356
2012,7,24,0,-1.13158,0.71176,1.33682
2012,7,25,0,-1.25895,0.69116,1.43619
2012,7,26,0,-1.34402,0.6363,1.48703
2012,7,27,0,-1.38321,0.54866,1.48805
2012,7,28,0,-1.37528,0.43156,1.4414
2012,7,29,0,-1.32149,0.2899,1.35291
2012,7,30,0,-1.22547,0.12983,1.23233
2012,7,31,0,-1.09315,-0.04141,1.09394
2012,8,1,0,-0.93249,-0.21729,0.95748
2012,8,2,0,-0.75269,-0.39094,0.84816
2012,8,3,0,-0.56353,-0.5561,0.79172
2012,8,4,0,-0.37443,-0.70738,0.80037
2012,8,5,0,-0.19351,-0.84019,0.86219
2012,8,6,0,-0.02678,-0.95074,0.95111
2012,8,7,0,0.12228,-1.03608,1.04327
2012,8,8,0,0.25278,-1.09424,1.12306
2012,8,9,0,0.36612,-1.12443,1.18253
2012,8,10,0,0.46548,-1.12708,1.21942
2012,8,11,0,0.55503,-1.10396,1.23563
2012,8,12,0,0.63916,-1.05789,1.23599
2012,8,13,0,0.72176,-0.99249,1.22718
2012,8,14,0,0.80561,-0.91165,1.2166
2012,8,15,0,0.89199,-0.8191,1.21102
2012,8,16,0,0.98049,-0.71796,1.21525
2012,8,17,0,1.06899,-0.61056,1.23107
2012,8,18,0,1.15384,-0.49851,1.25693
2012,8,19,0,1.23021,-0.38303,1.28846
2012,8,20,0,1.29259,-0.26539,1.31955
2012,8,21,0,1.3355,-0.14711,1.34358
2012,8,22,0,1.35408,-0.02979,1.35441
2012,8,23,0,1.34456,0.08535,1.34727
2012,8,24,0,1.30461,0.19793,1.31954
2012,8,25,0,1.2335,0.30848,1.27149
2012,8,26,0,1.13221,0.41809,1.20694
2012,8,27,0,1.00353,0.52781,1.13387
2012,8,28,0,0.85195,0.63791,1.06431
2012,8,29,0,0.68341,0.74738,1.01273
2012,8,30,0,0.50482,0.85358,0.99169
2012,8,31,0,0.32358,0.95222,1.0057
2012,9,1,0,0.14698,1.03766,1.04802
2012,9,2,0,-0.01821,1.10344,1.10359
2012,9,3,0,-0.16605,1.14309,1.15508
2012,9,4,0,-0.29148,1.15095,1.18729
2012,9,5,0,-0.39042,1.12316,1.18908
2012,9,6,0,-0.4598,1.05833,1.15389
2012,9,7,0,-0.4978,0.95804,1.07966
2012,9,8,0,-0.50425,0.82695,0.96856
2012,9,9,0,-0.48109,0.67237,0.82675
2012,9,10,0,-0.4327,0.5036,0.66396
2012,9,11,0,-0.36587,0.33103,0.4934
2012,9,12,0,-0.28936,0.16522,0.33321
2012,9,13,0,-0.21304,0.01607,0.21364
2012,9,14,0,-0.14696,-0.1079,0.18231
2012,9,15,0,-0.10038,-0.20017,0.22393
2012,9,16,0,-0.08101,-0.2568,0.26927
2012,9,17,0,-0.09437,-0.27677,0.29242
2012,9,18,0,-0.14345,-0.26215,0.29883
2012,9,19,0,-0.2284,-0.21793,0.31569
2012,9,20,0,-0.34655,-0.15145,0.3782
2012,9,21,0,-0.49244,-0.07166,0.49763
2012,9,22,0,-0.65827,0.0119,0.65838
2012,9,23,0,-0.83452,0.0899,0.83935
2012,9,24,0,-1.01085,0.15397,1.02251
2012,9,25,0,-1.17718,0.19706,1.19356
2012,9,26,0,-1.32452,0.21371,1.34165
2012,9,27,0,-1.44578,0.20018,1.45957
2012,9,28,0,-1.53607,0.15456,1.54383
2012,9,29,0,-1.59276,0.07692,1.59461
2012,9,30,0,-1.61511,-0.03064,1.6154
2012,10,1,0,-1.60377,-0.16397,1.61213
2012,10,2,0,-1.56001,-0.31706,1.5919
2012,10,3,0,-1.48497,-0.4824,1.56136
2012,10,4,0,-1.37889,-0.65147,1.52504
2012,10,5,0,-1.24051,-0.81514,1.48436
2012,10,6,0,-1.06676,-0.96351,1.43747
2012,10,7,0,-0.85373,-1.08473,1.3804
2012,10,8,0,-0.60113,-1.16251,1.30874
2012,10,9,0,-0.32228,-1.1762,1.21955
2012,10,10,0,-0.05098,-1.1117,1.11286
2012,10,11,0,0.17473,-0.9773,0.99279
2012,10,12,0,0.33967,-0.79924,0.86842
2012,10,13,0,0.45304,-0.60341,0.75455
2012,10,14,0,0.53302,-0.40785,0.67116
2012,10,15,0,0.59658,-0.22475,0.63751
2012,10,16,0,0.65631,-0.06335,0.65936
2012,10,17,0,0.72017,0.06889,0.72345
2012,10,18,0,0.79199,0.16616,0.80923
2012,10,19,0,0.87213,0.22468,0.9006
2012,10,20,0,0.95823,0.24317,0.9886
2012,10,21,0,1.03118,0.28565,1.07002
2012,10,22,0,1.10262,0.30655,1.14444
2012,10,23,0,1.17204,0.31176,1.2128
2012,10,24,0,1.23786,0.3084,1.2757
2012,10,25,0,1.29752,0.30404,1.33266
2012,10,26,0,1.34758,0.30586,1.38185
2012,10,27,0,1.38406,0.31988,1.42054
2012,10,28,0,1.40269,0.35023,1.44575
2012,10,29,0,1.39932,0.39869,1.45501
2012,10,30,0,1.37025,0.46446,1.44682
2012,10,31,0,1.31258,0.54415,1.4209
2012,11,1,0,1.22453,0.63206,1.37804
2012,11,2,0,1.10566,0.72069,1.3198
2012,11,3,0,0.957,0.80147,1.24828
2012,11,4,0,0.78112,0.86554,1.16589
2012,11,5,0,0.58208,0.90464,1.07572
2012,11,6,0,0.36525,0.91195,0.98237
2012,11,7,0,0.13712,0.8828,0.89338
2012,11,8,0,-0.09502,0.81518,0.8207
2012,11,9,0,-0.32346,0.71005,0.78025
2012,11,10,0,-0.54038,0.57133,0.7864
2012,11,11,0,-0.70835,0.45964,0.84441
2012,11,12,0,-0.87241,0.35209,0.94078
2012,11,13,0,-1.02617,0.25242,1.05676
2012,11,14,0,-1.16211,0.16244,1.1734
2012,11,15,0,-1.27203,0.08088,1.2746
2012,11,16,0,-1.3476,0.00195,1.3476
2012,11,17,0,-1.38038,-0.08638,1.38308
2012,11,18,0,-1.3599,-0.20397,1.37511
2012,11,19,0,-1.26778,-0.37219,1.32129
2012,11,20,0,-1.08258,-0.56842,1.22273
2012,11,21,0,-0.84009,-0.68513,1.08405
2012,11,22,0,-0.61655,-0.67356,0.91314
2012,11,23,0,-0.42521,-0.58264,0.7213
2012,11,24,0,-0.2489,-0.46163,0.52446
2012,11,25,0,-0.07682,-0.34124,0.34978
2012,11,26,0,0.09202,-0.24093,0.25791
2012,11,27,0,0.25206,-0.17292,0.30567
2012,11,28,0,0.3942,-0.14346,0.41949
2012,11,29,0,0.50833,-0.15337,0.53096
2012,11,30,0,0.5854,-0.1986,0.61818
2012,12,1,0,0.61912,-0.27125,0.67593
2012,12,2,0,0.60704,-0.36076,0.70615
2012,12,3,0,0.55118,-0.4555,0.71504
2012,12,4,0,0.45788,-0.54426,0.71125
2012,12,5,0,0.33721,-0.61765,0.70371
2012,12,6,0,0.20179,-0.66905,0.69882
2012,12,7,0,0.06535,-0.69516,0.69822
2012,12,8,0,-0.05875,-0.69592,0.6984
2012,12,9,0,-0.15898,-0.67396,0.69246
2012,12,10,0,-0.22677,-0.63347,0.67284
2012,12,11,0,-0.2572,-0.5789,0.63347
2012,12,12,0,-0.24927,-0.51378,0.57105
2012,12,13,0,-0.20546,-0.44016,0.48575
2012,12,14,0,-0.13083,-0.35911,0.3822
2012,12,15,0,-0.03161,-0.27193,0.27377
2012,12,16,0,0.08587,-0.18118,0.2005
2012,12,17,0,0.21559,-0.09073,0.2339
2012,12,18,0,0.35157,-0.00485,0.3516
2012,12,19,0,0.48743,0.07302,0.49286
2012,12,20,0,0.6162,0.14118,0.63217
2012,12,21,0,0.73062,0.20025,0.75757
2012,12,22,0,0.82361,0.25313,0.86163
2012,12,23,0,0.88886,0.30468,0.93963
2012,12,24,0,0.92146,0.36104,0.98967
2012,12,25,0,0.91827,0.42876,1.01344
2012,12,26,0,0.87822,0.51375,1.01745
2012,12,27,0,0.80224,0.62031,1.01409
2012,12,28,0,0.69317,0.75023,1.02143
2012,12,29,0,0.55533,0.90211,1.05934
2012,12,30,0,0.39417,1.07114,1.14136
2012,12,31,0,0.24723,1.24305,1.2674
2013,1,1,0,0.05767,1.42246,1.42363
2013,1,2,0,-0.12451,1.58948,1.59435
2013,1,3,0,-0.30512,1.73024,1.75694
2013,1,4,0,-0.47844,1.83126,1.89273
2013,1,5,0,-0.63798,1.88123,1.98647
2013,1,6,0,-0.77667,1.87243,2.02712
2013,1,7,0,-0.88788,1.80147,2.00838
2013,1,8,0,-0.96699,1.66932,1.92917
2013,1,9,0,-1.01285,1.48075,1.79401
2013,1,10,0,-1.02833,1.24346,1.61358
2013,1,11,0,-1.01979,0.96746,1.40568
2013,1,12,0,-0.9957,0.66464,1.19714
2013,1,13,0,-0.96506,0.34829,1.02599
2013,1,14,0,-0.93597,0.03259,0.93654
2013,1,15,0,-0.91455,-0.26824,0.95307
2013,1,16,0,-0.90443,-0.541,1.05388
2013,1,17,0,-0.90674,-0.77454,1.19251
2013,1,18,0,-0.92042,-0.96077,1.33051
2013,1,19,0,-0.94274,-1.09542,1.44523
2013,1,20,0,-0.96983,-1.17844,1.5262
2013,1,21,0,-0.99716,-1.21407,1.57108
2013,1,22,0,-1.01989,-1.2105,1.58288
2013,1,23,0,-1.03321,-1.17923,1.56783
2013,1,24,0,-1.03257,-1.1341,1.53375
2013,1,25,0,-1.01411,-1.09016,1.48892
2013,1,26,0,-0.97487,-1.06223,1.44177
2013,1,27,0,-0.91306,-1.06348,1.40167
2013,1,28,0,-0.82782,-1.10403,1.37992
2013,1,29,0,-0.71871,-1.1896,1.38985
2013,1,30,0,-0.58463,-1.32047,1.4441
2013,1,31,0,-0.42251,-1.49066,1.54938
2013,2,1,0,-0.22603,-1.68715,1.70223
2013,2,2,0,0.01423,-1.88916,1.88921
2013,2,3,0,0.30693,-2.06786,2.09051
2013,2,4,0,0.64983,-2.18966,2.28405
2013,2,5,0,1.01784,-2.22694,2.44852
2013,2,6,0,1.3657,-2.17188,2.56558
2013,2,7,0,1.65108,-2.03629,2.62156
2013,2,8,0,1.85359,-1.83611,2.60904
2013,2,9,0,1.97367,-1.58038,2.52843
2013,2,10,0,2.02327,-1.27197,2.38988
2013,2,11,0,2.01874,-0.91252,2.2154
2013,2,12,0,1.97719,-0.50634,2.04099
2013,2,13,0,1.91436,-0.06226,1.91537
2013,2,14,0,1.84301,0.40627,1.88726
2013,2,15,0,1.77157,0.88218,1.97906
2013,2,16,0,1.70306,1.34648,2.17105
2013,2,17,0,1.63438,1.78038,2.41681
2013,2,18,0,1.55583,2.16741,2.66801
2013,2,19,0,1.45057,2.49519,2.88619
2013,2,20,0,1.29374,2.75616,3.04469
2013,2,21,0,1.0514,2.94534,3.12737
2013,2,22,0,0.68491,3.0513,3.12722
2013,2,23,0,0.18399,3.03955,3.04512
2013,2,24,0,-0.35822,2.86627,2.88857
2013,2,25,0,-0.77502,2.55574,2.67067
2013,2,26,0,-1.00447,2.18927,2.40871
2013,2,27,0,-1.09515,1.81885,2.1231
2013,2,28,0,-1.11027,1.46261,1.83628
2013,3,1,0,-1.04802,1.16612,1.56786
2013,3,2,0,-1.03114,0.86969,1.34893
2013,3,3,0,-1.02986,0.60536,1.1946
2013,3,4,0,-1.04755,0.37913,1.11405
2013,3,5,0,-1.08338,0.19368,1.10056
2013,3,6,0,-1.13392,0.0478,1.13493
2013,3,7,0,-1.19446,-0.06351,1.19614
2013,3,8,0,-1.25996,-0.14869,1.26871
2013,3,9,0,-1.32573,-0.21905,1.34371
2013,3,10,0,-1.38737,-0.28832,1.41701
2013,3,11,0,-1.43985,-0.37274,1.48731
2013,3,12,0,-1.47495,-0.492,1.55485
2013,3,13,0,-1.47558,-0.6698,1.62049
2013,3,14,0,-1.40782,-0.92604,1.68509
2013,3,15,0,-1.23264,-1.24054,1.74881
2013,3,16,0,-0.97187,-1.52747,1.81044
2013,3,17,0,-0.70947,-1.72691,1.86697
2013,3,18,0,-0.48853,-1.85008,1.91349
2013,3,19,0,-0.3057,-1.91946,1.94365
2013,3,20,0,-0.14764,-1.94487,1.95046
2013,3,21,0,-0.00327,-1.92754,1.92754
2013,3,22,0,0.13558,-1.86562,1.87054
2013,3,23,0,0.27509,-1.75724,1.77864
2013,3,24,0,0.41997,-1.6023,1.65642
2013,3,25,0,0.57339,-1.40319,1.51582
2013,3,26,0,0.73669,-1.16499,1.37837
2013,3,27,0,0.90888,-0.89515,1.27568
2013,3,28,0,1.08634,-0.60277,1.24236
2013,3,29,0,1.26258,-0.29764,1.29719
2013,3,30,0,1.4284,0.01073,1.42844
2013,3,31,0,1.57222,0.31401,1.60327
2013,4,1,0,1.68032,0.60651,1.78643
2013,4,2,0,1.73897,0.88176,1.94975
2013,4,3,0,1.73571,1.13362,2.07311
2013,4,4,0,1.66226,1.35338,2.14354
2013,4,5,0,1.51832,1.52822,2.15424
2013,4,6,0,1.31412,1.64295,2.10385
2013,4,7,0,1.06859,1.68573,1.99589
2013,4,8,0,0.80218,1.65408,1.83834
2013,4,9,0,0.52985,1.55593,1.64367
2013,4,10,0,0.25892,1.40584,1.42948
2013,4,11,0,-0.00836,1.22042,1.22045
2013,4,12,0,-0.27135,1.01532,1.05096
2013,4,13,0,-0.52848,0.80382,0.96199
2013,4,14,0,-0.77621,0.59644,0.9789
2013,4,15,0,-1.00888,0.40093,1.08562
2013,4,16,0,-1.21924,0.22242,1.23936
2013,4,17,0,-1.39924,0.06367,1.40068
2013,4,18,0,-1.54083,-0.07473,1.54264
2013,4,19,0,-1.63677,-0.19405,1.64824
2013,4,20,0,-1.6812,-0.29706,1.70724
2013,4,21,0,-1.67003,-0.38757,1.71442
2013,4,22,0,-1.60123,-0.46975,1.66871
2013,4,23,0,-1.47482,-0.54741,1.57314
2013,4,24,0,-1.29295,-0.62317,1.43529
2013,4,25,0,-1.05978,-0.69776,1.26886
2013,4,26,0,-0.78152,-0.76953,1.0968
2013,4,27,0,-0.46644,-0.83442,0.95594
2013,4,28,0,-0.12492,-0.88636,0.89512
2013,4,29,0,0.23051,-0.91836,0.94685
2013,4,30,0,0.59061,-0.92095,1.09406
2013,5,1,0,0.9315,-0.89113,1.28911
2013,5,2,0,1.23962,-0.82773,1.49057
2013,5,3,0,1.49953,-0.73405,1.66955
2013,5,4,0,1.69846,-0.61667,1.80695
2013,5,5,0,1.82744,-0.48378,1.8904
2013,5,6,0,1.88163,-0.34354,1.91274
2013,5,7,0,1.86015,-0.20304,1.8712
2013,5,8,0,1.76565,-0.06803,1.76696
2013,5,9,0,1.60379,0.05679,1.6048
2013,5,10,0,1.38284,0.16714,1.39291
2013,5,11,0,1.11323,0.25861,1.14287
2013,5,12,0,0.80732,0.32625,0.87075
2013,5,13,0,0.47922,0.36469,0.6022
2013,5,14,0,0.14449,0.36892,0.39621
2013,5,15,0,-0.18025,0.33585,0.38116
2013,5,16,0,-0.47837,0.26616,0.54743
2013,5,17,0,-0.73488,0.16569,0.75333
2013,5,18,0,-0.93832,0.04513,0.93941
2013,5,19,0,-1.08201,-0.0822,1.08513
2013,5,20,0,-1.16409,-0.2034,1.18173
2013,5,21,0,-1.18658,-0.30839,1.226
2013,5,22,0,-1.15414,-0.39088,1.21854
2013,5,23,0,-1.07322,-0.44811,1.16302
2013,5,24,0,-0.95146,-0.47996,1.06566
2013,5,25,0,-0.79743,-0.48792,0.93485
2013,5,26,0,-0.62037,-0.47412,0.7808
2013,5,27,0,-0.42998,-0.44066,0.61568
2013,5,28,0,-0.23613,-0.38914,0.45518
2013,5,29,0,-0.04858,-0.32051,0.32417
2013,5,30,0,0.12324,-0.23521,0.26554
2013,5,31,0,0.27048,-0.13383,0.30178
2013,6,1,0,0.38528,-0.01816,0.38571
2013,6,2,0,0.46171,0.10773,0.47411
2013,6,3,0,0.49703,0.23711,0.55069
2013,6,4,0,0.49268,0.36199,0.61137
2013,6,5,0,0.45363,0.47556,0.65722
2013,6,6,0,0.38653,0.57396,0.69198
2013,6,7,0,0.2978,0.65627,0.72068
2013,6,8,0,0.19279,0.7233,0.74856
2013,6,9,0,0.07567,0.77628,0.77996
2013,6,10,0,-0.05017,0.81591,0.81745
2013,6,11,0,-0.1818,0.84189,0.86129
2013,6,12,0,-0.31645,0.8529,0.90971
2013,6,13,0,-0.45137,0.84674,0.95954
2013,6,14,0,-0.58374,0.82067,1.0071
2013,6,15,0,-0.71048,0.77177,1.04901
2013,6,16,0,-0.82825,0.69741,1.08277
2013,6,17,0,-0.93328,0.5956,1.10714
2013,6,18,0,-1.02131,0.46545,1.12237
2013,6,19,0,-1.08758,0.30743,1.13019
2013,6,20,0,-1.1269,0.12374,1.13367
2013,6,21,0,-1.13381,-0.08155,1.13674
2013,6,22,0,-1.10291,-0.30234,1.1436
2013,6,23,0,-1.02918,-0.53049,1.15785
2013,6,24,0,-0.90856,-0.75585,1.18185
2013,6,25,0,-0.73861,-0.9664,1.21634
2013,6,26,0,-0.51941,-1.14861,1.2606
2013,6,27,0,-0.25467,-1.28805,1.31298
2013,6,28,0,0.04701,-1.37069,1.3715
2013,6,29,0,0.37125,-1.38523,1.43412
2013,6,30,0,0.69839,-1.32608,1.49874
2013,7,1,0,1.0061,-1.19603,1.56293
2013,7,2,0,1.27364,-1.00668,1.62345
2013,7,3,0,1.48568,-0.77589,1.67609
2013,7,4,0,1.63379,-0.52371,1.71568
2013,7,5,0,1.71555,-0.2688,1.73648
2013,7,6,0,1.73262,-0.02649,1.73282
2013,7,7,0,1.68903,0.19173,1.69988
2013,7,8,0,1.5902,0.37803,1.63451
2013,7,9,0,1.4425,0.52782,1.53604
2013,7,10,0,1.25322,0.63932,1.40688
2013,7,11,0,1.03065,0.71318,1.25334
2013,7,12,0,0.78406,0.75205,1.08643
2013,7,13,0,0.52363,0.76023,0.92311
2013,7,14,0,0.26006,0.74317,0.78736
2013,7,15,0,0.00421,0.70702,0.70704
2013,7,16,0,-0.23358,0.65816,0.69838
2013,7,17,0,-0.44406,0.60279,0.74869
2013,7,18,0,-0.61976,0.54664,0.82639
2013,7,19,0,-0.75552,0.49485,0.90315
2013,7,20,0,-0.84884,0.45185,0.96161
2013,7,21,0,-0.90011,0.42134,0.99384
2013,7,22,0,-0.91244,0.40613,0.99875
2013,7,23,0,-0.89134,0.40786,0.98022
2013,7,24,0,-0.84395,0.42649,0.94559
2013,7,25,0,-0.77823,0.46004,0.90404
2013,7,26,0,-0.70205,0.50443,0.86448
2013,7,27,0,-0.62237,0.55387,0.83313
2013,7,28,0,-0.54474,0.60158,0.81156
2013,7,29,0,-0.47298,0.64071,0.79638
2013,7,30,0,-0.40922,0.66523,0.78102
2013,7,31,0,-0.35399,0.6708,0.75847
2013,8,1,0,-0.30747,0.6547,0.7233
2013,8,2,0,-0.26929,0.6166,0.67284
2013,8,3,0,-0.23944,0.55823,0.60741
2013,8,4,0,-0.21851,0.48305,0.53018
2013,8,5,0,-0.20773,0.39577,0.44697
2013,8,6,0,-0.20864,0.30172,0.36683
2013,8,7,0,-0.22263,0.20625,0.30348
2013,8,8,0,-0.2505,0.11409,0.27526
2013,8,9,0,-0.29206,0.02885,0.29348
2013,8,10,0,-0.34596,-0.04745,0.3492
2013,8,11,0,-0.40963,-0.11465,0.42537
2013,8,12,0,-0.47938,-0.17451,0.51016
2013,8,13,0,-0.55052,-0.23058,0.59686
2013,8,14,0,-0.61751,-0.28782,0.68129
2013,8,15,0,-0.67407,-0.35193,0.76041
2013,8,16,0,-0.71331,-0.42841,0.83207
2013,8,17,0,-0.72788,-0.5215,0.89541
2013,8,18,0,-0.71039,-0.63299,0.95149
2013,8,19,0,-0.65416,-0.76136,1.00379
2013,8,20,0,-0.55433,-0.90141,1.05821
2013,8,21,0,-0.40904,-1.04492,1.12212
2013,8,22,0,-0.2202,-1.18192,1.20225
2013,8,23,0,0.00652,-1.30226,1.30227
2013,8,24,0,0.26243,-1.39675,1.42119
2013,8,25,0,0.53685,-1.45765,1.55336
2013,8,26,0,0.81819,-1.4787,1.68997
2013,8,27,0,1.09468,-1.45504,1.82084
2013,8,28,0,1.35492,-1.38319,1.93624
2013,8,29,0,1.58821,-1.26132,2.02814
2013,8,30,0,1.78478,-1.08958,2.09108
2013,8,31,0,1.93599,-0.87059,2.12273
2013,9,1,0,2.03454,-0.6098,2.12396
2013,9,2,0,2.0747,-0.31587,2.09861
2013,9,3,0,2.05282,-0.00059,2.05282
2013,9,4,0,1.96779,0.32135,1.99385
2013,9,5,0,1.82172,0.63315,1.92862
2013,9,6,0,1.62054,0.91714,1.86207
2013,9,7,0,1.37419,1.15646,1.79605
2013,9,8,0,1.09631,1.33695,1.72897
2013,9,9,0,0.80316,1.44888,1.6566
2013,9,10,0,0.51185,1.48802,1.57359
2013,9,11,0,0.23844,1.45589,1.47529
2013,9,12,0,-0.00373,1.35924,1.35924
2013,9,13,0,-0.20522,1.20887,1.22616
2013,9,14,0,-0.36085,1.01836,1.08041
2013,9,15,0,-0.46964,0.80283,0.9301
2013,9,16,0,-0.53436,0.57775,0.78698
2013,9,17,0,-0.56101,0.35804,0.66553
2013,9,18,0,-0.55813,0.15717,0.57984
2013,9,19,0,-0.53616,-0.01367,0.53634
2013,9,20,0,-0.50661,-0.14624,0.52729
2013,9,21,0,-0.48105,-0.23575,0.53572
2013,9,22,0,-0.47006,-0.28104,0.54766
2013,9,23,0,-0.48198,-0.28433,0.5596
2013,9,24,0,-0.52209,-0.25079,0.5792
2013,9,25,0,-0.59198,-0.18768,0.62102
2013,9,26,0,-0.68946,-0.10366,0.69721
2013,9,27,0,-0.80891,-0.00798,0.80895
2013,9,28,0,-0.94195,0.09008,0.94625
2013,9,29,0,-1.07827,0.18169,1.09347
2013,9,30,0,-1.20661,0.25886,1.23407
2013,10,1,0,-1.31569,0.31471,1.3528
2013,10,2,0,-1.39501,0.34373,1.43673
2013,10,3,0,-1.43556,0.34194,1.47572
2013,10,4,0,-1.43027,0.30717,1.46289
2013,10,5,0,-1.37414,0.23956,1.39487
2013,10,6,0,-1.26394,0.1426,1.27196
2013,10,7,0,-1.09788,0.02553,1.09817
2013,10,8,0,-0.87627,-0.09275,0.88117
2013,10,9,0,-0.60593,-0.18148,0.63252
2013,10,10,0,-0.30678,-0.20851,0.37093
2013,10,11,0,-0.00828,-0.16373,0.16394
2013,10,12,0,0.26571,-0.06581,0.27374
2013,10,13,0,0.50296,0.05566,0.50603
2013,10,14,0,0.69749,0.17537,0.7192
2013,10,15,0,0.84466,0.27575,0.88853
2013,10,16,0,0.93999,0.34582,1.00158
2013,10,17,0,0.97967,0.37974,1.05069
2013,10,18,0,0.96152,0.37582,1.03236
2013,10,19,0,0.88573,0.33594,0.9473
2013,10,20,0,0.75545,0.26498,0.80058
2013,10,21,0,0.56879,0.20283,0.60387
2013,10,22,0,0.35532,0.10238,0.36978
2013,10,23,0,0.13112,-0.03215,0.135
2013,10,24,0,-0.08753,-0.19312,0.21203
2013,10,25,0,-0.28534,-0.36991,0.46717
2013,10,26,0,-0.4491,-0.54975,0.70987
2013,10,27,0,-0.56861,-0.71873,0.91646
2013,10,28,0,-0.63734,-0.86289,1.07275
2013,10,29,0,-0.65275,-0.96944,1.16872
2013,10,30,0,-0.61634,-1.02785,1.19847
2013,10,31,0,-0.53335,-1.03082,1.16062
2013,11,1,0,-0.41225,-0.97495,1.05853
2013,11,2,0,-0.26391,-0.86118,0.90071
2013,11,3,0,-0.10073,-0.69476,0.70202
2013,11,4,0,0.06439,-0.48496,0.48922
2013,11,5,0,0.21898,-0.24444,0.32818
2013,11,6,0,0.3519,0.01174,0.35209
2013,11,7,0,0.45407,0.26718,0.52685
2013,11,8,0,0.51902,0.50545,0.72448
2013,11,9,0,0.54317,0.71132,0.89499
2013,11,10,0,0.52591,0.87188,1.01821
2013,11,11,0,0.54198,0.94362,1.0882
2013,11,12,0,0.5245,0.9636,1.0971
2013,11,13,0,0.46723,0.93697,1.047
2013,11,14,0,0.36758,0.8719,0.94622
2013,11,15,0,0.22713,0.77793,0.81041
2013,11,16,0,0.05165,0.66351,0.66552
2013,11,17,0,-0.14913,0.53244,0.55293
2013,11,18,0,-0.36071,0.37822,0.52265
2013,11,19,0,-0.55762,0.17851,0.5855
2013,11,20,0,-0.69073,-0.08353,0.69576
2013,11,21,0,-0.72554,-0.34862,0.80495
2013,11,22,0,-0.70369,-0.53453,0.88369
2013,11,23,0,-0.66587,-0.62945,0.91629
2013,11,24,0,-0.61716,-0.6489,0.89551
2013,11,25,0,-0.54972,-0.60861,0.82011
2013,11,26,0,-0.4551,-0.52362,0.69375
2013,11,27,0,-0.32814,-0.40951,0.52476
2013,11,28,0,-0.16823,-0.28224,0.32857
2013,11,29,0,0.0204,-0.15713,0.15845
2013,11,30,0,0.22919,-0.04757,0.23408
2013,12,1,0,0.44628,0.03625,0.44775
2013,12,2,0,0.65798,0.08817,0.66386
2013,12,3,0,0.8504,0.10647,0.85704
2013,12,4,0,1.01108,0.09383,1.01543
2013,12,5,0,1.13032,0.05663,1.13173
2013,12,6,0,1.20204,0.00399,1.20205
2013,12,7,0,1.22419,-0.05361,1.22536
2013,12,8,0,1.19843,-0.10579,1.20309
2013,12,9,0,1.12942,-0.14379,1.13853
2013,12,10,0,1.02366,-0.1618,1.03637
2013,12,11,0,0.88837,-0.15791,0.90229
2013,12,12,0,0.73056,-0.13433,0.74281
2013,12,13,0,0.55686,-0.09664,0.56518
2013,12,14,0,0.37392,-0.05194,0.37751
2013,12,15,0,0.18915,-0.00654,0.18927
2013,12,16,0,0.01088,0.03535,0.03699
2013,12,17,0,-0.15212,0.07155,0.16811
2013,12,18,0,-0.29148,0.10063,0.30836
2013,12,19,0,-0.40015,0.12079,0.41799
2013,12,20,0,-0.47316,0.12934,0.49052
2013,12,21,0,-0.50803,0.12279,0.52266
2013,12,22,0,-0.50498,0.09741,0.51429
2013,12,23,0,-0.46686,0.04986,0.46951
2013,12,24,0,-0.39873,-0.02205,0.39934
2013,12,25,0,-0.30735,-0.11874,0.32949
2013,12,26,0,-0.20043,-0.23833,0.31141
2013,12,27,0,-0.08588,-0.37639,0.38606
2013,12,28,0,0.02884,-0.52597,0.52676
2013,12,29,0,0.13727,-0.67796,0.69172
2013,12,30,0,0.23414,-0.82177,0.85447
2013,12,31,0,0.29256,-0.95411,0.99796
2014,1,1,0,0.35388,-1.04264,1.10106
2014,1,2,0,0.38982,-1.10122,1.16818
2014,1,3,0,0.40626,-1.11403,1.1858
2014,1,4,0,0.40283,-1.07736,1.15021
2014,1,5,0,0.37882,-0.99128,1.06119
2014,1,6,0,0.33356,-0.85943,0.92189
2014,1,7,0,0.26735,-0.68845,0.73853
2014,1,8,0,0.18222,-0.48701,0.51998
2014,1,9,0,0.0822,-0.26488,0.27734
2014,1,10,0,-0.02722,-0.03224,0.04219
2014,1,11,0,-0.14019,0.20074,0.24484
2014,1,12,0,-0.25162,0.42411,0.49313
2014,1,13,0,-0.35804,0.62842,0.72326
2014,1,14,0,-0.45791,0.80509,0.9262
2014,1,15,0,-0.55137,0.94682,1.09566
2014,1,16,0,-0.63964,1.04803,1.2278
2014,1,17,0,-0.72425,1.10518,1.32135
2014,1,18,0,-0.80621,1.11705,1.3776
2014,1,19,0,-0.88541,1.0848,1.40027
2014,1,20,0,-0.96028,1.01188,1.395
2014,1,21,0,-1.02777,0.90372,1.36858
2014,1,22,0,-1.08365,0.76733,1.32781
2014,1,23,0,-1.12286,0.61068,1.27818
2014,1,24,0,-1.14002,0.44199,1.2227
2014,1,25,0,-1.12978,0.26904,1.16137
2014,1,26,0,-1.08717,0.09868,1.09164
2014,1,27,0,-1.00786,-0.0635,1.00986
2014,1,28,0,-0.88847,-0.21312,0.91367
2014,1,29,0,-0.72677,-0.34651,0.80515
2014,1,30,0,-0.52203,-0.45991,0.69572
2014,1,31,0,-0.27526,-0.54816,0.6134
2014,2,1,0,0.01014,-0.6032,0.60328
2014,2,2,0,0.32721,-0.61263,0.69454
2014,2,3,0,0.66295,-0.56039,0.86807
2014,2,4,0,0.99533,-0.43246,1.08522
2014,2,5,0,1.29473,-0.22923,1.31487
2014,2,6,0,1.53456,0.02581,1.53477
2014,2,7,0,1.70288,0.29554,1.72833
2014,2,8,0,1.8015,0.548,1.88301
2014,2,9,0,1.83694,0.76491,1.98984
2014,2,10,0,1.81484,0.93927,2.0435
2014,2,11,0,1.7392,1.07069,2.04235
2014,2,12,0,1.61348,1.16216,1.98845
2014,2,13,0,1.44171,1.21817,1.88745
2014,2,14,0,1.22906,1.24355,1.74843
2014,2,15,0,0.98197,1.24262,1.58378
2014,2,16,0,0.70794,1.21851,1.40923
2014,2,17,0,0.41513,1.17259,1.24391
2014,2,18,0,0.11187,1.10393,1.10958
2014,2,19,0,-0.19369,1.00848,1.02691
2014,2,20,0,-0.49342,0.8778,1.00697
2014,2,21,0,-0.77739,0.69689,1.04402
2014,2,22,0,-1.02772,0.44337,1.11928
2014,2,23,0,-1.20763,0.1007,1.21182
2014,2,24,0,-1.27087,-0.29792,1.30533
2014,2,25,0,-1.2204,-0.66322,1.38897
2014,2,26,0,-1.11251,-0.93934,1.45604
2014,2,27,0,-0.99249,-1.12795,1.50243
2014,2,28,0,-0.87948,-1.24657,1.52559
2014,3,1,0,-0.8227,-1.27775,1.5197
2014,3,2,0,-0.74921,-1.29187,1.4934
2014,3,3,0,-0.68465,-1.26972,1.44255
2014,3,4,0,-0.62756,-1.21655,1.36887
2014,3,5,0,-0.57539,-1.13834,1.2755
2014,3,6,0,-0.52494,-1.04216,1.1669
2014,3,7,0,-0.47275,-0.93614,1.04874
2014,3,8,0,-0.41556,-0.82919,0.92749
2014,3,9,0,-0.35065,-0.7304,0.81021
2014,3,10,0,-0.27586,-0.64826,0.70452
2014,3,11,0,-0.18909,-0.58948,0.61906
2014,3,12,0,-0.08708,-0.55732,0.56408
2014,3,13,0,0.03666,-0.54874,0.54997
2014,3,14,0,0.19214,-0.54962,0.58223
2014,3,15,0,0.38159,-0.53515,0.65727
2014,3,16,0,0.58113,-0.49699,0.76466
2014,3,17,0,0.7641,-0.46056,0.89217
2014,3,18,0,0.92555,-0.44723,1.02794
2014,3,19,0,1.06626,-0.45907,1.16089
2014,3,20,0,1.1835,-0.4891,1.28059
2014,3,21,0,1.27248,-0.52747,1.37747
2014,3,22,0,1.32871,-0.56348,1.44325
2014,3,23,0,1.34956,-0.58645,1.47148
2014,3,24,0,1.3349,-0.58666,1.45812
2014,3,25,0,1.28714,-0.55615,1.40215
2014,3,26,0,1.21093,-0.48952,1.30613
2014,3,27,0,1.11243,-0.38437,1.17696
2014,3,28,0,0.9984,-0.24149,1.02719
2014,3,29,0,0.87512,-0.06474,0.87751
2014,3,30,0,0.74736,0.13944,0.76026
2014,3,31,0,0.61746,0.36258,0.71604
2014,4,1,0,0.48437,0.59512,0.76732
2014,4,2,0,0.34449,0.82572,0.8947
2014,4,3,0,0.19233,1.04288,1.06047
2014,4,4,0,0.02294,1.23483,1.23504
2014,4,5,0,-0.16451,1.39071,1.40041
2014,4,6,0,-0.36387,1.50293,1.54635
2014,4,7,0,-0.56294,1.56979,1.66767
2014,4,8,0,-0.74846,1.59573,1.76254
2014,4,9,0,-0.91137,1.58864,1.83149
2014,4,10,0,-1.04842,1.55641,1.87659
2014,4,11,0,-1.16066,1.50513,1.90067
2014,4,12,0,-1.25096,1.43881,1.90659
2014,4,13,0,-1.32223,1.35968,1.89658
2014,4,14,0,-1.37624,1.26873,1.87182
2014,4,15,0,-1.41323,1.16603,1.83217
2014,4,16,0,-1.43197,1.05112,1.77634
2014,4,17,0,-1.43006,0.92331,1.70222
2014,4,18,0,-1.40459,0.78203,1.60762
2014,4,19,0,-1.35281,0.62714,1.4911
2014,4,20,0,-1.27275,0.45912,1.35303
2014,4,21,0,-1.16378,0.27925,1.19682
2014,4,22,0,-1.02684,0.08976,1.03075
2014,4,23,0,-0.86444,-0.10609,0.87093
2014,4,24,0,-0.68052,-0.3039,0.7453
2014,4,25,0,-0.48013,-0.4981,0.69183
2014,4,26,0,-0.26913,-0.68207,0.73325
2014,4,27,0,-0.05405,-0.84844,0.85016
2014,4,28,0,0.15803,-0.98957,1.00211
2014,4,29,0,0.35945,-1.09844,1.15576
2014,4,30,0,0.55163,-1.16665,1.29049
2014,5,1,0,0.71092,-1.19477,1.39029
2014,5,2,0,0.83543,-1.18116,1.44675
2014,5,3,0,0.91863,-1.12881,1.45537
2014,5,4,0,0.95698,-1.04294,1.41546
2014,5,5,0,0.95059,-0.92985,1.32975
2014,5,6,0,0.90324,-0.79604,1.20396
2014,5,7,0,0.82156,-0.64786,1.04628
2014,5,8,0,0.71399,-0.49143,0.86677
2014,5,9,0,0.58956,-0.33284,0.67702
2014,5,10,0,0.45688,-0.17839,0.49047
2014,5,11,0,0.32344,-0.03465,0.32529
2014,5,12,0,0.19535,0.09173,0.21581
2014,5,13,0,0.0774,0.19438,0.20923
2014,5,14,0,-0.02644,0.26786,0.26917
2014,5,15,0,-0.11253,0.30837,0.32827
2014,5,16,0,-0.17727,0.31445,0.36098
2014,5,17,0,-0.21745,0.28723,0.36025
2014,5,18,0,-0.2311,0.23,0.32605
2014,5,19,0,-0.21841,0.14733,0.26346
2014,5,20,0,-0.18197,0.04407,0.18723
2014,5,21,0,-0.12628,-0.07514,0.14695
2014,5,22,0,-0.0568,-0.20589,0.21358
2014,5,23,0,0.02116,-0.34362,0.34427
2014,5,24,0,0.10328,-0.4833,0.49421
2014,5,25,0,0.1868,-0.61923,0.64679
2014,5,26,0,0.27067,-0.74502,0.79266
2014,5,27,0,0.35545,-0.85374,0.92478
2014,5,28,0,0.4428,-0.93815,1.0374
2014,5,29,0,0.53468,-0.99103,1.12606
2014,5,30,0,0.63219,-1.00556,1.18777
2014,5,31,0,0.73417,-0.97601,1.22131
2014,6,1,0,0.83587,-0.89889,1.22747
2014,6,2,0,0.92865,-0.77464,1.20932
2014,6,3,0,1.00167,-0.60892,1.17223
2014,6,4,0,1.04539,-0.41223,1.12373
2014,6,5,0,1.05481,-0.1974,1.07312
2014,6,6,0,1.02993,0.02348,1.0302
2014,6,7,0,0.97407,0.2405,1.00332
2014,6,8,0,0.89164,0.4458,0.99688
2014,6,9,0,0.78674,0.63283,1.00968
2014,6,10,0,0.66273,0.79571,1.03555
2014,6,11,0,0.52227,0.92908,1.06581
2014,6,12,0,0.36777,1.02824,1.09203
2014,6,13,0,0.20171,1.0894,1.10792
2014,6,14,0,0.02702,1.11005,1.11038
2014,6,15,0,-0.15264,1.08914,1.09978
2014,6,16,0,-0.33277,1.02731,1.07986
2014,6,17,0,-0.50805,0.92693,1.05703
2014,6,18,0,-0.67244,0.79209,1.03903
2014,6,19,0,-0.81948,0.62853,1.03276
2014,6,20,0,-0.94261,0.4434,1.04168
2014,6,21,0,-1.03562,0.24507,1.06422
2014,6,22,0,-1.0931,0.04284,1.09394
2014,6,23,0,-1.11088,-0.15339,1.12142
2014,6,24,0,-1.08648,-0.33349,1.13651
2014,6,25,0,-1.0196,-0.48742,1.13011
2014,6,26,0,-0.91259,-0.60555,1.09522
2014,6,27,0,-0.771,-0.67914,1.02746
2014,6,28,0,-0.60403,-0.70101,0.92535
2014,6,29,0,-0.42439,-0.66671,0.79032
2014,6,30,0,-0.24722,-0.57605,0.62686
2014,7,1,0,-0.08762,-0.43435,0.4431
2014,7,2,0,0.04241,-0.25237,0.25591
2014,7,3,0,0.13602,-0.04468,0.14317
2014,7,4,0,0.19163,0.17292,0.25812
2014,7,5,0,0.21143,0.38562,0.43978
2014,7,6,0,0.19936,0.58092,0.61418
2014,7,7,0,0.15966,0.74911,0.76594
2014,7,8,0,0.09605,0.88333,0.88854
2014,7,9,0,0.01152,0.97947,0.97953
2014,7,10,0,-0.09147,1.03588,1.03991
2014,7,11,0,-0.21073,1.05316,1.07403
2014,7,12,0,-0.34386,1.03369,1.08938
2014,7,13,0,-0.48801,0.98126,1.09592
2014,7,14,0,-0.63956,0.90057,1.10457
2014,7,15,0,-0.79397,0.79676,1.12482
2014,7,16,0,-0.94577,0.67506,1.16197
2014,7,17,0,-1.08863,0.54054,1.21544
2014,7,18,0,-1.21564,0.39801,1.27914
2014,7,19,0,-1.31974,0.25214,1.34361
2014,7,20,0,-1.39424,0.10765,1.39839
2014,7,21,0,-1.43354,-0.03041,1.43386
2014,7,22,0,-1.4338,-0.15669,1.44234
2014,7,23,0,-1.39352,-0.26576,1.41863
2014,7,24,0,-1.31367,-0.35279,1.36022
2014,7,25,0,-1.19745,-0.41449,1.26716
2014,7,26,0,-1.04963,-0.44974,1.14192
2014,7,27,0,-0.87565,-0.45994,0.9891
2014,7,28,0,-0.68094,-0.4487,0.81548
2014,7,29,0,-0.47034,-0.4212,0.63137
2014,7,30,0,-0.24805,-0.38346,0.4567
2014,7,31,0,-0.01772,-0.34157,0.34203
2014,8,1,0,0.21742,-0.30174,0.37191
2014,8,2,0,0.45385,-0.26927,0.52772
2014,8,3,0,0.68754,-0.24866,0.73112
2014,8,4,0,0.91371,-0.24327,0.94554
2014,8,5,0,1.12695,-0.25511,1.15546
2014,8,6,0,1.32145,-0.28459,1.35175
2014,8,7,0,1.49158,-0.33043,1.52774
2014,8,8,0,1.63242,-0.38962,1.67827
2014,8,9,0,1.74034,-0.45762,1.7995
2014,8,10,0,1.81333,-0.52857,1.8888
2014,8,11,0,1.85119,-0.59572,1.94469
2014,8,12,0,1.85535,-0.65196,1.96657
2014,8,13,0,1.82857,-0.6904,1.95456
2014,8,14,0,1.77448,-0.70501,1.9094
2014,8,15,0,1.69701,-0.6913,1.83241
2014,8,16,0,1.59982,-0.64689,1.72565
2014,8,17,0,1.4859,-0.57192,1.59217
2014,8,18,0,1.35745,-0.46922,1.43626
2014,8,19,0,1.21602,-0.34407,1.26376
2014,8,20,0,1.06313,-0.20345,1.08243
2014,8,21,0,0.90094,-0.05495,0.90261
2014,8,22,0,0.73263,0.09446,0.73869
2014,8,23,0,0.56239,0.23924,0.61116
2014,8,24,0,0.39477,0.37555,0.54487
2014,8,25,0,0.2339,0.50088,0.5528
2014,8,26,0,0.08289,0.61354,0.61911
2014,8,27,0,-0.05656,0.71218,0.71442
2014,8,28,0,-0.18411,0.79553,0.81656
2014,8,29,0,-0.30062,0.86233,0.91322
2014,8,30,0,-0.4077,0.91129,0.99833
2014,8,31,0,-0.50729,0.94123,1.06923
2014,9,1,0,-0.60103,0.95117,1.12515
2014,9,2,0,-0.68986,0.94041,1.16631
2014,9,3,0,-0.77351,0.9087,1.19334
2014,9,4,0,-0.85033,0.85647,1.20689
2014,9,5,0,-0.91721,0.78499,1.20727
2014,9,6,0,-0.96996,0.69662,1.19419
2014,9,7,0,-1.00377,0.59485,1.16679
2014,9,8,0,-1.01404,0.48413,1.12368
2014,9,9,0,-0.99712,0.36946,1.06337
2014,9,10,0,-0.95084,0.25578,0.98465
2014,9,11,0,-0.87491,0.14729,0.88722
2014,9,12,0,-0.77082,0.04702,0.77225
2014,9,13,0,-0.64177,-0.04325,0.64323
2014,9,14,0,-0.49234,-0.12285,0.50744
2014,9,15,0,-0.32832,-0.19178,0.38023
2014,9,16,0,-0.15652,-0.25034,0.29524
2014,9,17,0,0.01538,-0.29877,0.29916
2014,9,18,0,0.17895,-0.33725,0.38178
2014,9,19,0,0.32538,-0.36599,0.48972
2014,9,20,0,0.44586,-0.38549,0.5894
2014,9,21,0,0.53222,-0.39665,0.66377
2014,9,22,0,0.57761,-0.4008,0.70305
2014,9,23,0,0.57725,-0.39935,0.70192
2014,9,24,0,0.52897,-0.39337,0.6592
2014,9,25,0,0.43359,-0.38318,0.57864
2014,9,26,0,0.29504,-0.3681,0.47175
2014,9,27,0,0.12012,-0.34665,0.36687
2014,9,28,0,-0.08184,-0.31693,0.32733
2014,9,29,0,-0.29963,-0.27736,0.40829
2014,9,30,0,-0.5208,-0.22743,0.56829
2014,10,1,0,-0.73254,-0.16842,0.75165
2014,10,2,0,-0.92252,-0.10386,0.92835
2014,10,3,0,-1.07969,-0.03962,1.08042
2014,10,4,0,-1.19504,0.0164,1.19516
2014,10,5,0,-1.26206,0.05508,1.26326
2014,10,6,0,-1.27675,0.06764,1.27854
2014,10,7,0,-1.23713,0.04851,1.23808
2014,10,8,0,-1.14242,0.00065,1.14242
2014,10,9,0,-0.99393,-0.05778,0.99561
2014,10,10,0,-0.79928,-0.09547,0.80496
2014,10,11,0,-0.57402,-0.08838,0.58079
2014,10,12,0,-0.33423,-0.03737,0.33631
2014,10,13,0,-0.09102,0.0391,0.09907
2014,10,14,0,0.14737,0.11994,0.19001
2014,10,15,0,0.37268,0.18854,0.41766
2014,10,16,0,0.57577,0.23428,0.62161
2014,10,17,0,0.74719,0.25212,0.78858
2014,10,18,0,0.87822,0.24183,0.91091
2014,10,19,0,0.96175,0.20718,0.98381
2014,10,20,0,0.99309,0.15497,1.00511
2014,10,21,0,0.96548,0.15345,0.9776
2014,10,22,0,0.88821,0.14607,0.90014
2014,10,23,0,0.76544,0.13304,0.77692
2014,10,24,0,0.60337,0.1151,0.61425
2014,10,25,0,0.40992,0.09338,0.42042
2014,10,26,0,0.19436,0.06933,0.20635
2014,10,27,0,-0.03309,0.04456,0.0555
2014,10,28,0,-0.26166,0.02064,0.26248
2014,10,29,0,-0.48051,-0.00109,0.48051
2014,10,30,0,-0.67909,-0.01969,0.67937
2014,10,31,0,-0.8476,-0.03476,0.84832
2014,11,1,0,-0.97739,-0.0465,0.97849
2014,11,2,0,-1.06127,-0.05572,1.06273
2014,11,3,0,-1.09389,-0.06377,1.09575
2014,11,4,0,-1.072,-0.07233,1.07443
2014,11,5,0,-0.99463,-0.08326,0.99811
2014,11,6,0,-0.86326,-0.0983,0.86884
2014,11,7,0,-0.68184,-0.1188,0.69212
2014,11,8,0,-0.45671,-0.14546,0.47931
2014,11,9,0,-0.19641,-0.17812,0.26515
2014,11,10,0,0.0886,-0.21566,0.23315
2014,11,11,0,0.36936,-0.28652,0.46747
2014,11,12,0,0.64136,-0.39855,0.7551
2014,11,13,0,0.88934,-0.54117,1.04105
2014,11,14,0,1.10197,-0.69808,1.30448
2014,11,15,0,1.2736,-0.84813,1.53015
2014,11,16,0,1.40562,-0.96585,1.70548
2014,11,17,0,1.50735,-1.02086,1.82051
2014,11,18,0,1.59434,-0.97442,1.86853
2014,11,19,0,1.67461,-0.77862,1.84677
2014,11,20,0,1.70471,-0.42516,1.75693
2014,11,21,0,1.60479,-0.05461,1.60572
2014,11,22,0,1.3917,0.19594,1.40542
2014,11,23,0,1.12267,0.34727,1.17516
2014,11,24,0,0.82772,0.45418,0.94414
2014,11,25,0,0.52425,0.54839,0.75866
2014,11,26,0,0.22682,0.64215,0.68103
2014,11,27,0,-0.05183,0.7362,0.73802
2014,11,28,0,-0.30167,0.82485,0.87828
2014,11,29,0,-0.51605,0.89925,1.0368
2014,11,30,0,-0.69187,0.94984,1.17511
2014,12,1,0,-0.82915,0.96807,1.27462
2014,12,2,0,-0.93014,0.94777,1.32793
2014,12,3,0,-0.99824,0.88576,1.33456
2014,12,4,0,-1.03692,0.7822,1.29886
2014,12,5,0,-1.04867,0.64035,1.22872
2014,12,6,0,-1.0344,0.46617,1.13459
2014,12,7,0,-0.99306,0.26772,1.02852
2014,12,8,0,-0.92176,0.05474,0.92339
2014,12,9,0,-0.8163,-0.1617,0.83216
2014,12,10,0,-0.67225,-0.36922,0.76697
2014,12,11,0,-0.4866,-0.55422,0.73753
2014,12,12,0,-0.25991,-0.70237,0.74891
2014,12,13,0,0.00166,-0.80038,0.80038
2014,12,14,0,0.28564,-0.83908,0.88636
2014,12,15,0,0.57503,-0.81635,0.99855
2014,12,16,0,0.85192,-0.73808,1.12717
2014,12,17,0,1.10071,-0.61604,1.26137
2014,12,18,0,1.30938,-0.46465,1.38938
2014,12,19,0,1.46903,-0.29808,1.49896
2014,12,20,0,1.57295,-0.12861,1.5782
2014,12,21,0,1.61602,0.03413,1.61639
2014,12,22,0,1.59456,0.18338,1.60507
2014,12,23,0,1.50651,0.31532,1.53916
2014,12,24,0,1.35188,0.42881,1.41826
2014,12,25,0,1.1331,0.52502,1.24882
2014,12,26,0,0.85524,0.60675,1.04861
2014,12,27,0,0.5262,0.67759,0.85792
2014,12,28,0,0.15653,0.74098,0.75734
2014,12,29,0,-0.24088,0.79929,0.8348
2014,12,30,0,-0.65124,0.8532,1.07334
2014,12,31,0,-1.03548,0.92975,1.39164
2015,1,1,0,-1.42326,0.97358,1.72439
2015,1,2,0,-1.76957,1.01424,2.03962
2015,1,3,0,-2.06551,1.03625,2.31087
2015,1,4,0,-2.29771,1.0336,2.51949
2015,1,5,0,-2.45475,1.0029,2.65172
2015,1,6,0,-2.52796,0.94423,2.69854
2015,1,7,0,-2.51256,0.86057,2.65585
2015,1,8,0,-2.40868,0.75623,2.5246
2015,1,9,0,-2.22192,0.63503,2.31089
2015,1,10,0,-1.96329,0.49918,2.02575
2015,1,11,0,-1.64834,0.34939,1.68497
2015,1,12,0,-1.29594,0.18591,1.3092
2015,1,13,0,-0.92661,0.0097,0.92666
2015,1,14,0,-0.56095,-0.1766,0.58809
2015,1,15,0,-0.21806,-0.36829,0.428
2015,1,16,0,0.08579,-0.55892,0.56546
2015,1,17,0,0.33813,-0.74099,0.81449
2015,1,18,0,0.53083,-0.9069,1.05083
2015,1,19,0,0.66028,-1.0499,1.24026
2015,1,20,0,0.72715,-1.16479,1.37313
2015,1,21,0,0.73601,-1.24837,1.44918
2015,1,22,0,0.69466,-1.29949,1.47351
2015,1,23,0,0.61342,-1.319,1.45467
2015,1,24,0,0.50431,-1.3095,1.40325
2015,1,25,0,0.38015,-1.27508,1.33055
2015,1,26,0,0.25366,-1.22107,1.24714
2015,1,27,0,0.13662,-1.15367,1.16173
2015,1,28,0,0.03912,-1.07953,1.08024
2015,1,29,0,-0.03084,-1.00505,1.00552
2015,1,30,0,-0.06754,-0.93561,0.93805
2015,1,31,0,-0.06744,-0.87463,0.87722
2015,2,1,0,-0.02895,-0.82246,0.82297
2015,2,2,0,0.04751,-0.77539,0.77684
2015,2,3,0,0.15853,-0.72514,0.74227
2015,2,4,0,0.29551,-0.66038,0.72348
2015,2,5,0,0.44334,-0.57191,0.72363
2015,2,6,0,0.5843,-0.45894,0.74299
2015,2,7,0,0.70583,-0.32908,0.77878
2015,2,8,0,0.80381,-0.19204,0.82644
2015,2,9,0,0.87957,-0.05512,0.88129
2015,2,10,0,0.93635,0.07698,0.93951
2015,2,11,0,0.97773,0.20087,0.99815
2015,2,12,0,1.00706,0.31335,1.05469
2015,2,13,0,1.02735,0.41112,1.10656
2015,2,14,0,1.04101,0.49087,1.15094
2015,2,15,0,1.04964,0.54972,1.18488
2015,2,16,0,1.05383,0.58591,1.20576
2015,2,17,0,1.05319,0.59952,1.21187
2015,2,18,0,1.04644,0.59321,1.20289
2015,2,19,0,1.03162,0.57299,1.18007
2015,2,20,0,1.00619,0.54878,1.14611
2015,2,21,0,0.96653,0.53463,1.10454
2015,2,22,0,0.9068,0.5468,1.0589
2015,2,23,0,0.81951,0.59376,1.012
2015,2,24,0,0.70627,0.65858,0.96568
2015,2,25,0,0.58636,0.71095,0.92156
2015,2,26,0,0.47251,0.74571,0.8828
2015,2,27,0,0.35872,0.77753,0.85629
2015,2,28,0,0.23513,0.82059,0.85361
2015,3,1,0,0.12718,0.87805,0.88721
2015,3,2,0,-0.01387,0.97084,0.97094
2015,3,3,0,-0.16629,1.08763,1.10027
2015,3,4,0,-0.32505,1.22158,1.26409
2015,3,5,0,-0.48561,1.36242,1.44638
2015,3,6,0,-0.64482,1.49728,1.63023
2015,3,7,0,-0.80155,1.61163,1.79995
2015,3,8,0,-0.95683,1.69035,1.94237
2015,3,9,0,-1.11368,1.7185,2.04781
2015,3,10,0,-1.2764,1.68154,2.11111
2015,3,11,0,-1.44934,1.56428,2.1325
2015,3,12,0,-1.634,1.34787,2.11819
2015,3,13,0,-1.8214,1.00536,2.08044
2015,3,14,0,-1.97272,0.5054,2.03643
2015,3,15,0,-2.00063,-0.13748,2.00535
2015,3,16,0,-1.84081,-0.79053,2.00338
2015,3,17,0,-1.5548,-1.31768,2.03805
2015,3,18,0,-1.23452,-1.70533,2.10528
2015,3,19,0,-0.92301,-1.98724,2.19114
2015,3,20,0,-0.63321,-2.18724,2.27705
2015,3,21,0,-0.36807,-2.31578,2.34485
2015,3,22,0,-0.12741,-2.3767,2.38012
2015,3,23,0,0.09014,-2.37201,2.37372
2015,3,24,0,0.28626,-2.30446,2.32218
2015,3,25,0,0.46249,-2.1788,2.22734
2015,3,26,0,0.61964,-2.00195,2.09566
2015,3,27,0,0.75759,-1.7828,1.93709
2015,3,28,0,0.87502,-1.53147,1.76382
2015,3,29,0,0.96944,-1.25853,1.58862
2015,3,30,0,1.0374,-0.97428,1.42317
2015,3,31,0,1.07473,-0.6882,1.2762
2015,4,1,0,1.07732,-0.40807,1.15202
2015,4,2,0,1.04044,-0.14259,1.05016
2015,4,3,0,0.96135,0.09997,0.96653
2015,4,4,0,0.84039,0.31036,0.89587
2015,4,5,0,0.68311,0.47868,0.83413
2015,4,6,0,0.50184,0.59694,0.77985
2015,4,7,0,0.31422,0.66316,0.73384
2015,4,8,0,0.13858,0.6838,0.6977
2015,4,9,0,-0.01103,0.67192,0.67201
2015,4,10,0,-0.12659,0.64289,0.65524
2015,4,11,0,-0.20536,0.61079,0.64439
2015,4,12,0,-0.24822,0.58649,0.63685
2015,4,13,0,-0.25845,0.57715,0.63238
2015,4,14,0,-0.24099,0.58633,0.63393
2015,4,15,0,-0.20198,0.61436,0.64671
2015,4,16,0,-0.14833,0.65892,0.67541
2015,4,17,0,-0.0874,0.7157,0.72102
2015,4,18,0,-0.02651,0.77912,0.77957
2015,4,19,0,0.02743,0.84307,0.84351
2015,4,20,0,0.0684,0.90153,0.90412
2015,4,21,0,0.09165,0.94914,0.95355
2015,4,22,0,0.09409,0.98144,0.98594
2015,4,23,0,0.07459,0.99511,0.9979
2015,4,24,0,0.03417,0.9879,0.98849
2015,4,25,0,-0.02391,0.95861,0.95891
2015,4,26,0,-0.09432,0.90694,0.91183
2015,4,27,0,-0.16995,0.83345,0.8506
2015,4,28,0,-0.24252,0.73959,0.77834
2015,4,29,0,-0.30332,0.62781,0.69724
2015,4,30,0,-0.34613,0.50184,0.60963
2015,5,1,0,-0.36085,0.36362,0.51228
2015,5,2,0,-0.34432,0.2205,0.40887
2015,5,3,0,-0.29572,0.07793,0.30582
2015,5,4,0,-0.21788,-0.05936,0.22583
2015,5,5,0,-0.11688,-0.18792,0.2213
2015,5,6,0,-0.00116,-0.30559,0.30559
2015,5,7,0,0.11936,-0.41108,0.42806
2015,5,8,0,0.23434,-0.50349,0.55535
2015,5,9,0,0.3339,-0.58178,0.67079
2015,5,10,0,0.40938,-0.64468,0.76368
2015,5,11,0,0.45403,-0.69087,0.82671
2015,5,12,0,0.4634,-0.71948,0.8558
2015,5,13,0,0.43555,-0.73079,0.85074
2015,5,14,0,0.37104,-0.72678,0.81601
2015,5,15,0,0.2728,-0.71128,0.7618
2015,5,16,0,0.14613,-0.68942,0.70474
2015,5,17,0,-0.00137,-0.66636,0.66636
2015,5,18,0,-0.15977,-0.64595,0.66541
2015,5,19,0,-0.31723,-0.63019,0.70553
2015,5,20,0,-0.46076,-0.61966,0.77219
2015,5,21,0,-0.57732,-0.61473,0.84332
2015,5,22,0,-0.65504,-0.61667,0.89964
2015,5,23,0,-0.68439,-0.62807,0.9289
2015,5,24,0,-0.65903,-0.65258,0.92746
2015,5,25,0,-0.57632,-0.69396,0.90207
2015,5,26,0,-0.43735,-0.75479,0.87235
2015,5,27,0,-0.24651,-0.83509,0.87072
2015,5,28,0,-0.01073,-0.93105,0.93112
2015,5,29,0,0.26137,-1.03424,1.06675
2015,5,30,0,0.55998,-1.13147,1.26246
2015,5,31,0,0.87379,-1.20591,1.4892
2015,6,1,0,1.1888,-1.23984,1.71769
2015,6,2,0,1.48704,-1.21917,1.92293
2015,6,3,0,1.74704,-1.13797,2.08497
2015,6,4,0,1.94756,-0.99984,2.18922
2015,6,5,0,2.0728,-0.81433,2.22703
2015,6,6,0,2.11567,-0.59109,2.19669
2015,6,7,0,2.07765,-0.33638,2.10471
2015,6,8,0,1.96689,-0.0531,1.96761
2015,6,9,0,1.79586,0.25696,1.81415
2015,6,10,0,1.5794,0.59078,1.68627
2015,6,11,0,1.33304,0.94246,1.63256
2015,6,12,0,1.07151,1.30265,1.68673
2015,6,13,0,0.80745,1.65873,1.84482
2015,6,14,0,0.55055,1.99573,2.07028
2015,6,15,0,0.30699,2.29761,2.31803
2015,6,16,0,0.07948,2.54868,2.54992
2015,6,17,0,-0.13243,2.7351,2.7383
2015,6,18,0,-0.33161,2.84602,2.86528
2015,6,19,0,-0.52243,2.87453,2.92162
2015,6,20,0,-0.70979,2.81803,2.90604
2015,6,21,0,-0.89805,2.67834,2.82489
2015,6,22,0,-1.09018,2.46128,2.69192
2015,6,23,0,-1.28691,2.17595,2.52802
2015,6,24,0,-1.48608,1.83384,2.36038
2015,6,25,0,-1.68228,1.44793,2.21959
2015,6,26,0,-1.86685,1.03199,2.1331
2015,6,27,0,-2.02845,0.60036,2.11543
2015,6,28,0,-2.15453,0.16834,2.1611
2015,6,29,0,-2.23369,-0.24726,2.24733
2015,6,30,0,-2.25857,-0.62809,2.34428
2015,7,1,0,-2.22781,-0.95599,2.42426
2015,7,2,0,-2.14563,-1.21629,2.46639
2015,7,3,0,-2.01895,-1.40124,2.45756
2015,7,4,0,-1.85389,-1.51153,2.39199
2015,7,5,0,-1.65388,-1.55552,2.27045
2015,7,6,0,-1.42,-1.54689,2.09983
2015,7,7,0,-1.15264,-1.50211,1.89339
2015,7,8,0,-0.85359,-1.43794,1.67221
2015,7,9,0,-0.52758,-1.36939,1.46751
2015,7,10,0,-0.18299,-1.30823,1.32097
2015,7,11,0,0.16822,-1.26191,1.27307
2015,7,12,0,0.51136,-1.23313,1.33496
2015,7,13,0,0.83041,-1.22002,1.47581
2015,7,14,0,1.10962,-1.21677,1.64675
2015,7,15,0,1.33518,-1.21481,1.80512
2015,7,16,0,1.49654,-1.20423,1.92088
2015,7,17,0,1.58734,-1.17525,1.97506
2015,7,18,0,1.6058,-1.11976,1.95767
2015,7,19,0,1.55443,-1.03248,1.86608
2015,7,20,0,1.43944,-0.91167,1.70386
2015,7,21,0,1.26991,-0.75937,1.47964
2015,7,22,0,1.05695,-0.58093,1.20608
2015,7,23,0,0.81305,-0.38402,0.89918
2015,7,24,0,0.55166,-0.17742,0.57949
2015,7,25,0,0.28666,0.03005,0.28823
2015,7,26,0,0.0318,0.23025,0.23244
2015,7,27,0,-0.19995,0.41595,0.46151
2015,7,28,0,-0.39716,0.58077,0.70359
2015,7,29,0,-0.55043,0.71926,0.90571
2015,7,30,0,-0.65285,0.82693,1.05357
2015,7,31,0,-0.70016,0.90037,1.14056
2015,8,1,0,-0.69182,0.93732,1.16498
2015,8,2,0,-0.63062,0.9366,1.12911
2015,8,3,0,-0.52305,0.89811,1.03932
2015,8,4,0,-0.37917,0.82293,0.90608
2015,8,5,0,-0.21191,0.71362,0.74442
2015,8,6,0,-0.03602,0.57461,0.57573
2015,8,7,0,0.13346,0.41238,0.43344
2015,8,8,0,0.28269,0.2355,0.36793
2015,8,9,0,0.40052,0.05411,0.40415
2015,8,10,0,0.47955,-0.12082,0.49454
2015,8,11,0,0.5168,-0.2785,0.58706
2015,8,12,0,0.51369,-0.40952,0.65695
2015,8,13,0,0.47563,-0.50677,0.69501
2015,8,14,0,0.41105,-0.56629,0.69975
2015,8,15,0,0.33026,-0.58761,0.67406
2015,8,16,0,0.24413,-0.57369,0.62347
2015,8,17,0,0.16303,-0.53032,0.55481
2015,8,18,0,0.09596,-0.46519,0.47498
2015,8,19,0,0.05014,-0.38673,0.38996
2015,8,20,0,0.03086,-0.30306,0.30462
2015,8,21,0,0.04152,-0.22129,0.22515
2015,8,22,0,0.08349,-0.14731,0.16933
2015,8,23,0,0.15586,-0.08593,0.17798
2015,8,24,0,0.25511,-0.0409,0.25837
2015,8,25,0,0.37492,-0.01486,0.37522
2015,8,26,0,0.50646,-0.0089,0.50654
2015,8,27,0,0.63909,-0.02207,0.63947
2015,8,28,0,0.76142,-0.05107,0.76313
2015,8,29,0,0.86248,-0.09023,0.86719
2015,8,30,0,0.93289,-0.13188,0.94217
2015,8,31,0,0.96563,-0.16721,0.98
2015,9,1,0,0.95657,-0.18726,0.97473
2015,9,2,0,0.90458,-0.18414,0.92313
2015,9,3,0,0.81129,-0.15221,0.82545
2015,9,4,0,0.68074,-0.08883,0.68651
2015,9,5,0,0.51891,0.00512,0.51894
2015,9,6,0,0.3334,0.1254,0.3562
2015,9,7,0,0.13315,0.26503,0.2966
2015,9,8,0,-0.07176,0.41528,0.42143
2015,9,9,0,-0.27046,0.56674,0.62797
2015,9,10,0,-0.45196,0.71032,0.84192
2015,9,11,0,-0.60601,0.83784,1.03403
2015,9,12,0,-0.72408,0.94245,1.18849
2015,9,13,0,-0.80026,1.01885,1.29556
2015,9,14,0,-0.83183,1.06347,1.35015
2015,9,15,0,-0.81947,1.07468,1.35147
2015,9,16,0,-0.767,1.05305,1.30277
2015,9,17,0,-0.68095,1.00143,1.21102
2015,9,18,0,-0.56997,0.92478,1.08632
2015,9,19,0,-0.4441,0.82975,0.94113
2015,9,20,0,-0.31426,0.72403,0.78929
2015,9,21,0,-0.19157,0.61552,0.64464
2015,9,22,0,-0.08678,0.51161,0.51891
2015,9,23,0,-0.00959,0.41854,0.41865
2015,9,24,0,0.03211,0.34107,0.34258
2015,9,25,0,0.03283,0.2823,0.2842
2015,9,26,0,-0.00994,0.24352,0.24372
2015,9,27,0,-0.09559,0.2242,0.24373
2015,9,28,0,-0.22043,0.2219,0.31278
2015,9,29,0,-0.3781,0.23223,0.44372
2015,9,30,0,-0.56014,0.24891,0.61295
2015,10,1,0,-0.75672,0.26394,0.80144
2015,10,2,0,-0.95734,0.26791,0.99412
2015,10,3,0,-1.15131,0.25038,1.17822
2015,10,4,0,-1.32798,0.20025,1.343
2015,10,5,0,-1.47636,0.10621,1.48017
2015,10,6,0,-1.58382,-0.04251,1.58439
2015,10,7,0,-1.63396,-0.25363,1.65353
2015,10,8,0,-1.60524,-0.52482,1.68886
2015,10,9,0,-1.47711,-0.83105,1.69484
2015,10,10,0,-1.24949,-1.12119,1.67878
2015,10,11,0,-0.95459,-1.3458,1.64997
2015,10,12,0,-0.63523,-1.4887,1.61856
2015,10,13,0,-0.32026,-1.56122,1.59373
2015,10,14,0,-0.02339,-1.58172,1.58189
2015,10,15,0,0.24884,-1.56546,1.58511
2015,10,16,0,0.49215,-1.52326,1.60079
2015,10,17,0,0.70283,-1.46249,1.62261
2015,10,18,0,0.87761,-1.38813,1.64229
2015,10,19,0,1.01393,-1.30348,1.6514
2015,10,20,0,1.11037,-1.21062,1.64272
2015,10,21,0,1.23213,-1.04039,1.61263
2015,10,22,0,1.29994,-0.85426,1.55551
2015,10,23,0,1.31477,-0.6606,1.4714
2015,10,24,0,1.28066,-0.46718,1.36321
2015,10,25,0,1.20427,-0.28063,1.23653
2015,10,26,0,1.09434,-0.10615,1.09948
2015,10,27,0,0.96098,0.05272,0.96242
2015,10,28,0,0.81487,0.19408,0.83766
2015,10,29,0,0.66649,0.31747,0.73824
2015,10,30,0,0.52539,0.42358,0.67488
2015,10,31,0,0.39956,0.51385,0.65091
2015,11,1,0,0.29496,0.59,0.65962
2015,11,2,0,0.21523,0.65367,0.68819
2015,11,3,0,0.16164,0.706,0.72427
2015,11,4,0,0.1332,0.74746,0.75923
2015,11,5,0,0.12695,0.77767,0.78796
2015,11,6,0,0.13841,0.79552,0.80747
2015,11,7,0,0.16217,0.79929,0.81558
2015,11,8,0,0.19244,0.78702,0.81021
2015,11,9,0,0.22366,0.75681,0.78917
2015,11,10,0,0.25104,0.70726,0.7505
2015,11,11,0,0.31964,0.61881,0.69648
2015,11,12,0,0.36373,0.50705,0.62402
2015,11,13,0,0.37914,0.37801,0.53539
2015,11,14,0,0.36521,0.2391,0.43651
2015,11,15,0,0.32524,0.09808,0.3397
2015,11,16,0,0.26679,-0.03799,0.26948
2015,11,17,0,0.20221,-0.1637,0.26017
2015,11,18,0,0.15009,-0.27561,0.31383
2015,11,19,0,0.13673,-0.37019,0.39464
2015,11,20,0,0.18349,-0.43794,0.47483
2015,11,21,0,0.26657,-0.471,0.54121
2015,11,22,0,0.3421,-0.47913,0.58873
2015,11,23,0,0.40147,-0.46926,0.61756
2015,11,24,0,0.45229,-0.44129,0.6319
2015,11,25,0,0.50144,-0.39594,0.63891
2015,11,26,0,0.55247,-0.33648,0.64687
2015,11,27,0,0.6058,-0.26784,0.66237
2015,11,28,0,0.65933,-0.19529,0.68765
2015,11,29,0,0.70906,-0.12331,0.7197
2015,11,30,0,0.75003,-0.05473,0.75203
2015,12,1,0,0.77719,0.00979,0.77725
2015,12,2,0,0.78627,0.07188,0.78955
2015,12,3,0,0.77443,0.13515,0.78614
2015,12,4,0,0.74054,0.20459,0.76829
2015,12,5,0,0.68513,0.28577,0.74234
2015,12,6,0,0.6099,0.38385,0.72064
2015,12,7,0,0.51702,0.50266,0.72109
2015,12,8,0,0.40813,0.64389,0.76234
2015,12,9,0,0.28355,0.80639,0.85479
2015,12,10,0,0.14177,0.9858,0.99594
2015,12,11,0,-0.0202,1.17432,1.1745
2015,12,12,0,-0.20536,1.36114,1.37654
2015,12,13,0,-0.41439,1.53357,1.58857
2015,12,14,0,-0.6435,1.6791,1.79819
2015,12,15,0,-0.88422,1.78738,1.99414
2015,12,16,0,-1.12557,1.85118,2.16651
2015,12,17,0,-1.35719,1.86563,2.30707
2015,12,18,0,-1.57126,1.82712,2.40982
2015,12,19,0,-1.76271,1.73263,2.47167
2015,12,20,0,-1.92856,1.58008,2.49319
2015,12,21,0,-2.06692,1.36918,2.47927
2015,12,22,0,-2.17619,1.10212,2.43936
2015,12,23,0,-2.25457,0.78422,2.38707
2015,12,24,0,-2.29976,0.42394,2.33851
2015,12,25,0,-2.30878,0.03263,2.30901
2015,12,26,0,-2.2781,-0.37614,2.30895
2015,12,27,0,-2.20366,-0.78743,2.34012
2015,12,28,0,-2.08123,-1.18579,2.39533
2015,12,29,0,-1.90693,-1.5561,2.46127
2015,12,30,0,-1.67794,-1.88425,2.52307
2015,12,31,0,-1.44781,-2.12121,2.56821
2016,1,1,0,-1.10862,-2.34197,2.59111
2016,1,2,0,-0.73595,-2.48221,2.58902
2016,1,3,0,-0.32036,-2.54907,2.56912
2016,1,4,0,0.12576,-2.53982,2.54293
2016,1,5,0,0.58515,-2.45568,2.52444
2016,1,6,0,1.03714,-2.3031,2.52585
2016,1,7,0,1.46012,-2.09436,2.5531
2016,1,8,0,1.83441,-1.84678,2.60301
2016,1,9,0,2.14442,-1.58029,2.6638
2016,1,10,0,2.37952,-1.31447,2.71845
2016,1,11,0,2.53386,-1.06579,2.74889
2016,1,12,0,2.60566,-0.84593,2.73954
2016,1,13,0,2.59664,-0.66122,2.6795
2016,1,14,0,2.5116,-0.51294,2.56344
2016,1,15,0,2.35839,-0.39819,2.39177
2016,1,16,0,2.14763,-0.31095,2.17002
2016,1,17,0,1.89244,-0.24329,1.90802
2016,1,18,0,1.60788,-0.18633,1.61864
2016,1,19,0,1.31013,-0.13112,1.31668
2016,1,20,0,1.01563,-0.06927,1.01799
2016,1,21,0,0.74001,0.00646,0.74004
2016,1,22,0,0.49727,0.10172,0.50756
2016,1,23,0,0.29888,0.22008,0.37117
2016,1,24,0,0.1532,0.36266,0.39369
2016,1,25,0,0.06489,0.52788,0.53185
2016,1,26,0,0.03452,0.71159,0.71243
2016,1,27,0,0.05828,0.90756,0.90943
2016,1,28,0,0.12783,1.10827,1.11561
2016,1,29,0,0.23044,1.30602,1.32619
2016,1,30,0,0.34929,1.49404,1.53433
2016,1,31,0,0.46402,1.66736,1.73072
2016,2,1,0,0.55182,1.82288,1.90458
2016,2,2,0,0.58935,1.95826,2.04502
2016,2,3,0,0.55718,2.06878,2.1425
2016,2,4,0,0.44818,2.1436,2.18995
2016,2,5,0,0.27645,2.16619,2.18376
2016,2,6,0,0.07445,2.12316,2.12446
2016,2,7,0,-0.12656,2.01325,2.01722
2016,2,8,0,-0.31245,1.84607,1.87232
2016,2,9,0,-0.48435,1.63536,1.70558
2016,2,10,0,-0.64908,1.39507,1.53868
2016,2,11,0,-0.81236,1.13822,1.39838
2016,2,12,0,-0.97621,0.87648,1.31195
2016,2,13,0,-1.13864,0.61964,1.29632
2016,2,14,0,-1.29444,0.37497,1.34765
2016,2,15,0,-1.4363,0.14673,1.44377
2016,2,16,0,-1.55592,-0.06412,1.55725
2016,2,17,0,-1.64498,-0.25988,1.66538
2016,2,18,0,-1.69551,-0.44597,1.75318
2016,2,19,0,-1.69968,-0.63057,1.81288
2016,2,20,0,-1.64811,-0.82399,1.84261
2016,2,21,0,-1.52639,-1.03686,1.84525
2016,2,22,0,-1.31098,-1.27282,1.82722
2016,2,23,0,-0.97761,-1.50822,1.79734
2016,2,24,0,-0.54863,-1.67792,1.76533
2016,2,25,0,-0.11755,-1.73608,1.74005
2016,2,26,0,0.24469,-1.71022,1.72763
2016,2,27,0,0.53231,-1.64614,1.73007
2016,2,28,0,0.7613,-1.56993,1.74478
2016,2,29,0,0.94435,-1.49177,1.76555
2016,3,1,0,1.08826,-1.41376,1.7841
2016,3,2,0,1.19354,-1.33631,1.79172
2016,3,3,0,1.26526,-1.25373,1.78121
2016,3,4,0,1.30533,-1.16129,1.74713
2016,3,5,0,1.31641,-1.05424,1.68652
2016,3,6,0,1.30199,-0.92846,1.59913
2016,3,7,0,1.26625,-0.78091,1.48769
2016,3,8,0,1.21344,-0.60995,1.35811
2016,3,9,0,1.14715,-0.41542,1.22005
2016,3,10,0,1.06924,-0.19855,1.08752
2016,3,11,0,0.97821,0.03836,0.97896
2016,3,12,0,0.86657,0.29196,0.91443
2016,3,13,0,0.71658,0.55612,0.90706
2016,3,14,0,0.49814,0.81338,0.9538
2016,3,15,0,0.19164,1.01902,1.03688
2016,3,16,0,-0.15487,1.12387,1.13449
2016,3,17,0,-0.45781,1.13997,1.22846
2016,3,18,0,-0.68717,1.11077,1.30614
2016,3,19,0,-0.85099,1.06057,1.35977
2016,3,20,0,-0.96217,0.99691,1.3855
2016,3,21,0,-1.03078,0.92135,1.38253
2016,3,22,0,-1.06455,0.83431,1.35253
2016,3,23,0,-1.06981,0.7368,1.29899
2016,3,24,0,-1.05206,0.63081,1.22669
2016,3,25,0,-1.01608,0.51935,1.14111
2016,3,26,0,-0.96587,0.40616,1.04779
2016,3,27,0,-0.90466,0.29545,0.95169
2016,3,28,0,-0.8349,0.19147,0.85658
2016,3,29,0,-0.7583,0.09821,0.76463
2016,3,30,0,-0.67601,0.01909,0.67628
2016,3,31,0,-0.5889,-0.04319,0.59048
2016,4,1,0,-0.49778,-0.08702,0.50533
2016,4,2,0,-0.40407,-0.11082,0.41899
2016,4,3,0,-0.31009,-0.11405,0.33039
2016,4,4,0,-0.21935,-0.09697,0.23983
2016,4,5,0,-0.13639,-0.06124,0.14951
2016,4,6,0,-0.06569,-0.01067,0.06655
2016,4,7,0,-0.01012,0.04838,0.04943
2016,4,8,0,0.03012,0.10781,0.11194
2016,4,9,0,0.05706,0.1594,0.16931
2016,4,10,0,0.0735,0.19626,0.20957
2016,4,11,0,0.08173,0.21339,0.2285
2016,4,12,0,0.08298,0.20787,0.22382
2016,4,13,0,0.07735,0.17877,0.19479
2016,4,14,0,0.06418,0.12705,0.14234
2016,4,15,0,0.04237,0.05535,0.0697
2016,4,16,0,0.01093,-0.0322,0.03401
2016,4,17,0,-0.03064,-0.13032,0.13387
2016,4,18,0,-0.08191,-0.23293,0.24692
2016,4,19,0,-0.14127,-0.33366,0.36234
2016,4,20,0,-0.20573,-0.42632,0.47336
2016,4,21,0,-0.27096,-0.50541,0.57346
2016,4,22,0,-0.33145,-0.56664,0.65646
2016,4,23,0,-0.38094,-0.60728,0.71687
2016,4,24,0,-0.41288,-0.62638,0.75021
2016,4,25,0,-0.42107,-0.62471,0.75337
2016,4,26,0,-0.40024,-0.60457,0.72505
2016,4,27,0,-0.34663,-0.56924,0.66648
2016,4,28,0,-0.25837,-0.52247,0.58286
2016,4,29,0,-0.13578,-0.46792,0.48722
2016,4,30,0,0.02293,-0.4092,0.40984
2016,5,1,0,0.20432,-0.34624,0.40203
2016,5,2,0,0.40543,-0.28305,0.49446
2016,5,3,0,0.61782,-0.22238,0.65662
2016,5,4,0,0.83193,-0.16717,0.84856
2016,5,5,0,1.03753,-0.12016,1.04446
2016,5,6,0,1.22421,-0.08309,1.22702
2016,5,7,0,1.38205,-0.05601,1.38319
2016,5,8,0,1.50239,-0.03699,1.50285
2016,5,9,0,1.57851,-0.02212,1.57866
2016,5,10,0,1.60621,-0.00616,1.60623
2016,5,11,0,1.58413,0.01662,1.58421
2016,5,12,0,1.51358,0.05123,1.51445
2016,5,13,0,1.39826,0.10086,1.4019
2016,5,14,0,1.24371,0.16596,1.25473
2016,5,15,0,1.05689,0.24402,1.08469
2016,5,16,0,0.84606,0.33019,0.9082
2016,5,17,0,0.6207,0.41874,0.74874
2016,5,18,0,0.3913,0.50469,0.63861
2016,5,19,0,0.16852,0.58458,0.60839
2016,5,20,0,-0.03781,0.65608,0.65717
2016,5,21,0,-0.21987,0.71688,0.74984
2016,5,22,0,-0.37263,0.76376,0.84981
2016,5,23,0,-0.49421,0.79228,0.93378
2016,5,24,0,-0.58597,0.79723,0.98941
2016,5,25,0,-0.65203,0.77337,1.01156
2016,5,26,0,-0.69851,0.71635,1.00054
2016,5,27,0,-0.73237,0.6234,0.96177
2016,5,28,0,-0.76003,0.49376,0.90634
2016,5,29,0,-0.78592,0.32885,0.85194
2016,5,30,0,-0.81134,0.13216,0.82203
2016,5,31,0,-0.83386,-0.09063,0.83877
2016,6,1,0,-0.84801,-0.33136,0.91045
2016,6,2,0,-0.84743,-0.57889,1.02629
2016,6,3,0,-0.82814,-0.81922,1.16488
2016,6,4,0,-0.79052,-1.03707,1.30401
2016,6,5,0,-0.7384,-1.21839,1.42468
2016,6,6,0,-0.6758,-1.35224,1.5117
2016,6,7,0,-0.60409,-1.43132,1.55358
2016,6,8,0,-0.52128,-1.4517,1.54246
2016,6,9,0,-0.423,-1.41251,1.47448
2016,6,10,0,-0.30436,-1.31572,1.35047
2016,6,11,0,-0.1617,-1.16603,1.17719
2016,6,12,0,0.006,-0.97045,0.97047
2016,6,13,0,0.1962,-0.73786,0.7635
2016,6,14,0,0.40253,-0.47831,0.62515
2016,6,15,0,0.61501,-0.20241,0.64746
2016,6,16,0,0.82073,0.07934,0.82455
2016,6,17,0,1.00494,0.35699,1.06646
2016,6,18,0,1.15232,0.6214,1.30919
2016,6,19,0,1.24835,0.86443,1.51843
2016,6,20,0,1.28062,1.0788,1.67446
2016,6,21,0,1.24003,1.25795,1.76639
2016,6,22,0,1.12174,1.39584,1.79071
2016,6,23,0,0.92591,1.48665,1.75141
2016,6,24,0,0.65823,1.52466,1.66068
2016,6,25,0,0.33009,1.50422,1.54001
2016,6,26,0,-0.04133,1.42008,1.42069
2016,6,27,0,-0.43345,1.26839,1.34041
2016,6,28,0,-0.81921,1.0485,1.33058
2016,6,29,0,-1.16921,0.76556,1.39754
2016,6,30,0,-1.45539,0.43288,1.51841
2016,7,1,0,-1.65579,0.07206,1.65735
2016,7,2,0,-1.7582,-0.29028,1.782
2016,7,3,0,-1.76096,-0.62822,1.86967
2016,7,4,0,-1.67055,-0.92163,1.90791
2016,7,5,0,-1.49813,-1.15846,1.89378
2016,7,6,0,-1.25693,-1.33436,1.83313
2016,7,7,0,-0.96099,-1.45068,1.74011
2016,7,8,0,-0.62493,-1.51227,1.63631
2016,7,9,0,-0.26398,-1.52555,1.54822
2016,7,10,0,0.10603,-1.49704,1.50079
2016,7,11,0,0.46904,-1.43253,1.50736
2016,7,12,0,0.80936,-1.3366,1.56255
2016,7,13,0,1.11249,-1.21262,1.64563
2016,7,14,0,1.36592,-1.06295,1.73078
2016,7,15,0,1.55984,-0.88948,1.79562
2016,7,16,0,1.6876,-0.69424,1.82482
2016,7,17,0,1.74597,-0.48003,1.81076
2016,7,18,0,1.73502,-0.25097,1.75308
2016,7,19,0,1.6579,-0.01296,1.65795
2016,7,20,0,1.52058,0.22628,1.53732
2016,7,21,0,1.33149,0.45754,1.40791
2016,7,22,0,1.10132,0.67091,1.28958
2016,7,23,0,0.84257,0.85694,1.20178
2016,7,24,0,0.56891,1.00793,1.15741
2016,7,25,0,0.29412,1.11886,1.15688
2016,7,26,0,0.03091,1.18767,1.18808
2016,7,27,0,-0.21023,1.21494,1.233
2016,7,28,0,-0.42167,1.20313,1.27489
2016,7,29,0,-0.59888,1.15584,1.30178
2016,7,30,0,-0.7402,1.07719,1.30699
2016,7,31,0,-0.84627,0.97154,1.28843
2016,8,1,0,-0.92043,0.84294,1.24809
2016,8,2,0,-0.9672,0.69539,1.19123
2016,8,3,0,-0.99215,0.53282,1.12617
2016,8,4,0,-1.00136,0.35922,1.06384
2016,8,5,0,-1.0007,0.17885,1.01656
2016,8,6,0,-0.99519,-0.0036,0.9952
2016,8,7,0,-0.98837,-0.183,1.00517
2016,8,8,0,-0.98184,-0.35394,1.04369
2016,8,9,0,-0.97509,-0.51107,1.1009
2016,8,10,0,-0.9655,-0.64951,1.16364
2016,8,11,0,-0.9487,-0.76521,1.21884
2016,8,12,0,-0.91911,-0.8552,1.25544
2016,8,13,0,-0.87073,-0.91766,1.26502
2016,8,14,0,-0.79808,-0.95186,1.24216
2016,8,15,0,-0.69714,-0.95781,1.18465
2016,8,16,0,-0.56613,-0.93609,1.09397
2016,8,17,0,-0.40622,-0.88759,0.97613
2016,8,18,0,-0.22173,-0.81367,0.84334
2016,8,19,0,-0.01984,-0.71659,0.71687
2016,8,20,0,0.19026,-0.60026,0.62969
2016,8,21,0,0.39874,-0.47084,0.61699
2016,8,22,0,0.59645,-0.33671,0.68493
2016,8,23,0,0.77591,-0.2076,0.8032
2016,8,24,0,0.93148,-0.09302,0.93611
2016,8,25,0,1.05908,-0.00069,1.05908
2016,8,26,0,1.15573,0.06463,1.15754
2016,8,27,0,1.21934,0.10162,1.22357
2016,8,28,0,1.24872,0.11234,1.25376
2016,8,29,0,1.24377,0.10162,1.24792
2016,8,30,0,1.20574,0.07629,1.20816
2016,8,31,0,1.13735,0.04412,1.13821
2016,9,1,0,1.04272,0.01288,1.0428
2016,9,2,0,0.92714,-0.01055,0.9272
2016,9,3,0,0.79669,-0.02083,0.79697
2016,9,4,0,0.65774,-0.01459,0.6579
2016,9,5,0,0.51647,0.00948,0.51656
2016,9,6,0,0.3785,0.05074,0.38189
2016,9,7,0,0.24865,0.10691,0.27066
2016,9,8,0,0.1308,0.17443,0.21802
2016,9,9,0,0.02789,0.24882,0.25038
2016,9,10,0,-0.05802,0.32496,0.3301
2016,9,11,0,-0.12581,0.39729,0.41674
2016,9,12,0,-0.1753,0.46009,0.49235
2016,9,13,0,-0.20717,0.50778,0.54841
2016,9,14,0,-0.22295,0.53536,0.57992
2016,9,15,0,-0.22478,0.53891,0.58391
2016,9,16,0,-0.21521,0.51611,0.55918
2016,9,17,0,-0.19692,0.46656,0.50641
2016,9,18,0,-0.17262,0.392,0.42832
2016,9,19,0,-0.14494,0.29629,0.32984
2016,9,20,0,-0.11654,0.18513,0.21876
2016,9,21,0,-0.09024,0.06557,0.11155
2016,9,22,0,-0.06903,-0.05454,0.08798
2016,9,23,0,-0.05602,-0.16725,0.17638
2016,9,24,0,-0.05413,-0.26506,0.27053
2016,9,25,0,-0.06568,-0.34151,0.34777
2016,9,26,0,-0.09201,-0.39159,0.40225
2016,9,27,0,-0.1332,-0.41215,0.43314
2016,9,28,0,-0.18798,-0.40213,0.44389
2016,9,29,0,-0.25384,-0.36276,0.44275
2016,9,30,0,-0.32738,-0.29754,0.44238
2016,10,1,0,-0.4047,-0.21216,0.45694
2016,10,2,0,-0.48189,-0.1142,0.49524
2016,10,3,0,-0.55545,-0.01278,0.5556
2016,10,4,0,-0.62266,0.08192,0.62802
2016,10,5,0,-0.68164,0.15916,0.69998
2016,10,6,0,-0.73114,0.2082,0.76021
2016,10,7,0,-0.7694,0.21942,0.80007
2016,10,8,0,-0.79203,0.18724,0.81386
2016,10,9,0,-0.79028,0.11625,0.79878
2016,10,10,0,-0.75442,0.02604,0.75487
2016,10,11,0,-0.68232,-0.05734,0.68473
2016,10,12,0,-0.58131,-0.11809,0.59318
2016,10,13,0,-0.46188,-0.15384,0.48683
2016,10,14,0,-0.33368,-0.16797,0.37357
2016,10,15,0,-0.20505,-0.16392,0.26252
2016,10,16,0,-0.08333,-0.14348,0.16592
2016,10,17,0,0.02527,-0.10691,0.10986
2016,10,18,0,0.11601,-0.05364,0.12781
2016,10,19,0,0.1859,0.01701,0.18668
2016,10,20,0,0.23389,0.10516,0.25644
2016,10,21,0,0.2477,0.22491,0.33457
2016,10,22,0,0.22742,0.35871,0.42473
2016,10,23,0,0.1743,0.49754,0.52718
2016,10,24,0,0.09206,0.63129,0.63797
2016,10,25,0,-0.01322,0.74962,0.74973
2016,10,26,0,-0.13356,0.84263,0.85315
2016,10,27,0,-0.25956,0.90172,0.93834
2016,10,28,0,-0.3811,0.92017,0.99597
2016,10,29,0,-0.48804,0.89371,1.01828
2016,10,30,0,-0.57099,0.82082,0.99988
2016,10,31,0,-0.62202,0.70286,0.93857
2016,11,1,0,-0.6352,0.54402,0.83632
2016,11,2,0,-0.60713,0.35099,0.70128
2016,11,3,0,-0.53709,0.13256,0.55321
2016,11,4,0,-0.42721,-0.10101,0.43898
2016,11,5,0,-0.2822,-0.3386,0.44078
2016,11,6,0,-0.10908,-0.56898,0.57934
2016,11,7,0,0.08335,-0.78143,0.78586
2016,11,8,0,0.28518,-0.96639,1.00759
2016,11,9,0,0.48605,-1.11593,1.21718
2016,11,10,0,0.67592,-1.22412,1.39834
2016,11,11,0,0.75138,-1.35038,1.54535
2016,11,12,0,0.79707,-1.44151,1.6472
2016,11,13,0,0.81858,-1.48989,1.69995
2016,11,14,0,0.82379,-1.49023,1.70277
2016,11,15,0,0.82224,-1.43974,1.65799
2016,11,16,0,0.82438,-1.3373,1.57098
2016,11,17,0,0.84062,-1.18153,1.45005
2016,11,18,0,0.8788,-0.96647,1.30628
2016,11,19,0,0.93272,-0.67824,1.15325
2016,11,20,0,0.95427,-0.32108,1.00684
2016,11,21,0,0.88391,0.0194,0.88412
2016,11,22,0,0.75439,0.26674,0.80016
2016,11,23,0,0.62402,0.43683,0.76172
2016,11,24,0,0.51746,0.55978,0.76231
2016,11,25,0,0.44091,0.65016,0.78557
2016,11,26,0,0.39349,0.71249,0.81393
2016,11,27,0,0.37076,0.74725,0.83417
2016,11,28,0,0.36606,0.7541,0.83825
2016,11,29,0,0.37133,0.73345,0.8221
2016,11,30,0,0.37805,0.68715,0.78428
2016,12,1,0,0.37799,0.6186,0.72495
2016,12,2,0,0.36409,0.53265,0.6452
2016,12,3,0,0.33102,0.43516,0.54675
2016,12,4,0,0.27566,0.3325,0.43191
2016,12,5,0,0.19731,0.23097,0.30378
2016,12,6,0,0.0976,0.13618,0.16754
2016,12,7,0,-0.01979,0.05251,0.05611
2016,12,8,0,-0.14971,-0.0173,0.15071
2016,12,9,0,-0.28613,-0.07238,0.29514
2016,12,10,0,-0.42283,-0.11374,0.43786
2016,12,11,0,-0.55397,-0.1437,0.57231
2016,12,12,0,-0.67448,-0.16498,0.69436
2016,12,13,0,-0.78016,-0.17937,0.80051
2016,12,14,0,-0.86764,-0.18674,0.88751
2016,12,15,0,-0.93406,-0.185,0.95221
2016,12,16,0,-0.97674,-0.17123,0.99163
2016,12,17,0,-0.99296,-0.14322,1.00324
2016,12,18,0,-0.98026,-0.10039,0.98539
2016,12,19,0,-0.9369,-0.04398,0.93794
2016,12,20,0,-0.8626,0.02333,0.86291
2016,12,21,0,-0.75897,0.09788,0.76526
2016,12,22,0,-0.62979,0.17552,0.65379
2016,12,23,0,-0.48087,0.25204,0.54292
2016,12,24,0,-0.31979,0.32362,0.45497
2016,12,25,0,-0.15529,0.38714,0.41713
2016,12,26,0,0.00324,0.4405,0.44051
2016,12,27,0,0.14653,0.48275,0.5045
2016,12,28,0,0.26599,0.51406,0.5788
2016,12,29,0,0.3544,0.53541,0.64208
2016,12,30,0,0.40643,0.54813,0.68237
2016,12,31,0,0.43262,0.54289,0.69418
2017,1,1,0,0.40562,0.54354,0.67821
2017,1,2,0,0.34362,0.5344,0.63535
2017,1,3,0,0.24894,0.51843,0.5751
2017,1,4,0,0.12954,0.49338,0.51011
2017,1,5,0,-0.0042,0.45654,0.45656
2017,1,6,0,-0.14025,0.40575,0.4293
2017,1,7,0,-0.26605,0.34023,0.4319
2017,1,8,0,-0.36976,0.26097,0.45257
2017,1,9,0,-0.44149,0.17036,0.47322
2017,1,10,0,-0.47411,0.07148,0.47947
2017,1,11,0,-0.46361,-0.03259,0.46476
2017,1,12,0,-0.40919,-0.13907,0.43218
2017,1,13,0,-0.31304,-0.24531,0.39771
2017,1,14,0,-0.18006,-0.3485,0.39227
2017,1,15,0,-0.01747,-0.44513,0.44548
2017,1,16,0,0.16571,-0.53082,0.55608
2017,1,17,0,0.3591,-0.6002,0.69942
2017,1,18,0,0.55156,-0.64727,0.8504
2017,1,19,0,0.73175,-0.66595,0.98942
2017,1,20,0,0.88875,-0.6508,1.10155
2017,1,21,0,1.01278,-0.59765,1.17597
2017,1,22,0,1.09586,-0.50425,1.2063
2017,1,23,0,1.13243,-0.3705,1.1915
2017,1,24,0,1.11976,-0.19866,1.13724
2017,1,25,0,1.05798,0.00672,1.058
2017,1,26,0,0.94981,0.23883,0.97937
2017,1,27,0,0.79988,0.48869,0.93735
2017,1,28,0,0.6138,0.7452,0.96544
2017,1,29,0,0.39712,0.99523,1.07153
2017,1,30,0,0.15437,1.22369,1.23339
2017,1,31,0,-0.1114,1.41354,1.41793
2017,2,1,0,-0.39831,1.54575,1.59624
2017,2,2,0,-0.70343,1.59952,1.74737
2017,2,3,0,-1.01771,1.55432,1.85786
2017,2,4,0,-1.31916,1.39675,1.92122
2017,2,5,0,-1.57194,1.13277,1.93757
2017,2,6,0,-1.74127,0.7934,1.91351
2017,2,7,0,-1.81368,0.42035,1.86176
2017,2,8,0,-1.79956,0.04549,1.80014
2017,2,9,0,-1.72035,-0.31475,1.7489
2017,2,10,0,-1.59766,-0.65313,1.72601
2017,2,11,0,-1.44902,-0.96516,1.74103
2017,2,12,0,-1.2871,-1.24603,1.79142
2017,2,13,0,-1.11993,-1.49005,1.864
2017,2,14,0,-0.95146,-1.69129,1.94055
2017,2,15,0,-0.78202,-1.84453,2.00346
2017,2,16,0,-0.60903,-1.9462,2.03927
2017,2,17,0,-0.42778,-1.99485,2.0402
2017,2,18,0,-0.23218,-1.99114,2.00463
2017,2,19,0,-0.01539,-1.93675,1.93681
2017,2,20,0,0.22961,-1.83206,1.84639
2017,2,21,0,0.50867,-1.67171,1.74739
2017,2,22,0,0.82036,-1.43876,1.65621
2017,2,23,0,1.1371,-1.10895,1.58832
2017,2,24,0,1.39004,-0.69401,1.55366
2017,2,25,0,1.5279,-0.27672,1.55276
2017,2,26,0,1.57493,0.06773,1.57638
2017,2,27,0,1.57656,0.32243,1.6092
2017,2,28,0,1.55764,0.496,1.6347
2017,3,1,0,1.55111,0.54867,1.64529
2017,3,2,0,1.51009,0.57976,1.61755
2017,3,3,0,1.44675,0.56474,1.55307
2017,3,4,0,1.3572,0.51299,1.45091
2017,3,5,0,1.23953,0.43542,1.31378
2017,3,6,0,1.09453,0.3437,1.14722
2017,3,7,0,0.92579,0.24928,0.95877
2017,3,8,0,0.73956,0.16219,0.75713
2017,3,9,0,0.54406,0.09006,0.55147
2017,3,10,0,0.34875,0.03724,0.35073
2017,3,11,0,0.16322,0.00422,0.16328
2017,3,12,0,-0.00381,-0.01293,0.01348
2017,3,13,0,-0.14551,-0.023,0.14732
2017,3,14,0,-0.25719,-0.03864,0.26007
2017,3,15,0,-0.33638,-0.06715,0.34302
2017,3,16,0,-0.38703,-0.09267,0.39797
2017,3,17,0,-0.42098,-0.08833,0.43014
2017,3,18,0,-0.44599,-0.04495,0.44825
2017,3,19,0,-0.46273,0.03238,0.46386
2017,3,20,0,-0.47001,0.13482,0.48897
2017,3,21,0,-0.46763,0.25336,0.53185
2017,3,22,0,-0.45681,0.37978,0.59406
2017,3,23,0,-0.43993,0.50698,0.67124
2017,3,24,0,-0.42003,0.62915,0.75647
2017,3,25,0,-0.40028,0.74176,0.84287
2017,3,26,0,-0.38352,0.84142,0.9247
2017,3,27,0,-0.37191,0.92565,0.99757
2017,3,28,0,-0.36669,0.99261,1.05817
2017,3,29,0,-0.36803,1.0408,1.10395
2017,3,30,0,-0.37515,1.06898,1.1329
2017,3,31,0,-0.38638,1.07612,1.14338
2017,4,1,0,-0.40011,1.06119,1.13411
2017,4,2,0,-0.41262,1.02427,1.10426
2017,4,3,0,-0.41994,0.96635,1.05365
2017,4,4,0,-0.417,0.89025,0.98307
2017,4,5,0,-0.39782,0.80119,0.89452
2017,4,6,0,-0.35679,0.70655,0.79152
2017,4,7,0,-0.29098,0.61408,0.67954
2017,4,8,0,-0.20197,0.52941,0.56663
2017,4,9,0,-0.09566,0.45456,0.46452
2017,4,10,0,0.01934,0.38854,0.38902
2017,4,11,0,0.13334,0.32884,0.35484
2017,4,12,0,0.23669,0.27276,0.36113
2017,4,13,0,0.32036,0.21797,0.38748
2017,4,14,0,0.37649,0.16266,0.41012
2017,4,15,0,0.39885,0.10537,0.41253
2017,4,16,0,0.38337,0.04491,0.386
2017,4,17,0,0.32851,-0.0197,0.3291
2017,4,18,0,0.2355,-0.08912,0.2518
2017,4,19,0,0.10834,-0.16363,0.19624
2017,4,20,0,-0.04651,-0.24294,0.24735
2017,4,21,0,-0.22062,-0.32622,0.39382
2017,4,22,0,-0.40424,-0.41217,0.57732
2017,4,23,0,-0.58706,-0.49915,0.77058
2017,4,24,0,-0.75887,-0.5854,0.95842
2017,4,25,0,-0.91014,-0.66912,1.12963
2017,4,26,0,-1.03255,-0.74845,1.27528
2017,4,27,0,-1.11938,-0.82129,1.38836
2017,4,28,0,-1.16585,-0.88506,1.46374
2017,4,29,0,-1.16939,-0.93646,1.49814
2017,4,30,0,-1.12432,-0.97104,1.4856
2017,5,1,0,-1.04229,-0.98724,1.43562
2017,5,2,0,-0.9247,-0.97855,1.34634
2017,5,3,0,-0.77848,-0.94219,1.22219
2017,5,4,0,-0.61133,-0.87788,1.06977
2017,5,5,0,-0.43078,-0.78825,0.89828
2017,5,6,0,-0.24359,-0.67845,0.72086
2017,5,7,0,-0.05552,-0.55546,0.55823
2017,5,8,0,0.12864,-0.42703,0.44598
2017,5,9,0,0.30493,-0.30074,0.42828
2017,5,10,0,0.47008,-0.18318,0.50451
2017,5,11,0,0.62147,-0.0793,0.62651
2017,5,12,0,0.7571,0.00791,0.75714
2017,5,13,0,0.87564,0.0774,0.87906
2017,5,14,0,0.97648,0.12975,0.98507
2017,5,15,0,1.05968,0.16648,1.07268
2017,5,16,0,1.12577,0.18941,1.14159
2017,5,17,0,1.17541,0.20031,1.19236
2017,5,18,0,1.20891,0.20116,1.22553
2017,5,19,0,1.22587,0.19468,1.24123
2017,5,20,0,1.22513,0.18492,1.23901
2017,5,21,0,1.20516,0.17717,1.21811
2017,5,22,0,1.16463,0.17744,1.17807
2017,5,23,0,1.10296,0.19154,1.11947
2017,5,24,0,1.02068,0.22413,1.045
2017,5,25,0,0.91938,0.27791,0.96047
2017,5,26,0,0.80154,0.35291,0.87579
2017,5,27,0,0.67003,0.44624,0.80503
2017,5,28,0,0.52774,0.55199,0.76368
2017,5,29,0,0.37724,0.66154,0.76154
2017,5,30,0,0.22089,0.7641,0.79538
2017,5,31,0,0.06156,0.84771,0.84994
2017,6,1,0,-0.09604,0.90075,0.90585
2017,6,2,0,-0.24417,0.91407,0.94611
2017,6,3,0,-0.37216,0.88323,0.95844
2017,6,4,0,-0.469,0.80948,0.93553
2017,6,5,0,-0.52703,0.69836,0.87491
2017,6,6,0,-0.54437,0.55715,0.77894
2017,6,7,0,-0.52471,0.39295,0.65554
2017,6,8,0,-0.47559,0.2123,0.52082
2017,6,9,0,-0.40633,0.02176,0.40691
2017,6,10,0,-0.32653,-0.17153,0.36884
2017,6,11,0,-0.24494,-0.35962,0.43511
2017,6,12,0,-0.16882,-0.53407,0.56012
2017,6,13,0,-0.10353,-0.68657,0.69433
2017,6,14,0,-0.05247,-0.8097,0.8114
2017,6,15,0,-0.01714,-0.89778,0.89794
2017,6,16,0,0.00262,-0.94744,0.94744
2017,6,17,0,0.0083,-0.95806,0.9581
2017,6,18,0,0.00236,-0.93182,0.93183
2017,6,19,0,-0.01215,-0.87349,0.87358
2017,6,20,0,-0.0319,-0.78992,0.79056
2017,6,21,0,-0.05359,-0.68933,0.69141
2017,6,22,0,-0.07422,-0.58058,0.58531
2017,6,23,0,-0.09126,-0.47227,0.48101
2017,6,24,0,-0.10279,-0.37204,0.38597
2017,6,25,0,-0.10752,-0.28586,0.30541
2017,6,26,0,-0.10473,-0.21758,0.24147
2017,6,27,0,-0.09417,-0.16861,0.19313
2017,6,28,0,-0.07598,-0.1378,0.15736
2017,6,29,0,-0.05075,-0.12165,0.13181
2017,6,30,0,-0.01983,-0.11477,0.11647
2017,7,1,0,0.01443,-0.11072,0.11165
2017,7,2,0,0.04854,-0.10283,0.11371
2017,7,3,0,0.0782,-0.08491,0.11543
2017,7,4,0,0.09898,-0.05155,0.1116
2017,7,5,0,0.10706,0.00161,0.10707
2017,7,6,0,0.0997,0.07767,0.12638
2017,7,7,0,0.0756,0.17808,0.19346
2017,7,8,0,0.03479,0.30227,0.30426
2017,7,9,0,-0.02146,0.4473,0.44781
2017,7,10,0,-0.09108,0.60774,0.61453
2017,7,11,0,-0.17153,0.77581,0.79455
2017,7,12,0,-0.2602,0.94179,0.97707
2017,7,13,0,-0.35466,1.09467,1.15069
2017,7,14,0,-0.45282,1.22297,1.30411
2017,7,15,0,-0.55276,1.31565,1.42706
2017,7,16,0,-0.65255,1.363,1.51116
2017,7,17,0,-0.74975,1.35742,1.55072
2017,7,18,0,-0.84102,1.29413,1.5434
2017,7,19,0,-0.92162,1.17168,1.49071
2017,7,20,0,-0.98533,0.99238,1.39846
2017,7,21,0,-1.02469,0.76255,1.27729
2017,7,22,0,-1.03181,0.49246,1.14331
2017,7,23,0,-0.99967,0.19597,1.0187
2017,7,24,0,-0.92356,-0.11046,0.93014
2017,7,25,0,-0.80223,-0.40916,0.90055
2017,7,26,0,-0.63838,-0.68283,0.93477
2017,7,27,0,-0.43836,-0.91605,1.01554
2017,7,28,0,-0.21155,-1.09641,1.11663
2017,7,29,0,0.03062,-1.21532,1.21571
2017,7,30,0,0.27559,-1.26856,1.29814
2017,7,31,0,0.51041,-1.25642,1.35613
2017,8,1,0,0.72397,-1.18361,1.38747
2017,8,2,0,0.90668,-1.05847,1.39371
2017,8,3,0,1.05163,-0.89201,1.37898
2017,8,4,0,1.15484,-0.69667,1.3487
2017,8,5,0,1.21502,-0.48513,1.30829
2017,8,6,0,1.23289,-0.26937,1.26198
2017,8,7,0,1.21061,-0.06002,1.2121
2017,8,8,0,1.15112,0.13399,1.1589
2017,8,9,0,1.05782,0.30561,1.10108
2017,8,10,0,0.93438,0.44961,1.03692
2017,8,11,0,0.78482,0.56253,0.96559
2017,8,12,0,0.61361,0.64236,0.88834
2017,8,13,0,0.42592,0.68835,0.80947
2017,8,14,0,0.22779,0.70071,0.7368
2017,8,15,0,0.02631,0.68034,0.68085
2017,8,16,0,-0.17037,0.62882,0.65149
2017,8,17,0,-0.35314,0.5485,0.65235
2017,8,18,0,-0.51235,0.44283,0.67721
2017,8,19,0,-0.63856,0.31685,0.71285
2017,8,20,0,-0.72352,0.17732,0.74493
2017,8,21,0,-0.76129,0.03238,0.76198
2017,8,22,0,-0.74909,-0.10952,0.75705
2017,8,23,0,-0.68742,-0.24105,0.72846
2017,8,24,0,-0.57976,-0.35707,0.6809
2017,8,25,0,-0.43185,-0.45507,0.62736
2017,8,26,0,-0.25117,-0.53478,0.59083
2017,8,27,0,-0.04654,-0.59739,0.5992
2017,8,28,0,0.17214,-0.64461,0.6672
2017,8,29,0,0.39416,-0.67796,0.78421
2017,8,30,0,0.60832,-0.69819,0.92603
2017,8,31,0,0.8035,-0.70514,1.06903
2017,9,1,0,0.96917,-0.69773,1.1942
2017,9,2,0,1.09602,-0.67438,1.28687
2017,9,3,0,1.17648,-0.63344,1.33617
2017,9,4,0,1.2052,-0.57381,1.33483
2017,9,5,0,1.1793,-0.4954,1.27913
2017,9,6,0,1.09868,-0.3994,1.16903
2017,9,7,0,0.96603,-0.28831,1.00813
2017,9,8,0,0.78688,-0.1655,0.80409
2017,9,9,0,0.5694,-0.03479,0.57046
2017,9,10,0,0.32404,0.10009,0.33914
2017,9,11,0,0.06289,0.23566,0.24391
2017,9,12,0,-0.2011,0.36864,0.41992
2017,9,13,0,-0.45499,0.49558,0.67277
2017,9,14,0,-0.68667,0.61266,0.92026
2017,9,15,0,-0.88561,0.71553,1.13855
2017,9,16,0,-1.04333,0.79955,1.31446
2017,9,17,0,-1.15377,0.86023,1.43916
2017,9,18,0,-1.2134,0.89378,1.50704
2017,9,19,0,-1.22123,0.89766,1.51565
2017,9,20,0,-1.17871,0.87088,1.46553
2017,9,21,0,-1.08964,0.8141,1.36017
2017,9,22,0,-0.95996,0.72949,1.20569
2017,9,23,0,-0.79754,0.6205,1.01049
2017,9,24,0,-0.61171,0.49167,0.78482
2017,9,25,0,-0.41274,0.34853,0.54021
2017,9,26,0,-0.21105,0.19759,0.28911
2017,9,27,0,-0.01647,0.04631,0.04915
2017,9,28,0,0.16251,-0.09705,0.18929
2017,9,29,0,0.31925,-0.22381,0.38989
2017,9,30,0,0.44929,-0.32535,0.55472
2017,10,1,0,0.55033,-0.39382,0.67672
2017,10,2,0,0.62189,-0.42278,0.75199
2017,10,3,0,0.66467,-0.40788,0.77984
2017,10,4,0,0.67952,-0.34736,0.76316
2017,10,5,0,0.66626,-0.24251,0.70902
2017,10,6,0,0.62203,-0.09833,0.62975
2017,10,7,0,0.53997,0.07501,0.54515
2017,10,8,0,0.40967,0.25928,0.48482
2017,10,9,0,0.22367,0.42579,0.48096
2017,10,10,0,-0.00979,0.54234,0.54242
2017,10,11,0,-0.26402,0.5914,0.64766
2017,10,12,0,-0.51099,0.57703,0.77076
2017,10,13,0,-0.73453,0.51237,0.89557
2017,10,14,0,-0.92864,0.40912,1.01476
2017,10,15,0,-1.09206,0.27594,1.12638
2017,10,16,0,-1.22523,0.12017,1.23111
2017,10,17,0,-1.32891,-0.0508,1.32989
2017,10,18,0,-1.40362,-0.22902,1.42218
2017,10,19,0,-1.44925,-0.40615,1.50509
2017,10,20,0,-1.46495,-0.57404,1.57341
2017,10,21,0,-1.40541,-0.81589,1.62507
2017,10,22,0,-1.28785,-1.02956,1.6488
2017,10,23,0,-1.1158,-1.2012,1.63948
2017,10,24,0,-0.89592,-1.31965,1.59504
2017,10,25,0,-0.63773,-1.37727,1.51776
2017,10,26,0,-0.35313,-1.37056,1.41532
2017,10,27,0,-0.05571,-1.30038,1.30158
2017,10,28,0,0.24011,-1.17195,1.1963
2017,10,29,0,0.51994,-0.99438,1.12211
2017,10,30,0,0.77039,-0.78002,1.09632
2017,10,31,0,0.97995,-0.54343,1.12054
2017,11,1,0,1.13974,-0.30036,1.17865
2017,11,2,0,1.24413,-0.06642,1.2459
2017,11,3,0,1.29106,0.14403,1.29907
2017,11,4,0,1.28215,0.31897,1.32123
2017,11,5,0,1.22251,0.44966,1.30258
2017,11,6,0,1.12033,0.53115,1.23987
2017,11,7,0,0.98621,0.56269,1.13544
2017,11,8,0,0.8323,0.54756,0.99627
2017,11,9,0,0.67143,0.49282,0.83288
2017,11,10,0,0.51607,0.40853,0.6582
2017,11,11,0,0.39817,0.27689,0.48498
2017,11,12,0,0.28929,0.15712,0.32921
2017,11,13,0,0.19974,0.05707,0.20774
2017,11,14,0,0.13948,-0.01805,0.14065
2017,11,15,0,0.11694,-0.06533,0.13395
2017,11,16,0,0.13779,-0.08308,0.1609
2017,11,17,0,0.20351,-0.0682,0.21464
2017,11,18,0,0.3087,-0.01113,0.3089
2017,11,19,0,0.43321,0.111,0.44721
2017,11,20,0,0.53111,0.32162,0.6209
2017,11,21,0,0.56794,0.58656,0.81646
2017,11,22,0,0.57472,0.84121,1.01879
2017,11,23,0,0.58325,1.06305,1.21254
2017,11,24,0,0.59777,1.24714,1.38299
2017,11,25,0,0.61167,1.38823,1.51702
2017,11,26,0,0.61589,1.48095,1.60391
2017,11,27,0,0.60133,1.52161,1.63612
2017,11,28,0,0.56007,1.50936,1.60992
2017,11,29,0,0.48622,1.44628,1.52583
2017,11,30,0,0.37656,1.33716,1.38917
2017,12,1,0,0.23087,1.18877,1.21099
2017,12,2,0,0.05206,1.00912,1.01046
2017,12,3,0,-0.1542,0.80649,0.8211
2017,12,4,0,-0.37986,0.58872,0.70063
2017,12,5,0,-0.61519,0.36248,0.71404
2017,12,6,0,-0.84949,0.13289,0.85982
2017,12,7,0,-1.07165,-0.09663,1.076
2017,12,8,0,-1.27078,-0.32423,1.31149
2017,12,9,0,-1.43659,-0.54905,1.53794
2017,12,10,0,-1.56,-0.77029,1.73982
2017,12,11,0,-1.63384,-0.98576,1.90818
2017,12,12,0,-1.65417,-1.19044,2.038
2017,12,13,0,-1.62199,-1.37572,2.12684
2017,12,14,0,-1.54425,-1.53046,2.17417
2017,12,15,0,-1.43297,-1.64401,2.18087
2017,12,16,0,-1.30204,-1.70955,2.14892
2017,12,17,0,-1.16342,-1.72561,2.08117
2017,12,18,0,-1.02492,-1.69533,1.98106
2017,12,19,0,-0.88998,-1.62471,1.8525
2017,12,20,0,-0.75873,-1.52099,1.69972
2017,12,21,0,-0.62924,-1.39161,1.52726
2017,12,22,0,-0.49863,-1.24377,1.33999
2017,12,23,0,-0.36386,-1.08411,1.14354
2017,12,24,0,-0.22237,-0.91865,0.94518
2017,12,25,0,-0.07243,-0.75264,0.75611
2017,12,26,0,0.08645,-0.59044,0.59673
2017,12,27,0,0.25347,-0.43538,0.50379
2017,12,28,0,0.42642,-0.28964,0.51549
2017,12,29,0,0.60186,-0.15414,0.62128
2017,12,30,0,0.77532,-0.02859,0.77584
2017,12,31,0,0.94373,0.06456,0.94593
2018,1,1,0,1.10052,0.17469,1.1143
2018,1,2,0,1.23957,0.27357,1.2694
2018,1,3,0,1.35606,0.37297,1.40641
2018,1,4,0,1.44552,0.47626,1.52196
2018,1,5,0,1.50475,0.58555,1.61466
2018,1,6,0,1.53211,0.70139,1.68503
2018,1,7,0,1.52789,0.82312,1.7355
2018,1,8,0,1.49418,0.94953,1.77036
2018,1,9,0,1.43464,1.07961,1.79548
2018,1,10,0,1.35392,1.21293,1.81777
2018,1,11,0,1.25712,1.34948,1.8443
2018,1,12,0,1.14924,1.48912,1.88102
2018,1,13,0,1.03472,1.63102,1.93155
2018,1,14,0,0.9171,1.7732,1.99632
2018,1,15,0,0.79873,1.91227,2.07237
2018,1,16,0,0.68068,2.04346,2.15384
2018,1,17,0,0.56277,2.16088,2.23296
2018,1,18,0,0.44381,2.25787,2.30107
2018,1,19,0,0.3219,2.32756,2.34972
2018,1,20,0,0.19482,2.3634,2.37142
2018,1,21,0,0.06031,2.35973,2.3605
2018,1,22,0,-0.08369,2.31224,2.31375
2018,1,23,0,-0.23895,2.21846,2.2313
2018,1,24,0,-0.40683,2.07795,2.1174
2018,1,25,0,-0.58811,1.89228,1.98156
2018,1,26,0,-0.78275,1.6649,1.83972
2018,1,27,0,-0.98941,1.40065,1.71486
2018,1,28,0,-1.205,1.10512,1.63503
2018,1,29,0,-1.42412,0.78377,1.62555
2018,1,30,0,-1.63854,0.44096,1.69684
2018,1,31,0,-1.83666,0.07911,1.83836
2018,2,1,0,-2.00277,-0.30167,2.02536
2018,2,2,0,-2.11679,-0.70223,2.23023
2018,2,3,0,-2.1557,-1.11964,2.42912
2018,2,4,0,-2.10069,-1.53861,2.60389
2018,2,5,0,-1.95148,-1.92598,2.74183
2018,2,6,0,-1.73566,-2.2417,2.83509
2018,2,7,0,-1.49543,-2.46122,2.87992
2018,2,8,0,-1.2634,-2.5838,2.87615
2018,2,9,0,-1.05356,-2.6229,2.82659
2018,2,10,0,-0.86682,-2.59552,2.73644
2018,2,11,0,-0.69874,-2.51755,2.61271
2018,2,12,0,-0.54412,-2.40275,2.46359
2018,2,13,0,-0.39888,-2.26297,2.29785
2018,2,14,0,-0.26044,-2.10819,2.12422
2018,2,15,0,-0.12745,-1.94664,1.95081
2018,2,16,0,0.00076,-1.78468,1.78468
2018,2,17,0,0.12486,-1.62665,1.63144
2018,2,18,0,0.24612,-1.47472,1.49512
2018,2,19,0,0.36705,-1.3284,1.37818
2018,2,20,0,0.49166,-1.18372,1.28177
2018,2,21,0,0.62516,-1.03138,1.20606
2018,2,22,0,0.77033,-0.85473,1.15064
2018,2,23,0,0.91644,-0.63477,1.11481
2018,2,24,0,1.03058,-0.37792,1.09769
2018,2,25,0,1.09022,-0.13151,1.09813
2018,2,26,0,1.11245,0.0689,1.11458
2018,2,27,0,1.12277,0.22401,1.1449
2018,2,28,0,1.13463,0.34605,1.18622
2018,3,1,0,1.17019,0.40049,1.23682
2018,3,2,0,1.20043,0.47062,1.28939
2018,3,3,0,1.23277,0.52799,1.34108
2018,3,4,0,1.26337,0.57316,1.3873
2018,3,5,0,1.28792,0.60665,1.42364
2018,3,6,0,1.30207,0.6294,1.44621
2018,3,7,0,1.30185,0.64303,1.45199
2018,3,8,0,1.28395,0.65011,1.43915
2018,3,9,0,1.24592,0.65423,1.40724
2018,3,10,0,1.18602,0.66008,1.35733
2018,3,11,0,1.10254,0.67344,1.29195
2018,3,12,0,0.99241,0.70096,1.215
2018,3,13,0,0.84859,0.74851,1.13153
2018,3,14,0,0.65929,0.81404,1.04753
2018,3,15,0,0.42285,0.8726,0.96965
2018,3,16,0,0.17864,0.88705,0.90486
2018,3,17,0,-0.02527,0.85937,0.85974
2018,3,18,0,-0.18451,0.81882,0.83936
2018,3,19,0,-0.31528,0.78495,0.8459
2018,3,20,0,-0.4304,0.76536,0.87807
2018,3,21,0,-0.53654,0.7616,0.93162
2018,3,22,0,-0.63643,0.77221,1.00067
2018,3,23,0,-0.73076,0.79375,1.07891
2018,3,24,0,-0.81928,0.82139,1.16013
2018,3,25,0,-0.90136,0.84919,1.23837
2018,3,26,0,-0.97629,0.87042,1.30796
2018,3,27,0,-1.04329,0.87797,1.36355
2018,3,28,0,-1.10144,0.86472,1.40032
2018,3,29,0,-1.14946,0.82395,1.41427
2018,3,30,0,-1.18537,0.74988,1.40265
2018,3,31,0,-1.20606,0.63812,1.36447
2018,4,1,0,-1.20713,0.48555,1.30112
2018,4,2,0,-1.18107,0.29374,1.21705
2018,4,3,0,-1.11868,0.06809,1.12075
2018,4,4,0,-1.0097,-0.17988,1.0256
2018,4,5,0,-0.84618,-0.43184,0.95001
2018,4,6,0,-0.6273,-0.66483,0.91406
2018,4,7,0,-0.36262,-0.85717,0.93071
2018,4,8,0,-0.07026,-0.99464,0.99712
2018,4,9,0,0.22878,-1.07233,1.09646
2018,4,10,0,0.51556,-1.0919,1.2075
2018,4,11,0,0.77497,-1.05802,1.31148
2018,4,12,0,0.99561,-0.97614,1.3943
2018,4,13,0,1.16907,-0.85184,1.4465
2018,4,14,0,1.28955,-0.69098,1.46301
2018,4,15,0,1.35364,-0.49996,1.44302
2018,4,16,0,1.36032,-0.28594,1.39004
2018,4,17,0,1.31095,-0.05691,1.31218
2018,4,18,0,1.20919,0.17844,1.22229
2018,4,19,0,1.06078,0.41094,1.1376
2018,4,20,0,0.87317,0.63122,1.07744
2018,4,21,0,0.65506,0.83012,1.05746
2018,4,22,0,0.41589,0.99902,1.08213
2018,4,23,0,0.16528,1.1302,1.14222
2018,4,24,0,-0.08743,1.21723,1.22036
2018,4,25,0,-0.33349,1.25526,1.29881
2018,4,26,0,-0.565,1.24139,1.36392
2018,4,27,0,-0.77493,1.1749,1.40745
2018,4,28,0,-0.95724,1.05751,1.42641
2018,4,29,0,-1.10691,0.89353,1.42255
2018,4,30,0,-1.22214,0.67794,1.39758
2018,5,1,0,-1.29669,0.43916,1.36904
2018,5,2,0,-1.33112,0.18021,1.34327
2018,5,3,0,-1.32738,-0.08722,1.33024
2018,5,4,0,-1.28958,-0.35214,1.3368
2018,5,5,0,-1.22308,-0.60515,1.3646
2018,5,6,0,-1.13315,-0.83883,1.40985
2018,5,7,0,-1.02398,-1.04757,1.4649
2018,5,8,0,-0.89797,-1.22725,1.52068
2018,5,9,0,-0.75562,-1.37481,1.56877
2018,5,10,0,-0.59586,-1.48784,1.60272
2018,5,11,0,-0.41676,-1.56424,1.61881
2018,5,12,0,-0.2165,-1.6018,1.61637
2018,5,13,0,0.00545,-1.59799,1.598
2018,5,14,0,0.24699,-1.55,1.56956
2018,5,15,0,0.50248,-1.45547,1.53977
2018,5,16,0,0.76259,-1.3138,1.51909
2018,5,17,0,1.01536,-1.1277,1.51745
2018,5,18,0,1.24834,-0.90389,1.54122
2018,5,19,0,1.45066,-0.65238,1.59061
2018,5,20,0,1.61394,-0.38466,1.65914
2018,5,21,0,1.73191,-0.11175,1.73551
2018,5,22,0,1.79965,0.15694,1.80648
2018,5,23,0,1.81289,0.41401,1.85956
2018,5,24,0,1.76796,0.65391,1.88501
2018,5,25,0,1.66211,0.87238,1.87714
2018,5,26,0,1.49407,1.06586,1.83529
2018,5,27,0,1.26458,1.23074,1.76462
2018,5,28,0,0.97701,1.3625,1.67659
2018,5,29,0,0.63779,1.45506,1.5887
2018,5,30,0,0.25715,1.50043,1.5223
2018,5,31,0,-0.14999,1.4893,1.49683
2018,6,1,0,-0.56317,1.41343,1.52149
2018,6,2,0,-0.95671,1.27001,1.59004
2018,6,3,0,-1.30301,1.06636,1.68373
2018,6,4,0,-1.57845,0.82108,1.77924
2018,6,5,0,-1.76883,0.55944,1.85519
2018,6,6,0,-1.87045,0.3057,1.89527
2018,6,7,0,-1.88745,0.07766,1.88904
2018,6,8,0,-1.82822,-0.11473,1.83181
2018,6,9,0,-1.70321,-0.26816,1.72419
2018,6,10,0,-1.52391,-0.3839,1.57152
2018,6,11,0,-1.3026,-0.46599,1.38345
2018,6,12,0,-1.05212,-0.51995,1.17358
2018,6,13,0,-0.78554,-0.55182,0.95999
2018,6,14,0,-0.51574,-0.56753,0.76687
2018,6,15,0,-0.2547,-0.5726,0.62669
2018,6,16,0,-0.0129,-0.57184,0.57199
2018,6,17,0,0.20135,-0.56933,0.60388
2018,6,18,0,0.38232,-0.56822,0.68487
2018,6,19,0,0.52721,-0.57076,0.777
2018,6,20,0,0.63618,-0.57809,0.8596
2018,6,21,0,0.7121,-0.59012,0.92484
2018,6,22,0,0.76011,-0.60545,0.97177
2018,6,23,0,0.78697,-0.62123,1.00262
2018,6,24,0,0.80014,-0.63325,1.02041
2018,6,25,0,0.80684,-0.63605,1.0274
2018,6,26,0,0.81291,-0.62333,1.02438
2018,6,27,0,0.82176,-0.58851,1.01076
2018,6,28,0,0.83341,-0.52567,0.98535
2018,6,29,0,0.84414,-0.43074,0.94768
2018,6,30,0,0.84701,-0.30271,0.89947
2018,7,1,0,0.83369,-0.14437,0.8461
2018,7,2,0,0.79682,0.03807,0.79772
2018,7,3,0,0.73181,0.23613,0.76896
2018,7,4,0,0.63746,0.44041,0.7748
2018,7,5,0,0.51546,0.64142,0.82288
2018,7,6,0,0.36952,0.8299,0.90844
2018,7,7,0,0.20464,0.99687,1.01766
2018,7,8,0,0.02671,1.13385,1.13416
2018,7,9,0,-0.15784,1.23304,1.2431
2018,7,10,0,-0.34213,1.28776,1.33244
2018,7,11,0,-0.51902,1.2929,1.39319
2018,7,12,0,-0.68127,1.24529,1.41946
2018,7,13,0,-0.8217,1.14408,1.40858
2018,7,14,0,-0.93343,0.99103,1.36141
2018,7,15,0,-1.01011,0.79064,1.28275
2018,7,16,0,-1.04619,0.55021,1.18205
2018,7,17,0,-1.0372,0.27977,1.07427
2018,7,18,0,-0.98022,-0.00806,0.98025
2018,7,19,0,-0.87439,-0.29851,0.92394
2018,7,20,0,-0.72167,-0.57522,0.92287
2018,7,21,0,-0.52758,-0.8213,0.97615
2018,7,22,0,-0.30186,-1.02076,1.06446
2018,7,23,0,-0.05852,-1.16039,1.16186
2018,7,24,0,0.18494,-1.23151,1.24532
2018,7,25,0,0.40927,-1.23134,1.29757
2018,7,26,0,0.59576,-1.16343,1.3071
2018,7,27,0,0.72865,-1.03713,1.26751
2018,7,28,0,0.79687,-0.86634,1.1771
2018,7,29,0,0.79527,-0.66786,1.03851
2018,7,30,0,0.72501,-0.45954,0.85839
2018,7,31,0,0.59336,-0.25851,0.64722
2018,8,1,0,0.41308,-0.07885,0.42054
2018,8,2,0,0.20056,0.06889,0.21207
2018,8,3,0,-0.02579,0.17867,0.18052
2018,8,4,0,-0.2475,0.24876,0.35091
2018,8,5,0,-0.44771,0.28101,0.5286
2018,8,6,0,-0.6125,0.27979,0.67337
2018,8,7,0,-0.73162,0.25097,0.77347
2018,8,8,0,-0.7989,0.20114,0.82383
2018,8,9,0,-0.81219,0.13704,0.82367
2018,8,10,0,-0.7731,0.06527,0.77585
2018,8,11,0,-0.68654,-0.00787,0.68658
2018,8,12,0,-0.56007,-0.07642,0.56526
2018,8,13,0,-0.40327,-0.13477,0.42519
2018,8,14,0,-0.22703,-0.17777,0.28835
2018,8,15,0,-0.04296,-0.20089,0.20543
2018,8,16,0,0.13721,-0.20064,0.24307
2018,8,17,0,0.30208,-0.17512,0.34917
2018,8,18,0,0.4412,-0.12472,0.45849
2018,8,19,0,0.54579,-0.05274,0.54833
2018,8,20,0,0.6096,0.03446,0.61057
2018,8,21,0,0.6299,0.12814,0.6428
2018,8,22,0,0.60792,0.21853,0.64601
2018,8,23,0,0.54872,0.29662,0.62376
2018,8,24,0,0.46021,0.35558,0.58158
2018,8,25,0,0.35191,0.39143,0.52636
2018,8,26,0,0.2337,0.40295,0.46582
2018,8,27,0,0.11487,0.39124,0.40775
2018,8,28,0,0.00344,0.35909,0.35911
2018,8,29,0,-0.09422,0.31051,0.32449
2018,8,30,0,-0.17357,0.25025,0.30455
2018,8,31,0,-0.23191,0.18356,0.29577
2018,9,1,0,-0.26832,0.11598,0.29232
2018,9,2,0,-0.28353,0.0531,0.28846
2018,9,3,0,-0.27972,0.00045,0.27973
2018,9,4,0,-0.26044,-0.03685,0.26304
2018,9,5,0,-0.23041,-0.05441,0.23675
2018,9,6,0,-0.19533,-0.04904,0.20139
2018,9,7,0,-0.1615,-0.01928,0.16264
2018,9,8,0,-0.13525,0.03415,0.13949
2018,9,9,0,-0.12225,0.10814,0.16322
2018,9,10,0,-0.12674,0.19721,0.23443
2018,9,11,0,-0.15094,0.29394,0.33043
2018,9,12,0,-0.1947,0.38956,0.43551
2018,9,13,0,-0.25553,0.47479,0.53918
2018,9,14,0,-0.32882,0.54059,0.63274
2018,9,15,0,-0.40829,0.57898,0.70846
2018,9,16,0,-0.48653,0.58366,0.75985
2018,9,17,0,-0.55547,0.55062,0.78214
2018,9,18,0,-0.60703,0.47852,0.77297
2018,9,19,0,-0.63366,0.36891,0.73322
2018,9,20,0,-0.62897,0.22612,0.66838
2018,9,21,0,-0.58839,0.057,0.59114
2018,9,22,0,-0.50959,-0.12972,0.52584
2018,9,23,0,-0.3928,-0.32416,0.50929
2018,9,24,0,-0.24077,-0.51606,0.56947
2018,9,25,0,-0.05844,-0.6954,0.69785
2018,9,26,0,0.14753,-0.8529,0.86557
2018,9,27,0,0.36935,-0.98043,1.04769
2018,9,28,0,0.59861,-1.07115,1.22707
2018,9,29,0,0.82674,-1.11977,1.39189
2018,9,30,0,1.04534,-1.12257,1.53392
2018,10,1,0,1.24633,-1.07749,1.64752
2018,10,2,0,1.42202,-0.98396,1.72925
2018,10,3,0,1.56497,-0.84268,1.77742
2018,10,4,0,1.66758,-0.65536,1.79174
2018,10,5,0,1.72146,-0.42451,1.77302
2018,10,6,0,1.71614,-0.15403,1.72304
2018,10,7,0,1.63785,0.14814,1.64453
2018,10,8,0,1.47028,0.46321,1.54153
2018,10,9,0,1.20413,0.75263,1.41999
2018,10,10,0,0.85601,0.96347,1.28881
2018,10,11,0,0.47139,1.06098,1.16098
2018,10,12,0,0.09548,1.05019,1.05452
2018,10,13,0,-0.24821,0.95892,0.99052
2018,10,14,0,-0.55287,0.81576,0.98546
2018,10,15,0,-0.81801,0.64285,1.04038
2018,10,16,0,-1.04402,0.45657,1.13949
2018,10,17,0,-1.23063,0.26925,1.25974
2018,10,18,0,-1.37682,0.09031,1.37978
2018,10,19,0,-1.4812,-0.07322,1.48301
2018,10,20,0,-1.54241,-0.2165,1.55753
2018,10,21,0,-1.53759,-0.43029,1.59667
2018,10,22,0,-1.46988,-0.6188,1.59483
2018,10,23,0,-1.34499,-0.77172,1.55066
2018,10,24,0,-1.1714,-0.88096,1.4657
2018,10,25,0,-0.95979,-0.941,1.34412
2018,10,26,0,-0.72246,-0.94911,1.19279
2018,10,27,0,-0.47257,-0.90546,1.02137
2018,10,28,0,-0.22347,-0.81298,0.84313
2018,10,29,0,0.01206,-0.67706,0.67717
2018,10,30,0,0.22239,-0.50525,0.55203
2018,10,31,0,0.39764,-0.3067,0.50218
2018,11,1,0,0.53004,-0.09166,0.53791
2018,11,2,0,0.61425,0.1291,0.62767
2018,11,3,0,0.64744,0.3448,0.73353
2018,11,4,0,0.62933,0.54519,0.83264
2018,11,5,0,0.56204,0.72097,0.91416
2018,11,6,0,0.44983,0.86414,0.97421
2018,11,7,0,0.29876,0.96832,1.01336
2018,11,8,0,0.11637,1.02885,1.03541
2018,11,9,0,-0.08878,1.04298,1.04676
2018,11,10,0,-0.30752,1.00983,1.05561
2018,11,11,0,-0.46106,0.97051,1.07446
2018,11,12,0,-0.62614,0.91431,1.10816
2018,11,13,0,-0.80039,0.84244,1.16203
2018,11,14,0,-0.98064,0.75452,1.23732
2018,11,15,0,-1.16292,0.64752,1.33104
2018,11,16,0,-1.34209,0.51379,1.43708
2018,11,17,0,-1.51037,0.33727,1.54757
2018,11,18,0,-1.65185,0.08722,1.65415
2018,11,19,0,-1.72587,-0.28176,1.74872
2018,11,20,0,-1.65476,-0.76735,1.82402
2018,11,21,0,-1.42821,-1.21332,1.87401
2018,11,22,0,-1.16308,-1.49524,1.89433
2018,11,23,0,-0.92053,-1.64247,1.88284
2018,11,24,0,-0.69496,-1.70411,1.84037
2018,11,25,0,-0.47023,-1.7081,1.77164
2018,11,26,0,-0.23459,-1.67003,1.68643
2018,11,27,0,0.01865,-1.60054,1.60065
2018,11,28,0,0.29193,-1.50832,1.53631
2018,11,29,0,0.58421,-1.40115,1.51806
2018,11,30,0,0.89144,-1.28598,1.56474
2018,12,1,0,1.20704,-1.16865,1.68008
2018,12,2,0,1.52246,-1.05339,1.85135
2018,12,3,0,1.82783,-0.94251,2.05652
2018,12,4,0,2.11264,-0.83603,2.27204
2018,12,5,0,2.3664,-0.73172,2.47695
2018,12,6,0,2.57926,-0.62523,2.65396
2018,12,7,0,2.74238,-0.51073,2.78953
2018,12,8,0,2.84817,-0.38177,2.87365
2018,12,9,0,2.89026,-0.23266,2.89961
2018,12,10,0,2.86339,-0.06029,2.86403
2018,12,11,0,2.76347,0.13379,2.7667
2018,12,12,0,2.58833,0.34165,2.61078
2018,12,13,0,2.33929,0.5489,2.40283
2018,12,14,0,2.02303,0.73764,2.15331
2018,12,15,0,1.65198,0.89208,1.87745
2018,12,16,0,1.24255,1.00371,1.5973
2018,12,17,0,0.81197,1.07283,1.34546
2018,12,18,0,0.37585,1.1062,1.1683
2018,12,19,0,-0.05265,1.11318,1.11443
2018,12,20,0,-0.46257,1.10252,1.19562
2018,12,21,0,-0.84465,1.08041,1.37139
2018,12,22,0,-1.19094,1.04978,1.58757
2018,12,23,0,-1.49463,1.01022,1.80401
2018,12,24,0,-1.75003,0.95841,1.99528
2018,12,25,0,-1.9526,0.88895,2.14543
2018,12,26,0,-2.09905,0.79529,2.24466
2018,12,27,0,-2.18732,0.6709,2.2879
2018,12,28,0,-2.21661,0.51044,2.27462
2018,12,29,0,-2.18723,0.31087,2.20921
2018,12,30,0,-2.10059,0.07247,2.10184
2018,12,31,0,-1.96367,-0.15109,1.96948
2019,1,1,0,-1.77725,-0.45883,1.83553
2019,1,2,0,-1.54855,-0.77109,1.72992
2019,1,3,0,-1.28109,-1.08712,1.68019
2019,1,4,0,-0.98134,-1.38857,1.70034
2019,1,5,0,-0.65833,-1.65572,1.7818
2019,1,6,0,-0.32426,-1.86969,1.8976
2019,1,7,0,0.00598,-2.0146,2.0146
2019,1,8,0,0.31654,-2.07909,2.10305
2019,1,9,0,0.59294,-2.05676,2.14052
2019,1,10,0,0.8243,-1.94566,2.11307
2019,1,11,0,1.00439,-1.74768,2.01573
2019,1,12,0,1.13166,-1.46804,1.85359
2019,1,13,0,1.20844,-1.11526,1.64442
2019,1,14,0,1.23965,-0.70124,1.42425
2019,1,15,0,1.23169,-0.2413,1.2551
2019,1,16,0,1.1913,0.24615,1.21646
2019,1,17,0,1.12499,0.74019,1.34666
2019,1,18,0,1.03873,1.21853,1.60118
2019,1,19,0,0.93787,1.65876,1.90554
2019,1,20,0,0.82724,2.0399,2.20125
2019,1,21,0,0.71118,2.34386,2.44938
2019,1,22,0,0.59326,2.55683,2.62476
2019,1,23,0,0.47596,2.67024,2.71233
2019,1,24,0,0.3602,2.68142,2.70551
2019,1,25,0,0.24516,2.59378,2.60535
2019,1,26,0,0.12842,2.41646,2.41987
2019,1,27,0,0.00659,2.16353,2.16354
2019,1,28,0,-0.12366,1.85277,1.8569
2019,1,29,0,-0.26445,1.504,1.52707
2019,1,30,0,-0.41559,1.13705,1.21062
2019,1,31,0,-0.57364,0.76966,0.95992
2019,2,1,0,-0.73152,0.41547,0.84127
2019,2,2,0,-0.87857,0.08288,0.88247
2019,2,3,0,-1.00202,-0.22399,1.02675
2019,2,4,0,-1.09104,-0.50113,1.20063
2019,2,5,0,-1.14376,-0.73945,1.36198
2019,2,6,0,-1.17124,-0.9256,1.49284
2019,2,7,0,-1.19018,-1.05069,1.5876
2019,2,8,0,-1.21048,-1.11638,1.64668
2019,2,9,0,-1.23102,-1.13329,1.67325
2019,2,10,0,-1.2436,-1.11691,1.67154
2019,2,11,0,-1.23838,-1.08479,1.64631
2019,2,12,0,-1.20752,-1.05463,1.60322
2019,2,13,0,-1.14685,-1.04276,1.55004
2019,2,14,0,-1.05613,-1.06258,1.49816
2019,2,15,0,-0.93826,-1.12315,1.46348
2019,2,16,0,-0.79787,-1.22813,1.46455
2019,2,17,0,-0.63934,-1.37526,1.51661
2019,2,18,0,-0.46447,-1.55628,1.62411
2019,2,19,0,-0.26972,-1.75703,1.77761
2019,2,20,0,-0.04317,-1.95722,1.9577
2019,2,21,0,0.23833,-2.12799,2.14129
2019,2,22,0,0.606,-2.22538,2.30642
2019,2,23,0,1.0696,-2.18735,2.43487
2019,2,24,0,1.55421,-1.97567,2.51373
2019,2,25,0,1.92852,-1.64748,2.53641
2019,2,26,0,2.14391,-1.29262,2.50344
2019,2,27,0,2.23183,-0.9439,2.42322
2019,2,28,0,2.23386,-0.59712,2.31229
2019,3,1,0,2.1707,-0.32727,2.19523
2019,3,2,0,2.09824,0.01969,2.09833
2019,3,3,0,2.01396,0.37723,2.04899
2019,3,4,0,1.92591,0.7321,2.06036
2019,3,5,0,1.83766,1.06874,2.12584
2019,3,6,0,1.74841,1.37142,2.2221
2019,3,7,0,1.65339,1.62623,2.31912
2019,3,8,0,1.54462,1.82273,2.38918
2019,3,9,0,1.41196,1.95502,2.41158
2019,3,10,0,1.2441,2.022,2.37408
2019,3,11,0,1.02935,2.02653,2.27296
2019,3,12,0,0.75592,1.97261,2.11249
2019,3,13,0,0.41361,1.85892,1.90438
2019,3,14,0,0.00523,1.66743,1.66744
2019,3,15,0,-0.41574,1.36567,1.42755
2019,3,16,0,-0.73779,0.96827,1.21733
2019,3,17,0,-0.91372,0.56019,1.07177
2019,3,18,0,-0.99223,0.20344,1.01287
2019,3,19,0,-1.0269,-0.08346,1.03029
2019,3,20,0,-1.0455,-0.29669,1.08678
2019,3,21,0,-1.0577,-0.43562,1.1439
2019,3,22,0,-1.06384,-0.50202,1.17634
2019,3,23,0,-1.06027,-0.5008,1.17259
2019,3,24,0,-1.04246,-0.44054,1.13173
2019,3,25,0,-1.00719,-0.33308,1.06084
2019,3,26,0,-0.95373,-0.19265,0.97299
2019,3,27,0,-0.88448,-0.0347,0.88516
2019,3,28,0,-0.8049,0.12543,0.81462
2019,3,29,0,-0.72292,0.27369,0.77299
2019,3,30,0,-0.6478,0.39815,0.76037
2019,3,31,0,-0.5887,0.48946,0.76559
2019,4,1,0,-0.55342,0.54049,0.77356
2019,4,2,0,-0.54565,0.54713,0.77271
2019,4,3,0,-0.56422,0.50691,0.75849
2019,4,4,0,-0.60184,0.4197,0.73373
2019,4,5,0,-0.64547,0.28895,0.70719
2019,4,6,0,-0.67908,0.12334,0.69019
2019,4,7,0,-0.68841,-0.06309,0.69129
2019,4,8,0,-0.66454,-0.25362,0.71129
2019,4,9,0,-0.60408,-0.43251,0.74296
2019,4,10,0,-0.50679,-0.58736,0.77578
2019,4,11,0,-0.3734,-0.70948,0.80174
2019,4,12,0,-0.20497,-0.79338,0.81943
2019,4,13,0,-0.00317,-0.83631,0.83632
2019,4,14,0,0.22893,-0.83782,0.86854
2019,4,15,0,0.48621,-0.79948,0.93572
2019,4,16,0,0.76108,-0.72455,1.05082
2019,4,17,0,1.04354,-0.61767,1.21264
2019,4,18,0,1.32151,-0.48439,1.40749
2019,4,19,0,1.5815,-0.33069,1.6157
2019,4,20,0,1.8095,-0.16249,1.81678
2019,4,21,0,1.99196,0.01478,1.99201
2019,4,22,0,2.11669,0.19645,2.12578
2019,4,23,0,2.17373,0.37859,2.20645
2019,4,24,0,2.15605,0.55773,2.22702
2019,4,25,0,2.06003,0.73036,2.18566
2019,4,26,0,1.88574,0.89226,2.08618
2019,4,27,0,1.63721,1.038,1.93853
2019,4,28,0,1.32243,1.16071,1.75956
2019,4,29,0,0.95332,1.25242,1.57397
2019,4,30,0,0.53748,1.30183,1.40842
2019,5,1,0,0.10602,1.30767,1.31196
2019,5,2,0,-0.32587,1.26191,1.30331
2019,5,3,0,-0.73782,1.16476,1.37879
2019,5,4,0,-1.11191,1.02077,1.50941
2019,5,5,0,-1.43427,0.83748,1.66088
2019,5,6,0,-1.69588,0.62369,1.80693
2019,5,7,0,-1.89243,0.38795,1.93179
2019,5,8,0,-2.02369,0.13783,2.02838
2019,5,9,0,-2.09244,-0.12027,2.09589
2019,5,10,0,-2.10353,-0.38079,2.13772
2019,5,11,0,-2.06284,-0.63851,2.1594
2019,5,12,0,-1.97658,-0.88801,2.16689
2019,5,13,0,-1.85091,-1.12322,2.16506
2019,5,14,0,-1.69209,-1.33721,2.15669
2019,5,15,0,-1.50709,-1.52237,2.14218
2019,5,16,0,-1.3042,-1.67116,2.11984
2019,5,17,0,-1.09297,-1.77758,2.08671
2019,5,18,0,-0.88286,-1.83851,2.0395
2019,5,19,0,-0.68122,-1.85431,1.97548
2019,5,20,0,-0.49154,-1.82821,1.89314
2019,5,21,0,-0.31316,-1.76525,1.79281
2019,5,22,0,-0.14226,-1.67108,1.67713
2019,5,23,0,0.02653,-1.55139,1.55162
2019,5,24,0,0.19842,-1.41148,1.42536
2019,5,25,0,0.37721,-1.2561,1.31151
2019,5,26,0,0.56434,-1.08904,1.22657
2019,5,27,0,0.75848,-0.91282,1.18682
2019,5,28,0,0.95533,-0.72828,1.20127
2019,5,29,0,1.14768,-0.53441,1.266
2019,5,30,0,1.32561,-0.32884,1.36579
2019,5,31,0,1.47699,-0.10919,1.48102
2019,6,1,0,1.58856,0.12446,1.59342
2019,6,2,0,1.64817,0.36689,1.68852
2019,6,3,0,1.64805,0.60663,1.75615
2019,6,4,0,1.58721,0.82868,1.79052
2019,6,5,0,1.47135,1.01972,1.79017
2019,6,6,0,1.31004,1.17222,1.75792
2019,6,7,0,1.11393,1.2851,1.70068
2019,6,8,0,0.89352,1.36188,1.62883
2019,6,9,0,0.65906,1.4083,1.55488
2019,6,10,0,0.42075,1.43054,1.49113
2019,6,11,0,0.18872,1.43412,1.44648
2019,6,12,0,-0.02734,1.42327,1.42353
2019,6,13,0,-0.21881,1.40081,1.4178
2019,6,14,0,-0.37877,1.36814,1.4196
2019,6,15,0,-0.50245,1.32556,1.41759
2019,6,16,0,-0.58768,1.27269,1.40183
2019,6,17,0,-0.63491,1.20896,1.36554
2019,6,18,0,-0.64718,1.1341,1.30577
2019,6,19,0,-0.62985,1.04858,1.2232
2019,6,20,0,-0.59018,0.95373,1.12157
2019,6,21,0,-0.53684,0.8518,1.00686
2019,6,22,0,-0.47923,0.74564,0.88636
2019,6,23,0,-0.42675,0.63822,0.76775
2019,6,24,0,-0.38795,0.53205,0.65847
2019,6,25,0,-0.36965,0.42857,0.56596
2019,6,26,0,-0.37607,0.32767,0.49879
2019,6,27,0,-0.40813,0.22758,0.46729
2019,6,28,0,-0.46301,0.12529,0.47967
2019,6,29,0,-0.53428,0.01767,0.53457
2019,6,30,0,-0.61264,-0.09702,0.62028
2019,7,1,0,-0.6875,-0.21773,0.72116
2019,7,2,0,-0.74853,-0.34031,0.82226
2019,7,3,0,-0.78687,-0.45855,0.91073
2019,7,4,0,-0.79548,-0.56603,0.97631
2019,7,5,0,-0.76912,-0.65777,1.01203
2019,7,6,0,-0.70424,-0.73119,1.01518
2019,7,7,0,-0.59922,-0.78624,0.98855
2019,7,8,0,-0.45462,-0.82498,0.94195
2019,7,9,0,-0.27359,-0.85081,0.89371
2019,7,10,0,-0.06198,-0.8675,0.86971
2019,7,11,0,0.17171,-0.87827,0.8949
2019,7,12,0,0.41669,-0.88502,0.97821
2019,7,13,0,0.66052,-0.88786,1.10661
2019,7,14,0,0.88982,-0.885,1.25499
2019,7,15,0,1.09122,-0.873,1.39746
2019,7,16,0,1.25226,-0.84745,1.51206
2019,7,17,0,1.36219,-0.8039,1.58171
2019,7,18,0,1.41268,-0.73892,1.59426
2019,7,19,0,1.39838,-0.65118,1.54256
2019,7,20,0,1.31735,-0.54219,1.42456
2019,7,21,0,1.1713,-0.41661,1.24318
2019,7,22,0,0.96586,-0.28176,1.00612
2019,7,23,0,0.71057,-0.14646,0.7255
2019,7,24,0,0.41859,-0.01944,0.41904
2019,7,25,0,0.10598,0.09226,0.14052
2019,7,26,0,-0.20952,0.18421,0.27898
2019,7,27,0,-0.5099,0.25481,0.57002
2019,7,28,0,-0.77818,0.30489,0.83577
2019,7,29,0,-0.99951,0.33693,1.05477
2019,7,30,0,-1.16194,0.35438,1.21478
2019,7,31,0,-1.2569,0.36099,1.30771
2019,8,1,0,-1.27962,0.35972,1.32922
2019,8,2,0,-1.22924,0.35244,1.27877
2019,8,3,0,-1.1089,0.33938,1.15967
2019,8,4,0,-0.92557,0.319,0.979
2019,8,5,0,-0.68987,0.28849,0.74776
2019,8,6,0,-0.41547,0.24459,0.48212
2019,8,7,0,-0.11828,0.18468,0.21931
2019,8,8,0,0.1846,0.1077,0.21372
2019,8,9,0,0.47616,0.01481,0.47639
2019,8,10,0,0.74075,-0.09032,0.74624
2019,8,11,0,0.96533,-0.20171,0.98618
2019,8,12,0,1.14032,-0.3115,1.1821
2019,8,13,0,1.26019,-0.41081,1.32546
2019,8,14,0,1.32351,-0.49068,1.41154
2019,8,15,0,1.33256,-0.5431,1.43899
2019,8,16,0,1.29251,-0.56195,1.40939
2019,8,17,0,1.21039,-0.5437,1.3269
2019,8,18,0,1.09402,-0.48781,1.19785
2019,8,19,0,0.95118,-0.39657,1.03054
2019,8,20,0,0.78927,-0.27455,0.83566
2019,8,21,0,0.61538,-0.1277,0.62849
2019,8,22,0,0.4365,0.0375,0.43811
2019,8,23,0,0.25956,0.21447,0.33671
2019,8,24,0,0.09097,0.39647,0.40678
2019,8,25,0,-0.06413,0.57628,0.57984
2019,8,26,0,-0.20255,0.746,0.77301
2019,8,27,0,-0.32356,0.89724,0.9538
2019,8,28,0,-0.42896,1.02164,1.10804
2019,8,29,0,-0.52276,1.11161,1.22839
2019,8,30,0,-0.61042,1.16105,1.31173
2019,8,31,0,-0.69794,1.16592,1.35886
2019,9,1,0,-0.79072,1.12455,1.37472
2019,9,2,0,-0.89256,1.03767,1.36873
2019,9,3,0,-1.00471,0.90836,1.35446
2019,9,4,0,-1.12543,0.74183,1.34793
2019,9,5,0,-1.24986,0.54529,1.36363
2019,9,6,0,-1.37056,0.32777,1.40921
2019,9,7,0,-1.4784,0.09999,1.48177
2019,9,8,0,-1.56382,-0.12612,1.5689
2019,9,9,0,-1.618,-0.3381,1.65295
2019,9,10,0,-1.63378,-0.52405,1.71577
2019,9,11,0,-1.60609,-0.67394,1.74176
2019,9,12,0,-1.53207,-0.78065,1.71949
2019,9,13,0,-1.41102,-0.84066,1.64246
2019,9,14,0,-1.24429,-0.85426,1.50931
2019,9,15,0,-1.03528,-0.82518,1.32391
2019,9,16,0,-0.78953,-0.75988,1.0958
2019,9,17,0,-0.51472,-0.66673,0.8423
2019,9,18,0,-0.22052,-0.55524,0.59743
2019,9,19,0,0.08177,-0.43548,0.4431
2019,9,20,0,0.3798,-0.3176,0.4951
2019,9,21,0,0.6609,-0.21149,0.69391
2019,9,22,0,0.9129,-0.12623,0.92158
2019,9,23,0,1.12483,-0.06945,1.12698
2019,9,24,0,1.28756,-0.04644,1.2884
2019,9,25,0,1.39424,-0.05933,1.3955
2019,9,26,0,1.44072,-0.10651,1.44465
2019,9,27,0,1.42589,-0.18263,1.43754
2019,9,28,0,1.35193,-0.27902,1.38043
2019,9,29,0,1.22446,-0.38476,1.28349
2019,9,30,0,1.05251,-0.48805,1.16016
2019,10,1,0,0.84823,-0.57777,1.02631
2019,10,2,0,0.62633,-0.645,0.89906
2019,10,3,0,0.40325,-0.68416,0.79416
2019,10,4,0,0.19603,-0.69376,0.72092
2019,10,5,0,0.02102,-0.67629,0.67662
2019,10,6,0,-0.10759,-0.63736,0.64638
2019,10,7,0,-0.17945,-0.58338,0.61036
2019,10,8,0,-0.19039,-0.51778,0.55168
2019,10,9,0,-0.14534,-0.43701,0.46055
2019,10,10,0,-0.0582,-0.33193,0.33699
2019,10,11,0,0.05667,-0.19747,0.20544
2019,10,12,0,0.19372,-0.03945,0.1977
2019,10,13,0,0.35404,0.12868,0.3767
2019,10,14,0,0.53775,0.29147,0.61166
2019,10,15,0,0.74005,0.43489,0.85837
2019,10,16,0,0.95086,0.54828,1.09761
2019,10,17,0,1.15616,0.62558,1.31456
2019,10,18,0,1.33993,0.66593,1.49628
2019,10,19,0,1.48609,0.67365,1.63165
2019,10,20,0,1.5806,0.65767,1.71197
2019,10,21,0,1.57407,0.7292,1.73477
2019,10,22,0,1.49539,0.79976,1.69582
2019,10,23,0,1.34357,0.86997,1.60063
2019,10,24,0,1.1216,0.93939,1.46302
2019,10,25,0,0.83636,1.00641,1.30857
2019,10,26,0,0.49836,1.06821,1.17874
2019,10,27,0,0.12121,1.12091,1.12744
2019,10,28,0,-0.27915,1.15985,1.19297
2019,10,29,0,-0.68524,1.17994,1.36448
2019,10,30,0,-1.07911,1.17614,1.59618
2019,10,31,0,-1.44336,1.14393,1.8417
2019,11,1,0,-1.76214,1.07981,2.06667
2019,11,2,0,-2.02206,0.98172,2.24777
2019,11,3,0,-2.21298,0.84935,2.37037
2019,11,4,0,-2.32854,0.68436,2.42703
2019,11,5,0,-2.36648,0.49042,2.41676
2019,11,6,0,-2.32861,0.27308,2.34457
2019,11,7,0,-2.22063,0.03952,2.22098
2019,11,8,0,-2.05154,-0.20186,2.06145
2019,11,9,0,-1.833,-0.44192,1.88552
2019,11,10,0,-1.57837,-0.67137,1.71522
2019,11,11,0,-1.36628,-0.78858,1.57753
2019,11,12,0,-1.16513,-0.91711,1.48277
2019,11,13,0,-0.9821,-1.04714,1.43563
2019,11,14,0,-0.81948,-1.16834,1.42709
2019,11,15,0,-0.67406,-1.27143,1.43906
2019,11,16,0,-0.53656,-1.34946,1.45222
2019,11,17,0,-0.39046,-1.39812,1.45162
2019,11,18,0,-0.2099,-1.41325,1.42875
2019,11,19,0,0.03694,-1.38079,1.38128
2019,11,20,0,0.34238,-1.26655,1.31201
2019,11,21,0,0.59669,-1.07286,1.22762
2019,11,22,0,0.73116,-0.87149,1.13758
2019,11,23,0,0.78816,-0.69811,1.05288
2019,11,24,0,0.81581,-0.55119,0.98456
2019,11,25,0,0.83969,-0.42574,0.94145
2019,11,26,0,0.87065,-0.31993,0.92757
2019,11,27,0,0.91106,-0.23361,0.94054
2019,11,28,0,0.95828,-0.16637,0.97262
2019,11,29,0,1.00679,-0.11638,1.0135
2019,11,30,0,1.04994,-0.07997,1.05299
2019,12,1,0,1.0813,-0.05184,1.08254
2019,12,2,0,1.09566,-0.02566,1.09596
2019,12,3,0,1.08972,0.00502,1.08973
2019,12,4,0,1.06226,0.0458,1.06324
2019,12,5,0,1.01395,0.10053,1.01892
2019,12,6,0,0.94692,0.17067,0.96217
2019,12,7,0,0.86405,0.2549,0.90086
2019,12,8,0,0.7684,0.34908,0.84398
2019,12,9,0,0.66276,0.44652,0.79915
2019,12,10,0,0.54968,0.53846,0.76947
2019,12,11,0,0.432,0.61485,0.75144
2019,12,12,0,0.31388,0.6655,0.73581
2019,12,13,0,0.20172,0.6816,0.71082
2019,12,14,0,0.10409,0.65744,0.66563
2019,12,15,0,0.03006,0.5916,0.59237
2019,12,16,0,-0.01347,0.48686,0.48705
2019,12,17,0,-0.02374,0.34909,0.3499
2019,12,18,0,-0.00253,0.18603,0.18605
2019,12,19,0,0.04472,0.00661,0.0452
2019,12,20,0,0.11016,-0.1792,0.21035
2019,12,21,0,0.18475,-0.36043,0.40502
2019,12,22,0,0.25919,-0.52535,0.58581
2019,12,23,0,0.32472,-0.66192,0.73728
2019,12,24,0,0.37372,-0.75854,0.84561
2019,12,25,0,0.40019,-0.80494,0.89894
2019,12,26,0,0.40003,-0.79317,0.88833
2019,12,27,0,0.37116,-0.71842,0.80864
2019,12,28,0,0.31341,-0.57986,0.65914
2019,12,29,0,0.2282,-0.38103,0.44414
2019,12,30,0,0.11821,-0.12997,0.17569
2019,12,31,0,-0.00757,0.16163,0.1618
2020,1,1,0,-0.15097,0.47895,0.50218
2020,1,2,0,-0.30014,0.80522,0.85934
2020,1,3,0,-0.45512,1.11869,1.20772
2020,1,4,0,-0.61154,1.3991,1.52691
2020,1,5,0,-0.76354,1.62794,1.7981
2020,1,6,0,-0.90339,1.79001,2.00506
2020,1,7,0,-1.02215,1.87453,2.1351
2020,1,8,0,-1.11128,1.87543,2.17995
2020,1,9,0,-1.16467,1.7911,2.13647
2020,1,10,0,-1.17996,1.62384,2.00728
2020,1,11,0,-1.15882,1.3795,1.80164
2020,1,12,0,-1.10612,1.06731,1.53709
2020,1,13,0,-1.02855,0.69986,1.24408
2020,1,14,0,-0.93307,0.2929,0.97796
2020,1,15,0,-0.82572,-0.1352,0.83671
2020,1,16,0,-0.71085,-0.56434,0.90763
2020,1,17,0,-0.59099,-0.97385,1.13915
2020,1,18,0,-0.46708,-1.34383,1.42269
2020,1,19,0,-0.33904,-1.65645,1.69079
2020,1,20,0,-0.20645,-1.8971,1.9083
2020,1,21,0,-0.06903,-2.05533,2.05649
2020,1,22,0,0.07304,-2.12545,2.12671
2020,1,23,0,0.21904,-2.10673,2.11809
2020,1,24,0,0.36774,-2.00323,2.0367
2020,1,25,0,0.51734,-1.82323,1.8952
2020,1,26,0,0.66518,-1.57833,1.71277
2020,1,27,0,0.80745,-1.28239,1.51542
2020,1,28,0,0.93867,-0.95022,1.33568
2020,1,29,0,1.05131,-0.59645,1.20872
2020,1,30,0,1.13555,-0.23452,1.15952
2020,1,31,0,1.17922,0.12375,1.18569
2020,2,1,0,1.1681,0.46776,1.25827
2020,2,2,0,1.08711,0.78615,1.34158
2020,2,3,0,0.92385,1.06325,1.40855
2020,2,4,0,0.67648,1.27607,1.44429
2020,2,5,0,0.36369,1.39831,1.44484
2020,2,6,0,0.02388,1.41495,1.41515
2020,2,7,0,-0.30329,1.3333,1.36736
2020,2,8,0,-0.59409,1.17681,1.31827
2020,2,9,0,-0.84088,0.97196,1.28522
2020,2,10,0,-1.0436,0.74125,1.28006
2020,2,11,0,-1.20347,0.50204,1.30399
2020,2,12,0,-1.32045,0.26714,1.3472
2020,2,13,0,-1.39301,0.04549,1.39375
2020,2,14,0,-1.41884,-0.15744,1.42755
2020,2,15,0,-1.39565,-0.33912,1.43626
2020,2,16,0,-1.322,-0.49936,1.41317
2020,2,17,0,-1.19774,-0.63937,1.35771
2020,2,18,0,-1.02408,-0.7606,1.27564
2020,2,19,0,-0.80317,-0.86325,1.1791
2020,2,20,0,-0.53709,-0.94402,1.08611
2020,2,21,0,-0.22696,-0.99247,1.01809
2020,2,22,0,0.1247,-0.98519,0.99305
2020,2,23,0,0.49927,-0.88476,1.01591
2020,2,24,0,0.83885,-0.6725,1.07514
2020,2,25,0,1.07893,-0.39807,1.15002
2020,2,26,0,1.21284,-0.134,1.22022
2020,2,27,0,1.2676,0.0869,1.27057
2020,2,28,0,1.26528,0.26097,1.29191
2020,2,29,0,1.21852,0.39332,1.28043
2020,3,1,0,1.13529,0.49044,1.2367
2020,3,2,0,1.02316,0.55655,1.16474
2020,3,3,0,0.88783,0.59909,1.07106
2020,3,4,0,0.73613,0.62207,0.96378
2020,3,5,0,0.57512,0.62823,0.85173
2020,3,6,0,0.41173,0.6191,0.74351
2020,3,7,0,0.25237,0.5952,0.64649
2020,3,8,0,0.10256,0.55628,0.56565
2020,3,9,0,-0.03321,0.50172,0.50282
2020,3,10,0,-0.15148,0.43075,0.45661
2020,3,11,0,-0.24947,0.34255,0.42376
2020,3,12,0,-0.32413,0.23611,0.40101
2020,3,13,0,-0.37012,0.1103,0.3862
2020,3,14,0,-0.37649,-0.03322,0.37795
2020,3,15,0,-0.32928,-0.17819,0.37441
2020,3,16,0,-0.2351,-0.28855,0.3722
2020,3,17,0,-0.12825,-0.34335,0.36652
2020,3,18,0,-0.03414,-0.35047,0.35213
2020,3,19,0,0.04002,-0.3222,0.32467
2020,3,20,0,0.09433,-0.26589,0.28213
2020,3,21,0,0.13087,-0.1857,0.22718
2020,3,22,0,0.15234,-0.08486,0.17438
2020,3,23,0,0.16167,0.03313,0.16503
2020,3,24,0,0.16174,0.16384,0.23023
2020,3,25,0,0.15493,0.30178,0.33922
2020,3,26,0,0.14279,0.44047,0.46304
2020,3,27,0,0.12573,0.57285,0.58648
2020,3,28,0,0.10289,0.69161,0.69922
2020,3,29,0,0.07217,0.78974,0.79303
2020,3,30,0,0.03055,0.86089,0.86143
2020,3,31,0,-0.02532,0.89952,0.89988
2020,4,1,0,-0.09902,0.90082,0.90625
2020,4,2,0,-0.19095,0.86081,0.88174
2020,4,3,0,-0.29882,0.77609,0.83163
2020,4,4,0,-0.41579,0.64447,0.76695
2020,4,5,0,-0.53034,0.46663,0.7064
2020,4,6,0,-0.6287,0.24836,0.67598
2020,4,7,0,-0.69961,0.00137,0.69961
2020,4,8,0,-0.7382,-0.25887,0.78227
2020,4,9,0,-0.74586,-0.51662,0.90731
2020,4,10,0,-0.72725,-0.75826,1.05064
2020,4,11,0,-0.68729,-0.97264,1.19096
2020,4,12,0,-0.62982,-1.1508,1.31188
2020,4,13,0,-0.55743,-1.28568,1.40133
2020,4,14,0,-0.47191,-1.37217,1.45105
2020,4,15,0,-0.37476,-1.40724,1.45629
2020,4,16,0,-0.26767,-1.39018,1.41571
2020,4,17,0,-0.15277,-1.32257,1.33136
2020,4,18,0,-0.03279,-1.20826,1.20871
2020,4,19,0,0.08887,-1.05308,1.05683
2020,4,20,0,0.20819,-0.8645,0.88922
2020,4,21,0,0.32063,-0.65115,0.72581
2020,4,22,0,0.42129,-0.42239,0.59658
2020,4,23,0,0.50516,-0.18788,0.53897
2020,4,24,0,0.56748,0.04279,0.5691
2020,4,25,0,0.60424,0.26039,0.65796
2020,4,26,0,0.61266,0.45626,0.76389
2020,4,27,0,0.59188,0.62251,0.85897
2020,4,28,0,0.5434,0.75237,0.92808
2020,4,29,0,0.4715,0.84058,0.96379
2020,4,30,0,0.37607,0.88163,0.95849
2020,5,1,0,0.27891,0.87981,0.92296
2020,5,2,0,0.18528,0.83508,0.85539
2020,5,3,0,0.10573,0.75338,0.76077
2020,5,4,0,0.04888,0.64356,0.64542
2020,5,5,0,0.02047,0.51627,0.51668
2020,5,6,0,0.02313,0.38274,0.38344
2020,5,7,0,0.05663,0.25371,0.25996
2020,5,8,0,0.11847,0.1387,0.18241
2020,5,9,0,0.20437,0.04556,0.20938
2020,5,10,0,0.30864,-0.01967,0.30927
2020,5,11,0,0.42438,-0.05285,0.42766
2020,5,12,0,0.54359,-0.05183,0.54605
2020,5,13,0,0.65725,-0.01672,0.65747
2020,5,14,0,0.75575,0.04968,0.75738
2020,5,15,0,0.82958,0.14123,0.84151
2020,5,16,0,0.87063,0.24823,0.90533
2020,5,17,0,0.87367,0.35794,0.94415
2020,5,18,0,0.83723,0.45639,0.95355
2020,5,19,0,0.76357,0.5307,0.92988
2020,5,20,0,0.65749,0.57117,0.87094
2020,5,21,0,0.52503,0.57225,0.77661
2020,5,22,0,0.37251,0.5325,0.64986
2020,5,23,0,0.2062,0.45405,0.49868
2020,5,24,0,0.03238,0.34191,0.34344
2020,5,25,0,-0.14248,0.20321,0.24819
2020,5,26,0,-0.31156,0.04643,0.31501
2020,5,27,0,-0.46768,-0.11926,0.48265
2020,5,28,0,-0.60353,-0.28472,0.66732
2020,5,29,0,-0.71212,-0.4413,0.83777
2020,5,30,0,-0.78756,-0.58106,0.97871
2020,5,31,0,-0.82621,-0.69659,1.08067
2020,6,1,0,-0.82809,-0.78068,1.13807
2020,6,2,0,-0.79813,-0.82636,1.14886
2020,6,3,0,-0.74594,-0.82799,1.11445
2020,6,4,0,-0.6834,-0.78338,1.03958
2020,6,5,0,-0.62065,-0.69546,0.93213
2020,6,6,0,-0.5633,-0.57216,0.80292
2020,6,7,0,-0.51222,-0.42494,0.66554
2020,6,8,0,-0.46529,-0.26688,0.5364
2020,6,9,0,-0.41939,-0.11128,0.4339
2020,6,10,0,-0.37186,0.0295,0.37303
2020,6,11,0,-0.32122,0.14489,0.35239
2020,6,12,0,-0.26731,0.22681,0.35057
2020,6,13,0,-0.21113,0.27023,0.34293
2020,6,14,0,-0.15446,0.27349,0.31409
2020,6,15,0,-0.0995,0.23833,0.25827
2020,6,16,0,-0.04851,0.16966,0.17646
2020,6,17,0,-0.00355,0.07504,0.07513
2020,6,18,0,0.03371,-0.03605,0.04936
2020,6,19,0,0.06205,-0.15311,0.1652
2020,6,20,0,0.08073,-0.26548,0.27749
2020,6,21,0,0.08951,-0.36333,0.3742
2020,6,22,0,0.08856,-0.4384,0.44726
2020,6,23,0,0.07844,-0.48464,0.49095
2020,6,24,0,0.06002,-0.49867,0.50227
2020,6,25,0,0.03429,-0.47997,0.4812
2020,6,26,0,0.00225,-0.4309,0.4309
2020,6,27,0,-0.0352,-0.35639,0.35813
2020,6,28,0,-0.07708,-0.2635,0.27454
2020,6,29,0,-0.12186,-0.16052,0.20153
2020,6,30,0,-0.16671,-0.05595,0.17585
2020,7,1,0,-0.20689,0.04256,0.21122
2020,7,2,0,-0.2358,0.12893,0.26875
2020,7,3,0,-0.24604,0.19871,0.31626
2020,7,4,0,-0.23092,0.24864,0.33933
2020,7,5,0,-0.18593,0.27624,0.33299
2020,7,6,0,-0.10959,0.27962,0.30033
2020,7,7,0,-0.00368,0.25766,0.25768
2020,7,8,0,0.127,0.21041,0.24577
2020,7,9,0,0.27531,0.13949,0.30863
2020,7,10,0,0.43256,0.04825,0.43524
2020,7,11,0,0.58943,-0.05818,0.5923
2020,7,12,0,0.73689,-0.17306,0.75694
2020,7,13,0,0.86694,-0.28848,0.91367
2020,7,14,0,0.97316,-0.39589,1.05061
2020,7,15,0,1.05108,-0.48674,1.15831
2020,7,16,0,1.09815,-0.5532,1.22962
2020,7,17,0,1.11362,-0.5888,1.2597
2020,7,18,0,1.09809,-0.58903,1.24609
2020,7,19,0,1.05308,-0.55173,1.18886
2020,7,20,0,0.98058,-0.47736,1.0906
2020,7,21,0,0.88276,-0.36887,0.95673
2020,7,22,0,0.76189,-0.23137,0.79625
2020,7,23,0,0.62049,-0.07143,0.62459
2020,7,24,0,0.46162,0.1037,0.47312
2020,7,25,0,0.28894,0.28685,0.40715
2020,7,26,0,0.10672,0.47145,0.48337
2020,7,27,0,-0.08051,0.65165,0.6566
2020,7,28,0,-0.26818,0.82231,0.86494
2020,7,29,0,-0.45195,0.97882,1.07812
2020,7,30,0,-0.62762,1.11703,1.28127
2020,7,31,0,-0.79088,1.23376,1.46548
2020,8,1,0,-0.93856,1.32541,1.62407
2020,8,2,0,-1.06752,1.38941,1.75216
2020,8,3,0,-1.17549,1.42367,1.84624
2020,8,4,0,-1.26139,1.4265,1.90421
2020,8,5,0,-1.32557,1.39648,1.92544
2020,8,6,0,-1.36972,1.33251,1.91094
2020,8,7,0,-1.39649,1.23392,1.86353
2020,8,8,0,-1.40902,1.10068,1.78797
2020,8,9,0,-1.41031,0.93361,1.69133
2020,8,10,0,-1.40263,0.73459,1.58335
2020,8,11,0,-1.387,0.50674,1.47667
2020,8,12,0,-1.36288,0.25446,1.38644
2020,8,13,0,-1.32807,-0.01642,1.32817
2020,8,14,0,-1.27884,-0.29873,1.31327
2020,8,15,0,-1.21039,-0.58398,1.3439
2020,8,16,0,-1.11756,-0.86246,1.41166
2020,8,17,0,-0.99586,-1.12352,1.50134
2020,8,18,0,-0.84271,-1.35596,1.59649
2020,8,19,0,-0.65864,-1.54885,1.68307
2020,8,20,0,-0.44796,-1.69277,1.75104
2020,8,21,0,-0.21847,-1.78124,1.79459
2020,8,22,0,0.01999,-1.81192,1.81203
2020,8,23,0,0.25757,-1.78688,1.80535
2020,8,24,0,0.4861,-1.71205,1.77972
2020,8,25,0,0.69993,-1.59587,1.74261
2020,8,26,0,0.89561,-1.44812,1.7027
2020,8,27,0,1.07118,-1.27878,1.66815
2020,8,28,0,1.22534,-1.0973,1.64484
2020,8,29,0,1.35678,-0.91209,1.63486
2020,8,30,0,1.46394,-0.73016,1.63593
2020,8,31,0,1.54491,-0.55684,1.6422
2020,9,1,0,1.59764,-0.39576,1.64592
2020,9,2,0,1.62014,-0.24885,1.63914
2020,9,3,0,1.61083,-0.11665,1.61505
2020,9,4,0,1.56878,0.00134,1.56878
2020,9,5,0,1.49393,0.10615,1.49769
2020,9,6,0,1.38729,0.19894,1.40148
2020,9,7,0,1.25105,0.28071,1.28216
2020,9,8,0,1.08862,0.35222,1.14418
2020,9,9,0,0.90462,0.41399,0.99485
2020,9,10,0,0.70473,0.46641,0.8451
2020,9,11,0,0.49552,0.50971,0.71088
2020,9,12,0,0.28417,0.5438,0.61357
2020,9,13,0,0.07825,0.56803,0.5734
2020,9,14,0,-0.11462,0.58111,0.59231
2020,9,15,0,-0.28708,0.58106,0.64811
2020,9,16,0,-0.43226,0.56553,0.71181
2020,9,17,0,-0.54423,0.53226,0.76124
2020,9,18,0,-0.61822,0.47969,0.78249
2020,9,19,0,-0.65111,0.40749,0.76811
2020,9,20,0,-0.64174,0.31698,0.71576
2020,9,21,0,-0.59135,0.21118,0.62792
2020,9,22,0,-0.50371,0.09466,0.51253
2020,9,23,0,-0.3852,-0.02679,0.38613
2020,9,24,0,-0.24441,-0.14659,0.285
2020,9,25,0,-0.09151,-0.25764,0.27341
2020,9,26,0,0.0626,-0.35262,0.35813
2020,9,27,0,0.20727,-0.42416,0.47209
2020,9,28,0,0.33303,-0.46517,0.57209
2020,9,29,0,0.43233,-0.46924,0.63804
2020,9,30,0,0.49997,-0.43124,0.66026
2020,10,1,0,0.5333,-0.34799,0.63679
2020,10,2,0,0.53184,-0.21894,0.57515
2020,10,3,0,0.49669,-0.04679,0.49889
2020,10,4,0,0.42929,0.16203,0.45885
2020,10,5,0,0.32996,0.39698,0.51621
2020,10,6,0,0.19624,0.64293,0.67221
2020,10,7,0,0.02229,0.87931,0.87959
2020,10,8,0,-0.1976,1.07953,1.09747
2020,10,9,0,-0.45708,1.21503,1.29816
2020,10,10,0,-0.72396,1.27012,1.46196
2020,10,11,0,-0.95032,1.25576,1.57481
2020,10,12,0,-1.10281,1.19737,1.62785
2020,10,13,0,-1.17347,1.11303,1.61737
2020,10,14,0,-1.17024,1.00875,1.54501
2020,10,15,0,-1.10796,0.88435,1.41762
2020,10,16,0,-1.00448,0.73902,1.24704
2020,10,17,0,-0.87893,0.57435,1.04995
2020,10,18,0,-0.75031,0.39551,0.84817
2020,10,19,0,-0.63594,0.21123,0.6701
2020,10,20,0,-0.5499,0.03316,0.5509
2020,10,21,0,-0.49489,-0.15494,0.51858
2020,10,22,0,-0.46336,-0.31124,0.55819
2020,10,23,0,-0.46058,-0.43004,0.63014
2020,10,24,0,-0.4886,-0.50895,0.70552
2020,10,25,0,-0.54589,-0.54897,0.77418
2020,10,26,0,-0.62733,-0.55424,0.83709
2020,10,27,0,-0.72443,-0.53157,0.89853
2020,10,28,0,-0.82597,-0.4897,0.96023
2020,10,29,0,-0.91885,-0.43843,1.01809
2020,10,30,0,-0.98912,-0.38767,1.06238
2020,10,31,0,-1.02325,-0.34648,1.08032
2020,11,1,0,-1.00927,-0.32225,1.05947
2020,11,2,0,-0.93795,-0.32003,0.99104
2020,11,3,0,-0.80375,-0.34203,0.8735
2020,11,4,0,-0.60552,-0.3875,0.7189
2020,11,5,0,-0.34687,-0.4528,0.57039
2020,11,6,0,-0.03616,-0.53177,0.533
2020,11,7,0,0.31388,-0.61637,0.69169
2020,11,8,0,0.68686,-0.69743,0.97887
2020,11,9,0,1.0638,-0.76557,1.31064
2020,11,10,0,1.42435,-0.81208,1.63959
2020,11,11,0,1.68933,-0.95609,1.94112
2020,11,12,0,1.8936,-1.09698,2.1884
2020,11,13,0,2.02888,-1.2141,2.3644
2020,11,14,0,2.09357,-1.28674,2.45738
2020,11,15,0,2.09242,-1.29589,2.46121
2020,11,16,0,2.03532,-1.22504,2.37555
2020,11,17,0,1.93466,-1.05984,2.20593
2020,11,18,0,1.79884,-0.78701,1.96347
2020,11,19,0,1.6154,-0.40205,1.66468
2020,11,20,0,1.33119,0.03565,1.33167
2020,11,21,0,0.92717,0.35985,0.99456
2020,11,22,0,0.48975,0.50249,0.70168
2020,11,23,0,0.0828,0.53667,0.54302
2020,11,24,0,-0.27537,0.52602,0.59374
2020,11,25,0,-0.57742,0.49875,0.763
2020,11,26,0,-0.81809,0.46418,0.9406
2020,11,27,0,-0.99435,0.4235,1.08078
2020,11,28,0,-1.10622,0.37513,1.16809
2020,11,29,0,-1.15691,0.31737,1.19965
2020,11,30,0,-1.15241,0.24985,1.17918
2020,12,1,0,-1.10071,0.17421,1.11441
2020,12,2,0,-1.01099,0.09414,1.01536
2020,12,3,0,-0.89281,0.01515,0.89294
2020,12,4,0,-0.75553,-0.05608,0.75761
2020,12,5,0,-0.60802,-0.11236,0.61832
2020,12,6,0,-0.45856,-0.14685,0.4815
2020,12,7,0,-0.31504,-0.15381,0.35059
2020,12,8,0,-0.18526,-0.12942,0.22599
2020,12,9,0,-0.07723,-0.07251,0.10593
2020,12,10,0,0.00079,0.01466,0.01468
2020,12,11,0,0.04075,0.12574,0.13217
2020,12,12,0,0.03623,0.24992,0.25254
2020,12,13,0,-0.01542,0.37267,0.37299
2020,12,14,0,-0.11084,0.47782,0.49051
2020,12,15,0,-0.24002,0.55102,0.60102
2020,12,16,0,-0.38803,0.5828,0.70016
2020,12,17,0,-0.53833,0.56989,0.78395
2020,12,18,0,-0.67583,0.51441,0.84933
2020,12,19,0,-0.7885,0.42236,0.8945
2020,12,20,0,-0.86795,0.30204,0.919
2020,12,21,0,-0.90915,0.16289,0.92363
2020,12,22,0,-0.91011,0.01462,0.91023
2020,12,23,0,-0.87127,-0.13337,0.88142
2020,12,24,0,-0.79502,-0.27241,0.84039
2020,12,25,0,-0.68517,-0.39487,0.79081
2020,12,26,0,-0.54662,-0.49433,0.73699
2020,12,27,0,-0.38502,-0.56567,0.68426
2020,12,28,0,-0.20662,-0.60512,0.63942
2020,12,29,0,-0.01813,-0.61041,0.61068
2020,12,30,0,0.17331,-0.58086,0.60617
2020,12,31,0,0.34773,-0.52569,0.63029
2021,1,1,0,0.52496,-0.43644,0.68269
2021,1,2,0,0.68396,-0.32323,0.75649
2021,1,3,0,0.82099,-0.19041,0.84278
2021,1,4,0,0.93146,-0.04508,0.93255
2021,1,5,0,1.01263,0.10426,1.01799
2021,1,6,0,1.06417,0.24835,1.09276
2021,1,7,0,1.08833,0.37824,1.15219
2021,1,8,0,1.08944,0.48649,1.19313
2021,1,9,0,1.07281,0.5682,1.21399
2021,1,10,0,1.04358,0.6214,1.21458
2021,1,11,0,1.00575,0.64693,1.19585
2021,1,12,0,0.9618,0.64783,1.15963
2021,1,13,0,0.91275,0.62861,1.10827
2021,1,14,0,0.8585,0.59466,1.04433
2021,1,15,0,0.79824,0.55158,0.97028
2021,1,16,0,0.73097,0.50481,0.88834
2021,1,17,0,0.65576,0.45926,0.80059
2021,1,18,0,0.57204,0.41904,0.7091
2021,1,19,0,0.47974,0.38734,0.61659
2021,1,20,0,0.37933,0.36638,0.52738
2021,1,21,0,0.27185,0.35736,0.44901
2021,1,22,0,0.15887,0.36048,0.39393
2021,1,23,0,0.04241,0.37499,0.37738
2021,1,24,0,-0.07509,0.39918,0.40618
2021,1,25,0,-0.191,0.43037,0.47085
2021,1,26,0,-0.30264,0.46489,0.55472
2021,1,27,0,-0.40751,0.49815,0.6436
2021,1,28,0,-0.50347,0.52477,0.72723
2021,1,29,0,-0.58895,0.53876,0.7982
2021,1,30,0,-0.66294,0.53384,0.85116
2021,1,31,0,-0.72478,0.50382,0.88269
2021,2,1,0,-0.77353,0.44306,0.89143
2021,2,2,0,-0.80694,0.34734,0.87852
2021,2,3,0,-0.82013,0.21565,0.84801
2021,2,4,0,-0.8055,0.05323,0.80725
2021,2,5,0,-0.75654,-0.12625,0.767
2021,2,6,0,-0.67459,-0.30477,0.74024
2021,2,7,0,-0.5708,-0.46909,0.73882
2021,2,8,0,-0.46035,-0.61517,0.76835
2021,2,9,0,-0.3565,-0.74449,0.82545
2021,2,10,0,-0.26858,-0.85913,0.90013
2021,2,11,0,-0.20235,-0.95941,0.98052
2021,2,12,0,-0.16054,-1.0436,1.05588
2021,2,13,0,-0.14323,-1.10858,1.11779
2021,2,14,0,-0.14808,-1.15065,1.16014
2021,2,15,0,-0.17063,-1.16645,1.17886
2021,2,16,0,-0.2047,-1.15371,1.17173
2021,2,17,0,-0.24292,-1.11183,1.13805
2021,2,18,0,-0.27741,-1.04222,1.07851
2021,2,19,0,-0.30055,-0.94845,0.99493
2021,2,20,0,-0.30578,-0.83593,0.89011
2021,2,21,0,-0.28897,-0.71124,0.7677
2021,2,22,0,-0.25101,-0.58042,0.63237
2021,2,23,0,-0.20344,-0.44617,0.49036
2021,2,24,0,-0.17139,-0.30728,0.35184
2021,2,25,0,-0.17398,-0.16442,0.23938
2021,2,26,0,-0.20361,-0.02202,0.2048
2021,2,27,0,-0.24182,0.11491,0.26773
2021,2,28,0,-0.27582,0.24052,0.36595
2021,3,1,0,-0.28607,0.36172,0.46117
2021,3,2,0,-0.2941,0.44787,0.5358
2021,3,3,0,-0.29511,0.5019,0.58223
2021,3,4,0,-0.29318,0.52012,0.59706
2021,3,5,0,-0.29238,0.50103,0.5801
2021,3,6,0,-0.29595,0.44538,0.53474
2021,3,7,0,-0.30557,0.35591,0.46908
2021,3,8,0,-0.32086,0.23686,0.39882
2021,3,9,0,-0.33888,0.09347,0.35153
2021,3,10,0,-0.3536,-0.06861,0.36019
2021,3,11,0,-0.3552,-0.24373,0.43078
2021,3,12,0,-0.32867,-0.42589,0.53796
2021,3,13,0,-0.25155,-0.60627,0.65638
2021,3,14,0,-0.09503,-0.76486,0.77074
2021,3,15,0,0.15249,-0.85989,0.87331
2021,3,16,0,0.44139,-0.85446,0.96173
2021,3,17,0,0.70156,-0.7651,1.03806
2021,3,18,0,0.91354,-0.62676,1.10787
2021,3,19,0,1.08669,-0.45708,1.17891
2021,3,20,0,1.23116,-0.26309,1.25896
2021,3,21,0,1.35256,-0.04959,1.35347
2021,3,22,0,1.45291,0.17821,1.4638
2021,3,23,0,1.53191,0.41443,1.58698
2021,3,24,0,1.58777,0.65286,1.71675
2021,3,25,0,1.6178,0.88745,1.84523
2021,3,26,0,1.61897,1.11255,1.9644
2021,3,27,0,1.5883,1.32314,2.06722
2021,3,28,0,1.52323,1.51482,2.14823
2021,3,29,0,1.42193,1.68367,2.20378
2021,3,30,0,1.28352,1.82602,2.23199
2021,3,31,0,1.10816,1.93806,2.23251
2021,4,1,0,0.89592,2.01602,2.20614
2021,4,2,0,0.65146,2.05379,2.15463
2021,4,3,0,0.38151,2.04483,2.08012
2021,4,4,0,0.09781,1.98262,1.98503
2021,4,5,0,-0.18174,1.86318,1.87202
2021,4,6,0,-0.43484,1.6891,1.74418
2021,4,7,0,-0.6411,1.47169,1.60527
2021,4,8,0,-0.78945,1.22831,1.46013
2021,4,9,0,-0.88081,0.97654,1.31509
2021,4,10,0,-0.92511,0.72973,1.17828
2021,4,11,0,-0.9364,0.49598,1.05965
2021,4,12,0,-0.92917,0.27935,0.97025
2021,4,13,0,-0.91641,0.0813,0.92001
2021,4,14,0,-0.90873,-0.0982,0.91402
2021,4,15,0,-0.91394,-0.2599,0.95017
2021,4,16,0,-0.93678,-0.40498,1.02057
2021,4,17,0,-0.97892,-0.53474,1.11545
2021,4,18,0,-1.03895,-0.65059,1.22584
2021,4,19,0,-1.11271,-0.75406,1.34414
2021,4,20,0,-1.19361,-0.8469,1.46354
2021,4,21,0,-1.27327,-0.9312,1.57745
2021,4,22,0,-1.34213,-1.00951,1.67941
2021,4,23,0,-1.39024,-1.08476,1.76337
2021,4,24,0,-1.40793,-1.16004,1.82428
2021,4,25,0,-1.38658,-1.23816,1.85893
2021,4,26,0,-1.31925,-1.32098,1.86693
2021,4,27,0,-1.20136,-1.40875,1.85144
2021,4,28,0,-1.03121,-1.49958,1.81993
2021,4,29,0,-0.81056,-1.58931,1.78407
2021,4,30,0,-0.53598,-1.67038,1.75426
2021,5,1,0,-0.23016,-1.7368,1.75198
2021,5,2,0,0.09858,-1.78056,1.78329
2021,5,3,0,0.43414,-1.79648,1.8482
2021,5,4,0,0.75966,-1.78194,1.93711
2021,5,5,0,1.05932,-1.73641,2.03403
2021,5,6,0,1.31981,-1.66047,2.1211
2021,5,7,0,1.53117,-1.5548,2.18217
2021,5,8,0,1.68704,-1.41962,2.20486
2021,5,9,0,1.78458,-1.25472,2.18152
2021,5,10,0,1.82398,-1.05995,2.1096
2021,5,11,0,1.80777,-0.83614,1.99178
2021,5,12,0,1.74004,-0.58593,1.83604
2021,5,13,0,1.62572,-0.31464,1.65588
2021,5,14,0,1.47035,-0.03072,1.47067
2021,5,15,0,1.28045,0.25451,1.3055
2021,5,16,0,1.06439,0.52805,1.18817
2021,5,17,0,0.83324,0.77732,1.13952
2021,5,18,0,0.60044,0.99233,1.15985
2021,5,19,0,0.38006,1.16688,1.22721
2021,5,20,0,0.18422,1.29817,1.31118
2021,5,21,0,0.02109,1.3856,1.38576
2021,5,22,0,-0.10604,1.42957,1.4335
2021,5,23,0,-0.19861,1.43101,1.44473
2021,5,24,0,-0.26188,1.39153,1.41596
2021,5,25,0,-0.30356,1.31384,1.34846
2021,5,26,0,-0.33244,1.20206,1.24719
2021,5,27,0,-0.3569,1.0619,1.12027
2021,5,28,0,-0.38371,0.90033,0.97869
2021,5,29,0,-0.41708,0.72519,0.83658
2021,5,30,0,-0.4582,0.54454,0.71167
2021,5,31,0,-0.50538,0.36622,0.62412
2021,6,1,0,-0.55503,0.19777,0.58921
2021,6,2,0,-0.60326,0.04669,0.60507
2021,6,3,0,-0.64772,-0.07938,0.65256
2021,6,4,0,-0.68836,-0.17334,0.70985
2021,6,5,0,-0.72646,-0.22998,0.76199
2021,6,6,0,-0.76255,-0.2473,0.80165
2021,6,7,0,-0.7951,-0.22706,0.82688
2021,6,8,0,-0.82042,-0.17467,0.83881
2021,6,9,0,-0.83378,-0.09856,0.83959
2021,6,10,0,-0.83066,-0.00941,0.83071
2021,6,11,0,-0.80786,0.08085,0.8119
2021,6,12,0,-0.76425,0.16016,0.78085
2021,6,13,0,-0.7009,0.21741,0.73385
2021,6,14,0,-0.62095,0.24353,0.66699
2021,6,15,0,-0.52899,0.23219,0.5777
2021,6,16,0,-0.43038,0.1804,0.46666
2021,6,17,0,-0.33042,0.08869,0.34211
2021,6,18,0,-0.23356,-0.03894,0.23679
2021,6,19,0,-0.14294,-0.19534,0.24205
2021,6,20,0,-0.05994,-0.37073,0.37555
2021,6,21,0,0.01581,-0.55335,0.55358
2021,6,22,0,0.08633,-0.7302,0.73528
2021,6,23,0,0.15483,-0.88786,0.90126
2021,6,24,0,0.22513,-1.01331,1.03802
2021,6,25,0,0.30083,-1.09469,1.13528
2021,6,26,0,0.38421,-1.12203,1.18598
2021,6,27,0,0.47516,-1.08792,1.18715
2021,6,28,0,0.57024,-0.98833,1.14104
2021,6,29,0,0.66253,-0.82352,1.05694
2021,6,30,0,0.74288,-0.59877,0.95414
2021,7,1,0,0.80256,-0.32455,0.8657
2021,7,2,0,0.83626,-0.0154,0.8364
2021,7,3,0,0.8435,0.31214,0.8994
2021,7,4,0,0.82776,0.6415,1.04724
2021,7,5,0,0.79418,0.95737,1.2439
2021,7,6,0,0.74731,1.24618,1.45308
2021,7,7,0,0.68969,1.49639,1.64768
2021,7,8,0,0.62148,1.69872,1.80883
2021,7,9,0,0.5408,1.84649,1.92406
2021,7,10,0,0.44454,1.93593,1.98632
2021,7,11,0,0.32933,1.96623,1.99362
2021,7,12,0,0.19244,1.93949,1.94902
2021,7,13,0,0.03264,1.8603,1.86058
2021,7,14,0,-0.14927,1.73512,1.74153
2021,7,15,0,-0.35016,1.57157,1.61011
2021,7,16,0,-0.56461,1.3776,1.48881
2021,7,17,0,-0.78507,1.16075,1.40131
2021,7,18,0,-1.00239,0.92773,1.36582
2021,7,19,0,-1.20641,0.68415,1.3869
2021,7,20,0,-1.38671,0.43478,1.45327
2021,7,21,0,-1.53343,0.18396,1.54443
2021,7,22,0,-1.63817,-0.06386,1.63941
2021,7,23,0,-1.6948,-0.30372,1.72179
2021,7,24,0,-1.70001,-0.53023,1.78078
2021,7,25,0,-1.65355,-0.73808,1.8108
2021,7,26,0,-1.55788,-0.9227,1.81063
2021,7,27,0,-1.41766,-1.08074,1.78263
2021,7,28,0,-1.23909,-1.21022,1.73205
2021,7,29,0,-1.02939,-1.31035,1.66633
2021,7,30,0,-0.7964,-1.38128,1.59443
2021,7,31,0,-0.54865,-1.42358,1.52565
2021,8,1,0,-0.29381,-1.43921,1.46889
2021,8,2,0,-0.03976,-1.42996,1.43052
2021,8,3,0,0.20622,-1.39793,1.41306
2021,8,4,0,0.43777,-1.34524,1.41467
2021,8,5,0,0.64963,-1.27386,1.42994
2021,8,6,0,0.83772,-1.18554,1.45164
2021,8,7,0,0.99918,-1.08187,1.47269
2021,8,8,0,1.1324,-0.96446,1.48745
2021,8,9,0,1.23687,-0.83515,1.49242
2021,8,10,0,1.3131,-0.69618,1.48623
2021,8,11,0,1.36234,-0.5503,1.46929
2021,8,12,0,1.38633,-0.40075,1.44309
2021,8,13,0,1.38695,-0.25121,1.40952
2021,8,14,0,1.36605,-0.10567,1.37013
2021,8,15,0,1.3253,0.03173,1.32568
2021,8,16,0,1.26625,0.15675,1.27592
2021,8,17,0,1.19061,0.26527,1.2198
2021,8,18,0,1.10058,0.3534,1.15593
2021,8,19,0,0.99922,0.41793,1.0831
2021,8,20,0,0.8905,0.45678,1.00082
2021,8,21,0,0.77897,0.46977,0.90966
2021,8,22,0,0.66905,0.45903,0.81138
2021,8,23,0,0.56418,0.42905,0.70879
2021,8,24,0,0.4663,0.38623,0.60548
2021,8,25,0,0.37584,0.33796,0.50544
2021,8,26,0,0.29208,0.29175,0.41283
2021,8,27,0,0.21368,0.25436,0.3322
2021,8,28,0,0.13916,0.23124,0.26989
2021,8,29,0,0.06721,0.22611,0.23589
2021,8,30,0,-0.0032,0.2407,0.24072
2021,8,31,0,-0.07278,0.27468,0.28416
2021,9,1,0,-0.14201,0.32576,0.35537
2021,9,2,0,-0.21117,0.38988,0.4434
2021,9,3,0,-0.28033,0.4616,0.54005
2021,9,4,0,-0.34922,0.53459,0.63854
2021,9,5,0,-0.41699,0.60223,0.73251
2021,9,6,0,-0.48203,0.6583,0.81591
2021,9,7,0,-0.54178,0.69756,0.88324
2021,9,8,0,-0.59282,0.71635,0.92984
2021,9,9,0,-0.63121,0.71291,0.95219
2021,9,10,0,-0.65298,0.68744,0.94813
2021,9,11,0,-0.65477,0.64196,0.91697
2021,9,12,0,-0.63432,0.57993,0.85946
2021,9,13,0,-0.59074,0.50583,0.77771
2021,9,14,0,-0.52472,0.42473,0.67507
2021,9,15,0,-0.43841,0.34187,0.55594
2021,9,16,0,-0.33534,0.26231,0.42575
2021,9,17,0,-0.22026,0.1906,0.29128
2021,9,18,0,-0.09888,0.13037,0.16363
2021,9,19,0,0.02234,0.08405,0.08696
2021,9,20,0,0.13654,0.05263,0.14633
2021,9,21,0,0.23681,0.03556,0.23946
2021,9,22,0,0.31666,0.03087,0.31816
2021,9,23,0,0.37042,0.03549,0.37212
2021,9,24,0,0.39363,0.04573,0.39628
2021,9,25,0,0.38333,0.05786,0.38767
2021,9,26,0,0.33823,0.06856,0.34511
2021,9,27,0,0.25884,0.0753,0.26956
2021,9,28,0,0.14752,0.07644,0.16615
2021,9,29,0,0.00849,0.07125,0.07175
2021,9,30,0,-0.15234,0.05969,0.16361
2021,10,1,0,-0.32755,0.04205,0.33023
2021,10,2,0,-0.50857,0.01843,0.50891
2021,10,3,0,-0.68614,-0.01182,0.68624
2021,10,4,0,-0.85072,-0.05078,0.85223
2021,10,5,0,-0.99285,-0.10249,0.99813
2021,10,6,0,-1.10311,-0.17308,1.11661
2021,10,7,0,-1.17159,-0.26955,1.2022
2021,10,8,0,-1.18758,-0.39507,1.25157
2021,10,9,0,-1.14266,-0.53976,1.26373
2021,10,10,0,-1.03974,-0.67597,1.24016
2021,10,11,0,-0.8971,-0.77416,1.18495
2021,10,12,0,-0.73553,-0.82456,1.10495
2021,10,13,0,-0.56662,-0.83624,1.01013
2021,10,14,0,-0.39441,-0.8245,0.91398
2021,10,15,0,-0.22105,-0.80345,0.8333
2021,10,16,0,-0.04968,-0.78399,0.78557
2021,10,17,0,0.11503,-0.7737,0.78221
2021,10,18,0,0.26748,-0.77694,0.82169
2021,10,19,0,0.40197,-0.79508,0.89092
2021,10,20,0,0.51364,-0.82681,0.97336
2021,10,21,0,0.65138,-0.83637,1.06011
2021,10,22,0,0.76837,-0.83736,1.13647
2021,10,23,0,0.86379,-0.82703,1.19587
2021,10,24,0,0.93763,-0.80266,1.23426
2021,10,25,0,0.99043,-0.76183,1.24953
2021,10,26,0,1.02303,-0.7027,1.24112
2021,10,27,0,1.03643,-0.62427,1.20992
2021,10,28,0,1.03157,-0.52664,1.15822
2021,10,29,0,1.00934,-0.41103,1.08983
2021,10,30,0,0.97056,-0.27996,1.01013
2021,10,31,0,0.9161,-0.13704,0.9263
2021,11,1,0,0.84701,0.01309,0.84711
2021,11,2,0,0.76468,0.16505,0.78229
2021,11,3,0,0.67109,0.31309,0.74053
2021,11,4,0,0.56882,0.45141,0.72617
2021,11,5,0,0.46125,0.57457,0.7368
2021,11,6,0,0.35241,0.67789,0.76402
2021,11,7,0,0.24693,0.75779,0.797
2021,11,8,0,0.14976,0.81198,0.82568
2021,11,9,0,0.06585,0.83974,0.84232
2021,11,10,0,-0.00024,0.84186,0.84186
2021,11,11,0,0.01501,0.82383,0.82397
2021,11,12,0,0.04748,0.78607,0.7875
2021,11,13,0,0.09373,0.72915,0.73515
2021,11,14,0,0.14959,0.6553,0.67216
2021,11,15,0,0.21042,0.56873,0.6064
2021,11,16,0,0.2715,0.47617,0.54813
2021,11,17,0,0.32829,0.38781,0.5081
2021,11,18,0,0.37614,0.31881,0.49307
2021,11,19,0,0.40865,0.2898,0.50098
2021,11,20,0,0.41712,0.31306,0.52153
2021,11,21,0,0.40391,0.36137,0.54197
2021,11,22,0,0.38118,0.3997,0.55232
2021,11,23,0,0.34606,0.42474,0.54787
2021,11,24,0,0.28981,0.44421,0.53039
2021,11,25,0,0.20816,0.46478,0.50926
2021,11,26,0,0.10205,0.49074,0.50124
2021,11,27,0,-0.02373,0.52399,0.52453
2021,11,28,0,-0.16184,0.56387,0.58664
2021,11,29,0,-0.30368,0.60722,0.67892
2021,11,30,0,-0.44052,0.64855,0.78401
2021,12,1,0,-0.5645,0.68068,0.8843
2021,12,2,0,-0.66936,0.69559,0.96535
2021,12,3,0,-0.75086,0.68546,1.01669
2021,12,4,0,-0.80684,0.64378,1.03221
2021,12,5,0,-0.83691,0.56634,1.01053
2021,12,6,0,-0.84191,0.45204,0.95559
2021,12,7,0,-0.82318,0.30333,0.87729
2021,12,8,0,-0.78191,0.12635,0.79205
2021,12,9,0,-0.71867,-0.06925,0.72199
2021,12,10,0,-0.63353,-0.27074,0.68896
2021,12,11,0,-0.52689,-0.46305,0.70145
2021,12,12,0,-0.4011,-0.62992,0.74678
2021,12,13,0,-0.2624,-0.75584,0.80009
2021,12,14,0,-0.12178,-0.82859,0.83749
2021,12,15,0,0.00645,-0.84164,0.84167
2021,12,16,0,0.10831,-0.79491,0.80225
2021,12,17,0,0.17366,-0.69367,0.71507
2021,12,18,0,0.19802,-0.54665,0.58141
2021,12,19,0,0.18235,-0.3645,0.40757
2021,12,20,0,0.13172,-0.15903,0.2065
2021,12,21,0,0.05394,0.05719,0.07862
2021,12,22,0,-0.04181,0.27114,0.27435
2021,12,23,0,-0.14609,0.46986,0.49205
2021,12,24,0,-0.25006,0.64104,0.68808
2021,12,25,0,-0.34622,0.77374,0.84767
2021,12,26,0,-0.42882,0.85914,0.96021
2021,12,27,0,-0.49403,0.89113,1.01891
2021,12,28,0,-0.53983,0.86682,1.02117
2021,12,29,0,-0.56561,0.78676,0.96897
2021,12,30,0,-0.57165,0.65504,0.8694
2021,12,31,0,-0.54627,0.49366,0.73629
2022,1,1,0,-0.52063,0.27938,0.59086
2022,1,2,0,-0.47635,0.0487,0.47883
2022,1,3,0,-0.4173,-0.1915,0.45915
2022,1,4,0,-0.34327,-0.42724,0.54806
2022,1,5,0,-0.25477,-0.64499,0.69348
2022,1,6,0,-0.15381,-0.83288,0.84697
2022,1,7,0,-0.04415,-0.98179,0.98278
2022,1,8,0,0.06931,-1.08615,1.08836
2022,1,9,0,0.18151,-1.14425,1.15856
2022,1,10,0,0.2882,-1.158,1.19333
2022,1,11,0,0.38636,-1.13229,1.19639
2022,1,12,0,0.47403,-1.07417,1.17412
2022,1,13,0,0.54976,-0.99205,1.1342
2022,1,14,0,0.612,-0.8948,1.08407
2022,1,15,0,0.65877,-0.79097,1.02937
2022,1,16,0,0.68751,-0.68804,0.97266
2022,1,17,0,0.69533,-0.59185,0.91311
2022,1,18,0,0.6794,-0.50614,0.84721
2022,1,19,0,0.63751,-0.43244,0.77034
2022,1,20,0,0.56863,-0.37001,0.67841
2022,1,21,0,0.47331,-0.3161,0.56916
2022,1,22,0,0.35406,-0.26635,0.44306
2022,1,23,0,0.21544,-0.21543,0.30467
2022,1,24,0,0.06405,-0.15779,0.17029
2022,1,25,0,-0.09171,-0.0886,0.12752
2022,1,26,0,-0.24217,-0.00472,0.24222
2022,1,27,0,-0.37711,0.09452,0.38877
2022,1,28,0,-0.48677,0.20681,0.52888
2022,1,29,0,-0.56298,0.32679,0.65095
2022,1,30,0,-0.60033,0.44657,0.74821
2022,1,31,0,-0.597,0.55686,0.81639
2022,2,1,0,-0.55514,0.64869,0.8538
2022,2,2,0,-0.48026,0.7155,0.86173
2022,2,3,0,-0.37922,0.75531,0.84516
2022,2,4,0,-0.25699,0.77175,0.81341
2022,2,5,0,-0.11398,0.77199,0.78036
2022,2,6,0,0.05208,0.76101,0.76279
2022,2,7,0,0.24022,0.73682,0.77499
2022,2,8,0,0.44207,0.69207,0.82121
2022,2,9,0,0.64285,0.61989,0.89304
2022,2,10,0,0.82485,0.51837,0.97421
2022,2,11,0,0.97088,0.39213,1.04708
2022,2,12,0,1.06703,0.25171,1.09632
2022,2,13,0,1.10446,0.11183,1.1101
2022,2,14,0,1.08053,-0.01091,1.08058
2022,2,15,0,0.99891,-0.10052,1.00395
2022,2,16,0,0.86885,-0.14399,0.8807
2022,2,17,0,0.70357,-0.13326,0.71608
2022,2,18,0,0.51791,-0.06661,0.52217
2022,2,19,0,0.3254,0.05059,0.32931
2022,2,20,0,0.13483,0.20564,0.2459
2022,2,21,0,-0.05337,0.37824,0.38199
2022,2,22,0,-0.24911,0.53944,0.59418
2022,2,23,0,-0.46444,0.65286,0.8012
2022,2,24,0,-0.68536,0.69443,0.97568
2022,2,25,0,-0.86475,0.68341,1.1022
2022,2,26,0,-0.96998,0.65548,1.17069
2022,2,27,0,-0.99831,0.62069,1.17553
2022,2,28,0,-0.95918,0.5699,1.11571
2022,3,1,0,-0.84865,0.52307,0.9969
2022,3,2,0,-0.71673,0.40811,0.82478
2022,3,3,0,-0.56706,0.2492,0.6194
2022,3,4,0,-0.41493,0.05231,0.41821
2022,3,5,0,-0.27323,-0.17135,0.32252
2022,3,6,0,-0.15095,-0.40685,0.43395
2022,3,7,0,-0.0522,-0.63738,0.63951
2022,3,8,0,0.02403,-0.84624,0.84658
2022,3,9,0,0.08356,-1.01854,1.02196
2022,3,10,0,0.13615,-1.14243,1.15051
2022,3,11,0,0.19435,-1.20937,1.22489
2022,3,12,0,0.27207,-1.21313,1.24326
2022,3,13,0,0.38156,-1.14669,1.20851
2022,3,14,0,0.52322,-0.999,1.12773
2022,3,15,0,0.66083,-0.76594,1.01161
2022,3,16,0,0.7252,-0.48753,0.87384
2022,3,17,0,0.69373,-0.22848,0.73039
2022,3,18,0,0.5987,-0.0141,0.59887
2022,3,19,0,0.47146,0.15798,0.49722
2022,3,20,0,0.32816,0.29238,0.43952
2022,3,21,0,0.17529,0.39108,0.42857
2022,3,22,0,0.0145,0.4552,0.45543
2022,3,23,0,-0.15442,0.48686,0.51077
2022,3,24,0,-0.33167,0.49004,0.59173
2022,3,25,0,-0.51613,0.47044,0.69836
2022,3,26,0,-0.70455,0.43496,0.82799
2022,3,27,0,-0.89128,0.3906,0.97311
2022,3,28,0,-1.06849,0.34347,1.12234
2022,3,29,0,-1.22692,0.29784,1.26255
2022,3,30,0,-1.35686,0.25556,1.38072
2022,3,31,0,-1.44937,0.21603,1.46538
2022,4,1,0,-1.49753,0.17561,1.50779
2022,4,2,0,-1.49679,0.13189,1.50259
2022,4,3,0,-1.44581,0.08288,1.44818
2022,4,4,0,-1.34642,0.02962,1.34675
2022,4,5,0,-1.2037,-0.02287,1.20392
2022,4,6,0,-1.02602,-0.06731,1.02822
2022,4,7,0,-0.82446,-0.09855,0.83033
2022,4,8,0,-0.61139,-0.11769,0.62261
2022,4,9,0,-0.3987,-0.13226,0.42006
2022,4,10,0,-0.19702,-0.15273,0.24929
2022,4,11,0,-0.01566,-0.18846,0.18911
2022,4,12,0,0.1375,-0.24508,0.28101
2022,4,13,0,0.25638,-0.32356,0.41283
2022,4,14,0,0.33733,-0.4204,0.53901
2022,4,15,0,0.3797,-0.52833,0.65062
2022,4,16,0,0.3862,-0.6375,0.74536
2022,4,17,0,0.36286,-0.73671,0.82123
2022,4,18,0,0.31877,-0.81474,0.87488
2022,4,19,0,0.26531,-0.86159,0.90151
2022,4,20,0,0.21521,-0.86962,0.89585
2022,4,21,0,0.18138,-0.8343,0.85379
2022,4,22,0,0.17559,-0.75475,0.7749
2022,4,23,0,0.20723,-0.63359,0.66662
2022,4,24,0,0.28219,-0.47666,0.55393
2022,4,25,0,0.40209,-0.29214,0.49701
2022,4,26,0,0.56388,-0.08963,0.57096
2022,4,27,0,0.76004,0.12074,0.76957
2022,4,28,0,0.97928,0.32896,1.03306
2022,4,29,0,1.20769,0.52546,1.31705
2022,4,30,0,1.4251,0.70905,1.59175
2022,5,1,0,1.62387,0.86004,1.83756
2022,5,2,0,1.78847,0.97415,2.03656
2022,5,3,0,1.90887,1.04347,2.17546
2022,5,4,0,1.97771,1.06245,2.24503
2022,5,5,0,1.99014,1.02942,2.24062
2022,5,6,0,1.9437,0.94743,2.16231
2022,5,7,0,1.83852,0.82426,2.01483
2022,5,8,0,1.67769,0.67148,1.80708
2022,5,9,0,1.46758,0.50287,1.55135
2022,5,10,0,1.21768,0.33265,1.2623
2022,5,11,0,0.94002,0.17373,0.95594
2022,5,12,0,0.64814,0.0363,0.64916
2022,5,13,0,0.35566,-0.07285,0.36305
2022,5,14,0,0.07483,-0.15043,0.16801
2022,5,15,0,-0.18474,-0.19581,0.2692
2022,5,16,0,-0.41664,-0.20995,0.46655
2022,5,17,0,-0.61755,-0.19439,0.64742
2022,5,18,0,-0.78631,-0.15107,0.80069
2022,5,19,0,-0.92286,-0.08295,0.92658
2022,5,20,0,-1.02748,0.00517,1.0275
2022,5,21,0,-1.10077,0.10625,1.10588
2022,5,22,0,-1.14397,0.21146,1.16335
2022,5,23,0,-1.15955,0.31112,1.20056
2022,5,24,0,-1.15137,0.39585,1.21752
2022,5,25,0,-1.12459,0.45761,1.21412
2022,5,26,0,-1.08502,0.49037,1.19068
2022,5,27,0,-1.03839,0.49049,1.14841
2022,5,28,0,-0.98939,0.45666,1.08969
2022,5,29,0,-0.94074,0.38983,1.01831
2022,5,30,0,-0.89256,0.29298,0.93942
2022,5,31,0,-0.8422,0.17113,0.85941
2022,6,1,0,-0.78479,0.0315,0.78542
2022,6,2,0,-0.71491,-0.11646,0.72433
2022,6,3,0,-0.62898,-0.26193,0.68134
2022,6,4,0,-0.52704,-0.39477,0.65849
2022,6,5,0,-0.41249,-0.50791,0.65431
2022,6,6,0,-0.29033,-0.59839,0.6651
2022,6,7,0,-0.16522,-0.66683,0.68699
2022,6,8,0,-0.0407,-0.71613,0.71728
2022,6,9,0,0.08071,-0.75023,0.75455
2022,6,10,0,0.19702,-0.77331,0.79801
2022,6,11,0,0.30628,-0.78922,0.84657
2022,6,12,0,0.40634,-0.80108,0.89824
2022,6,13,0,0.49468,-0.81102,0.94998
2022,6,14,0,0.56856,-0.82011,0.99792
2022,6,15,0,0.62519,-0.82836,1.03781
2022,6,16,0,0.66213,-0.83484,1.06554
2022,6,17,0,0.67755,-0.83793,1.07759
2022,6,18,0,0.67058,-0.83545,1.07129
2022,6,19,0,0.64157,-0.82495,1.04506
2022,6,20,0,0.59209,-0.80384,0.99836
2022,6,21,0,0.5249,-0.7695,0.93148
2022,6,22,0,0.44364,-0.71952,0.8453
2022,6,23,0,0.35242,-0.6518,0.74097
2022,6,24,0,0.25526,-0.56482,0.61982
2022,6,25,0,0.15551,-0.45795,0.48363
2022,6,26,0,0.05528,-0.33172,0.3363
2022,6,27,0,-0.04485,-0.18807,0.19335
2022,6,28,0,-0.14571,-0.03039,0.14884
2022,6,29,0,-0.24882,0.13672,0.28391
2022,6,30,0,-0.35513,0.30796,0.47006
2022,7,1,0,-0.46367,0.47811,0.66602
2022,7,2,0,-0.57096,0.64255,0.85957
2022,7,3,0,-0.67155,0.7973,1.04244
2022,7,4,0,-0.75944,0.93858,1.20735
2022,7,5,0,-0.82944,1.06233,1.34778
2022,7,6,0,-0.87805,1.164,1.45803
2022,7,7,0,-0.90378,1.23876,1.53342
2022,7,8,0,-0.90697,1.28195,1.57034
2022,7,9,0,-0.88931,1.28947,1.5664
2022,7,10,0,-0.85335,1.25834,1.5204
2022,7,11,0,-0.80188,1.18698,1.43245
2022,7,12,0,-0.73743,1.07553,1.30406
2022,7,13,0,-0.66186,0.92603,1.13824
2022,7,14,0,-0.57606,0.74248,0.93975
2022,7,15,0,-0.47984,0.53092,0.71563
2022,7,16,0,-0.37205,0.29935,0.47753
2022,7,17,0,-0.25089,0.05756,0.25741
2022,7,18,0,-0.11442,-0.18314,0.21595
2022,7,19,0,0.03862,-0.41038,0.41219
2022,7,20,0,0.20794,-0.61138,0.64577
2022,7,21,0,0.39078,-0.77385,0.86692
2022,7,22,0,0.58118,-0.88717,1.06059
2022,7,23,0,0.7699,-0.94364,1.21786
2022,7,24,0,0.94496,-0.93956,1.33256
2022,7,25,0,1.09301,-0.87586,1.40064
2022,7,26,0,1.20096,-0.75811,1.42022
2022,7,27,0,1.25764,-0.59582,1.39164
2022,7,28,0,1.25501,-0.4016,1.3177
2022,7,29,0,1.18896,-0.19005,1.20405
2022,7,30,0,1.05976,0.02349,1.06002
2022,7,31,0,0.87226,0.22426,0.90063
2022,8,1,0,0.63524,0.39939,0.75036
2022,8,2,0,0.3609,0.53876,0.64847
2022,8,3,0,0.0638,0.63585,0.63905
2022,8,4,0,-0.24048,0.68787,0.7287
2022,8,5,0,-0.53653,0.69524,0.87819
2022,8,6,0,-0.81002,0.66086,1.0454
2022,8,7,0,-1.04839,0.58933,1.20268
2022,8,8,0,-1.24125,0.48626,1.3331
2022,8,9,0,-1.38061,0.35787,1.42623
2022,8,10,0,-1.46102,0.21066,1.47613
2022,8,11,0,-1.47961,0.05138,1.4805
2022,8,12,0,-1.43599,-0.11298,1.44043
2022,8,13,0,-1.33219,-0.27509,1.3603
2022,8,14,0,-1.17248,-0.42721,1.24789
2022,8,15,0,-0.9633,-0.56116,1.11483
2022,8,16,0,-0.71313,-0.66854,0.97749
2022,8,17,0,-0.43251,-0.74118,0.85814
2022,8,18,0,-0.13393,-0.77209,0.78362
2022,8,19,0,0.16854,-0.75673,0.77527
2022,8,20,0,0.46015,-0.69441,0.83304
2022,8,21,0,0.72694,-0.58916,0.93571
2022,8,22,0,0.9575,-0.4495,1.05776
2022,8,23,0,1.1443,-0.28701,1.17975
2022,8,24,0,1.28405,-0.11423,1.28912
2022,8,25,0,1.37711,0.05724,1.3783
2022,8,26,0,1.4264,0.2179,1.44295
2022,8,27,0,1.43627,0.36069,1.48087
2022,8,28,0,1.41162,0.48093,1.4913
2022,8,29,0,1.3573,0.57583,1.4744
2022,8,30,0,1.27778,0.64409,1.43093
2022,8,31,0,1.17697,0.68546,1.36203
2022,9,1,0,1.05823,0.70037,1.26901
2022,9,2,0,0.92443,0.68966,1.15334
2022,9,3,0,0.77813,0.65431,1.01667
2022,9,4,0,0.6218,0.59537,0.86087
2022,9,5,0,0.45803,0.51395,0.68843
2022,9,6,0,0.28968,0.41133,0.50309
2022,9,7,0,0.11996,0.28924,0.31313
2022,9,8,0,-0.04768,0.15019,0.15758
2022,9,9,0,-0.20973,-0.00235,0.20974
2022,9,10,0,-0.36273,-0.1638,0.398
2022,9,11,0,-0.50342,-0.32864,0.60119
2022,9,12,0,-0.62871,-0.49067,0.79751
2022,9,13,0,-0.73566,-0.64337,0.9773
2022,9,14,0,-0.82142,-0.78033,1.13298
2022,9,15,0,-0.88337,-0.89548,1.25787
2022,9,16,0,-0.91932,-0.98338,1.34617
2022,9,17,0,-0.92786,-1.03932,1.39324
2022,9,18,0,-0.90871,-1.05956,1.39586
2022,9,19,0,-0.86303,-1.04148,1.35259
2022,9,20,0,-0.79349,-0.98394,1.26403
2022,9,21,0,-0.70412,-0.8876,1.13297
2022,9,22,0,-0.59993,-0.75522,0.9645
2022,9,23,0,-0.48634,-0.59185,0.76603
2022,9,24,0,-0.36871,-0.40473,0.5475
2022,9,25,0,-0.25195,-0.20293,0.32351
2022,9,26,0,-0.14038,0.00336,0.14042
2022,9,27,0,-0.03772,0.20347,0.20694
2022,9,28,0,0.05282,0.38718,0.39077
2022,9,29,0,0.12848,0.54537,0.5603
2022,9,30,0,0.18683,0.67071,0.69624
2022,10,1,0,0.22593,0.75806,0.79101
2022,10,2,0,0.24438,0.80477,0.84106
2022,10,3,0,0.24162,0.81068,0.84592
2022,10,4,0,0.21817,0.77795,0.80796
2022,10,5,0,0.17608,0.71058,0.73207
2022,10,6,0,0.11943,0.61382,0.62533
2022,10,7,0,0.05526,0.49341,0.49649
2022,10,8,0,-0.00555,0.35556,0.3556
2022,10,9,0,-0.04908,0.2083,0.214
2022,10,10,0,-0.06494,0.06356,0.09087
2022,10,11,0,-0.05545,-0.06517,0.08557
2022,10,12,0,-0.03423,-0.16888,0.17232
2022,10,13,0,-0.01581,-0.24438,0.24489
2022,10,14,0,-0.00955,-0.29166,0.29182
2022,10,15,0,-0.0194,-0.31208,0.31269
2022,10,16,0,-0.04546,-0.30794,0.31127
2022,10,17,0,-0.08526,-0.28254,0.29512
2022,10,18,0,-0.13481,-0.24029,0.27553
2022,10,19,0,-0.1893,-0.1866,0.26581
2022,10,20,0,-0.24378,-0.12764,0.27518
2022,10,21,0,-0.28989,-0.08566,0.30228
2022,10,22,0,-0.33208,-0.05805,0.33711
2022,10,23,0,-0.36429,-0.04944,0.36763
2022,10,24,0,-0.38027,-0.06218,0.38532
2022,10,25,0,-0.37416,-0.09602,0.38628
2022,10,26,0,-0.34118,-0.14804,0.37191
2022,10,27,0,-0.27826,-0.2128,0.35031
2022,10,28,0,-0.18453,-0.2828,0.33768
2022,10,29,0,-0.06162,-0.34905,0.35444
2022,10,30,0,0.08624,-0.40185,0.411
2022,10,31,0,0.25231,-0.43173,0.50006
2022,11,1,0,0.42779,-0.43031,0.60677
2022,11,2,0,0.60234,-0.39114,0.7182
2022,11,3,0,0.76486,-0.31046,0.82547
2022,11,4,0,0.90433,-0.18772,0.92361
2022,11,5,0,1.01071,-0.02583,1.01104
2022,11,6,0,1.07574,0.16881,1.08891
2022,11,7,0,1.0937,0.38664,1.16003
2022,11,8,0,1.06183,0.61547,1.22731
2022,11,9,0,0.98072,0.84129,1.29212
2022,11,10,0,0.85421,1.04927,1.35301
2022,11,11,0,0.78113,1.17474,1.41073
2022,11,12,0,0.69164,1.27733,1.45257
2022,11,13,0,0.58498,1.34935,1.4707
2022,11,14,0,0.45895,1.38395,1.45806
2022,11,15,0,0.31005,1.37551,1.41002
2022,11,16,0,0.13379,1.31923,1.326
2022,11,17,0,-0.07456,1.20899,1.21129
2022,11,18,0,-0.3172,1.03173,1.07939
2022,11,19,0,-0.58007,0.75844,0.95484
2022,11,20,0,-0.79467,0.36285,0.87359
2022,11,21,0,-0.86573,-0.08726,0.87012
2022,11,22,0,-0.81816,-0.48166,0.94941
2022,11,23,0,-0.73088,-0.79705,1.08142
2022,11,24,0,-0.64401,-1.04385,1.22653
2022,11,25,0,-0.57032,-1.22698,1.35305
2022,11,26,0,-0.51092,-1.34581,1.43953
2022,11,27,0,-0.46132,-1.3988,1.47291
2022,11,28,0,-0.41417,-1.38657,1.4471
2022,11,29,0,-0.36101,-1.31338,1.36209
2022,11,30,0,-0.29395,-1.18761,1.22345
2022,12,1,0,-0.20701,-1.02136,1.04213
2022,12,2,0,-0.09717,-0.82949,0.83516
2022,12,3,0,0.03504,-0.62823,0.62921
2022,12,4,0,0.18551,-0.4336,0.47162
2022,12,5,0,0.34708,-0.25983,0.43357
2022,12,6,0,0.51058,-0.118,0.52403
2022,12,7,0,0.66613,-0.01501,0.6663
2022,12,8,0,0.80463,0.04693,0.806
2022,12,9,0,0.919,0.07018,0.92168
2022,12,10,0,1.00499,0.0611,1.00685
2022,12,11,0,1.06126,0.02877,1.06165
2022,12,12,0,1.08855,-0.01661,1.08868
2022,12,13,0,1.08818,-0.06524,1.09014
2022,12,14,0,1.06038,-0.10875,1.06594
2022,12,15,0,1.00337,-0.14018,1.01312
2022,12,16,0,0.91389,-0.15324,0.92664
2022,12,17,0,0.78867,-0.1419,0.80133
2022,12,18,0,0.62627,-0.10068,0.63431
2022,12,19,0,0.42822,-0.0256,0.42898
2022,12,20,0,0.19947,0.08482,0.21675
2022,12,21,0,-0.05196,0.22875,0.23457
2022,12,22,0,-0.31576,0.40068,0.51015
2022,12,23,0,-0.58046,0.59148,0.82873
2022,12,24,0,-0.83453,0.78868,1.14824
2022,12,25,0,-1.0674,0.97725,1.44719
2022,12,26,0,-1.27026,1.14064,1.70722
2022,12,27,0,-1.4365,1.26216,1.91222
2022,12,28,0,-1.56181,1.3266,2.04917
2022,12,29,0,-1.64401,1.32178,2.10947
2022,12,30,0,-1.68258,1.24015,2.09023
2022,12,31,0,-1.65139,1.12256,1.99681
2023,1,1,0,-1.61268,0.8817,1.83797
2023,1,2,0,-1.53336,0.58891,1.64256
2023,1,3,0,-1.42341,0.24413,1.44419
2023,1,4,0,-1.28587,-0.13288,1.29272
2023,1,5,0,-1.12486,-0.51952,1.23904
2023,1,6,0,-0.94656,-0.89268,1.3011
2023,1,7,0,-0.75957,-1.23122,1.44666
2023,1,8,0,-0.57393,-1.51788,1.62276
2023,1,9,0,-0.39924,-1.74039,1.7856
2023,1,10,0,-0.24252,-1.89162,1.9071
2023,1,11,0,-0.10679,-1.96912,1.97202
2023,1,12,0,0.00913,-1.97468,1.9747
2023,1,13,0,0.10979,-1.91376,1.91691
2023,1,14,0,0.20179,-1.79508,1.80639
2023,1,15,0,0.29219,-1.63005,1.65603
2023,1,16,0,0.38725,-1.43191,1.48335
2023,1,17,0,0.49149,-1.21477,1.31043
2023,1,18,0,0.60728,-0.9925,1.16355
2023,1,19,0,0.73475,-0.77763,1.06984
2023,1,20,0,0.87204,-0.58039,1.04753
2023,1,21,0,1.01565,-0.40802,1.09455
2023,1,22,0,1.16082,-0.26431,1.19053
2023,1,23,0,1.3019,-0.14948,1.31046
2023,1,24,0,1.43272,-0.06037,1.43399
2023,1,25,0,1.54695,0.00912,1.54697
2023,1,26,0,1.6386,0.06733,1.63998
2023,1,27,0,1.70239,0.12385,1.70689
2023,1,28,0,1.73413,0.18851,1.74434
2023,1,29,0,1.73073,0.27016,1.75169
2023,1,30,0,1.68998,0.37564,1.73122
2023,1,31,0,1.60985,0.50869,1.68831
2023,2,1,0,1.4876,0.66881,1.63104
2023,2,2,0,1.31918,0.84964,1.56911
2023,2,3,0,1.10049,1.03673,1.51191
2023,2,4,0,0.83291,1.20627,1.46589
2023,2,5,0,0.53179,1.32998,1.43235
2023,2,6,0,0.22798,1.38834,1.40693
2023,2,7,0,-0.04561,1.38039,1.38115
2023,2,8,0,-0.26855,1.31821,1.34529
2023,2,9,0,-0.43475,1.21581,1.29121
2023,2,10,0,-0.54684,1.0841,1.21421
2023,2,11,0,-0.61128,0.93123,1.11394
2023,2,12,0,-0.63591,0.76446,0.99438
2023,2,13,0,-0.62879,0.59161,0.86336
2023,2,14,0,-0.59759,0.42161,0.73135
2023,2,15,0,-0.54911,0.26444,0.60947
2023,2,16,0,-0.48911,0.13049,0.50622
2023,2,17,0,-0.42227,0.02961,0.4233
2023,2,18,0,-0.35256,-0.02988,0.35383
2023,2,19,0,-0.28418,-0.04219,0.28729
2023,2,20,0,-0.22305,-0.00484,0.2231
2023,2,21,0,-0.17961,0.08034,0.19676
2023,2,22,0,-0.17263,0.2051,0.26808
2023,2,23,0,-0.2292,0.35004,0.41841
2023,2,24,0,-0.36543,0.48401,0.60647
2023,2,25,0,-0.55949,0.58448,0.8091
2023,2,26,0,-0.77327,0.65042,1.01044
2023,2,27,0,-0.98309,0.68434,1.19782
2023,2,28,0,-1.17789,0.6832,1.36168
2023,3,1,0,-1.32247,0.69215,1.49264
2023,3,2,0,-1.47026,0.62326,1.5969
2023,3,3,0,-1.59773,0.50198,1.67473
2023,3,4,0,-1.70361,0.32809,1.73492
2023,3,5,0,-1.78673,0.10469,1.78979
2023,3,6,0,-1.8452,-0.16199,1.8523
2023,3,7,0,-1.87594,-0.46321,1.93228
2023,3,8,0,-1.87397,-0.78859,2.03314
2023,3,9,0,-1.83179,-1.12718,2.15081
2023,3,10,0,-1.73842,-1.46831,2.27553
2023,3,11,0,-1.57756,-1.80201,2.39498
2023,3,12,0,-1.32413,-2.11746,2.49739
2023,3,13,0,-0.93994,-2.39593,2.57371
2023,3,14,0,-0.38186,-2.59073,2.61872
2023,3,15,0,0.33111,-2.6104,2.63131
2023,3,16,0,1.02943,-2.40279,2.61402
2023,3,17,0,1.54624,-2.05541,2.57208
2023,3,18,0,1.874,-1.67284,2.51202
2023,3,19,0,2.06661,-1.29779,2.44032
2023,3,20,0,2.1661,-0.94172,2.36195
2023,3,21,0,2.19701,-0.60848,2.27971
2023,3,22,0,2.17341,-0.30068,2.19411
2023,3,23,0,2.10407,-0.02032,2.10416
2023,3,24,0,1.99524,0.2316,2.00863
2023,3,25,0,1.85225,0.45537,1.90741
2023,3,26,0,1.68028,0.65261,1.80256
2023,3,27,0,1.48465,0.82588,1.6989
2023,3,28,0,1.27082,0.97819,1.60369
2023,3,29,0,1.0441,1.11231,1.52558
2023,3,30,0,0.80926,1.23016,1.47248
2023,3,31,0,0.57001,1.33221,1.44903
2023,4,1,0,0.3277,1.41726,1.45465
2023,4,2,0,0.08409,1.4811,1.48348
2023,4,3,0,-0.16011,1.51791,1.52634
2023,4,4,0,-0.40277,1.52074,1.57317
2023,4,5,0,-0.6381,1.48361,1.61501
2023,4,6,0,-0.85606,1.40457,1.64489
2023,4,7,0,-1.04505,1.28734,1.65812
2023,4,8,0,-1.19657,1.1395,1.65234
2023,4,9,0,-1.30793,0.96854,1.62749
2023,4,10,0,-1.38112,0.77927,1.5858
2023,4,11,0,-1.42026,0.57407,1.53189
2023,4,12,0,-1.42932,0.35449,1.47262
2023,4,13,0,-1.41117,0.12287,1.4165
2023,4,14,0,-1.36724,-0.11666,1.37221
2023,4,15,0,-1.29776,-0.35792,1.34621
2023,4,16,0,-1.20206,-0.59281,1.34029
2023,4,17,0,-1.07902,-0.81195,1.35039
2023,4,18,0,-0.92753,-1.00538,1.36788
2023,4,19,0,-0.74685,-1.16345,1.38253
2023,4,20,0,-0.53705,-1.2776,1.38589
2023,4,21,0,-0.2993,-1.34108,1.37408
2023,4,22,0,-0.03625,-1.3494,1.34988
2023,4,23,0,0.24773,-1.30059,1.32397
2023,4,24,0,0.5463,-1.19529,1.31422
2023,4,25,0,0.85107,-1.03669,1.34129
2023,4,26,0,1.15175,-0.83038,1.41988
2023,4,27,0,1.43651,-0.58427,1.55078
2023,4,28,0,1.69278,-0.3086,1.72068
2023,4,29,0,1.90838,-0.01587,1.90844
2023,4,30,0,2.06948,0.29156,2.08992
2023,5,1,0,2.172,0.57979,2.24805
2023,5,2,0,2.21122,0.83835,2.36481
2023,5,3,0,2.18853,1.05143,2.42799
2023,5,4,0,2.10895,1.20699,2.42992
2023,5,5,0,1.9795,1.29841,2.36734
2023,5,6,0,1.80767,1.32493,2.24123
2023,5,7,0,1.60049,1.29116,2.05637
2023,5,8,0,1.3643,1.20579,1.82078
2023,5,9,0,1.10495,1.08006,1.54513
2023,5,10,0,0.82817,0.92613,1.24241
2023,5,11,0,0.53987,0.75562,0.92866
2023,5,12,0,0.24625,0.57843,0.62867
2023,5,13,0,-0.04627,0.40206,0.40471
2023,5,14,0,-0.33145,0.23146,0.40427
2023,5,15,0,-0.60362,0.06969,0.60763
2023,5,16,0,-0.85823,-0.08099,0.86204
2023,5,17,0,-1.09216,-0.21805,1.11372
2023,5,18,0,-1.3036,-0.33844,1.34682
2023,5,19,0,-1.49127,-0.43924,1.55461
2023,5,20,0,-1.65353,-0.5188,1.73301
2023,5,21,0,-1.78766,-0.5776,1.87866
2023,5,22,0,-1.88982,-0.61838,1.98842
2023,5,23,0,-1.95552,-0.64563,2.05935
2023,5,24,0,-1.98033,-0.66481,2.08894
2023,5,25,0,-1.96053,-0.68137,2.07556
2023,5,26,0,-1.89371,-0.69982,2.01888
2023,5,27,0,-1.77906,-0.72294,1.92034
2023,5,28,0,-1.61757,-0.75105,1.78343
2023,5,29,0,-1.41215,-0.78141,1.61393
2023,5,30,0,-1.16789,-0.80788,1.42009
2023,5,31,0,-0.89259,-0.82112,1.21283
2023,6,1,0,-0.59756,-0.80978,1.00639
2023,6,2,0,-0.29808,-0.7634,0.81953
2023,6,3,0,-0.01232,-0.6765,0.67661
2023,6,4,0,0.24193,-0.55177,0.60247
2023,6,5,0,0.45117,-0.39968,0.60274
2023,6,6,0,0.60813,-0.23474,0.65186
2023,6,7,0,0.7111,-0.07134,0.71467
2023,6,8,0,0.76203,0.07863,0.76608
2023,6,9,0,0.76501,0.20646,0.79238
2023,6,10,0,0.72545,0.30623,0.78744
2023,6,11,0,0.64979,0.37443,0.74995
2023,6,12,0,0.5454,0.40945,0.68199
2023,6,13,0,0.4205,0.41141,0.58828
2023,6,14,0,0.28395,0.38193,0.47592
2023,6,15,0,0.14504,0.3241,0.35508
2023,6,16,0,0.01307,0.24231,0.24266
2023,6,17,0,-0.10308,0.14216,0.1756
2023,6,18,0,-0.1954,0.0303,0.19774
2023,6,19,0,-0.25727,-0.08584,0.27121
2023,6,20,0,-0.28382,-0.19842,0.3463
2023,6,21,0,-0.27234,-0.29958,0.40487
2023,6,22,0,-0.22247,-0.38187,0.44195
2023,6,23,0,-0.13631,-0.43873,0.45942
2023,6,24,0,-0.01842,-0.46486,0.46522
2023,6,25,0,0.12433,-0.45651,0.47314
2023,6,26,0,0.28296,-0.41181,0.49965
2023,6,27,0,0.44684,-0.33103,0.5561
2023,6,28,0,0.60432,-0.21714,0.64214
2023,6,29,0,0.74397,-0.07632,0.74787
2023,6,30,0,0.85623,0.08166,0.86011
2023,7,1,0,0.93515,0.24417,0.9665
2023,7,2,0,0.97924,0.3977,1.05692
2023,7,3,0,0.99077,0.53046,1.12384
2023,7,4,0,0.97394,0.63451,1.16239
2023,7,5,0,0.93307,0.70645,1.17034
2023,7,6,0,0.87158,0.74716,1.14799
2023,7,7,0,0.79184,0.76091,1.09818
2023,7,8,0,0.69556,0.75439,1.02611
2023,7,9,0,0.58428,0.73576,0.93953
2023,7,10,0,0.45982,0.71372,0.84902
2023,7,11,0,0.32452,0.69664,0.76852
2023,7,12,0,0.18121,0.69165,0.71499
2023,7,13,0,0.03308,0.7039,0.70467
2023,7,14,0,-0.11663,0.73585,0.74504
2023,7,15,0,-0.26493,0.78689,0.83029
2023,7,16,0,-0.40935,0.85313,0.94625
2023,7,17,0,-0.54804,0.92764,1.07743
2023,7,18,0,-0.67969,1.00095,1.20991
2023,7,19,0,-0.80312,1.06195,1.33145
2023,7,20,0,-0.91674,1.09904,1.43119
2023,7,21,0,-1.01791,1.10144,1.49977
2023,7,22,0,-1.10246,1.06057,1.52978
2023,7,23,0,-1.16476,0.97123,1.51656
2023,7,24,0,-1.19827,0.83237,1.459
2023,7,25,0,-1.19665,0.64727,1.36049
2023,7,26,0,-1.15495,0.42325,1.23006
2023,7,27,0,-1.07062,0.17092,1.08418
2023,7,28,0,-0.94406,-0.09669,0.949
2023,7,29,0,-0.77885,-0.36519,0.86021
2023,7,30,0,-0.58167,-0.61995,0.85011
2023,7,31,0,-0.36216,-0.84723,0.92138
2023,8,1,0,-0.13145,-1.03586,1.04417
2023,8,2,0,0.09824,-1.17737,1.18147
2023,8,3,0,0.31507,-1.26676,1.30536
2023,8,4,0,0.50884,-1.30255,1.39841
2023,8,5,0,0.67186,-1.28646,1.45133
2023,8,6,0,0.79931,-1.22299,1.46103
2023,8,7,0,0.88917,-1.11897,1.42924
2023,8,8,0,0.94176,-0.98316,1.36144
2023,8,9,0,0.95911,-0.82575,1.26561
2023,8,10,0,0.94433,-0.65784,1.15087
2023,8,11,0,0.9011,-0.49084,1.02611
2023,8,12,0,0.83333,-0.3358,0.89844
2023,8,13,0,0.745,-0.2028,0.77211
2023,8,14,0,0.64031,-0.10028,0.64812
2023,8,15,0,0.52391,-0.03461,0.52505
2023,8,16,0,0.40119,-0.00961,0.40131
2023,8,17,0,0.27857,-0.02618,0.27979
2023,8,18,0,0.16329,-0.08201,0.18273
2023,8,19,0,0.06291,-0.17132,0.1825
2023,8,20,0,-0.01588,-0.28493,0.28537
2023,8,21,0,-0.06848,-0.41082,0.41648
2023,8,22,0,-0.09338,-0.53534,0.54342
2023,8,23,0,-0.09221,-0.64487,0.65143
2023,8,24,0,-0.06907,-0.72737,0.73064
2023,8,25,0,-0.02931,-0.77362,0.77417
2023,8,26,0,0.02154,-0.77781,0.77811
2023,8,27,0,0.07844,-0.73774,0.7419
2023,8,28,0,0.13708,-0.65462,0.66882
2023,8,29,0,0.19387,-0.53273,0.56691
2023,8,30,0,0.24571,-0.37883,0.45154
2023,8,31,0,0.28977,-0.20163,0.35301
2023,9,1,0,0.32335,-0.01104,0.32354
2023,9,2,0,0.34399,0.1825,0.38941
2023,9,3,0,0.3496,0.36867,0.50807
2023,9,4,0,0.33889,0.53792,0.63577
2023,9,5,0,0.31178,0.68205,0.74993
2023,9,6,0,0.26981,0.79479,0.83934
2023,9,7,0,0.21617,0.87234,0.89873
2023,9,8,0,0.15551,0.91376,0.9269
2023,9,9,0,0.09324,0.92124,0.92594
2023,9,10,0,0.03461,0.89988,0.90055
2023,9,11,0,-0.0161,0.85725,0.8574
2023,9,12,0,-0.05632,0.80248,0.80445
2023,9,13,0,-0.08541,0.74518,0.75006
2023,9,14,0,-0.10465,0.69441,0.70225
2023,9,15,0,-0.11693,0.65761,0.66793
2023,9,16,0,-0.12626,0.63988,0.65221
2023,9,17,0,-0.13724,0.64339,0.65786
2023,9,18,0,-0.15446,0.66722,0.68487
2023,9,19,0,-0.18184,0.70748,0.73047
2023,9,20,0,-0.22208,0.7577,0.78958
2023,9,21,0,-0.27621,0.80965,0.85547
2023,9,22,0,-0.34337,0.8542,0.92064
2023,9,23,0,-0.42097,0.88234,0.97761
2023,9,24,0,-0.505,0.88602,1.01984
2023,9,25,0,-0.59066,0.85898,1.04246
2023,9,26,0,-0.67283,0.79715,1.04314
2023,9,27,0,-0.74659,0.69902,1.02276
2023,9,28,0,-0.8075,0.56576,0.98598
2023,9,29,0,-0.85171,0.40112,0.94144
2023,9,30,0,-0.87597,0.21121,0.90107
2023,10,1,0,-0.87753,0.00414,0.87754
2023,10,2,0,-0.85403,-0.21056,0.8796
2023,10,3,0,-0.80328,-0.42247,0.9076
2023,10,4,0,-0.72315,-0.62092,0.95314
2023,10,5,0,-0.61132,-0.79527,1.00308
2023,10,6,0,-0.46553,-0.93479,1.0443
2023,10,7,0,-0.28482,-1.02775,1.06648
2023,10,8,0,-0.07404,-1.06059,1.06318
2023,10,9,0,0.14783,-1.02118,1.03182
2023,10,10,0,0.3449,-0.91032,0.97347
2023,10,11,0,0.48309,-0.75019,0.89228
2023,10,12,0,0.55258,-0.57165,0.79506
2023,10,13,0,0.56478,-0.39738,0.69057
2023,10,14,0,0.53765,-0.23972,0.58867
2023,10,15,0,0.48761,-0.1054,0.49887
2023,10,16,0,0.42777,0.00104,0.42777
2023,10,17,0,0.36808,0.076,0.37584
2023,10,18,0,0.31576,0.11669,0.33663
2023,10,19,0,0.27556,0.12143,0.30113
2023,10,20,0,0.24992,0.09,0.26563
2023,10,21,0,0.23973,0.03485,0.24225
2023,10,22,0,0.25393,-0.04852,0.25852
2023,10,23,0,0.29387,-0.15099,0.33039
2023,10,24,0,0.35777,-0.26212,0.44352
2023,10,25,0,0.44069,-0.37115,0.57616
2023,10,26,0,0.53493,-0.46792,0.7107
2023,10,27,0,0.63071,-0.54378,0.83276
2023,10,28,0,0.71704,-0.5923,0.93003
2023,10,29,0,0.78279,-0.60969,0.99221
2023,10,30,0,0.81779,-0.59507,1.01138
2023,10,31,0,0.81389,-0.55038,0.98252
2023,11,1,0,0.76589,-0.48007,0.90391
2023,11,2,0,0.67217,-0.39052,0.77738
2023,11,3,0,0.53502,-0.28942,0.60829
2023,11,4,0,0.36071,-0.18492,0.40534
2023,11,5,0,0.15901,-0.08486,0.18024
2023,11,6,0,-0.05743,0.00395,0.05757
2023,11,7,0,-0.27412,0.07633,0.28455
2023,11,8,0,-0.47592,0.12914,0.49313
2023,11,9,0,-0.64829,0.16143,0.66809
2023,11,10,0,-0.77855,0.1745,0.79786
2023,11,11,0,-0.8397,0.23537,0.87206
2023,11,12,0,-0.84218,0.28436,0.88889
2023,11,13,0,-0.78823,0.31359,0.84832
2023,11,14,0,-0.68441,0.3175,0.75447
2023,11,15,0,-0.54066,0.29409,0.61547
2023,11,16,0,-0.36884,0.24617,0.44344
2023,11,17,0,-0.18109,0.18283,0.25733
2023,11,18,0,0.01162,0.12231,0.12287
2023,11,19,0,0.19856,0.09661,0.22082
2023,11,20,0,0.36119,0.14321,0.38855
2023,11,21,0,0.47597,0.25197,0.53855
2023,11,22,0,0.54304,0.36618,0.65497
2023,11,23,0,0.57074,0.45895,0.73238
2023,11,24,0,0.55992,0.5303,0.77119
2023,11,25,0,0.51025,0.58638,0.7773
2023,11,26,0,0.42409,0.63323,0.76212
2023,11,27,0,0.307,0.67515,0.74167
2023,11,28,0,0.16711,0.71416,0.73345
2023,11,29,0,0.01401,0.74986,0.74999
2023,11,30,0,-0.14236,0.77968,0.79257
2023,12,1,0,-0.2928,0.79953,0.85145
2023,12,2,0,-0.4297,0.80456,0.91212
2023,12,3,0,-0.54759,0.7901,0.96131
2023,12,4,0,-0.64333,0.75243,0.98996
2023,12,5,0,-0.71607,0.6894,0.994
2023,12,6,0,-0.76685,0.60073,0.97413
2023,12,7,0,-0.79795,0.48802,0.93535
2023,12,8,0,-0.81219,0.35445,0.88616
2023,12,9,0,-0.81216,0.20437,0.83748
2023,12,10,0,-0.79963,0.04279,0.80078
2023,12,11,0,-0.77526,-0.12491,0.78526
2023,12,12,0,-0.73885,-0.29314,0.79488
2023,12,13,0,-0.69022,-0.45615,0.82733
2023,12,14,0,-0.63016,-0.60844,0.87596
2023,12,15,0,-0.56078,-0.7455,0.93287
2023,12,16,0,-0.48471,-0.86455,0.99116
2023,12,17,0,-0.40376,-0.96465,1.04574
2023,12,18,0,-0.31796,-1.04626,1.09351
2023,12,19,0,-0.22549,-1.11062,1.13328
2023,12,20,0,-0.12335,-1.15923,1.16578
2023,12,21,0,-0.00814,-1.19366,1.19369
2023,12,22,0,0.12315,-1.21532,1.22154
2023,12,23,0,0.27243,-1.22535,1.25526
2023,12,24,0,0.44007,-1.22435,1.30104
2023,12,25,0,0.62454,-1.21224,1.36366
2023,12,26,0,0.82221,-1.18799,1.44477
2023,12,27,0,1.02741,-1.14957,1.54178
2023,12,28,0,1.23261,-1.09396,1.64805
2023,12,29,0,1.42874,-1.01738,1.75395
2023,12,30,0,1.60572,-0.9158,1.84852
2023,12,31,0,1.73157,-0.83044,1.92041
2024,1,1,0,1.84673,-0.665,1.96282
2024,1,2,0,1.90719,-0.48041,1.96677
2024,1,3,0,1.91366,-0.26127,1.93142
2024,1,4,0,1.86042,-0.01073,1.86045
2024,1,5,0,1.74459,0.26449,1.76452
2024,1,6,0,1.56725,0.55476,1.66254
2024,1,7,0,1.33426,0.8492,1.58158
2024,1,8,0,1.05614,1.13743,1.55215
2024,1,9,0,0.74704,1.41091,1.59648
2024,1,10,0,0.42303,1.66321,1.71617
2024,1,11,0,0.10021,1.8894,1.89206
2024,1,12,0,-0.20678,2.08517,2.0954
2024,1,13,0,-0.48588,2.24613,2.29808
2024,1,14,0,-0.72816,2.36768,2.47712
2024,1,15,0,-0.92798,2.4452,2.61537
2024,1,16,0,-1.08294,2.47469,2.70127
2024,1,17,0,-1.19341,2.45337,2.72823
2024,1,18,0,-1.26209,2.38025,2.69416
2024,1,19,0,-1.29346,2.25658,2.601
2024,1,20,0,-1.29325,2.08587,2.45425
2024,1,21,0,-1.26807,1.87376,2.26251
2024,1,22,0,-1.225,1.62762,2.0371
2024,1,23,0,-1.17126,1.35612,1.7919
2024,1,24,0,-1.11374,1.06859,1.54347
2024,1,25,0,-1.05846,0.77459,1.31161
2024,1,26,0,-1.01005,0.4833,1.11972
2024,1,27,0,-0.9712,0.20314,0.99221
2024,1,28,0,-0.9424,-0.0588,0.94423
2024,1,29,0,-0.9218,-0.29723,0.96853
2024,1,30,0,-0.90536,-0.50898,1.03862
2024,1,31,0,-0.88713,-0.69331,1.12591
2024,2,1,0,-0.85974,-0.85173,1.21021
2024,2,2,0,-0.81529,-0.98718,1.28032
2024,2,3,0,-0.74721,-1.10225,1.33165
2024,2,4,0,-0.65427,-1.19679,1.36395
2024,2,5,0,-0.54516,-1.26756,1.37982
2024,2,6,0,-0.4374,-1.31256,1.38352
2024,2,7,0,-0.34747,-1.3357,1.38016
2024,2,8,0,-0.28236,-1.34564,1.37494
2024,2,9,0,-0.24046,-1.35143,1.37266
2024,2,10,0,-0.21654,-1.36009,1.37722
2024,2,11,0,-0.20524,-1.37617,1.39139
2024,2,12,0,-0.2022,-1.40208,1.41658
2024,2,13,0,-0.20401,-1.43845,1.45284
2024,2,14,0,-0.20757,-1.48442,1.49886
2024,2,15,0,-0.20943,-1.53791,1.55211
2024,2,16,0,-0.20519,-1.59591,1.60905
2024,2,17,0,-0.18884,-1.65466,1.6654
2024,2,18,0,-0.1523,-1.70977,1.71654
2024,2,19,0,-0.08472,-1.75583,1.75787
2024,2,20,0,0.02835,-1.78519,1.78542
2024,2,21,0,0.20537,-1.78461,1.79638
2024,2,22,0,0.46461,-1.7285,1.78985
2024,2,23,0,0.8014,-1.57537,1.7675
2024,2,24,0,1.14866,-1.29937,1.73429
2024,2,25,0,1.41281,-0.94352,1.6989
2024,2,26,0,1.57222,-0.57313,1.67343
2024,2,27,0,1.65832,-0.21269,1.67191
2024,2,28,0,1.70127,0.13853,1.7069
2024,2,29,0,1.71851,0.4841,1.7854
2024,3,1,0,1.71872,0.8242,1.90612
2024,3,2,0,1.70769,1.15238,2.06014
2024,3,3,0,1.68482,1.46653,2.23368
2024,3,4,0,1.64837,1.75981,2.41124
2024,3,5,0,1.59513,2.02488,2.57771
2024,3,6,0,1.52076,2.25472,2.71965
2024,3,7,0,1.42013,2.44304,2.82581
2024,3,8,0,1.28751,2.58472,2.88764
2024,3,9,0,1.11663,2.67583,2.89947
2024,3,10,0,0.90044,2.71332,2.85883
2024,3,11,0,0.63039,2.69381,2.76658
2024,3,12,0,0.29571,2.61043,2.62712
2024,3,13,0,-0.11489,2.44577,2.44846
2024,3,14,0,-0.59633,2.16159,2.24234
2024,3,15,0,-1.07498,1.71542,2.02441
2024,3,16,0,-1.40324,1.14988,1.8142
2024,3,17,0,-1.52381,0.59004,1.63406
2024,3,18,0,-1.50207,0.10224,1.50555
2024,3,19,0,-1.40818,-0.3101,1.44192
2024,3,20,0,-1.28223,-0.65595,1.44027
2024,3,21,0,-1.14475,-0.94049,1.48155
2024,3,22,0,-1.00646,-1.16497,1.53952
2024,3,23,0,-0.87296,-1.32882,1.58991
2024,3,24,0,-0.74706,-1.43144,1.61466
2024,3,25,0,-0.62994,-1.4733,1.60232
2024,3,26,0,-0.5219,-1.45651,1.54719
2024,3,27,0,-0.42296,-1.3852,1.44833
2024,3,28,0,-0.33327,-1.26543,1.30858
2024,3,29,0,-0.25353,-1.10504,1.13375
2024,3,30,0,-0.18524,-0.91338,0.93197
2024,3,31,0,-0.13089,-0.7009,0.71301
2024,4,1,0,-0.09361,-0.47893,0.48799
2024,4,2,0,-0.07821,-0.25929,0.27083
2024,4,3,0,-0.0887,-0.05435,0.10402
2024,4,4,0,-0.12715,0.12335,0.17715
2024,4,5,0,-0.1913,0.26206,0.32446
2024,4,6,0,-0.2727,0.35297,0.44604
2024,4,7,0,-0.35743,0.39258,0.53091
2024,4,8,0,-0.43001,0.38342,0.57613
2024,4,9,0,-0.4778,0.33237,0.58204
2024,4,10,0,-0.49301,0.24806,0.5519
2024,4,11,0,-0.47243,0.13917,0.4925
2024,4,12,0,-0.41627,0.01386,0.4165
2024,4,13,0,-0.32706,-0.12024,0.34846
2024,4,14,0,-0.20898,-0.25602,0.33048
2024,4,15,0,-0.06744,-0.38689,0.39272
2024,4,16,0,0.09115,-0.50686,0.51499
2024,4,17,0,0.25968,-0.61072,0.66364
2024,4,18,0,0.43048,-0.6941,0.81676
2024,4,19,0,0.59572,-0.75359,0.96062
2024,4,20,0,0.74764,-0.78675,1.08533
2024,4,21,0,0.87892,-0.79214,1.18321
2024,4,22,0,0.98301,-0.7693,1.24825
2024,4,23,0,1.05443,-0.71882,1.27614
2024,4,24,0,1.08901,-0.64237,1.26435
2024,4,25,0,1.08409,-0.5428,1.21239
2024,4,26,0,1.03869,-0.42429,1.12201
2024,4,27,0,0.95363,-0.29235,0.99744
2024,4,28,0,0.83168,-0.15374,0.84578
2024,4,29,0,0.67773,-0.01608,0.67793
2024,4,30,0,0.49898,0.1206,0.51334
2024,5,1,0,0.30267,0.23321,0.3821
2024,5,2,0,0.10092,0.32366,0.33903
2024,5,3,0,-0.09438,0.38914,0.40042
2024,5,4,0,-0.27158,0.42967,0.5083
2024,5,5,0,-0.42055,0.44756,0.61415
2024,5,6,0,-0.53366,0.44642,0.69576
2024,5,7,0,-0.60631,0.43024,0.74345
2024,5,8,0,-0.63706,0.40282,0.75373
2024,5,9,0,-0.62742,0.36759,0.72717
2024,5,10,0,-0.58144,0.32766,0.66741
2024,5,11,0,-0.50516,0.28607,0.58054
2024,5,12,0,-0.40604,0.24599,0.47474
2024,5,13,0,-0.29232,0.21083,0.36042
2024,5,14,0,-0.17258,0.18397,0.25225
2024,5,15,0,-0.05524,0.16824,0.17708
2024,5,16,0,0.05183,0.16518,0.17312
2024,5,17,0,0.14183,0.17438,0.22478
2024,5,18,0,0.20958,0.19351,0.28525
2024,5,19,0,0.25188,0.21892,0.33372
2024,5,20,0,0.26765,0.2467,0.36401
